# Blender v2.93.0 OBJ File: ''
# www.blender.org
mtllib bicycle.mtl
o mesh_bike_mesh_Mesh
v -0.035268 1.128725 -0.939346
v -0.061086 1.140566 -0.902068
v -0.070536 1.154324 -0.858753
v -0.061086 1.165000 -0.825140
v -0.035268 1.172816 -0.800533
v 0.000000 -0.456300 -0.273174
v -0.035268 -0.459161 -0.282180
v -0.061086 -0.466976 -0.306787
v -0.070536 -0.477653 -0.340400
v -0.061857 -0.490288 -0.380180
v -0.061857 0.076123 -0.560085
v -0.057262 0.215172 -0.614220
v -0.047467 0.284783 -0.651899
v -0.061086 0.290786 -0.632158
v -0.070536 0.304007 -0.588673
v -0.061086 0.314267 -0.554927
v -0.035268 0.321778 -0.530224
v -0.061086 0.363100 -0.655127
v -0.070536 0.377324 -0.611960
v -0.061086 0.388363 -0.578462
v -0.035268 0.396444 -0.553940
v -0.061086 0.216918 -0.608696
v -0.070536 0.230611 -0.565360
v -0.061086 0.241237 -0.531731
v -0.035268 0.249015 -0.507113
v -0.070536 0.088283 -0.520154
v -0.061086 0.098559 -0.486414
v -0.035268 0.106081 -0.461714
v 0.000000 -0.491410 -0.383714
v 0.000000 0.075042 -0.563633
v 0.000000 0.214220 -0.617234
v -0.057298 -0.491410 -0.383715
v -0.057298 0.075042 -0.563633
v -0.051387 0.214220 -0.617234
v -0.041592 0.283864 -0.654924
v -0.031480 0.350858 -0.692278
v -0.036511 0.353385 -0.691105
v 0.000000 0.283864 -0.654924
v 0.000000 0.397329 -0.722390
v 0.000000 1.040494 0.950226
v -0.030287 1.053877 0.949163
v -0.052458 1.087361 0.946505
v -0.060573 1.126266 0.943416
v -0.052458 1.156458 0.941019
v -0.030287 1.178559 0.939264
v 0.000000 1.186649 0.938622
v -0.030286 0.918312 -0.758334
v -0.052458 0.951183 -0.768706
v -0.060573 0.989377 -0.780757
v -0.052458 1.019017 -0.790109
v -0.030286 1.040714 -0.796955
v -0.058222 1.075275 0.966071
v -0.050422 1.118630 0.917267
v -0.029111 1.150367 0.881540
v 0.000000 1.161984 0.868463
v 0.000000 0.988567 1.063678
v -0.029111 1.000184 1.050601
v -0.050422 1.031921 1.014874
v -0.029111 -0.501502 -0.283410
v -0.058221 -0.397462 -0.342224
v -0.050421 -0.326339 -0.366359
v -0.029111 -0.274273 -0.384027
v -0.050421 -0.468586 -0.318089
v 0.000000 1.252277 0.933785
v -0.041869 1.275437 1.002507
v -0.072520 1.265648 0.973461
v -0.083738 1.252277 0.933785
v -0.072519 1.238905 0.894108
v -0.041869 1.229116 0.865063
v 0.000000 1.225533 0.854432
v -0.041869 0.912279 1.124897
v -0.072519 0.902491 1.095852
v -0.083738 0.889119 1.056175
v -0.072519 0.875747 1.016499
v -0.041869 0.865959 0.987454
v 0.000000 0.946304 1.125269
v -0.041869 1.244995 1.012766
v -0.041869 0.942721 1.114638
v -0.072520 1.235207 0.983721
v -0.072520 0.932932 1.085593
v -0.083738 1.221835 0.944044
v -0.083738 0.919561 1.045916
v -0.072519 1.208463 0.904368
v -0.072519 0.906189 1.006240
v -0.041869 1.198674 0.875323
v -0.041869 0.896400 0.977195
v 0.000000 1.195092 0.864691
v 0.000000 0.892817 0.966563
v 0.000000 0.968654 1.107864
v -0.037191 1.217070 1.013628
v -0.037191 0.965472 1.098421
v -0.064417 1.208375 0.987827
v -0.064417 0.956777 1.072621
v -0.074383 1.196497 0.952584
v -0.074383 0.944899 1.037377
v -0.064417 1.184619 0.917340
v -0.064417 0.933021 1.002133
v -0.037191 1.175924 0.891540
v -0.037191 0.924326 0.976333
v 0.000000 1.172741 0.882096
v -0.132384 -0.300103 1.605036
v -0.139903 -0.286781 1.635493
v -0.137852 -0.281162 1.648338
v -0.132250 -0.277049 1.657742
v -0.124597 -0.275543 1.661184
v -0.137852 -0.294021 1.618940
v -0.116944 -0.277049 1.657742
v -0.111341 -0.281162 1.648338
v -0.109291 -0.286781 1.635493
v -0.111341 -0.294021 1.618940
v -0.116809 -0.300103 1.605036
v -0.124597 -0.302742 1.599000
v -0.107367 0.623666 1.249712
v -0.094043 0.613319 1.226058
v -0.089166 0.599186 1.193746
v -0.094043 0.572615 1.138827
v -0.107314 0.553550 1.098874
v -0.143821 0.553550 1.098874
v -0.161969 0.599186 1.193746
v -0.157093 0.613319 1.226058
v -0.143769 0.623666 1.249712
v -0.125568 0.627453 1.258370
v -0.157093 0.572615 1.138827
v -0.125568 0.547223 1.084409
v -0.101152 0.733826 1.200022
v -0.090227 0.730680 1.175231
v -0.087394 0.719570 1.138215
v -0.093873 0.692548 1.089470
v -0.098483 0.662525 1.048290
v -0.140782 0.667959 1.044114
v -0.153464 0.730425 1.129873
v -0.147445 0.740081 1.168006
v -0.134187 0.739254 1.195851
v -0.117243 0.733874 1.211176
v -0.151091 0.701949 1.082245
v -0.115727 0.653624 1.032704
v -0.090016 0.807431 1.025972
v -0.097160 0.830879 1.051632
v -0.099775 0.849957 1.085018
v -0.097160 0.858091 1.113844
v -0.090016 0.856534 1.138231
v -0.080256 0.845703 1.151646
v -0.080256 0.788144 1.020054
v -0.070496 0.779397 1.038234
v -0.063351 0.782322 1.072870
v -0.060736 0.793889 1.109542
v -0.063351 0.809534 1.135082
v -0.070496 0.828499 1.150494
v -0.119763 -0.276700 1.673310
v -0.107244 -0.268162 1.654162
v -0.107244 -0.263615 1.637194
v -0.107244 -0.268162 1.620226
v -0.107244 -0.280583 1.607805
v -0.107244 -0.297552 1.603258
v -0.107244 -0.314519 1.607805
v -0.128617 -0.276700 1.673310
v -0.128617 -0.261436 1.658046
v -0.128617 -0.255849 1.637194
v -0.128617 -0.261436 1.616343
v -0.128617 -0.276700 1.601079
v -0.128617 -0.297552 1.595492
v -0.128617 -0.318403 1.601079
v -0.141135 -0.287125 1.655252
v -0.141135 -0.279494 1.647620
v -0.141135 -0.276700 1.637194
v -0.141135 -0.279494 1.626769
v -0.141135 -0.287126 1.619137
v -0.141135 -0.297552 1.616343
v -0.141135 -0.307977 1.619137
v -0.107244 -0.287125 1.655252
v -0.107244 -0.279494 1.647620
v -0.107244 -0.276700 1.637194
v -0.107244 -0.279494 1.626769
v -0.107244 -0.287126 1.619137
v -0.107244 -0.297552 1.616343
v -0.107244 -0.307977 1.619137
v -0.107244 -0.296689 1.670110
v -0.119763 -0.329509 1.613264
v -0.128617 -0.292806 1.676836
v -0.141135 -0.325626 1.619990
v -0.141135 -0.300732 1.663108
v -0.141135 -0.321583 1.626992
v -0.107244 -0.300732 1.663108
v -0.107244 -0.321583 1.626992
v -0.107244 -0.280583 1.666584
v -0.119763 -0.261436 1.658046
v -0.119763 -0.255849 1.637194
v -0.119763 -0.261436 1.616343
v -0.119763 -0.276700 1.601079
v -0.119763 -0.297552 1.595492
v -0.119763 -0.318403 1.601079
v -0.141135 -0.280583 1.666584
v -0.141135 -0.268162 1.654162
v -0.141135 -0.263615 1.637194
v -0.141135 -0.268162 1.620226
v -0.141135 -0.280583 1.607805
v -0.141135 -0.297552 1.603258
v -0.141135 -0.314519 1.607805
v -0.119763 -0.292806 1.676836
v -0.107244 -0.325626 1.619990
v -0.141135 -0.296689 1.670110
v -0.128617 -0.329509 1.613264
v -0.000000 0.835723 1.030215
v 0.000000 0.857777 1.047522
v 0.000000 0.872546 1.114400
v 0.000000 0.839392 1.129061
v 0.000000 0.882400 1.058440
v 0.000000 0.909143 1.137791
v -0.041868 0.905560 1.127160
v -0.072517 0.895772 1.098115
v -0.083736 0.882400 1.058440
v -0.072517 0.869029 1.018764
v -0.041868 0.859241 0.989720
v -0.000000 0.855658 0.979089
v -0.030075 0.801574 1.140651
v -0.052092 0.794542 1.119787
v -0.060151 0.784937 1.091287
v -0.052092 0.775332 1.062786
v -0.030075 0.768301 1.041923
v -0.000000 0.765727 1.034286
v 0.000000 0.784937 1.091287
v -0.041868 0.886662 1.133528
v -0.072517 0.876874 1.104484
v -0.083736 0.863503 1.064808
v -0.072517 0.850132 1.025133
v -0.041868 0.840343 0.996089
v -0.034734 0.849401 1.133047
v -0.060161 0.841280 1.108951
v -0.069468 0.830187 1.076037
v -0.060161 0.819094 1.043122
v -0.034734 0.810974 1.019026
v -0.000000 0.808002 1.010207
v -0.047963 -0.463792 -0.371455
v -0.061386 -0.468819 -0.372137
v -0.071213 -0.482553 -0.373999
v -0.074810 -0.501313 -0.376542
v -0.071213 -0.520073 -0.379085
v -0.061386 -0.533806 -0.380947
v -0.047963 -0.538833 -0.381629
v -0.034539 -0.533806 -0.380947
v -0.024712 -0.520073 -0.379085
v -0.021116 -0.501313 -0.376542
v -0.024712 -0.482553 -0.373999
v -0.034539 -0.468819 -0.372137
v -0.047963 -0.448155 -0.486796
v -0.055154 -0.454028 -0.481235
v -0.060418 -0.468381 -0.478526
v -0.062345 -0.487368 -0.479397
v -0.060418 -0.505902 -0.483613
v -0.055154 -0.519015 -0.490045
v -0.047963 -0.523196 -0.496970
v -0.040772 -0.517323 -0.502532
v -0.035507 -0.502970 -0.505240
v -0.033580 -0.483982 -0.504370
v -0.035507 -0.465449 -0.500153
v -0.040772 -0.452335 -0.493721
v -0.075256 -0.435336 -0.581349
v -0.082442 -0.441237 -0.575581
v -0.087701 -0.455610 -0.572720
v -0.089627 -0.474605 -0.573536
v -0.087701 -0.493131 -0.577807
v -0.082441 -0.506224 -0.584391
v -0.075256 -0.510377 -0.591523
v -0.068071 -0.504476 -0.597292
v -0.062811 -0.490102 -0.600152
v -0.060886 -0.471107 -0.599337
v -0.062811 -0.452581 -0.595065
v -0.068071 -0.439488 -0.588482
v -0.144107 -0.290449 -1.650029
v -0.157521 -0.295572 -1.650000
v -0.167341 -0.309376 -1.651342
v -0.170935 -0.328163 -1.653695
v -0.167341 -0.346897 -1.656428
v -0.157521 -0.360560 -1.658810
v -0.144107 -0.365490 -1.660203
v -0.130694 -0.360367 -1.660232
v -0.120874 -0.346563 -1.658890
v -0.117280 -0.327777 -1.656537
v -0.120874 -0.309043 -1.653803
v -0.130694 -0.295380 -1.651421
v -0.032008 0.777852 -0.796901
v -0.043753 0.781402 -0.787044
v -0.052351 0.777312 -0.772199
v -0.055499 0.766680 -0.756343
v -0.052351 0.752353 -0.743726
v -0.043753 0.738171 -0.737728
v -0.032008 0.727934 -0.739956
v -0.020263 0.724384 -0.749813
v -0.011665 0.728474 -0.764658
v -0.008518 0.739107 -0.780514
v -0.011665 0.753433 -0.793131
v -0.020263 0.767615 -0.799130
v -0.098461 0.577724 -0.971887
v -0.108321 0.576477 -0.965002
v -0.115884 0.569029 -0.952318
v -0.119126 0.557378 -0.937233
v -0.117177 0.544643 -0.923790
v -0.110559 0.534238 -0.915590
v -0.101046 0.528951 -0.914830
v -0.091186 0.530198 -0.921715
v -0.083622 0.537645 -0.934400
v -0.080381 0.549297 -0.949484
v -0.082330 0.562031 -0.962928
v -0.088948 0.572436 -0.971128
v -0.140916 -0.235214 -1.684952
v -0.154340 -0.238557 -1.681137
v -0.164166 -0.247693 -1.670715
v -0.167763 -0.260173 -1.656479
v -0.164166 -0.272652 -1.642242
v -0.154340 -0.281788 -1.631821
v -0.140916 -0.285132 -1.628006
v -0.127493 -0.281788 -1.631821
v -0.117666 -0.272652 -1.642243
v -0.114069 -0.260173 -1.656479
v -0.117666 -0.247693 -1.670715
v -0.127493 -0.238557 -1.681137
v -0.144272 -0.327147 -1.661182
v -0.140916 -0.264779 -1.660517
v -0.144272 -0.295697 -1.656918
v -0.155516 -0.299991 -1.656893
v -0.163747 -0.311562 -1.658018
v -0.166760 -0.327309 -1.659990
v -0.163747 -0.343012 -1.662282
v -0.155516 -0.354465 -1.664279
v -0.144272 -0.358598 -1.665446
v -0.133028 -0.354303 -1.665470
v -0.124797 -0.342733 -1.664345
v -0.121784 -0.326986 -1.662373
v -0.124797 -0.311282 -1.660081
v -0.133028 -0.299830 -1.658085
v -0.140916 -0.243858 -1.684383
v -0.152168 -0.246661 -1.681186
v -0.160405 -0.254318 -1.672450
v -0.163420 -0.264779 -1.660517
v -0.160405 -0.275240 -1.648584
v -0.152168 -0.282898 -1.639848
v -0.140916 -0.285700 -1.636650
v -0.129664 -0.282897 -1.639848
v -0.121427 -0.275240 -1.648584
v -0.118412 -0.264779 -1.660517
v -0.121427 -0.254318 -1.672450
v -0.129664 -0.246661 -1.681186
v -0.123294 -0.318402 -1.719993
v -0.123294 -0.315609 -1.709568
v -0.123294 -0.334168 -1.698619
v -0.123294 -0.339833 -1.719993
v -0.123294 -0.307977 -1.701936
v -0.123294 -0.318692 -1.683587
v -0.123294 -0.297551 -1.699142
v -0.123294 -0.297551 -1.679041
v -0.157185 -0.339833 -1.719993
v -0.157185 -0.334168 -1.698619
v -0.157185 -0.315609 -1.709568
v -0.157185 -0.318402 -1.719993
v -0.157185 -0.318692 -1.683587
v -0.157185 -0.307977 -1.701936
v -0.157185 -0.297551 -1.679041
v -0.157185 -0.297551 -1.699142
v -0.157185 -0.318403 -1.793848
v -0.157185 -0.339827 -1.793847
v -0.123294 -0.318402 -1.793848
v -0.123294 -0.339828 -1.793847
v -0.123294 -0.375964 -1.661984
v -0.123294 -0.365449 -1.718108
v -0.123294 -0.335263 -1.639360
v -0.157185 -0.365449 -1.718108
v -0.157185 -0.375964 -1.661984
v -0.157185 -0.335263 -1.639360
v -0.157185 -0.352589 -1.793344
v -0.123294 -0.352590 -1.793344
v -0.123294 -0.297551 -1.631141
v -0.123294 -0.276700 -1.719993
v -0.123294 -0.279493 -1.709568
v -0.123294 -0.260934 -1.698619
v -0.123294 -0.255270 -1.719993
v -0.123294 -0.287125 -1.701936
v -0.123294 -0.276410 -1.683588
v -0.157185 -0.255270 -1.719993
v -0.157185 -0.260934 -1.698619
v -0.157185 -0.279493 -1.709568
v -0.157185 -0.276700 -1.719993
v -0.157185 -0.276410 -1.683588
v -0.157185 -0.287125 -1.701936
v -0.123294 -0.255275 -1.793847
v -0.123294 -0.276700 -1.793848
v -0.157185 -0.276700 -1.793848
v -0.157185 -0.255275 -1.793847
v -0.123294 -0.219139 -1.661984
v -0.123294 -0.229654 -1.718109
v -0.123294 -0.259839 -1.639360
v -0.157185 -0.229654 -1.718108
v -0.157185 -0.219139 -1.661984
v -0.157185 -0.259839 -1.639360
v -0.123294 -0.242513 -1.793344
v -0.157185 -0.242513 -1.793344
v -0.157185 -0.297551 -1.631141
v -0.130922 -0.381700 -1.656956
v -0.130922 -0.373057 -1.717549
v -0.130922 -0.337939 -1.632217
v -0.149557 -0.373057 -1.717549
v -0.149557 -0.381700 -1.656956
v -0.149557 -0.337939 -1.632217
v -0.149557 -0.360212 -1.793043
v -0.130922 -0.360212 -1.793043
v -0.130922 -0.297551 -1.623513
v -0.130922 -0.213402 -1.656956
v -0.130922 -0.222046 -1.717549
v -0.130922 -0.257163 -1.632217
v -0.149557 -0.222046 -1.717549
v -0.149557 -0.213402 -1.656956
v -0.149557 -0.257163 -1.632217
v -0.130922 -0.234891 -1.793043
v -0.149557 -0.234891 -1.793043
v -0.149557 -0.297551 -1.623513
v -0.094527 -0.496441 -0.259201
v -0.094527 -0.449111 -0.271883
v -0.094527 -0.414463 -0.306531
v -0.094527 -0.401782 -0.353861
v -0.094527 -0.414464 -0.401191
v -0.094527 -0.449111 -0.435838
v -0.094527 -0.496441 -0.448520
v -0.094527 -0.543771 -0.435838
v -0.094527 -0.578419 -0.401190
v -0.094527 -0.591100 -0.353861
v -0.094527 -0.578419 -0.306531
v -0.094527 -0.543771 -0.271883
v -0.094527 -0.496441 -0.306531
v -0.094527 -0.472776 -0.312872
v -0.094527 -0.455452 -0.330196
v -0.094527 -0.449111 -0.353861
v -0.094527 -0.455452 -0.377526
v -0.094527 -0.472776 -0.394850
v -0.094527 -0.496441 -0.401190
v -0.094527 -0.520106 -0.394849
v -0.094527 -0.537430 -0.377526
v -0.094527 -0.543771 -0.353861
v -0.094527 -0.537430 -0.330196
v -0.094527 -0.520106 -0.312872
v -0.128492 -0.496441 -0.306531
v -0.128492 -0.472776 -0.312872
v -0.128492 -0.455452 -0.330196
v -0.128492 -0.449111 -0.353861
v -0.128492 -0.455452 -0.377526
v -0.128492 -0.472776 -0.394850
v -0.128492 -0.496441 -0.401191
v -0.128492 -0.520106 -0.394850
v -0.128492 -0.537430 -0.377526
v -0.128492 -0.543771 -0.353861
v -0.128492 -0.537430 -0.330196
v -0.128492 -0.520106 -0.312872
v 0.000000 -0.496441 -0.259201
v 0.000000 -0.414463 -0.306531
v 0.000000 -0.401782 -0.353861
v 0.000000 -0.449111 -0.435838
v 0.000000 -0.578419 -0.401190
v 0.000000 -0.591100 -0.353861
v 0.000000 -0.543771 -0.271883
v -0.000000 1.254974 0.932876
v -0.042103 1.231683 0.863770
v -0.072925 1.241527 0.892978
v -0.084206 1.254974 0.932876
v -0.072925 1.268420 0.972774
v -0.042103 1.278264 1.001982
v -0.000000 1.267827 0.839684
v -0.042103 1.271430 0.850375
v -0.072925 1.281273 0.879583
v -0.084206 1.294720 0.919481
v -0.072925 1.308166 0.959379
v -0.042103 1.318009 0.988586
v 0.000000 1.321613 0.999277
v -0.000000 1.288892 0.854787
v -0.031584 1.291595 0.862806
v -0.054704 1.298979 0.884716
v -0.063167 1.309066 0.914646
v -0.054704 1.319152 0.944575
v -0.031584 1.326537 0.966485
v 0.000000 1.329239 0.974505
v -0.040582 1.401562 0.809298
v -0.070291 1.411050 0.837450
v -0.081165 1.424011 0.875907
v -0.070291 1.436972 0.914364
v -0.040582 1.446460 0.942517
v -0.040582 1.510516 0.772578
v -0.070291 1.520004 0.800731
v -0.081165 1.532965 0.839188
v -0.070291 1.545926 0.877645
v -0.040582 1.555414 0.905797
v -0.000000 1.514362 0.783987
v -0.029125 1.516854 0.791383
v -0.050447 1.523663 0.811587
v -0.058251 1.532965 0.839188
v -0.050447 1.542267 0.866788
v -0.029125 1.549076 0.886993
v -0.024454 1.530909 0.881589
v -0.042355 1.513946 0.887306
v -0.048907 1.490772 0.895116
v -0.042355 1.467600 0.902926
v -0.024454 1.450636 0.908643
v 0.000000 1.573838 0.988450
v -0.024454 1.567629 0.990543
v -0.042355 1.550665 0.996260
v -0.048907 1.527492 1.004070
v -0.042355 1.504319 1.011880
v -0.024454 1.487355 1.017597
v 0.000000 1.572574 1.065026
v 0.000000 1.553709 1.078235
v 0.000000 1.504411 1.007831
v 0.000000 1.546218 0.992614
v -0.128966 1.580299 1.021212
v -0.129088 1.582307 1.044154
v -0.129421 1.572574 1.065026
v -0.129877 1.553709 1.078235
v -0.130332 1.530767 1.080242
v -0.130666 1.509895 1.070510
v -0.130788 1.496686 1.051645
v -0.130666 1.494678 1.028703
v -0.130332 1.504411 1.007831
v -0.129877 1.523276 0.994622
v -0.129421 1.546218 0.992614
v -0.129088 1.567090 1.002347
v -0.157627 1.582469 1.020422
v -0.158597 1.584546 1.043339
v -0.161248 1.575005 1.064141
v -0.164869 1.556401 1.077255
v -0.168490 1.533721 1.079167
v -0.171141 1.513040 1.069365
v -0.172111 1.499901 1.050475
v -0.171141 1.497824 1.027558
v -0.168490 1.507365 1.006756
v -0.164869 1.525969 0.993642
v -0.161248 1.548649 0.991729
v -0.158597 1.569330 1.001532
v -0.177856 1.586944 1.018794
v -0.179534 1.589177 1.041653
v -0.184118 1.580063 1.062300
v -0.190381 1.562044 1.075202
v -0.196643 1.539947 1.076901
v -0.201228 1.519694 1.066943
v -0.202906 1.506712 1.047996
v -0.201228 1.504478 1.025136
v -0.196643 1.513592 1.004489
v -0.190381 1.531611 0.991588
v -0.184118 1.553708 0.989888
v -0.179534 1.573961 0.999846
v -0.197449 1.593448 1.016426
v -0.199813 1.595909 1.039203
v -0.206271 1.587417 1.059623
v -0.215093 1.570248 1.072215
v -0.223915 1.549001 1.073606
v -0.230373 1.529370 1.063421
v -0.232736 1.516615 1.044391
v -0.230373 1.514154 1.021614
v -0.223915 1.522645 1.001194
v -0.215093 1.539815 0.988602
v -0.206271 1.561062 0.987212
v -0.199813 1.580693 0.997396
v -0.222816 1.606173 1.011795
v -0.225934 1.609006 1.034436
v -0.234451 1.601530 1.054487
v -0.246087 1.585747 1.066574
v -0.257722 1.565887 1.067459
v -0.266239 1.547272 1.056905
v -0.269357 1.534889 1.037740
v -0.266239 1.532055 1.015099
v -0.257722 1.539532 0.995048
v -0.246087 1.555314 0.982961
v -0.234451 1.575174 0.982075
v -0.225934 1.593789 0.992629
v -0.343735 1.679125 0.985242
v -0.346853 1.681958 1.007884
v -0.355371 1.674482 1.027934
v -0.367006 1.658700 1.040022
v -0.378641 1.638840 1.040907
v -0.387159 1.620224 1.030353
v -0.390277 1.607841 1.011188
v -0.387159 1.605008 0.988546
v -0.378641 1.612484 0.968496
v -0.367006 1.628267 0.956408
v -0.355371 1.648126 0.955523
v -0.346853 1.666742 0.966077
v -0.380357 1.697399 0.978591
v -0.382720 1.699861 1.001368
v -0.389178 1.691369 1.021788
v -0.397999 1.674199 1.034380
v -0.406821 1.652952 1.035771
v -0.413278 1.633321 1.025586
v -0.415642 1.620565 1.006556
v -0.413278 1.618104 0.983780
v -0.406821 1.626596 0.963359
v -0.398000 1.643766 0.950767
v -0.389178 1.665013 0.949377
v -0.382720 1.684644 0.959561
v -0.410186 1.707302 0.974987
v -0.411864 1.709536 0.997846
v -0.416449 1.700422 1.018493
v -0.422712 1.682403 1.031394
v -0.428974 1.660306 1.033094
v -0.433559 1.640053 1.023136
v -0.435237 1.627070 1.004189
v -0.433559 1.624837 0.981329
v -0.428974 1.633951 0.960682
v -0.422712 1.651970 0.947781
v -0.416449 1.674066 0.946081
v -0.411864 1.694319 0.956040
v -0.440981 1.714113 0.972508
v -0.441952 1.716190 0.995424
v -0.444602 1.706649 1.016227
v -0.448224 1.688045 1.029341
v -0.451845 1.665364 1.031253
v -0.454495 1.644684 1.021451
v -0.455466 1.631544 1.002560
v -0.454495 1.629467 0.979644
v -0.451845 1.639009 0.958842
v -0.448224 1.657612 0.945727
v -0.444602 1.680293 0.943815
v -0.441952 1.700974 0.953618
v -0.482305 1.717328 0.971338
v -0.482427 1.719335 0.994280
v -0.482760 1.709603 1.015152
v -0.483216 1.690738 1.028361
v -0.483671 1.667796 1.030368
v -0.484005 1.646924 1.020635
v -0.484127 1.633714 1.001770
v -0.484005 1.631707 0.978828
v -0.483671 1.641440 0.957956
v -0.483216 1.660305 0.944747
v -0.482760 1.683247 0.942740
v -0.482427 1.704119 0.952473
v -0.855304 1.717328 0.971338
v -0.855304 1.719335 0.994280
v -0.855304 1.709603 1.015152
v -0.855304 1.690738 1.028361
v -0.855305 1.667796 1.030368
v -0.855305 1.646924 1.020635
v -0.855305 1.633714 1.001770
v -0.855305 1.631707 0.978828
v -0.855305 1.641440 0.957957
v -0.855304 1.660305 0.944747
v -0.855304 1.683247 0.942740
v -0.855304 1.704119 0.952473
v 0.000000 1.449932 0.952821
v 0.000000 1.551569 0.894388
v -0.000000 1.549852 0.833497
v -0.029125 1.525849 0.788351
v -0.050447 1.532659 0.808556
v -0.058251 1.541960 0.836156
v -0.050447 1.551262 0.863756
v -0.029125 1.558072 0.883961
v -0.024962 1.536044 0.792526
v -0.043235 1.541880 0.809842
v -0.049923 1.549852 0.833497
v -0.043235 1.557824 0.857151
v -0.024962 1.563660 0.874467
v 0.000000 1.565796 0.880806
v -0.025939 1.391918 0.780682
v -0.025939 1.500872 0.743962
v 0.000000 1.469010 1.022497
v 0.000000 1.471327 1.059067
v -0.077290 1.605489 1.013851
v -0.077290 1.585198 0.983340
v -0.077290 1.552370 0.967061
v -0.077290 1.515800 0.969378
v -0.077290 1.485288 0.989669
v -0.077290 1.469010 1.022497
v -0.077290 1.471327 1.059067
v -0.085617 1.538408 1.036459
v -0.085617 1.616448 1.072442
v -0.085617 1.557258 1.092391
v -0.077290 1.490177 1.114998
v 0.000000 1.559918 1.100282
v -0.085617 1.597598 1.016511
v -0.085617 1.579694 0.989588
v -0.085617 1.550727 0.975225
v -0.085617 1.518460 0.977269
v -0.085617 1.491537 0.995173
v -0.085617 1.477174 1.024140
v -0.085617 1.479218 1.056407
v 0.000000 1.619108 1.080334
v -0.077290 1.619108 1.080334
v -0.077290 1.624339 1.069783
v -0.077290 1.559918 1.100282
v -0.077290 1.500728 1.120230
v -0.085617 1.498068 1.112339
v -0.519753 1.717328 0.971338
v -0.519753 1.719335 0.994280
v -0.519753 1.709603 1.015152
v -0.519753 1.690738 1.028361
v -0.519753 1.667796 1.030368
v -0.519753 1.646924 1.020635
v -0.519753 1.633714 1.001770
v -0.519753 1.631707 0.978828
v -0.519753 1.641440 0.957957
v -0.519753 1.660305 0.944747
v -0.519753 1.683247 0.942740
v -0.519753 1.704119 0.952473
v -0.855304 1.734333 0.965148
v -0.855304 1.737157 0.997422
v -0.855304 1.723466 1.026784
v -0.855304 1.696927 1.045366
v -0.855305 1.664653 1.048190
v -0.855305 1.635291 1.034498
v -0.855305 1.616709 1.007959
v -0.855305 1.613885 0.975687
v -0.855305 1.627576 0.946324
v -0.855304 1.654115 0.927742
v -0.855304 1.686390 0.924918
v -0.855304 1.715751 0.938609
v -0.519753 1.737158 0.997421
v -0.519753 1.734334 0.965147
v -0.519753 1.715751 0.938609
v -0.519753 1.686390 0.924918
v -0.519753 1.654115 0.927742
v -0.519753 1.627577 0.946324
v -0.519753 1.613885 0.975686
v -0.519753 1.616709 1.007960
v -0.519753 1.635291 1.034498
v -0.519753 1.664653 1.048190
v -0.519753 1.696927 1.045366
v -0.519753 1.723466 1.026784
v -0.818100 1.737157 0.997422
v -0.556957 1.737158 0.997421
v -0.818100 1.723466 1.026784
v -0.556957 1.723466 1.026784
v -0.818100 1.696927 1.045366
v -0.556957 1.696927 1.045366
v -0.818100 1.664653 1.048190
v -0.556957 1.664653 1.048190
v -0.818100 1.635291 1.034498
v -0.556957 1.635291 1.034498
v -0.818100 1.616709 1.007959
v -0.556957 1.616709 1.007960
v -0.818100 1.613885 0.975686
v -0.556957 1.613885 0.975686
v -0.818100 1.627576 0.946324
v -0.556957 1.627577 0.946324
v -0.818100 1.654115 0.927742
v -0.556957 1.654115 0.927742
v -0.818100 1.686390 0.924918
v -0.556957 1.686390 0.924918
v -0.818100 1.715751 0.938609
v -0.556957 1.715751 0.938609
v -0.556957 1.734334 0.965147
v -0.818100 1.734333 0.965148
v -0.793240 1.728136 0.995831
v -0.581816 1.728136 0.995831
v -0.793240 1.716448 1.020895
v -0.581817 1.716448 1.020895
v -0.793240 1.693794 1.036758
v -0.581817 1.693794 1.036758
v -0.793241 1.666244 1.039168
v -0.581817 1.666244 1.039168
v -0.793241 1.641179 1.027481
v -0.581817 1.641179 1.027481
v -0.793241 1.625317 1.004827
v -0.581817 1.625317 1.004827
v -0.793241 1.622907 0.977277
v -0.581817 1.622907 0.977277
v -0.793241 1.634594 0.952213
v -0.581817 1.634595 0.952213
v -0.793240 1.657248 0.936350
v -0.581817 1.657248 0.936350
v -0.793240 1.684799 0.933940
v -0.581817 1.684799 0.933940
v -0.793240 1.709863 0.945627
v -0.581816 1.709863 0.945627
v -0.581816 1.725725 0.968280
v -0.793240 1.725725 0.968281
v -0.868707 1.717328 0.971338
v -0.868707 1.719335 0.994280
v -0.868707 1.709603 1.015152
v -0.868708 1.690738 1.028361
v -0.868708 1.667796 1.030368
v -0.868708 1.646924 1.020635
v -0.868708 1.633714 1.001770
v -0.868708 1.631707 0.978828
v -0.868708 1.641440 0.957957
v -0.868707 1.660305 0.944747
v -0.868707 1.683247 0.942740
v -0.868707 1.704119 0.952473
v -0.868707 1.675521 0.986554
v -0.031583 1.419782 0.819605
v -0.054704 1.427166 0.841515
v -0.063167 1.437253 0.871444
v -0.054704 1.447340 0.901374
v -0.031583 1.454724 0.923284
v 0.000000 1.457426 0.931304
v 0.000000 1.487425 -0.964554
v -0.048592 1.487425 -0.964554
v -0.034360 1.497827 -0.931806
v 0.000000 1.502135 -0.918242
v -0.048592 1.533830 -0.979293
v -0.034360 1.526682 -0.940971
v 0.000000 1.523722 -0.925098
v 0.000000 1.533867 -0.979379
v -0.048592 1.465843 -1.032504
v -0.048592 1.548000 -1.060773
v 0.000000 1.548000 -1.060773
v 0.000000 1.503570 -0.997019
v 0.000000 1.530853 -1.007238
v 0.000000 1.550825 -1.035157
v 0.000000 1.558136 -1.073294
v 0.000000 1.550825 -1.111431
v 0.000000 1.476287 -1.139350
v 0.000000 1.456314 -1.111432
v 0.000000 1.449003 -1.073294
v 0.000000 1.456314 -1.035157
v 0.000000 1.476287 -1.007238
v -0.125235 1.503570 -0.997006
v -0.127009 1.530853 -1.007227
v -0.131857 1.550825 -1.035150
v -0.138480 1.558136 -1.073294
v -0.145102 1.550825 -1.111438
v -0.149950 1.530853 -1.139362
v -0.151725 1.503570 -1.149582
v -0.149950 1.476287 -1.139362
v -0.145102 1.456314 -1.111438
v -0.138480 1.449003 -1.073294
v -0.131857 1.456314 -1.035150
v -0.127009 1.476287 -1.007227
v -0.138480 1.503570 -1.073294
v 0.000000 1.084119 -0.887350
v -0.034300 1.088420 -0.873809
v -0.048508 1.098803 -0.841118
v -0.034300 1.109187 -0.808427
v 0.000000 1.113487 -0.794887
v 0.000000 1.469605 -1.009789
v -0.034300 1.473906 -0.996248
v -0.048508 1.484289 -0.963557
v -0.034300 1.494672 -0.930867
v 0.000000 1.498973 -0.917326
v 0.000000 1.484289 -0.963557
v 0.000000 1.634725 -0.439224
v 0.000000 1.671625 -0.480073
v 0.000000 1.658692 -0.458171
v 0.000000 1.759810 -1.370244
v 0.000000 1.731507 -1.200736
v 0.000000 1.691166 -1.099655
v 0.000000 1.561482 -0.458850
v -0.048006 1.565779 -0.478564
v -0.051011 1.638965 -0.458954
v -0.073811 1.577118 -0.525900
v -0.078432 1.650224 -0.506311
v -0.100290 1.587404 -0.689395
v -0.106569 1.662381 -0.679974
v -0.290699 1.665727 -1.110536
v -0.273573 1.592488 -1.120154
v -0.298151 1.602036 -1.228976
v -0.316816 1.674663 -1.217719
v -0.118433 1.591266 -0.860501
v -0.178312 1.595291 -0.988598
v -0.189474 1.669896 -0.980901
v -0.125847 1.666514 -0.854813
v -0.267257 1.631549 -1.358720
v -0.283988 1.704285 -1.345332
v -0.177108 1.666150 -1.448433
v -0.188195 1.739633 -1.433368
v -0.068727 1.753876 -1.443021
v -0.064678 1.679741 -1.458427
v 0.000000 1.671587 -1.409400
v 0.000000 1.745987 -1.394762
v -0.039322 1.662309 -0.473961
v -0.062005 1.671539 -0.511764
v -0.088091 1.682809 -0.684574
v -0.281958 1.700602 -1.208574
v -0.258539 1.691362 -1.108788
v -0.164559 1.692028 -0.982455
v -0.105195 1.686885 -0.856718
v -0.252423 1.726819 -1.327735
v -0.174924 1.754771 -1.405789
v -0.069666 1.766627 -1.414479
v -0.027046 1.674520 -0.491952
v -0.044687 1.681638 -0.520185
v -0.083160 1.695555 -0.859494
v -0.068437 1.691661 -0.690603
v -0.243605 1.714494 -1.201330
v -0.223210 1.705015 -1.108605
v -0.137598 1.702374 -0.985207
v -0.217769 1.737542 -1.312389
v -0.069994 1.768365 -1.388305
v -0.159789 1.758810 -1.380581
v 0.000000 1.762537 -1.347974
v -0.124875 1.718030 -1.116312
v -0.067603 1.699762 -0.996671
v -0.022184 1.675333 -0.523953
v -0.042629 1.685295 -0.692995
v -0.047698 1.689656 -0.861096
v -0.137927 1.728649 -1.198749
v -0.132329 1.745352 -1.290423
v 0.000000 1.665917 -0.529401
v 0.000000 1.744268 -1.273958
v 0.000000 1.708704 -1.130278
v 0.000000 1.675703 -0.696418
v 0.000000 1.702805 -1.107823
v -0.027624 1.704281 -1.077407
v -0.020885 1.680478 -0.740143
v 0.000000 1.672985 -0.719460
v -0.025656 1.682072 -0.868341
v -0.026223 1.693683 -0.997284
v -0.018587 1.693107 -1.074990
v 0.000000 1.622539 -1.108554
v -0.017512 1.619315 -1.084164
v 0.000000 1.662647 -0.729927
v -0.016904 1.670349 -0.749924
v -0.015979 1.600880 -0.759735
v 0.000000 1.598071 -0.738748
v -0.016769 1.669585 -0.872004
v -0.015835 1.598314 -0.877663
v -0.016375 1.682734 -0.998450
v -0.015446 1.610317 -1.006220
v 0.000000 1.618336 -1.204959
v 0.000000 1.610538 -1.142899
v 0.000000 1.550860 -0.498682
v -0.025010 1.553699 -0.508363
v -0.067192 1.571705 -0.697068
v -0.238675 1.581973 -1.125498
v -0.260362 1.590821 -1.219364
v -0.086565 1.575168 -0.866015
v -0.147251 1.581438 -0.998928
v -0.233521 1.615310 -1.332512
v -0.162080 1.641332 -1.406240
v -0.072772 1.651781 -1.413986
v 0.000000 1.644476 -1.368500
v -0.053342 1.596541 -1.002864
v -0.040892 1.562081 -0.535983
v -0.046788 1.581112 -0.701638
v -0.050460 1.585674 -0.872512
v -0.136714 1.614766 -1.203462
v -0.130633 1.628993 -1.296568
v 0.000000 1.560537 -0.542154
v 0.000000 1.630988 -1.282288
v 0.000000 1.575605 -0.678328
v -0.054354 1.609353 -1.090589
v 0.000000 1.610050 -1.194467
v -0.157669 1.610048 -1.194454
v 0.000000 1.636540 -1.344700
v -0.184159 1.636542 -1.344713
v 0.000000 1.607897 -1.339374
v -0.182385 1.607899 -1.339385
v -0.177537 1.583381 -1.315354
v 0.000000 1.569558 -1.279059
v -0.170914 1.569558 -1.279059
v -0.164292 1.570134 -1.240225
v -0.159444 1.584954 -1.209257
v -0.170914 1.623295 -1.269583
v 0.000000 1.627377 -1.192379
v -0.157669 1.627375 -1.192366
v 0.000000 1.653867 -1.342612
v -0.184159 1.653869 -1.342625
v -0.170914 1.640622 -1.267496
v -0.025170 1.594079 -0.662972
v -0.035525 1.591232 -0.657451
v -0.038550 1.584358 -0.647996
v -0.032474 1.577483 -0.640146
v -0.020855 1.574635 -0.638500
v -0.010501 1.577483 -0.644021
v -0.007476 1.584358 -0.653475
v -0.013552 1.591232 -0.661325
v -0.030712 1.553298 -0.694398
v -0.041082 1.550329 -0.688970
v -0.044147 1.543161 -0.679741
v -0.038111 1.535993 -0.672117
v -0.026509 1.533024 -0.670564
v -0.016138 1.535993 -0.675992
v -0.013073 1.543161 -0.685220
v -0.019110 1.550329 -0.692844
v -0.031999 1.545682 -0.701700
v -0.042462 1.542179 -0.696796
v -0.045750 1.533721 -0.688829
v -0.039936 1.525263 -0.682468
v -0.028426 1.521759 -0.681438
v -0.017963 1.525263 -0.686342
v -0.014676 1.533721 -0.694309
v -0.020490 1.542179 -0.700670
v -0.033966 1.538206 -0.712856
v -0.044594 1.534071 -0.708888
v -0.048281 1.524088 -0.703182
v -0.042865 1.514105 -0.699081
v -0.031521 1.509970 -0.698987
v -0.020893 1.514105 -0.702955
v -0.017207 1.524088 -0.708661
v -0.022622 1.534071 -0.712762
v -0.036257 1.533470 -0.725849
v -0.047059 1.528973 -0.722863
v -0.051163 1.518118 -0.719531
v -0.046166 1.507262 -0.717803
v -0.034995 1.502765 -0.718692
v -0.024194 1.507262 -0.721678
v -0.020090 1.518117 -0.725010
v -0.025086 1.528973 -0.726738
v -0.038189 1.531715 -0.736806
v -0.049100 1.527113 -0.734443
v -0.053470 1.516002 -0.732612
v -0.048738 1.504891 -0.732387
v -0.037677 1.500288 -0.733898
v -0.026765 1.504891 -0.736261
v -0.022396 1.516002 -0.738091
v -0.027128 1.527113 -0.738317
v -0.105617 1.516647 -1.119207
v -0.116646 1.512029 -1.117511
v -0.121299 1.500880 -1.117289
v -0.116850 1.489731 -1.118672
v -0.105907 1.485113 -1.120850
v -0.094878 1.489731 -1.122547
v -0.090225 1.500880 -1.122768
v -0.094673 1.512029 -1.121385
v -0.108444 1.518826 -1.135240
v -0.119604 1.514315 -1.134288
v -0.124574 1.503424 -1.135866
v -0.120443 1.492533 -1.139048
v -0.109631 1.488022 -1.141971
v -0.098471 1.492533 -1.142922
v -0.093500 1.503424 -1.141345
v -0.097632 1.514315 -1.138163
v -0.111894 1.525934 -1.154806
v -0.123243 1.521811 -1.154925
v -0.128669 1.511859 -1.159085
v -0.124993 1.501907 -1.164851
v -0.114369 1.497784 -1.168844
v -0.103021 1.501907 -1.168725
v -0.097595 1.511859 -1.164564
v -0.101270 1.521811 -1.158799
v -0.114931 1.537742 -1.172028
v -0.126446 1.534265 -1.173089
v -0.132272 1.525872 -1.179523
v -0.128998 1.517479 -1.187563
v -0.118540 1.514002 -1.192497
v -0.107025 1.517479 -1.191437
v -0.101198 1.525872 -1.185002
v -0.104473 1.534265 -1.176963
v -0.116923 1.549666 -1.183325
v -0.128526 1.546709 -1.184888
v -0.134567 1.539572 -1.192537
v -0.131506 1.532434 -1.201789
v -0.121137 1.529477 -1.207227
v -0.109534 1.532434 -1.205664
v -0.103493 1.539572 -1.198016
v -0.106554 1.546709 -1.188763
v -0.131546 1.657693 -1.266256
v -0.143165 1.654852 -1.267908
v -0.149243 1.647994 -1.275770
v -0.146220 1.641135 -1.285237
v -0.135867 1.638295 -1.290763
v -0.124248 1.641135 -1.289112
v -0.118169 1.647994 -1.281249
v -0.121192 1.654852 -1.271782
v -0.054224 1.549041 -0.622071
v -0.069504 1.554925 -0.737489
v -0.054224 1.594012 -0.619778
v -0.069504 1.599896 -0.735197
v -0.025110 1.543288 -0.509221
v -0.025110 1.588258 -0.506928
v 0.000000 1.554925 -0.737489
v 0.000000 1.549041 -0.622071
v 0.000000 1.599896 -0.735197
v 0.000000 1.542911 -0.501830
v 0.000000 1.587882 -0.499538
v -0.041102 1.544717 -0.537266
v -0.041102 1.589688 -0.534973
v 0.000000 1.544529 -0.533571
v -0.087575 -0.297551 1.637194
v -0.087575 -0.269447 1.653420
v -0.087575 -0.297551 1.669646
v -0.087575 -0.269447 1.620968
v -0.087575 -0.297551 1.604742
v -0.087575 -0.325656 1.620968
v -0.087575 -0.325656 1.653420
v -0.105536 -0.269447 1.653420
v -0.105536 -0.297551 1.669646
v -0.105536 -0.269447 1.620968
v -0.105536 -0.297551 1.604742
v -0.105536 -0.325656 1.620968
v -0.105536 -0.325656 1.653420
v -0.105536 -0.297551 1.637194
v 0.000000 1.123993 -0.954245
v 0.035268 1.128725 -0.939346
v 0.000000 1.154324 -0.858753
v 0.061086 1.140566 -0.902068
v 0.070536 1.154324 -0.858753
v 0.061086 1.165000 -0.825140
v 0.035268 1.172816 -0.800533
v 0.000000 1.175676 -0.791527
v 0.035268 0.396444 -0.553940
v 0.000000 0.399401 -0.544964
v 0.061086 0.388363 -0.578462
v 0.070536 0.377324 -0.611960
v 0.061086 0.363100 -0.655127
v 0.036511 0.353385 -0.691105
v 0.000000 0.404118 -0.725597
v 0.047467 0.284783 -0.651899
v 0.057262 0.215172 -0.614220
v 0.061086 0.216918 -0.608696
v 0.061086 0.290786 -0.632158
v 0.070536 0.230611 -0.565360
v 0.070536 0.304007 -0.588673
v 0.061086 0.241237 -0.531731
v 0.061086 0.314267 -0.554927
v 0.035268 0.249015 -0.507113
v 0.035268 0.321778 -0.530224
v 0.000000 0.251862 -0.498102
v 0.000000 0.324527 -0.521182
v 0.061857 0.076123 -0.560085
v 0.070536 0.088283 -0.520154
v 0.061086 0.098559 -0.486414
v 0.035268 0.106081 -0.461714
v 0.000000 0.108834 -0.452673
v 0.061857 -0.490288 -0.380180
v 0.070536 -0.477653 -0.340400
v 0.061086 -0.466976 -0.306787
v 0.035268 -0.459161 -0.282180
v 0.057298 -0.491410 -0.383715
v 0.057298 0.075042 -0.563633
v 0.051387 0.214220 -0.617234
v 0.041592 0.283864 -0.654924
v 0.031480 0.350858 -0.692278
v 0.000000 0.350858 -0.692278
v 0.030287 1.053877 0.949163
v 0.030286 0.918312 -0.758334
v 0.000000 0.905174 -0.754189
v 0.052458 1.087361 0.946505
v 0.052458 0.951183 -0.768706
v 0.060573 1.126266 0.943416
v 0.060573 0.989377 -0.780757
v 0.052458 1.156458 0.941019
v 0.052458 1.019017 -0.790109
v 0.030287 1.178559 0.939264
v 0.030286 1.040714 -0.796955
v 0.000000 1.048656 -0.799461
v 0.058222 1.075275 0.966071
v 0.050422 1.118630 0.917267
v 0.050421 -0.326339 -0.366359
v 0.058221 -0.397462 -0.342224
v 0.029111 1.150367 0.881540
v 0.029111 -0.274273 -0.384027
v 0.000000 -0.255215 -0.390494
v 0.029111 1.000184 1.050601
v 0.029111 -0.501502 -0.283410
v 0.000000 -0.513119 -0.270333
v 0.050422 1.031921 1.014874
v 0.050421 -0.468586 -0.318089
v 0.041869 1.275437 1.002507
v -0.000000 1.279373 1.013101
v 0.072520 1.265648 0.973461
v 0.083738 1.252277 0.933785
v 0.072519 1.238905 0.894108
v 0.041869 1.229116 0.865063
v 0.037191 1.217070 1.013628
v 0.037191 0.965472 1.098421
v 0.000000 1.220252 1.023071
v 0.064417 1.208375 0.987827
v 0.064417 0.956777 1.072621
v 0.074383 1.196497 0.952584
v 0.074383 0.944899 1.037377
v 0.064417 1.184619 0.917340
v 0.064417 0.933021 1.002133
v 0.037191 1.175924 0.891540
v 0.037191 0.924326 0.976333
v 0.000000 0.921143 0.966889
v 0.000000 0.915862 1.135528
v 0.041869 0.912279 1.124897
v 0.000000 0.889119 1.056175
v 0.072519 0.902491 1.095852
v 0.083738 0.889119 1.056175
v 0.072519 0.875747 1.016499
v 0.041869 0.865959 0.987454
v 0.000000 0.862376 0.976822
v 0.041869 0.942721 1.114638
v 0.000000 1.248578 1.023397
v 0.041869 1.244995 1.012766
v 0.072520 0.932932 1.085593
v 0.072520 1.235207 0.983721
v 0.083738 0.919561 1.045916
v 0.083738 1.221835 0.944044
v 0.072519 0.906189 1.006240
v 0.072519 1.208463 0.904368
v 0.041869 0.896400 0.977195
v 0.041869 1.198674 0.875323
v 0.080256 0.845703 1.151646
v 0.090016 0.856534 1.138231
v 0.134187 0.739254 1.195851
v 0.117243 0.733874 1.211176
v 0.097160 0.858091 1.113844
v 0.147445 0.740081 1.168006
v 0.099775 0.849957 1.085018
v 0.153464 0.730425 1.129873
v 0.097160 0.830879 1.051632
v 0.151091 0.701949 1.082245
v 0.090016 0.807431 1.025972
v 0.140782 0.667959 1.044114
v 0.080256 0.788144 1.020054
v 0.115727 0.653624 1.032704
v 0.101152 0.733826 1.200022
v 0.070496 0.828499 1.150494
v 0.090227 0.730680 1.175231
v 0.063351 0.809534 1.135082
v 0.087394 0.719570 1.138215
v 0.060736 0.793889 1.109542
v 0.093873 0.692548 1.089470
v 0.063351 0.782322 1.072870
v 0.098483 0.662525 1.048290
v 0.070496 0.779397 1.038234
v 0.143769 0.623666 1.249712
v 0.132250 -0.277049 1.657742
v 0.124597 -0.275543 1.661184
v 0.125568 0.627453 1.258370
v 0.157093 0.613319 1.226058
v 0.137852 -0.281162 1.648338
v 0.161969 0.599186 1.193746
v 0.139903 -0.286781 1.635493
v 0.157093 0.572615 1.138827
v 0.137852 -0.294021 1.618940
v 0.143821 0.553550 1.098874
v 0.132385 -0.300103 1.605036
v 0.125568 0.547223 1.084409
v 0.124597 -0.302742 1.599000
v 0.116944 -0.277049 1.657742
v 0.107367 0.623666 1.249712
v 0.111341 -0.281162 1.648338
v 0.094043 0.613319 1.226058
v 0.109291 -0.286781 1.635493
v 0.089166 0.599186 1.193746
v 0.111341 -0.294021 1.618940
v 0.094043 0.572615 1.138827
v 0.116809 -0.300103 1.605036
v 0.107314 0.553550 1.098874
v -0.000000 0.815133 1.028373
v 0.000000 0.873707 1.071820
v 0.000000 0.878166 1.094136
v 0.000000 0.858357 1.127193
v -0.000000 0.802453 1.044610
v 0.000000 0.800206 1.072575
v 0.000000 0.807305 1.100919
v 0.000000 0.820710 1.119451
v 0.107245 -0.287125 1.655252
v 0.107245 -0.279494 1.647620
v 0.107245 -0.268162 1.654162
v 0.107245 -0.280583 1.666584
v 0.107245 -0.276700 1.637194
v 0.107245 -0.263615 1.637194
v 0.107245 -0.279494 1.626769
v 0.107245 -0.268162 1.620226
v 0.107245 -0.287126 1.619137
v 0.107245 -0.280583 1.607805
v 0.107245 -0.297552 1.616343
v 0.107245 -0.297552 1.603258
v 0.107245 -0.307977 1.619137
v 0.107245 -0.314519 1.607805
v 0.119763 -0.276700 1.673310
v 0.119763 -0.261436 1.658046
v 0.128617 -0.261436 1.658046
v 0.128617 -0.276700 1.673310
v 0.119763 -0.255849 1.637194
v 0.128617 -0.255849 1.637194
v 0.119763 -0.261436 1.616343
v 0.128617 -0.261436 1.616343
v 0.119763 -0.276700 1.601079
v 0.128617 -0.276700 1.601079
v 0.119763 -0.297552 1.595492
v 0.128617 -0.297552 1.595492
v 0.119763 -0.318403 1.601079
v 0.128617 -0.318403 1.601079
v 0.141135 -0.280583 1.666584
v 0.141135 -0.268162 1.654162
v 0.141135 -0.279494 1.647620
v 0.141135 -0.287125 1.655252
v 0.141135 -0.263615 1.637194
v 0.141135 -0.276700 1.637194
v 0.141135 -0.268162 1.620226
v 0.141135 -0.279494 1.626769
v 0.141135 -0.280583 1.607805
v 0.141135 -0.287126 1.619137
v 0.141135 -0.297552 1.603258
v 0.141135 -0.297552 1.616343
v 0.141135 -0.314519 1.607805
v 0.141135 -0.307977 1.619137
v 0.107245 -0.296689 1.670110
v 0.107245 -0.300732 1.663108
v 0.107245 -0.321583 1.626992
v 0.107245 -0.325626 1.619990
v 0.128617 -0.292806 1.676836
v 0.119763 -0.292806 1.676836
v 0.119763 -0.329509 1.613264
v 0.128617 -0.329509 1.613264
v 0.141135 -0.300732 1.663108
v 0.141135 -0.296689 1.670110
v 0.141135 -0.325626 1.619990
v 0.141135 -0.321583 1.626992
v 0.041868 0.905560 1.127160
v 0.072517 0.895772 1.098115
v 0.083736 0.882400 1.058440
v 0.072517 0.869029 1.018764
v 0.041868 0.859241 0.989720
v 0.041868 0.886662 1.133528
v 0.000000 0.890245 1.144159
v 0.072517 0.876874 1.104484
v 0.083736 0.863503 1.064808
v 0.072517 0.850132 1.025133
v 0.041868 0.840343 0.996089
v -0.000000 0.836760 0.985458
v 0.000000 0.804147 1.148287
v 0.030075 0.801574 1.140651
v 0.052092 0.794542 1.119787
v 0.060151 0.784937 1.091287
v 0.052092 0.775332 1.062786
v 0.030075 0.768301 1.041923
v 0.034734 0.849401 1.133047
v 0.000000 0.852373 1.141866
v 0.060161 0.841280 1.108951
v 0.069468 0.830187 1.076037
v 0.060161 0.819094 1.043122
v 0.034734 0.810974 1.019026
v 0.047963 -0.463792 -0.371455
v 0.047963 -0.448155 -0.486796
v 0.055154 -0.454028 -0.481235
v 0.061386 -0.468819 -0.372137
v 0.060418 -0.468381 -0.478526
v 0.071213 -0.482553 -0.373999
v 0.062345 -0.487368 -0.479397
v 0.074810 -0.501313 -0.376542
v 0.060418 -0.505902 -0.483613
v 0.071213 -0.520073 -0.379085
v 0.055154 -0.519015 -0.490045
v 0.061386 -0.533806 -0.380947
v 0.047963 -0.523196 -0.496970
v 0.047963 -0.538833 -0.381629
v 0.040772 -0.517323 -0.502532
v 0.034539 -0.533806 -0.380947
v 0.035507 -0.502970 -0.505240
v 0.024712 -0.520073 -0.379085
v 0.033580 -0.483982 -0.504370
v 0.021116 -0.501313 -0.376542
v 0.035507 -0.465449 -0.500153
v 0.024712 -0.482553 -0.373999
v 0.040772 -0.452335 -0.493721
v 0.034539 -0.468819 -0.372137
v 0.075256 -0.435336 -0.581349
v 0.082442 -0.441237 -0.575581
v 0.087701 -0.455610 -0.572720
v 0.089627 -0.474605 -0.573536
v 0.087701 -0.493131 -0.577807
v 0.082441 -0.506224 -0.584391
v 0.075256 -0.510377 -0.591523
v 0.068071 -0.504476 -0.597292
v 0.062811 -0.490102 -0.600152
v 0.060886 -0.471107 -0.599337
v 0.062811 -0.452581 -0.595065
v 0.068071 -0.439488 -0.588482
v 0.144107 -0.290449 -1.650029
v 0.157521 -0.295572 -1.650000
v 0.167341 -0.309376 -1.651342
v 0.170935 -0.328163 -1.653695
v 0.167341 -0.346897 -1.656428
v 0.157521 -0.360560 -1.658810
v 0.144107 -0.365490 -1.660203
v 0.130694 -0.360367 -1.660232
v 0.120874 -0.346563 -1.658890
v 0.117280 -0.327777 -1.656537
v 0.120874 -0.309043 -1.653803
v 0.130694 -0.295380 -1.651421
v 0.032008 0.777852 -0.796901
v 0.098461 0.577724 -0.971887
v 0.108321 0.576477 -0.965002
v 0.043753 0.781402 -0.787044
v 0.115884 0.569029 -0.952318
v 0.052351 0.777312 -0.772199
v 0.119126 0.557378 -0.937233
v 0.055499 0.766680 -0.756343
v 0.117177 0.544643 -0.923790
v 0.052351 0.752353 -0.743726
v 0.110559 0.534238 -0.915590
v 0.043753 0.738171 -0.737728
v 0.101046 0.528951 -0.914830
v 0.032008 0.727934 -0.739956
v 0.091186 0.530198 -0.921715
v 0.020263 0.724384 -0.749813
v 0.083622 0.537645 -0.934400
v 0.011665 0.728474 -0.764658
v 0.080381 0.549297 -0.949484
v 0.008518 0.739107 -0.780514
v 0.082330 0.562031 -0.962928
v 0.011665 0.753433 -0.793131
v 0.088948 0.572436 -0.971128
v 0.020263 0.767615 -0.799130
v 0.140916 -0.235214 -1.684952
v 0.154340 -0.238557 -1.681137
v 0.164166 -0.247693 -1.670715
v 0.167763 -0.260173 -1.656479
v 0.164166 -0.272652 -1.642242
v 0.154340 -0.281788 -1.631821
v 0.140916 -0.285132 -1.628006
v 0.127493 -0.281788 -1.631821
v 0.117666 -0.272652 -1.642243
v 0.114069 -0.260173 -1.656479
v 0.117666 -0.247693 -1.670715
v 0.127493 -0.238557 -1.681137
v 0.155516 -0.299991 -1.656893
v 0.144272 -0.295697 -1.656918
v 0.144272 -0.327147 -1.661182
v 0.163747 -0.311562 -1.658018
v 0.166760 -0.327309 -1.659990
v 0.163747 -0.343012 -1.662282
v 0.155516 -0.354465 -1.664279
v 0.144272 -0.358598 -1.665446
v 0.133028 -0.354303 -1.665470
v 0.124797 -0.342733 -1.664345
v 0.121784 -0.326986 -1.662373
v 0.124797 -0.311282 -1.660081
v 0.133028 -0.299830 -1.658085
v 0.152168 -0.246661 -1.681186
v 0.140916 -0.243858 -1.684383
v 0.140916 -0.264779 -1.660517
v 0.160405 -0.254318 -1.672450
v 0.163420 -0.264779 -1.660517
v 0.160405 -0.275240 -1.648584
v 0.152168 -0.282898 -1.639848
v 0.140916 -0.285700 -1.636650
v 0.129664 -0.282897 -1.639848
v 0.121427 -0.275240 -1.648584
v 0.118412 -0.264779 -1.660517
v 0.121427 -0.254318 -1.672450
v 0.129664 -0.246661 -1.681186
v 0.123294 -0.318402 -1.719993
v 0.123294 -0.315609 -1.709568
v 0.123294 -0.334168 -1.698619
v 0.123294 -0.339833 -1.719993
v 0.123294 -0.307977 -1.701936
v 0.123294 -0.318692 -1.683587
v 0.123294 -0.297551 -1.699142
v 0.123294 -0.297551 -1.679041
v 0.157185 -0.339833 -1.719993
v 0.157185 -0.334168 -1.698619
v 0.157185 -0.315609 -1.709568
v 0.157185 -0.318402 -1.719993
v 0.157185 -0.318692 -1.683587
v 0.157185 -0.307977 -1.701936
v 0.157185 -0.297551 -1.679041
v 0.157185 -0.297551 -1.699142
v 0.123294 -0.339828 -1.793847
v 0.123294 -0.318402 -1.793848
v 0.157185 -0.318403 -1.793848
v 0.157185 -0.339827 -1.793847
v 0.123294 -0.375964 -1.661984
v 0.123294 -0.365449 -1.718108
v 0.123294 -0.335263 -1.639360
v 0.123294 -0.297551 -1.631141
v 0.157185 -0.365449 -1.718108
v 0.157185 -0.375964 -1.661984
v 0.157185 -0.335263 -1.639360
v 0.123294 -0.352590 -1.793344
v 0.157185 -0.352589 -1.793344
v 0.130922 -0.360212 -1.793043
v 0.149557 -0.360212 -1.793043
v 0.157185 -0.297551 -1.631141
v 0.123294 -0.276700 -1.719993
v 0.123294 -0.255270 -1.719993
v 0.123294 -0.260934 -1.698619
v 0.123294 -0.279493 -1.709568
v 0.123294 -0.276410 -1.683588
v 0.123294 -0.287125 -1.701936
v 0.157185 -0.255270 -1.719993
v 0.157185 -0.276700 -1.719993
v 0.157185 -0.279493 -1.709568
v 0.157185 -0.260934 -1.698619
v 0.157185 -0.287125 -1.701936
v 0.157185 -0.276410 -1.683588
v 0.123294 -0.276700 -1.793848
v 0.123294 -0.255275 -1.793847
v 0.157185 -0.255275 -1.793847
v 0.157185 -0.276700 -1.793848
v 0.123294 -0.229654 -1.718109
v 0.123294 -0.219139 -1.661984
v 0.123294 -0.259839 -1.639360
v 0.157185 -0.219139 -1.661984
v 0.157185 -0.229654 -1.718108
v 0.157185 -0.259839 -1.639360
v 0.123294 -0.242513 -1.793344
v 0.157185 -0.242513 -1.793344
v 0.149557 -0.234891 -1.793043
v 0.130922 -0.234891 -1.793043
v 0.149557 -0.373057 -1.717549
v 0.130922 -0.373057 -1.717549
v 0.149557 -0.381700 -1.656956
v 0.130922 -0.381700 -1.656956
v 0.149557 -0.337939 -1.632217
v 0.130922 -0.337939 -1.632217
v 0.149557 -0.297551 -1.623513
v 0.130922 -0.297551 -1.623513
v 0.149557 -0.257163 -1.632217
v 0.130922 -0.257163 -1.632217
v 0.149557 -0.213402 -1.656956
v 0.130922 -0.213402 -1.656956
v 0.149557 -0.222046 -1.717549
v 0.130922 -0.222046 -1.717549
v 0.094527 -0.496441 -0.259201
v 0.094527 -0.449111 -0.271883
v 0.094527 -0.472776 -0.312872
v 0.094527 -0.496441 -0.306531
v 0.094527 -0.414463 -0.306531
v 0.094527 -0.455452 -0.330196
v 0.094527 -0.401782 -0.353861
v 0.094527 -0.449111 -0.353861
v 0.094527 -0.414464 -0.401191
v 0.094527 -0.455452 -0.377526
v 0.094527 -0.449111 -0.435838
v 0.094527 -0.472776 -0.394850
v 0.094527 -0.496441 -0.448520
v 0.094527 -0.496441 -0.401190
v 0.094527 -0.543771 -0.435838
v 0.094527 -0.520106 -0.394849
v 0.094527 -0.578419 -0.401190
v 0.094527 -0.537430 -0.377526
v 0.094527 -0.591100 -0.353861
v 0.094527 -0.543771 -0.353861
v 0.094527 -0.578419 -0.306531
v 0.094527 -0.537430 -0.330196
v 0.094527 -0.543771 -0.271883
v 0.094527 -0.520106 -0.312872
v 0.151617 -0.472776 -0.312872
v 0.151617 -0.496441 -0.306531
v 0.151617 -0.455452 -0.330196
v 0.151617 -0.449111 -0.353861
v 0.151617 -0.455452 -0.377526
v 0.151617 -0.472776 -0.394850
v 0.151617 -0.496441 -0.401191
v 0.151617 -0.520106 -0.394850
v 0.151617 -0.537430 -0.377526
v 0.151617 -0.543771 -0.353861
v 0.151617 -0.537430 -0.330196
v 0.151617 -0.520106 -0.312872
v 0.000000 -0.449111 -0.271883
v 0.000000 -0.414464 -0.401190
v 0.000000 -0.496441 -0.448520
v 0.000000 -0.543771 -0.435838
v 0.000000 -0.578419 -0.306531
v 0.042103 1.231683 0.863770
v -0.000000 1.228081 0.853079
v 0.072925 1.241527 0.892978
v 0.084206 1.254974 0.932876
v 0.072925 1.268420 0.972774
v 0.042103 1.278264 1.001982
v 0.042103 1.271430 0.850375
v 0.072925 1.281273 0.879583
v 0.084206 1.294720 0.919481
v 0.072925 1.308166 0.959379
v 0.042103 1.318009 0.988586
v 0.031584 1.291595 0.862806
v 0.054704 1.298979 0.884716
v 0.063167 1.309066 0.914646
v 0.054704 1.319152 0.944575
v 0.031584 1.326537 0.966485
v -0.000000 1.424011 0.875907
v 0.040582 1.401562 0.809298
v -0.000000 1.398090 0.798993
v 0.070291 1.411050 0.837450
v 0.081165 1.424011 0.875907
v 0.070291 1.436972 0.914364
v 0.040582 1.446460 0.942517
v -0.000000 1.507044 0.762273
v 0.040582 1.510516 0.772578
v 0.029125 1.516854 0.791383
v 0.070291 1.520004 0.800731
v 0.050447 1.523663 0.811587
v 0.081165 1.532965 0.839188
v 0.058251 1.532965 0.839188
v 0.070291 1.545926 0.877645
v 0.050447 1.542267 0.866788
v 0.040582 1.555414 0.905797
v 0.029125 1.549076 0.886993
v 0.000000 1.558887 0.916102
v -0.000000 1.533908 0.786187
v 0.024962 1.536044 0.792526
v 0.043235 1.541880 0.809842
v 0.049923 1.549852 0.833497
v 0.043235 1.557824 0.857151
v 0.024962 1.563660 0.874467
v 0.000000 1.537119 0.879496
v 0.024454 1.530909 0.881589
v 0.024454 1.567629 0.990543
v 0.042355 1.513946 0.887306
v 0.042355 1.550665 0.996260
v 0.048907 1.490772 0.895116
v 0.048907 1.527492 1.004070
v 0.042355 1.467600 0.902926
v 0.042355 1.504319 1.011880
v 0.024454 1.450636 0.908643
v 0.024454 1.487355 1.017597
v 0.000000 1.444426 0.910735
v 0.000000 1.481146 1.019689
v 0.000000 1.580299 1.021212
v 0.128966 1.580299 1.021212
v 0.129088 1.582307 1.044154
v 0.000000 1.582307 1.044154
v 0.129421 1.572574 1.065026
v 0.129877 1.553709 1.078235
v 0.130332 1.530767 1.080242
v 0.000000 1.530767 1.080242
v 0.130666 1.509895 1.070510
v 0.000000 1.509895 1.070510
v 0.130788 1.496686 1.051645
v 0.000000 1.496686 1.051645
v 0.130666 1.494678 1.028703
v 0.000000 1.494678 1.028703
v 0.130332 1.504411 1.007831
v 0.129877 1.523276 0.994622
v 0.000000 1.523276 0.994622
v 0.129421 1.546218 0.992614
v 0.129088 1.567090 1.002347
v 0.000000 1.567090 1.002347
v 0.157627 1.582469 1.020422
v 0.158597 1.584546 1.043339
v 0.161248 1.575005 1.064141
v 0.164869 1.556401 1.077255
v 0.168490 1.533721 1.079167
v 0.171141 1.513040 1.069365
v 0.172111 1.499901 1.050475
v 0.171141 1.497824 1.027558
v 0.168490 1.507365 1.006756
v 0.164869 1.525969 0.993642
v 0.161248 1.548649 0.991729
v 0.158597 1.569330 1.001532
v 0.177856 1.586944 1.018794
v 0.179534 1.589177 1.041653
v 0.184118 1.580063 1.062300
v 0.190381 1.562044 1.075202
v 0.196643 1.539947 1.076901
v 0.201228 1.519694 1.066943
v 0.202906 1.506712 1.047996
v 0.201228 1.504478 1.025136
v 0.196643 1.513592 1.004489
v 0.190381 1.531611 0.991588
v 0.184118 1.553708 0.989888
v 0.179534 1.573961 0.999846
v 0.197449 1.593448 1.016426
v 0.199813 1.595909 1.039203
v 0.206271 1.587417 1.059623
v 0.215093 1.570248 1.072215
v 0.223915 1.549001 1.073606
v 0.230373 1.529370 1.063421
v 0.232736 1.516615 1.044391
v 0.230373 1.514154 1.021614
v 0.223915 1.522645 1.001194
v 0.215093 1.539815 0.988602
v 0.206271 1.561062 0.987212
v 0.199813 1.580693 0.997396
v 0.222816 1.606173 1.011795
v 0.225934 1.609006 1.034436
v 0.234451 1.601530 1.054487
v 0.246087 1.585747 1.066574
v 0.257722 1.565887 1.067459
v 0.266240 1.547272 1.056905
v 0.269357 1.534889 1.037740
v 0.266240 1.532055 1.015099
v 0.257722 1.539532 0.995048
v 0.246087 1.555314 0.982961
v 0.234451 1.575174 0.982075
v 0.225934 1.593789 0.992629
v 0.343735 1.679125 0.985242
v 0.346853 1.681958 1.007884
v 0.355371 1.674482 1.027934
v 0.367006 1.658700 1.040022
v 0.378641 1.638840 1.040907
v 0.387159 1.620224 1.030353
v 0.390277 1.607841 1.011188
v 0.387159 1.605008 0.988546
v 0.378641 1.612484 0.968496
v 0.367006 1.628267 0.956408
v 0.355371 1.648126 0.955523
v 0.346853 1.666742 0.966077
v 0.380357 1.697399 0.978591
v 0.382721 1.699861 1.001368
v 0.389178 1.691369 1.021788
v 0.398000 1.674199 1.034380
v 0.406821 1.652952 1.035771
v 0.413279 1.633321 1.025586
v 0.415642 1.620565 1.006556
v 0.413279 1.618104 0.983780
v 0.406821 1.626596 0.963359
v 0.398000 1.643766 0.950767
v 0.389178 1.665013 0.949377
v 0.382721 1.684644 0.959561
v 0.410186 1.707302 0.974987
v 0.411864 1.709536 0.997846
v 0.416449 1.700422 1.018493
v 0.422712 1.682403 1.031394
v 0.428974 1.660306 1.033094
v 0.433559 1.640053 1.023136
v 0.435237 1.627070 1.004189
v 0.433559 1.624837 0.981329
v 0.428974 1.633951 0.960682
v 0.422712 1.651970 0.947781
v 0.416449 1.674066 0.946081
v 0.411864 1.694319 0.956040
v 0.440981 1.714113 0.972508
v 0.441952 1.716190 0.995424
v 0.444602 1.706649 1.016227
v 0.448224 1.688045 1.029341
v 0.451845 1.665364 1.031253
v 0.454495 1.644684 1.021451
v 0.455466 1.631544 1.002560
v 0.454495 1.629467 0.979644
v 0.451845 1.639009 0.958841
v 0.448224 1.657612 0.945727
v 0.444603 1.680293 0.943815
v 0.441952 1.700974 0.953617
v 0.482305 1.717328 0.971338
v 0.482427 1.719335 0.994280
v 0.482760 1.709603 1.015152
v 0.483216 1.690738 1.028361
v 0.483671 1.667796 1.030368
v 0.484005 1.646924 1.020635
v 0.484127 1.633714 1.001770
v 0.484005 1.631707 0.978828
v 0.483671 1.641440 0.957956
v 0.483216 1.660305 0.944747
v 0.482760 1.683247 0.942740
v 0.482427 1.704119 0.952473
v 0.519753 1.717328 0.971338
v 0.519753 1.719335 0.994280
v 0.519753 1.709603 1.015152
v 0.519753 1.690738 1.028361
v 0.519753 1.667796 1.030368
v 0.519753 1.646924 1.020635
v 0.519753 1.633714 1.001770
v 0.519753 1.631707 0.978828
v 0.519753 1.641440 0.957956
v 0.519753 1.660305 0.944747
v 0.519753 1.683247 0.942740
v 0.519753 1.704119 0.952473
v 0.029125 1.525849 0.788351
v -0.000000 1.523357 0.780956
v 0.050447 1.532659 0.808556
v 0.058251 1.541960 0.836156
v 0.050447 1.551262 0.863756
v 0.029125 1.558072 0.883961
v 0.000000 1.560564 0.891357
v -0.000000 1.389699 0.774096
v 0.025939 1.391918 0.780682
v 0.025939 1.500872 0.743962
v -0.000000 1.498653 0.737376
v 0.000000 1.605489 1.013851
v 0.000000 1.585198 0.983340
v 0.077290 1.585198 0.983340
v 0.077290 1.605489 1.013851
v 0.000000 1.552370 0.967061
v 0.077290 1.552370 0.967061
v 0.000000 1.515800 0.969378
v 0.077290 1.515800 0.969378
v 0.000000 1.485288 0.989669
v 0.077290 1.485288 0.989669
v 0.077290 1.469010 1.022497
v 0.077290 1.471327 1.059067
v 0.085617 1.597598 1.016511
v 0.085617 1.579694 0.989588
v 0.085617 1.538408 1.036459
v 0.085617 1.550727 0.975225
v 0.085617 1.518460 0.977269
v 0.085617 1.491537 0.995173
v 0.085617 1.477174 1.024140
v 0.085617 1.479218 1.056407
v 0.077290 1.619108 1.080334
v 0.077290 1.559918 1.100282
v 0.077290 1.624339 1.069783
v 0.000000 1.624339 1.069783
v 0.085617 1.557258 1.092391
v 0.085617 1.616448 1.072442
v 0.085617 1.498068 1.112339
v 0.000000 1.490177 1.114998
v 0.077290 1.490177 1.114998
v 0.077290 1.500728 1.120230
v 0.000000 1.500728 1.120230
v 0.581816 1.725725 0.968280
v 0.793240 1.725725 0.968281
v 0.793240 1.728136 0.995831
v 0.581816 1.728136 0.995831
v 0.793240 1.716448 1.020895
v 0.581817 1.716448 1.020895
v 0.793241 1.693794 1.036758
v 0.581817 1.693794 1.036758
v 0.793241 1.666244 1.039168
v 0.581817 1.666244 1.039168
v 0.793241 1.641179 1.027481
v 0.581817 1.641179 1.027481
v 0.793241 1.625317 1.004826
v 0.581817 1.625317 1.004827
v 0.793241 1.622907 0.977277
v 0.581817 1.622907 0.977277
v 0.793241 1.634594 0.952213
v 0.581817 1.634595 0.952212
v 0.793240 1.657248 0.936350
v 0.581817 1.657248 0.936350
v 0.793240 1.684799 0.933940
v 0.581817 1.684799 0.933940
v 0.793240 1.709863 0.945627
v 0.581816 1.709863 0.945627
v 0.855304 1.717328 0.971338
v 0.855304 1.719335 0.994280
v 0.855304 1.737157 0.997422
v 0.855304 1.734333 0.965148
v 0.855304 1.709603 1.015152
v 0.855304 1.723466 1.026784
v 0.855305 1.690738 1.028361
v 0.855305 1.696927 1.045366
v 0.855305 1.667796 1.030368
v 0.855305 1.664653 1.048190
v 0.855305 1.646924 1.020635
v 0.855305 1.635291 1.034498
v 0.855305 1.633714 1.001770
v 0.855305 1.616709 1.007959
v 0.855305 1.631707 0.978828
v 0.855305 1.613885 0.975686
v 0.855305 1.641440 0.957956
v 0.855305 1.627576 0.946324
v 0.855304 1.660305 0.944747
v 0.855304 1.654115 0.927742
v 0.855304 1.683247 0.942740
v 0.855304 1.686390 0.924918
v 0.855304 1.704119 0.952473
v 0.855304 1.715751 0.938609
v 0.519753 1.734334 0.965147
v 0.519753 1.737158 0.997421
v 0.519753 1.715751 0.938609
v 0.519753 1.686390 0.924918
v 0.519753 1.654115 0.927742
v 0.519753 1.627577 0.946324
v 0.519753 1.613885 0.975686
v 0.519753 1.616709 1.007960
v 0.519753 1.635291 1.034498
v 0.519753 1.664653 1.048190
v 0.519753 1.696927 1.045366
v 0.519753 1.723466 1.026784
v 0.818100 1.734333 0.965147
v 0.818100 1.737157 0.997422
v 0.556957 1.737158 0.997421
v 0.556957 1.734334 0.965147
v 0.818100 1.723466 1.026784
v 0.556957 1.723466 1.026784
v 0.818100 1.696927 1.045366
v 0.556957 1.696927 1.045366
v 0.818100 1.664653 1.048190
v 0.556957 1.664653 1.048190
v 0.818100 1.635291 1.034498
v 0.556957 1.635291 1.034498
v 0.818100 1.616709 1.007959
v 0.556957 1.616709 1.007960
v 0.818100 1.613885 0.975686
v 0.556957 1.613885 0.975686
v 0.818100 1.627576 0.946324
v 0.556957 1.627577 0.946324
v 0.818100 1.654115 0.927742
v 0.556957 1.654115 0.927742
v 0.818100 1.686390 0.924918
v 0.556957 1.686390 0.924918
v 0.818100 1.715751 0.938609
v 0.556957 1.715751 0.938609
v 0.868707 1.717328 0.971338
v 0.868707 1.719335 0.994280
v 0.868707 1.709603 1.015152
v 0.868708 1.690738 1.028361
v 0.868708 1.667796 1.030368
v 0.868708 1.646924 1.020635
v 0.868708 1.633714 1.001770
v 0.868708 1.631707 0.978828
v 0.868708 1.641440 0.957956
v 0.868707 1.660305 0.944747
v 0.868707 1.683247 0.942740
v 0.868707 1.704119 0.952473
v 0.868707 1.675521 0.986554
v 0.031583 1.419782 0.819605
v -0.000000 1.417079 0.811585
v 0.054704 1.427166 0.841515
v 0.063167 1.437253 0.871444
v 0.054704 1.447340 0.901374
v 0.031583 1.454724 0.923284
v 0.034360 1.497827 -0.931806
v 0.048592 1.487425 -0.964554
v 0.034360 1.526682 -0.940971
v 0.048592 1.533830 -0.979293
v 0.048592 1.465843 -1.032504
v 0.000000 1.465843 -1.032504
v 0.048592 1.548000 -1.060773
v 0.127009 1.530853 -1.007227
v 0.125235 1.503570 -0.997006
v 0.131857 1.550825 -1.035150
v 0.138480 1.558136 -1.073294
v 0.145102 1.550825 -1.111438
v 0.000000 1.530853 -1.139350
v 0.149950 1.530853 -1.139362
v 0.000000 1.503570 -1.149569
v 0.151725 1.503570 -1.149582
v 0.149950 1.476287 -1.139362
v 0.145102 1.456314 -1.111438
v 0.138480 1.449003 -1.073294
v 0.131857 1.456314 -1.035150
v 0.127009 1.476287 -1.007227
v 0.138480 1.503570 -1.073294
v 0.034300 1.088420 -0.873809
v 0.034300 1.473906 -0.996248
v 0.048508 1.098803 -0.841118
v 0.048508 1.484289 -0.963557
v 0.034300 1.109187 -0.808427
v 0.034300 1.494672 -0.930867
v 0.051011 1.638965 -0.458954
v 0.048006 1.565779 -0.478564
v 0.078432 1.650224 -0.506311
v 0.073811 1.577118 -0.525900
v 0.106569 1.662381 -0.679974
v 0.100290 1.587404 -0.689395
v 0.290699 1.665727 -1.110536
v 0.316816 1.674663 -1.217719
v 0.298151 1.602036 -1.228976
v 0.273573 1.592488 -1.120154
v 0.178312 1.595291 -0.988598
v 0.118433 1.591266 -0.860501
v 0.125847 1.666514 -0.854813
v 0.189474 1.669896 -0.980901
v 0.283988 1.704285 -1.345332
v 0.267257 1.631549 -1.358720
v 0.188195 1.739633 -1.433368
v 0.177108 1.666150 -1.448433
v 0.068727 1.753876 -1.443021
v 0.064678 1.679741 -1.458427
v 0.039322 1.662309 -0.473961
v 0.062005 1.671539 -0.511764
v 0.088091 1.682809 -0.684574
v 0.258539 1.691362 -1.108788
v 0.281958 1.700602 -1.208574
v 0.105195 1.686885 -0.856718
v 0.164559 1.692028 -0.982455
v 0.252423 1.726819 -1.327735
v 0.174924 1.754771 -1.405789
v 0.069666 1.766627 -1.414479
v 0.027046 1.674520 -0.491952
v 0.044687 1.681638 -0.520185
v 0.068437 1.691661 -0.690603
v 0.083160 1.695555 -0.859494
v 0.243605 1.714494 -1.201330
v 0.223210 1.705015 -1.108605
v 0.137598 1.702374 -0.985207
v 0.217769 1.737542 -1.312389
v 0.159789 1.758810 -1.380581
v 0.069994 1.768365 -1.388305
v 0.067603 1.699762 -0.996671
v 0.124875 1.718030 -1.116312
v 0.022184 1.675333 -0.523953
v 0.042629 1.685295 -0.692995
v 0.047698 1.689656 -0.861096
v 0.137927 1.728649 -1.198749
v 0.132329 1.745352 -1.290423
v 0.027624 1.704281 -1.077407
v 0.020885 1.680478 -0.740143
v 0.025656 1.682072 -0.868341
v 0.026223 1.693683 -0.997284
v 0.018587 1.693107 -1.074990
v 0.017512 1.619315 -1.084164
v 0.015979 1.600880 -0.759735
v 0.016904 1.670349 -0.749924
v 0.015835 1.598314 -0.877663
v 0.016769 1.669585 -0.872004
v 0.015446 1.610317 -1.006220
v 0.016375 1.682734 -0.998450
v 0.054354 1.609353 -1.090589
v 0.053342 1.596541 -1.002864
v 0.147251 1.581438 -0.998928
v 0.238675 1.581973 -1.125498
v 0.046788 1.581112 -0.701638
v 0.040892 1.562081 -0.535983
v 0.067192 1.571705 -0.697068
v 0.050460 1.585674 -0.872512
v 0.086565 1.575168 -0.866015
v 0.136714 1.614766 -1.203462
v 0.260362 1.590821 -1.219364
v 0.233521 1.615310 -1.332512
v 0.130633 1.628993 -1.296568
v 0.162080 1.641332 -1.406240
v 0.072772 1.651781 -1.413986
v 0.025010 1.553699 -0.508363
v 0.182385 1.607899 -1.339385
v 0.184159 1.636542 -1.344713
v 0.000000 1.583380 -1.315348
v 0.177537 1.583381 -1.315354
v 0.170914 1.569558 -1.279059
v 0.000000 1.570135 -1.240231
v 0.164292 1.570134 -1.240225
v 0.000000 1.584956 -1.209269
v 0.159444 1.584954 -1.209257
v 0.157669 1.610048 -1.194454
v 0.170914 1.623295 -1.269583
v 0.157669 1.627375 -1.192366
v 0.184159 1.653869 -1.342625
v 0.170914 1.640622 -1.267496
v 0.025170 1.594079 -0.662972
v 0.030712 1.553298 -0.694398
v 0.041082 1.550329 -0.688970
v 0.035525 1.591232 -0.657451
v 0.044147 1.543161 -0.679741
v 0.038550 1.584358 -0.647996
v 0.038111 1.535993 -0.672117
v 0.032474 1.577483 -0.640146
v 0.026509 1.533024 -0.670564
v 0.020855 1.574635 -0.638500
v 0.016138 1.535993 -0.675992
v 0.010501 1.577483 -0.644021
v 0.013073 1.543161 -0.685220
v 0.007476 1.584358 -0.653475
v 0.019110 1.550329 -0.692844
v 0.013552 1.591232 -0.661325
v 0.031999 1.545682 -0.701700
v 0.042462 1.542179 -0.696796
v 0.045750 1.533721 -0.688829
v 0.039936 1.525263 -0.682468
v 0.028426 1.521759 -0.681438
v 0.017963 1.525263 -0.686342
v 0.014676 1.533721 -0.694309
v 0.020490 1.542179 -0.700670
v 0.033966 1.538206 -0.712856
v 0.044594 1.534071 -0.708888
v 0.048281 1.524088 -0.703182
v 0.042865 1.514105 -0.699081
v 0.031521 1.509970 -0.698987
v 0.020893 1.514105 -0.702955
v 0.017207 1.524088 -0.708661
v 0.022622 1.534071 -0.712762
v 0.036257 1.533470 -0.725849
v 0.047059 1.528973 -0.722863
v 0.051163 1.518118 -0.719531
v 0.046166 1.507262 -0.717803
v 0.034995 1.502765 -0.718692
v 0.024194 1.507262 -0.721678
v 0.020090 1.518117 -0.725010
v 0.025086 1.528973 -0.726738
v 0.038189 1.531715 -0.736806
v 0.049100 1.527113 -0.734443
v 0.053470 1.516002 -0.732612
v 0.048738 1.504891 -0.732387
v 0.037677 1.500288 -0.733898
v 0.026765 1.504891 -0.736261
v 0.022396 1.516002 -0.738091
v 0.027128 1.527113 -0.738317
v 0.105617 1.516647 -1.119207
v 0.116646 1.512029 -1.117511
v 0.121299 1.500880 -1.117289
v 0.116850 1.489731 -1.118672
v 0.105907 1.485113 -1.120850
v 0.094878 1.489731 -1.122547
v 0.090225 1.500880 -1.122768
v 0.094673 1.512029 -1.121385
v 0.108444 1.518826 -1.135240
v 0.119604 1.514315 -1.134288
v 0.124574 1.503424 -1.135866
v 0.120443 1.492533 -1.139048
v 0.109631 1.488022 -1.141971
v 0.098471 1.492533 -1.142922
v 0.093500 1.503424 -1.141345
v 0.097632 1.514315 -1.138163
v 0.111894 1.525934 -1.154806
v 0.123243 1.521811 -1.154925
v 0.128669 1.511859 -1.159085
v 0.124993 1.501907 -1.164851
v 0.114369 1.497784 -1.168844
v 0.103021 1.501907 -1.168725
v 0.097595 1.511859 -1.164564
v 0.101270 1.521811 -1.158799
v 0.114931 1.537742 -1.172028
v 0.126446 1.534265 -1.173089
v 0.132272 1.525872 -1.179523
v 0.128998 1.517479 -1.187563
v 0.118540 1.514002 -1.192497
v 0.107025 1.517479 -1.191437
v 0.101198 1.525872 -1.185002
v 0.104473 1.534265 -1.176963
v 0.116923 1.549666 -1.183325
v 0.128526 1.546709 -1.184888
v 0.134567 1.539572 -1.192537
v 0.131506 1.532434 -1.201789
v 0.121137 1.529477 -1.207227
v 0.109534 1.532434 -1.205664
v 0.103493 1.539572 -1.198016
v 0.106554 1.546709 -1.188763
v 0.131546 1.657693 -1.266256
v 0.143165 1.654852 -1.267908
v 0.149243 1.647994 -1.275770
v 0.146220 1.641135 -1.285237
v 0.135867 1.638295 -1.290763
v 0.124248 1.641135 -1.289112
v 0.118169 1.647994 -1.281249
v 0.121192 1.654852 -1.271782
v 0.054224 1.549041 -0.622071
v 0.069504 1.554925 -0.737489
v 0.025110 1.543288 -0.509221
v 0.025110 1.588258 -0.506928
v 0.054224 1.594012 -0.619778
v 0.069504 1.599896 -0.735197
v 0.041102 1.544717 -0.537266
v 0.041102 1.589688 -0.534973
v 0.087575 -0.297551 1.637194
v 0.087575 -0.269447 1.653420
v 0.087575 -0.297551 1.669646
v 0.087575 -0.269447 1.620968
v 0.087575 -0.297551 1.604742
v 0.087575 -0.325656 1.620968
v 0.087575 -0.325656 1.653420
v 0.105536 -0.269447 1.653420
v 0.105536 -0.297551 1.669646
v 0.105536 -0.269447 1.620968
v 0.105536 -0.297551 1.604742
v 0.105536 -0.325656 1.620968
v 0.105536 -0.325656 1.653420
v 0.105536 -0.297551 1.637194
v -0.055218 0.822585 1.637194
v -0.036182 0.794865 1.637194
v 0.000000 0.859074 1.426128
v -0.027609 0.851765 1.427450
v -0.047820 0.831797 1.431062
v -0.055218 0.804520 1.435995
v -0.036182 0.777243 1.440929
v -0.027609 0.797438 1.229839
v -0.047820 0.778420 1.236909
v -0.055218 0.752442 1.246567
v -0.036182 0.726464 1.256226
v -0.027609 0.710952 1.047842
v -0.047820 0.693445 1.058089
v -0.055218 0.669529 1.072088
v -0.036182 0.645614 1.086087
v -0.027609 0.595653 0.884800
v -0.047820 0.580144 0.897874
v -0.055218 0.558959 0.915734
v -0.036182 0.537775 0.933595
v -0.027609 0.454843 0.743991
v -0.047820 0.441769 0.759499
v -0.055218 0.423908 0.780684
v -0.036182 0.406048 0.801868
v -0.027609 0.291801 0.628690
v -0.047820 0.281553 0.646198
v -0.055218 0.267555 0.670114
v -0.036182 0.253556 0.694029
v -0.027609 0.109804 0.542205
v -0.047820 0.102734 0.561223
v -0.055218 0.093075 0.587201
v -0.036182 0.083417 0.613179
v -0.027609 -0.087807 0.487878
v -0.047820 -0.091419 0.507846
v -0.055218 -0.096352 0.535123
v -0.036182 -0.101286 0.562400
v -0.027609 -0.297551 0.469045
v -0.047820 -0.297551 0.489338
v -0.055218 -0.297551 0.517058
v -0.036182 -0.297551 0.544778
v -0.027609 -0.507295 0.487878
v -0.047820 -0.503684 0.507846
v -0.055218 -0.498750 0.535123
v -0.036182 -0.493816 0.562400
v -0.027609 -0.704907 0.542205
v -0.047820 -0.697836 0.561223
v -0.055218 -0.688178 0.587201
v -0.036182 -0.678519 0.613179
v -0.027609 -0.886904 0.628691
v -0.047820 -0.876656 0.646198
v -0.055218 -0.862657 0.670114
v -0.036182 -0.848658 0.694029
v -0.027609 -1.049946 0.743991
v -0.047820 -1.036871 0.759499
v -0.055218 -1.019011 0.780684
v -0.036182 -1.001151 0.801868
v -0.027609 -1.190755 0.884800
v -0.047820 -1.175246 0.897874
v -0.055218 -1.154062 0.915734
v -0.036182 -1.132877 0.933595
v -0.027609 -1.306055 1.047842
v -0.047820 -1.288547 1.058089
v -0.055218 -1.264632 1.072088
v -0.036182 -1.240716 1.086087
v -0.027609 -1.392540 1.229839
v -0.047820 -1.373523 1.236909
v -0.055218 -1.347545 1.246567
v -0.036182 -1.321566 1.256226
v -0.027609 -1.446867 1.427450
v -0.047820 -1.426899 1.431062
v -0.055218 -1.399622 1.435995
v -0.036182 -1.372345 1.440929
v -0.027609 -1.465700 1.637194
v -0.047820 -1.445407 1.637194
v -0.043543 0.794865 1.637194
v -0.043543 0.777243 1.440929
v -0.043543 0.726464 1.256226
v -0.043543 0.645614 1.086087
v -0.043543 0.537775 0.933595
v -0.043543 0.406048 0.801868
v -0.043543 0.253556 0.694029
v -0.043543 0.083417 0.613179
v -0.043543 -0.101286 0.562400
v -0.043543 -0.297551 0.544778
v -0.043543 -0.493816 0.562400
v -0.043543 -0.678519 0.613179
v -0.043543 -0.848658 0.694029
v -0.043543 -1.001151 0.801868
v -0.043543 -1.132877 0.933595
v -0.043543 -1.240716 1.086087
v -0.043543 -1.321566 1.256226
v -0.043543 -1.372345 1.440929
v -0.043543 -1.389967 1.637194
v -0.043543 0.753688 1.637194
v -0.043543 0.736730 1.448327
v -0.043543 0.687866 1.270586
v -0.043543 0.610063 1.106860
v -0.043543 0.506288 0.960115
v -0.043543 0.379527 0.833355
v -0.043543 0.232783 0.729580
v -0.043543 0.069057 0.651777
v -0.043543 -0.108684 0.602913
v -0.043543 -0.297551 0.585955
v -0.043543 -0.486418 0.602913
v -0.043543 -0.664159 0.651777
v -0.043543 -0.827885 0.729580
v -0.043543 -0.974630 0.833354
v -0.043543 -1.101391 0.960116
v -0.043543 -1.205165 1.106859
v -0.043543 -1.282968 1.270586
v -0.043543 -1.331832 1.448326
v -0.016180 0.696535 1.637194
v -0.016179 0.680499 1.458595
v -0.016179 0.634291 1.290517
v -0.016179 0.560718 1.135693
v -0.016179 0.462585 0.996927
v -0.016179 0.342716 0.877058
v -0.016179 0.203950 0.778925
v -0.016179 0.049125 0.705352
v -0.016179 -0.118952 0.659144
v -0.016179 -0.297551 0.643108
v -0.016179 -0.476150 0.659144
v -0.016179 -0.644228 0.705352
v -0.016179 -0.799052 0.778925
v -0.016179 -0.937818 0.877057
v -0.016179 -1.057688 0.996927
v -0.016179 -1.155820 1.135693
v -0.016180 -1.229393 1.290517
v -0.016180 -1.275601 1.458595
v -0.016180 -1.291637 1.637194
v 0.027609 0.851765 1.427450
v 0.047820 0.831797 1.431062
v 0.055218 0.804520 1.435995
v 0.055218 0.822585 1.637194
v 0.036182 0.777243 1.440929
v 0.036182 0.794865 1.637194
v 0.000000 0.804398 1.227251
v 0.027609 0.797438 1.229839
v 0.047820 0.778420 1.236909
v 0.055218 0.752442 1.246567
v 0.036182 0.726464 1.256226
v 0.000000 0.717360 1.044091
v 0.027609 0.710952 1.047842
v 0.047820 0.693445 1.058089
v 0.055218 0.669529 1.072088
v 0.036182 0.645614 1.086087
v 0.000000 0.601329 0.880014
v 0.027609 0.595653 0.884800
v 0.047820 0.580144 0.897874
v 0.055218 0.558959 0.915734
v 0.036182 0.537775 0.933595
v 0.000000 0.459629 0.738314
v 0.027609 0.454843 0.743991
v 0.047820 0.441769 0.759499
v 0.055218 0.423908 0.780684
v 0.036182 0.406048 0.801868
v -0.000000 0.295552 0.622282
v 0.027609 0.291801 0.628690
v 0.047820 0.281553 0.646198
v 0.055218 0.267555 0.670114
v 0.036182 0.253556 0.694029
v -0.000000 0.112392 0.535245
v 0.027609 0.109804 0.542205
v 0.047820 0.102734 0.561223
v 0.055218 0.093075 0.587201
v 0.036182 0.083417 0.613179
v -0.000000 -0.086485 0.480569
v 0.027609 -0.087807 0.487878
v 0.047820 -0.091419 0.507846
v 0.055218 -0.096352 0.535123
v 0.036182 -0.101286 0.562400
v -0.000000 -0.297551 0.461618
v 0.027609 -0.297551 0.469045
v 0.047820 -0.297551 0.489338
v 0.055218 -0.297551 0.517058
v 0.036182 -0.297551 0.544778
v -0.000000 -0.508617 0.480569
v 0.027609 -0.507295 0.487878
v 0.047820 -0.503684 0.507846
v 0.055218 -0.498750 0.535123
v 0.036182 -0.493816 0.562400
v -0.000000 -0.707495 0.535245
v 0.027609 -0.704907 0.542205
v 0.047820 -0.697836 0.561223
v 0.055218 -0.688178 0.587201
v 0.036182 -0.678519 0.613179
v -0.000000 -0.890655 0.622283
v 0.027609 -0.886904 0.628691
v 0.047820 -0.876656 0.646198
v 0.055218 -0.862657 0.670114
v 0.036182 -0.848658 0.694029
v -0.000000 -1.054731 0.738314
v 0.027609 -1.049946 0.743991
v 0.047820 -1.036871 0.759499
v 0.055218 -1.019011 0.780684
v 0.036182 -1.001151 0.801868
v -0.000000 -1.196431 0.880014
v 0.027609 -1.190755 0.884800
v 0.047820 -1.175246 0.897874
v 0.055218 -1.154062 0.915734
v 0.036182 -1.132877 0.933595
v -0.000000 -1.312463 1.044091
v 0.027609 -1.306055 1.047842
v 0.047820 -1.288547 1.058089
v 0.055218 -1.264632 1.072088
v 0.036182 -1.240716 1.086087
v -0.000000 -1.399501 1.227251
v 0.027609 -1.392540 1.229839
v 0.047820 -1.373523 1.236909
v 0.055218 -1.347545 1.246567
v 0.036182 -1.321566 1.256226
v -0.000000 -1.454176 1.426128
v 0.027609 -1.446867 1.427450
v 0.047820 -1.426899 1.431062
v 0.055218 -1.399622 1.435995
v 0.036182 -1.372345 1.440929
v -0.000000 -1.473127 1.637194
v 0.027609 -1.465700 1.637194
v 0.047820 -1.445407 1.637194
v 0.055218 -1.417687 1.637194
v 0.043543 0.777243 1.440929
v 0.043543 0.794865 1.637194
v 0.043543 0.726464 1.256226
v 0.043543 0.645614 1.086087
v 0.043543 0.537775 0.933595
v 0.043543 0.406048 0.801868
v 0.043543 0.253556 0.694029
v 0.043543 0.083417 0.613179
v 0.043543 -0.101286 0.562400
v 0.043543 -0.297551 0.544778
v 0.043543 -0.493816 0.562400
v 0.043543 -0.678519 0.613179
v 0.043543 -0.848658 0.694029
v 0.043543 -1.001151 0.801868
v 0.043543 -1.132877 0.933595
v 0.043543 -1.240716 1.086087
v 0.043543 -1.321566 1.256226
v 0.043543 -1.372345 1.440929
v 0.043543 0.736730 1.448327
v 0.043543 0.687866 1.270586
v 0.043543 0.610063 1.106860
v 0.043543 0.506288 0.960115
v 0.043543 0.379527 0.833355
v 0.043543 0.232783 0.729580
v 0.043543 0.069057 0.651777
v 0.043543 -0.108684 0.602913
v 0.043543 -0.297551 0.585955
v 0.043543 -0.486418 0.602913
v 0.043543 -0.664159 0.651777
v 0.043543 -0.827885 0.729580
v 0.043543 -0.974630 0.833354
v 0.043543 -1.101391 0.960116
v 0.043543 -1.205165 1.106859
v 0.043543 -1.282968 1.270586
v 0.043543 -1.331832 1.448326
v 0.016180 0.680499 1.458595
v 0.016180 0.634291 1.290517
v 0.016179 0.560718 1.135693
v 0.016179 0.462585 0.996927
v 0.016179 0.342716 0.877058
v 0.016179 0.203950 0.778925
v 0.016179 0.049125 0.705352
v 0.016179 -0.118952 0.659144
v 0.016179 -0.297551 0.643108
v 0.016179 -0.476150 0.659144
v 0.016179 -0.644228 0.705352
v 0.016179 -0.799052 0.778925
v 0.016179 -0.937818 0.877057
v 0.016179 -1.057688 0.996927
v 0.016179 -1.155820 1.135693
v 0.016179 -1.229393 1.290517
v 0.016179 -1.275601 1.458595
v 0.000000 0.671127 1.460306
v 0.000000 0.625361 1.293839
v 0.000000 0.552494 1.140499
v 0.000000 0.455301 1.003062
v 0.000000 0.336581 0.884341
v -0.000000 0.199144 0.787149
v -0.000000 0.045803 0.714281
v -0.000000 -0.120664 0.668516
v -0.000000 -0.297551 0.652634
v -0.000000 -0.474439 0.668516
v -0.000000 -0.640906 0.714281
v -0.000000 -0.794247 0.787149
v -0.000000 -0.931683 0.884341
v -0.000000 -1.050404 1.003062
v -0.000000 -1.147596 1.140498
v -0.000000 -1.220464 1.293839
v -0.000000 -1.266229 1.460306
v -0.000000 -1.282111 1.637194
v 0.000000 0.878025 1.637194
v 0.000000 0.859074 1.848260
v -0.027609 0.851765 1.846938
v -0.027609 0.870598 1.637194
v -0.047820 0.831797 1.843326
v -0.047820 0.850305 1.637194
v -0.055218 0.804520 1.838393
v -0.036182 0.777243 1.833459
v 0.000000 0.804398 2.047137
v -0.027609 0.797438 2.044549
v -0.047820 0.778420 2.037479
v -0.055218 0.752442 2.027820
v -0.036182 0.726464 2.018162
v 0.000000 0.717360 2.230298
v -0.027609 0.710952 2.226547
v -0.047820 0.693445 2.216299
v -0.055218 0.669529 2.202300
v -0.036182 0.645614 2.188301
v 0.000000 0.601329 2.394374
v -0.027609 0.595652 2.389589
v -0.047820 0.580144 2.376514
v -0.055218 0.558959 2.358654
v -0.036182 0.537774 2.340793
v 0.000000 0.459629 2.536074
v -0.027609 0.454843 2.530397
v -0.047820 0.441768 2.514889
v -0.055218 0.423908 2.493704
v -0.036182 0.406048 2.472519
v 0.000000 0.295552 2.652106
v -0.027609 0.291801 2.645698
v -0.047820 0.281553 2.628190
v -0.055218 0.267555 2.604275
v -0.036182 0.253556 2.580359
v 0.000000 0.112392 2.739143
v -0.027609 0.109804 2.732183
v -0.047820 0.102733 2.713165
v -0.055218 0.093075 2.687187
v -0.036182 0.083417 2.661209
v 0.000000 -0.086485 2.793819
v -0.027609 -0.087807 2.786510
v -0.047820 -0.091419 2.766542
v -0.055218 -0.096353 2.739265
v -0.036182 -0.101286 2.711988
v 0.000000 -0.297552 2.812770
v -0.027609 -0.297551 2.805342
v -0.047820 -0.297551 2.785050
v -0.055218 -0.297551 2.757330
v -0.036182 -0.297551 2.729610
v 0.000000 -0.508617 2.793819
v -0.027609 -0.507295 2.786510
v -0.047820 -0.503684 2.766542
v -0.055218 -0.498750 2.739265
v -0.036182 -0.493816 2.711988
v -0.000000 -0.707495 2.739143
v -0.027609 -0.704907 2.732182
v -0.047820 -0.697836 2.713165
v -0.055218 -0.688178 2.687187
v -0.036182 -0.678520 2.661209
v -0.000000 -0.890655 2.652105
v -0.027609 -0.886904 2.645697
v -0.047820 -0.876656 2.628190
v -0.055218 -0.862657 2.604274
v -0.036182 -0.848659 2.580359
v -0.000000 -1.054731 2.536074
v -0.027609 -1.049946 2.530397
v -0.047820 -1.036871 2.514889
v -0.055218 -1.019011 2.493704
v -0.036182 -1.001151 2.472519
v -0.000000 -1.196431 2.394373
v -0.027609 -1.190755 2.389588
v -0.047820 -1.175246 2.376513
v -0.055218 -1.154062 2.358653
v -0.036182 -1.132877 2.340793
v -0.000000 -1.312463 2.230297
v -0.027609 -1.306055 2.226546
v -0.047820 -1.288547 2.216298
v -0.055218 -1.264632 2.202300
v -0.036182 -1.240716 2.188301
v -0.000000 -1.399501 2.047137
v -0.027609 -1.392540 2.044549
v -0.047820 -1.373523 2.037478
v -0.055218 -1.347545 2.027820
v -0.036182 -1.321566 2.018162
v -0.000000 -1.454176 1.848260
v -0.027609 -1.446867 1.846938
v -0.047820 -1.426899 1.843326
v -0.055218 -1.399622 1.838393
v -0.036182 -1.372345 1.833459
v -0.055218 -1.417687 1.637194
v -0.036182 -1.389967 1.637194
v -0.043543 0.777243 1.833459
v -0.043543 0.726464 2.018162
v -0.043543 0.645614 2.188301
v -0.043543 0.537774 2.340793
v -0.043543 0.406048 2.472519
v -0.043543 0.253556 2.580359
v -0.043543 0.083417 2.661209
v -0.043543 -0.101286 2.711988
v -0.043543 -0.297551 2.729610
v -0.043543 -0.493816 2.711988
v -0.043543 -0.678520 2.661209
v -0.043543 -0.848659 2.580359
v -0.043543 -1.001151 2.472519
v -0.043543 -1.132877 2.340793
v -0.043543 -1.240716 2.188301
v -0.043543 -1.321566 2.018162
v -0.043543 -1.372345 1.833459
v -0.043543 0.736730 1.826061
v -0.043543 0.687866 2.003802
v -0.043543 0.610063 2.167528
v -0.043543 0.506288 2.314273
v -0.043543 0.379527 2.441033
v -0.043543 0.232783 2.544808
v -0.043543 0.069057 2.622611
v -0.043543 -0.108684 2.671475
v -0.043543 -0.297551 2.688433
v -0.043543 -0.486419 2.671475
v -0.043543 -0.664160 2.622610
v -0.043543 -0.827885 2.544807
v -0.043543 -0.974630 2.441033
v -0.043543 -1.101391 2.314272
v -0.043543 -1.205165 2.167528
v -0.043543 -1.282968 2.003802
v -0.043543 -1.331832 1.826061
v -0.043543 -1.348790 1.637194
v -0.016179 0.680499 1.815793
v -0.016179 0.634291 1.983871
v -0.016179 0.560718 2.138695
v -0.016179 0.462585 2.277461
v -0.016179 0.342716 2.397331
v -0.016179 0.203950 2.495463
v -0.016179 0.049125 2.569036
v -0.016179 -0.118952 2.615244
v -0.016179 -0.297551 2.631279
v -0.016179 -0.476150 2.615243
v -0.016179 -0.644228 2.569036
v -0.016179 -0.799052 2.495463
v -0.016179 -0.937818 2.397330
v -0.016179 -1.057688 2.277461
v -0.016179 -1.155820 2.138695
v -0.016179 -1.229393 1.983870
v -0.016180 -1.275601 1.815793
v 0.000000 0.671127 1.814082
v 0.000000 0.687009 1.637194
v 0.000000 0.625361 1.980549
v 0.000000 0.552494 2.133889
v 0.000000 0.455301 2.271326
v 0.000000 0.336581 2.390047
v 0.000000 0.199144 2.487239
v 0.000000 0.045803 2.560107
v 0.000000 -0.120664 2.605872
v 0.000000 -0.297551 2.621754
v -0.000000 -0.474439 2.605872
v -0.000000 -0.640906 2.560107
v -0.000000 -0.794247 2.487238
v -0.000000 -0.931683 2.390047
v -0.000000 -1.050404 2.271326
v -0.000000 -1.147596 2.133889
v -0.000000 -1.220464 1.980548
v -0.000000 -1.266229 1.814081
v 0.027609 0.870598 1.637194
v 0.027609 0.851765 1.846938
v 0.047820 0.850305 1.637194
v 0.047820 0.831797 1.843326
v 0.055218 0.804520 1.838393
v 0.036182 0.777243 1.833459
v 0.027609 0.797438 2.044549
v 0.047820 0.778420 2.037479
v 0.055218 0.752442 2.027820
v 0.036182 0.726464 2.018162
v 0.027609 0.710952 2.226547
v 0.047820 0.693445 2.216299
v 0.055218 0.669529 2.202300
v 0.036182 0.645614 2.188301
v 0.027609 0.595652 2.389589
v 0.047820 0.580144 2.376514
v 0.055218 0.558959 2.358654
v 0.036182 0.537774 2.340793
v 0.027609 0.454843 2.530397
v 0.047820 0.441768 2.514889
v 0.055218 0.423908 2.493704
v 0.036182 0.406048 2.472519
v 0.027609 0.291801 2.645698
v 0.047820 0.281553 2.628190
v 0.055218 0.267555 2.604275
v 0.036182 0.253556 2.580359
v 0.027609 0.109804 2.732183
v 0.047820 0.102733 2.713165
v 0.055218 0.093075 2.687187
v 0.036182 0.083417 2.661209
v 0.027609 -0.087807 2.786510
v 0.047820 -0.091419 2.766542
v 0.055218 -0.096353 2.739265
v 0.036182 -0.101286 2.711988
v 0.027609 -0.297551 2.805342
v 0.047820 -0.297551 2.785050
v 0.055218 -0.297551 2.757330
v 0.036182 -0.297551 2.729610
v 0.027609 -0.507295 2.786510
v 0.047820 -0.503684 2.766542
v 0.055218 -0.498750 2.739265
v 0.036182 -0.493816 2.711988
v 0.027609 -0.704907 2.732182
v 0.047820 -0.697836 2.713165
v 0.055218 -0.688178 2.687187
v 0.036182 -0.678520 2.661209
v 0.027609 -0.886904 2.645697
v 0.047820 -0.876656 2.628190
v 0.055218 -0.862657 2.604274
v 0.036182 -0.848659 2.580359
v 0.027609 -1.049946 2.530397
v 0.047820 -1.036871 2.514889
v 0.055218 -1.019011 2.493704
v 0.036182 -1.001151 2.472519
v 0.027609 -1.190755 2.389588
v 0.047820 -1.175246 2.376513
v 0.055218 -1.154062 2.358653
v 0.036182 -1.132877 2.340793
v 0.027609 -1.306055 2.226546
v 0.047820 -1.288547 2.216298
v 0.055218 -1.264632 2.202300
v 0.036182 -1.240716 2.188301
v 0.027609 -1.392540 2.044549
v 0.047820 -1.373523 2.037478
v 0.055218 -1.347545 2.027820
v 0.036182 -1.321566 2.018162
v 0.027609 -1.446867 1.846938
v 0.047820 -1.426899 1.843326
v 0.055218 -1.399622 1.838393
v 0.036182 -1.372345 1.833459
v 0.036182 -1.389967 1.637194
v 0.043543 0.777243 1.833459
v 0.043543 0.726464 2.018162
v 0.043543 0.645614 2.188301
v 0.043543 0.537774 2.340793
v 0.043543 0.406048 2.472519
v 0.043543 0.253556 2.580359
v 0.043543 0.083417 2.661209
v 0.043543 -0.101286 2.711988
v 0.043543 -0.297551 2.729610
v 0.043543 -0.493816 2.711988
v 0.043543 -0.678520 2.661209
v 0.043543 -0.848659 2.580359
v 0.043543 -1.001151 2.472519
v 0.043543 -1.132877 2.340793
v 0.043543 -1.240716 2.188301
v 0.043543 -1.321566 2.018162
v 0.043543 -1.372345 1.833459
v 0.043543 -1.389967 1.637194
v 0.043543 0.753688 1.637194
v 0.043543 0.736730 1.826061
v 0.043543 0.687866 2.003802
v 0.043543 0.610063 2.167528
v 0.043543 0.506288 2.314273
v 0.043543 0.379527 2.441033
v 0.043543 0.232783 2.544808
v 0.043543 0.069057 2.622611
v 0.043543 -0.108684 2.671475
v 0.043543 -0.297551 2.688433
v 0.043543 -0.486419 2.671475
v 0.043543 -0.664160 2.622610
v 0.043543 -0.827885 2.544807
v 0.043543 -0.974630 2.441033
v 0.043543 -1.101391 2.314272
v 0.043543 -1.205165 2.167528
v 0.043543 -1.282968 2.003802
v 0.043543 -1.331832 1.826061
v 0.043543 -1.348790 1.637194
v 0.016180 0.696535 1.637194
v 0.016180 0.680499 1.815793
v 0.016180 0.634291 1.983871
v 0.016180 0.560718 2.138695
v 0.016179 0.462585 2.277461
v 0.016179 0.342716 2.397331
v 0.016179 0.203950 2.495463
v 0.016179 0.049125 2.569036
v 0.016179 -0.118952 2.615244
v 0.016179 -0.297551 2.631279
v 0.016179 -0.476150 2.615243
v 0.016179 -0.644228 2.569036
v 0.016179 -0.799052 2.495463
v 0.016179 -0.937818 2.397330
v 0.016179 -1.057688 2.277461
v 0.016179 -1.155820 2.138695
v 0.016179 -1.229393 1.983870
v 0.016179 -1.275601 1.815793
v 0.016179 -1.291637 1.637194
v -0.000000 -0.136164 2.619519
v -0.007242 -0.148692 2.620118
v 0.007241 -0.148692 2.620118
v -0.072589 -0.194473 1.664039
v -0.065347 -0.181945 1.663440
v -0.058106 -0.194473 1.664039
v -0.072589 -0.378645 1.721064
v -0.065347 -0.369450 1.712534
v -0.058106 -0.378645 1.721064
v -0.000000 0.299746 2.433850
v -0.007241 0.290551 2.442380
v 0.007241 0.290551 2.442380
v -0.000000 -0.878042 2.445920
v -0.007242 -0.887325 2.437486
v 0.007241 -0.887325 2.437486
v -0.072589 -0.243647 1.729064
v -0.065347 -0.234364 1.737498
v -0.058106 -0.243647 1.729064
v -0.072589 -0.414198 1.639158
v -0.065347 -0.401665 1.639627
v -0.058106 -0.414198 1.639158
v -0.000000 -0.438519 2.622867
v -0.007242 -0.451053 2.622398
v 0.007241 -0.451053 2.622398
v -0.000000 -1.279876 1.798581
v -0.007241 -1.280476 1.786053
v 0.007241 -1.280476 1.786053
v -0.072589 -0.324397 1.740272
v -0.065347 -0.323797 1.752800
v -0.058106 -0.324397 1.740272
v -0.072589 -0.381422 1.556100
v -0.065347 -0.372891 1.565295
v -0.058106 -0.381422 1.556100
v -0.000000 -1.094207 2.234491
v -0.007242 -1.102737 2.225296
v 0.007241 -1.102737 2.225296
v -0.000000 -1.106277 1.056704
v -0.007241 -1.097843 1.047421
v 0.007241 -1.097843 1.047421
v -0.072589 -0.389421 1.691098
v -0.065347 -0.397855 1.700381
v -0.058106 -0.389421 1.691098
v -0.072589 -0.299515 1.520547
v -0.065347 -0.299985 1.533080
v -0.058106 -0.299515 1.520547
v -0.000000 -1.283224 1.496226
v -0.007241 -1.282755 1.483693
v 0.007241 -1.282755 1.483693
v 0.000000 -0.458939 0.654870
v -0.007241 -0.446411 0.654270
v 0.007241 -0.446411 0.654270
v -0.072589 -0.400629 1.610348
v -0.065347 -0.413157 1.610948
v -0.058106 -0.400629 1.610348
v -0.072589 -0.216458 1.553323
v -0.065347 -0.225653 1.561854
v -0.058106 -0.216458 1.553323
v 0.000000 -0.894848 0.840539
v -0.007241 -0.885653 0.832008
v 0.007241 -0.885653 0.832008
v 0.000000 0.282939 0.828468
v -0.007241 0.292222 0.836902
v 0.007241 0.292222 0.836902
v -0.072589 -0.351455 1.545324
v -0.065347 -0.360738 1.536890
v -0.058106 -0.351455 1.545324
v -0.072589 -0.180904 1.635230
v -0.065347 -0.193438 1.634760
v -0.058106 -0.180904 1.635230
v 0.000000 -0.156584 0.651521
v -0.007241 -0.144050 0.651990
v 0.007241 -0.144050 0.651990
v 0.000000 0.684773 1.475806
v -0.007241 0.685373 1.488334
v 0.007241 0.685373 1.488334
v -0.072589 -0.270706 1.534116
v -0.065347 -0.271305 1.521588
v -0.058106 -0.270706 1.534116
v -0.072589 -0.213681 1.718287
v -0.065347 -0.222211 1.709092
v -0.058106 -0.213681 1.718287
v 0.000000 0.499104 1.039897
v -0.007241 0.507634 1.049091
v 0.007241 0.507634 1.049091
v -0.000000 0.511175 2.217685
v -0.007241 0.502740 2.226967
v 0.007241 0.502740 2.226967
v -0.072589 -0.205682 1.583290
v -0.065347 -0.197247 1.574007
v -0.058106 -0.205682 1.583290
v -0.072589 -0.295588 1.753841
v -0.065347 -0.295118 1.741307
v -0.058106 -0.295588 1.753841
v 0.000000 0.688122 1.778162
v -0.007241 0.687652 1.790696
v 0.007241 0.687652 1.790696
v -0.000000 -0.524368 2.606503
v 0.007241 -0.536172 2.602263
v -0.007242 -0.536172 2.602263
v 0.072589 -0.212593 1.701442
v 0.065347 -0.200789 1.705682
v 0.058106 -0.212593 1.701442
v 0.072589 -0.404568 1.683647
v 0.065347 -0.392808 1.679285
v 0.058106 -0.404568 1.683647
v -0.000000 -0.050588 2.601784
v 0.007241 -0.062347 2.606146
v -0.007242 -0.062347 2.606146
v -0.000000 -1.143341 2.162215
v 0.007241 -1.148689 2.150871
v -0.007241 -1.148689 2.150871
v 0.072589 -0.282907 1.742699
v 0.065347 -0.277559 1.754044
v 0.058106 -0.282907 1.742699
v 0.072589 -0.406071 1.594369
v 0.065347 -0.394671 1.599600
v 0.058106 -0.406071 1.594369
v -0.000000 -0.804990 2.493891
v 0.007241 -0.816389 2.488661
v -0.007241 -0.816389 2.488661
v 0.000000 -1.266861 1.410377
v 0.007241 -1.262621 1.398573
v -0.007241 -1.262621 1.398573
v 0.072589 -0.361800 1.722152
v 0.065347 -0.366040 1.733956
v 0.058106 -0.361800 1.722152
v 0.072589 -0.344004 1.530177
v 0.065347 -0.339642 1.541937
v 0.058106 -0.344004 1.530177
v -0.000000 -1.262141 1.884157
v 0.007241 -1.266503 1.872398
v -0.007241 -1.266503 1.872398
v 0.000000 -0.822573 0.791405
v 0.007241 -0.811228 0.786056
v -0.007241 -0.811228 0.786056
v 0.072589 -0.403056 1.651838
v 0.065347 -0.414401 1.657186
v 0.058106 -0.403056 1.651838
v 0.072589 -0.254727 1.528675
v 0.065347 -0.259957 1.540074
v 0.058106 -0.254727 1.528675
v 0.000000 -1.154249 1.129756
v 0.007241 -1.149018 1.118356
v -0.007241 -1.149018 1.118356
v 0.000000 -0.070734 0.667884
v 0.007241 -0.058930 0.672124
v -0.007241 -0.058930 0.672124
v 0.072589 -0.382509 1.572946
v 0.065347 -0.394313 1.568706
v 0.058106 -0.382509 1.572946
v 0.072589 -0.190535 1.590741
v 0.065347 -0.202294 1.595103
v 0.058106 -0.190535 1.590741
v 0.000000 -0.544515 0.672605
v 0.007241 -0.532756 0.668242
v -0.007241 -0.532756 0.668242
v 0.000000 0.548238 1.112172
v 0.007241 0.553586 1.123517
v -0.007241 0.553586 1.123517
v 0.072589 -0.312195 1.531689
v 0.065347 -0.317544 1.520344
v 0.058106 -0.312195 1.531689
v 0.072589 -0.189032 1.680019
v 0.065347 -0.200432 1.674788
v 0.058106 -0.189032 1.680019
v 0.000000 0.209887 0.780496
v 0.007241 0.221286 0.785727
v -0.007241 0.221286 0.785727
v -0.000000 0.671759 1.864010
v 0.007241 0.667519 1.875814
v -0.007241 0.667519 1.875814
v 0.072589 -0.233303 1.552236
v 0.065347 -0.229063 1.540432
v 0.058106 -0.233303 1.552236
v 0.072589 -0.251098 1.744210
v 0.065347 -0.255460 1.732451
v 0.058106 -0.251098 1.744210
v 0.000000 0.667038 1.390230
v 0.007241 0.671401 1.401989
v -0.007241 0.671401 1.401989
v -0.000000 0.227470 2.482983
v 0.007241 0.216125 2.488332
v -0.007241 0.216125 2.488332
v 0.072589 -0.192046 1.622550
v 0.065347 -0.180702 1.617201
v 0.058106 -0.192046 1.622550
v 0.072589 -0.340376 1.745713
v 0.065347 -0.335146 1.734313
v 0.058106 -0.340376 1.745713
v -0.000000 0.559146 2.144632
v 0.007241 0.553916 2.156032
v -0.007241 0.553916 2.156032
v -0.068406 -0.297551 1.690205
v -0.068406 -0.271045 1.683103
v -0.068406 -0.251642 1.663700
v -0.068406 -0.244540 1.637194
v -0.068406 -0.251642 1.610688
v -0.068406 -0.271045 1.591284
v -0.068406 -0.297551 1.584182
v -0.068406 -0.324057 1.591284
v -0.068406 -0.343461 1.610688
v -0.068406 -0.350563 1.637194
v -0.068406 -0.343461 1.663700
v -0.068406 -0.324057 1.683103
v -0.068406 -0.297551 1.757578
v -0.068406 -0.237359 1.741449
v -0.068406 -0.193295 1.697386
v -0.068406 -0.177167 1.637194
v -0.068406 -0.193295 1.577002
v -0.068406 -0.237359 1.532938
v -0.068406 -0.297551 1.516810
v -0.068406 -0.357743 1.532938
v -0.068406 -0.401807 1.577002
v -0.068406 -0.417935 1.637194
v -0.068406 -0.401807 1.697386
v -0.068406 -0.357743 1.741449
v -0.087338 -0.297551 1.757578
v -0.087338 -0.237359 1.741449
v -0.087338 -0.193295 1.697386
v -0.087338 -0.177167 1.637194
v -0.087338 -0.193295 1.577002
v -0.087338 -0.237359 1.532938
v -0.087338 -0.297551 1.516810
v -0.087338 -0.357743 1.532938
v -0.087338 -0.401807 1.577002
v -0.087338 -0.417935 1.637194
v -0.087338 -0.401807 1.697386
v -0.087338 -0.357743 1.741449
v -0.087338 -0.297551 1.655126
v -0.087338 -0.288585 1.652724
v -0.087338 -0.282021 1.646160
v -0.087338 -0.279619 1.637194
v -0.087338 -0.282021 1.628227
v -0.087338 -0.288585 1.621664
v -0.087338 -0.297551 1.619261
v -0.087338 -0.306518 1.621664
v -0.087338 -0.313081 1.628227
v -0.087338 -0.315484 1.637194
v -0.087338 -0.313081 1.646160
v -0.087338 -0.306518 1.652724
v -0.176910 -0.297551 1.637194
v 0.000000 -0.277161 1.672511
v 0.000000 -0.297551 1.677974
v 0.000000 -0.332868 1.657584
v 0.000000 -0.338332 1.637194
v 0.000000 -0.317942 1.601877
v 0.000000 -0.297551 1.596413
v 0.000000 -0.277161 1.601877
v 0.000000 -0.262234 1.616803
v -0.068406 -0.297551 1.746083
v -0.068406 -0.297551 1.701701
v -0.068406 -0.265298 1.693058
v -0.068406 -0.243107 1.731494
v -0.068406 -0.241686 1.669447
v -0.068406 -0.203251 1.691638
v -0.068406 -0.233044 1.637194
v -0.068406 -0.188662 1.637194
v -0.068406 -0.241686 1.604940
v -0.068406 -0.203251 1.582749
v -0.068406 -0.265298 1.581329
v -0.068406 -0.243107 1.542893
v -0.068406 -0.297551 1.572687
v -0.068406 -0.297551 1.528305
v -0.068406 -0.329805 1.581329
v -0.068406 -0.351996 1.542893
v -0.068406 -0.353416 1.604940
v -0.068406 -0.391852 1.582749
v -0.068406 -0.362058 1.637194
v -0.068406 -0.406440 1.637194
v -0.068406 -0.353416 1.669447
v -0.068406 -0.391852 1.691638
v -0.068406 -0.329805 1.693058
v -0.068406 -0.351996 1.731494
v -0.087338 -0.297551 1.701598
v -0.087338 -0.297551 1.746061
v -0.087338 -0.243117 1.731476
v -0.087338 -0.265349 1.692970
v -0.087338 -0.203269 1.691628
v -0.087338 -0.241775 1.669396
v -0.087338 -0.188684 1.637194
v -0.087338 -0.233147 1.637194
v -0.087338 -0.203269 1.582760
v -0.087338 -0.241775 1.604991
v -0.087338 -0.243117 1.542912
v -0.087338 -0.265349 1.581418
v -0.087338 -0.297551 1.528326
v -0.087338 -0.297551 1.572789
v -0.087338 -0.351985 1.542912
v -0.087338 -0.329754 1.581418
v -0.087338 -0.391833 1.582760
v -0.087338 -0.353327 1.604991
v -0.087338 -0.406419 1.637194
v -0.087338 -0.361956 1.637194
v -0.087338 -0.391833 1.691628
v -0.087338 -0.353327 1.669396
v -0.087338 -0.351985 1.731476
v -0.087338 -0.329754 1.692970
v -0.077872 -0.297551 1.761487
v -0.077872 -0.235405 1.744834
v -0.077872 -0.189911 1.699340
v -0.077872 -0.173258 1.637194
v -0.077872 -0.189911 1.575047
v -0.077872 -0.235405 1.529553
v -0.077872 -0.297551 1.512901
v -0.077872 -0.359698 1.529553
v -0.077872 -0.405192 1.575047
v -0.077872 -0.421844 1.637194
v -0.077872 -0.405192 1.699340
v -0.077872 -0.359698 1.744834
v -0.176910 -0.297551 1.655126
v -0.176910 -0.288585 1.652724
v -0.176910 -0.282021 1.646160
v -0.176910 -0.279619 1.637194
v -0.176910 -0.282021 1.628227
v -0.176910 -0.288585 1.621664
v -0.176910 -0.297551 1.619261
v -0.176910 -0.306518 1.621664
v -0.176910 -0.313081 1.628227
v -0.176910 -0.315484 1.637194
v -0.176910 -0.313081 1.646160
v -0.176910 -0.306518 1.652724
v -0.142154 -0.297551 1.637194
v -0.142154 -0.297551 1.669646
v -0.142154 -0.269447 1.653420
v -0.142154 -0.269447 1.620968
v -0.142154 -0.297551 1.604742
v -0.142154 -0.325656 1.620968
v -0.142154 -0.325656 1.653420
v -0.160115 -0.297551 1.669646
v -0.160115 -0.269447 1.653420
v -0.160115 -0.269447 1.620968
v -0.160115 -0.297551 1.604742
v -0.160115 -0.325656 1.620968
v -0.160115 -0.325656 1.653420
v -0.160115 -0.297551 1.637194
v 0.068406 -0.265298 1.693058
v 0.068406 -0.243107 1.731494
v 0.068406 -0.297551 1.746083
v 0.068406 -0.297551 1.701701
v 0.068406 -0.241686 1.604940
v 0.068406 -0.203251 1.582749
v 0.068406 -0.188662 1.637194
v 0.068406 -0.233044 1.637194
v 0.068406 -0.329805 1.581329
v 0.068406 -0.351996 1.542893
v 0.068406 -0.297551 1.528305
v 0.068406 -0.297551 1.572687
v 0.068406 -0.353416 1.669447
v 0.068406 -0.391852 1.691638
v 0.068406 -0.406440 1.637194
v 0.068406 -0.362058 1.637194
v 0.068406 -0.297551 1.757578
v 0.068406 -0.237359 1.741449
v 0.077872 -0.235405 1.744834
v 0.077872 -0.297551 1.761487
v 0.068406 -0.193295 1.697386
v 0.077872 -0.189911 1.699340
v 0.068406 -0.177167 1.637194
v 0.077872 -0.173258 1.637194
v 0.068406 -0.193295 1.577002
v 0.077872 -0.189911 1.575047
v 0.068406 -0.237359 1.532938
v 0.077872 -0.235405 1.529553
v 0.068406 -0.297551 1.516810
v 0.077872 -0.297551 1.512901
v 0.068406 -0.357743 1.532938
v 0.077872 -0.359698 1.529553
v 0.068406 -0.401807 1.577002
v 0.077872 -0.405192 1.575047
v 0.068406 -0.417935 1.637194
v 0.077872 -0.421844 1.637194
v 0.068406 -0.401807 1.697386
v 0.077872 -0.405192 1.699340
v 0.068406 -0.357743 1.741449
v 0.077872 -0.359698 1.744834
v 0.087338 -0.243117 1.731476
v 0.087338 -0.265349 1.692970
v 0.087338 -0.297551 1.701598
v 0.087338 -0.297551 1.746061
v 0.087338 -0.203269 1.582760
v 0.087338 -0.241775 1.604991
v 0.087338 -0.233147 1.637194
v 0.087338 -0.188684 1.637194
v 0.087338 -0.351985 1.542912
v 0.087338 -0.329754 1.581418
v 0.087338 -0.297551 1.572789
v 0.087338 -0.297551 1.528326
v 0.087338 -0.391833 1.691628
v 0.087338 -0.353327 1.669396
v 0.087338 -0.361956 1.637194
v 0.087338 -0.406419 1.637194
v 0.176910 -0.297551 1.637194
v 0.176910 -0.297551 1.655126
v 0.176910 -0.288585 1.652724
v 0.176910 -0.282021 1.646160
v 0.176910 -0.279619 1.637194
v 0.176910 -0.282021 1.628227
v 0.176910 -0.288585 1.621664
v 0.176910 -0.297551 1.619261
v 0.176910 -0.306518 1.621664
v 0.176910 -0.313081 1.628227
v 0.176910 -0.315484 1.637194
v 0.176910 -0.313081 1.646160
v 0.176910 -0.306518 1.652724
v 0.068406 -0.271045 1.683103
v 0.068406 -0.297551 1.690205
v 0.068406 -0.324057 1.683103
v 0.000000 -0.317942 1.672511
v 0.068406 -0.343461 1.663700
v 0.068406 -0.350563 1.637194
v 0.068406 -0.343461 1.610688
v 0.000000 -0.332868 1.616803
v 0.068406 -0.324057 1.591284
v 0.068406 -0.297551 1.584182
v 0.068406 -0.271045 1.591284
v 0.068406 -0.251642 1.610688
v 0.068406 -0.244540 1.637194
v 0.000000 -0.256771 1.637194
v 0.068406 -0.251642 1.663700
v 0.000000 -0.262234 1.657584
v 0.068406 -0.203251 1.691638
v 0.068406 -0.241686 1.669447
v 0.068406 -0.243107 1.542893
v 0.068406 -0.265298 1.581329
v 0.068406 -0.391852 1.582749
v 0.068406 -0.353416 1.604940
v 0.068406 -0.351996 1.731494
v 0.068406 -0.329805 1.693058
v 0.087338 -0.288585 1.652724
v 0.087338 -0.297551 1.655126
v 0.087338 -0.297551 1.757578
v 0.087338 -0.237359 1.741449
v 0.087338 -0.241775 1.669396
v 0.087338 -0.282021 1.646160
v 0.087338 -0.193295 1.697386
v 0.087338 -0.203269 1.691628
v 0.087338 -0.279619 1.637194
v 0.087338 -0.177167 1.637194
v 0.087338 -0.282021 1.628227
v 0.087338 -0.193295 1.577002
v 0.087338 -0.265349 1.581418
v 0.087338 -0.288585 1.621664
v 0.087338 -0.237359 1.532938
v 0.087338 -0.243117 1.542912
v 0.087338 -0.297551 1.619261
v 0.087338 -0.297551 1.516810
v 0.087338 -0.306518 1.621664
v 0.087338 -0.357743 1.532938
v 0.087338 -0.353327 1.604991
v 0.087338 -0.313081 1.628227
v 0.087338 -0.401807 1.577002
v 0.087338 -0.391833 1.582760
v 0.087338 -0.315484 1.637194
v 0.087338 -0.417935 1.637194
v 0.087338 -0.313081 1.646160
v 0.087338 -0.401807 1.697386
v 0.087338 -0.329754 1.692970
v 0.087338 -0.306518 1.652724
v 0.087338 -0.357743 1.741449
v 0.087338 -0.351985 1.731476
v 0.142154 -0.297551 1.637194
v 0.142154 -0.269447 1.653420
v 0.142154 -0.297551 1.669646
v 0.142154 -0.269447 1.620968
v 0.142154 -0.297551 1.604742
v 0.142154 -0.325656 1.620968
v 0.142154 -0.325656 1.653420
v 0.160115 -0.269447 1.653420
v 0.160115 -0.297551 1.669646
v 0.160115 -0.269447 1.620968
v 0.160115 -0.297551 1.604742
v 0.160115 -0.325656 1.620968
v 0.160115 -0.325656 1.653420
v 0.160115 -0.297551 1.637194
v -0.055218 0.822585 -1.719994
v -0.036182 0.794865 -1.719994
v 0.000000 0.859074 -1.931060
v -0.027609 0.851765 -1.929738
v -0.047820 0.831796 -1.926126
v -0.055218 0.804520 -1.921192
v -0.036182 0.777242 -1.916259
v -0.027609 0.797437 -2.127349
v -0.047820 0.778420 -2.120278
v -0.055218 0.752442 -2.110620
v -0.036182 0.726464 -2.100962
v -0.027609 0.710952 -2.309346
v -0.047820 0.693445 -2.299098
v -0.055218 0.669529 -2.285100
v -0.036182 0.645613 -2.271101
v -0.027609 0.595652 -2.472388
v -0.047820 0.580144 -2.459313
v -0.055218 0.558959 -2.441453
v -0.036182 0.537774 -2.423593
v -0.027609 0.454843 -2.613197
v -0.047820 0.441768 -2.597689
v -0.055218 0.423908 -2.576504
v -0.036182 0.406048 -2.555319
v -0.027609 0.291801 -2.728497
v -0.047820 0.281553 -2.710990
v -0.055218 0.267555 -2.687074
v -0.036182 0.253556 -2.663158
v -0.027609 0.109804 -2.814982
v -0.047820 0.102733 -2.795965
v -0.055218 0.093075 -2.769987
v -0.036182 0.083417 -2.744009
v -0.027609 -0.087808 -2.869309
v -0.047820 -0.091419 -2.849341
v -0.055218 -0.096353 -2.822064
v -0.036182 -0.101286 -2.794787
v -0.027609 -0.297552 -2.888142
v -0.047820 -0.297552 -2.867850
v -0.055218 -0.297552 -2.840130
v -0.036182 -0.297551 -2.812410
v -0.027609 -0.507296 -2.869310
v -0.047820 -0.503684 -2.849341
v -0.055218 -0.498750 -2.822064
v -0.036182 -0.493817 -2.794787
v -0.027609 -0.704907 -2.814982
v -0.047820 -0.697837 -2.795965
v -0.055218 -0.688178 -2.769987
v -0.036182 -0.678520 -2.744009
v -0.027609 -0.886904 -2.728497
v -0.047820 -0.876656 -2.710989
v -0.055218 -0.862657 -2.687074
v -0.036182 -0.848659 -2.663158
v -0.027609 -1.049946 -2.613197
v -0.047820 -1.036871 -2.597689
v -0.055218 -1.019011 -2.576504
v -0.036182 -1.001151 -2.555319
v -0.027609 -1.190755 -2.472388
v -0.047820 -1.175247 -2.459313
v -0.055218 -1.154062 -2.441453
v -0.036182 -1.132877 -2.423593
v -0.027609 -1.306055 -2.309345
v -0.047820 -1.288548 -2.299098
v -0.055218 -1.264632 -2.285099
v -0.036182 -1.240716 -2.271101
v -0.027609 -1.392540 -2.127349
v -0.047820 -1.373523 -2.120278
v -0.055218 -1.347545 -2.110620
v -0.036182 -1.321567 -2.100961
v -0.027609 -1.446867 -1.929737
v -0.047820 -1.426899 -1.926126
v -0.055218 -1.399622 -1.921192
v -0.036182 -1.372345 -1.916259
v -0.027609 -1.465700 -1.719993
v -0.047820 -1.445408 -1.719993
v -0.043543 0.794865 -1.719994
v -0.043543 0.777242 -1.916259
v -0.043543 0.726464 -2.100962
v -0.043543 0.645613 -2.271101
v -0.043543 0.537774 -2.423593
v -0.043543 0.406048 -2.555319
v -0.043543 0.253556 -2.663158
v -0.043543 0.083417 -2.744009
v -0.043543 -0.101286 -2.794787
v -0.043543 -0.297551 -2.812410
v -0.043543 -0.493817 -2.794787
v -0.043543 -0.678520 -2.744009
v -0.043543 -0.848659 -2.663158
v -0.043543 -1.001151 -2.555319
v -0.043543 -1.132877 -2.423593
v -0.043543 -1.240716 -2.271101
v -0.043543 -1.321567 -2.100961
v -0.043543 -1.372345 -1.916259
v -0.043543 -1.389967 -1.719993
v -0.043543 0.753688 -1.719994
v -0.043543 0.736730 -1.908861
v -0.043543 0.687865 -2.086602
v -0.043543 0.610063 -2.250328
v -0.043543 0.506288 -2.397072
v -0.043543 0.379527 -2.523833
v -0.043543 0.232783 -2.627607
v -0.043543 0.069057 -2.705410
v -0.043543 -0.108684 -2.754275
v -0.043543 -0.297551 -2.771233
v -0.043543 -0.486419 -2.754275
v -0.043543 -0.664160 -2.705410
v -0.043543 -0.827886 -2.627607
v -0.043543 -0.974630 -2.523833
v -0.043543 -1.101391 -2.397072
v -0.043543 -1.205165 -2.250328
v -0.043543 -1.282968 -2.086602
v -0.043543 -1.331833 -1.908861
v -0.016179 0.696534 -1.719994
v -0.016179 0.680499 -1.898593
v -0.016179 0.634290 -2.066670
v -0.016179 0.560717 -2.221495
v -0.016179 0.462585 -2.360261
v -0.016179 0.342716 -2.480130
v -0.016179 0.203950 -2.578262
v -0.016179 0.049125 -2.651835
v -0.016179 -0.118953 -2.698043
v -0.016179 -0.297551 -2.714079
v -0.016179 -0.476151 -2.698043
v -0.016179 -0.644228 -2.651835
v -0.016179 -0.799053 -2.578262
v -0.016179 -0.937819 -2.480130
v -0.016179 -1.057688 -2.360260
v -0.016179 -1.155820 -2.221495
v -0.016179 -1.229393 -2.066670
v -0.016179 -1.275601 -1.898593
v -0.016179 -1.291637 -1.719994
v 0.027609 0.851765 -1.929738
v 0.047820 0.831796 -1.926126
v 0.055218 0.804520 -1.921192
v 0.055218 0.822585 -1.719994
v 0.036182 0.777242 -1.916259
v 0.036182 0.794865 -1.719994
v 0.000000 0.804398 -2.129937
v 0.027609 0.797437 -2.127349
v 0.047820 0.778420 -2.120278
v 0.055218 0.752442 -2.110620
v 0.036182 0.726464 -2.100962
v 0.000000 0.717360 -2.313097
v 0.027609 0.710952 -2.309346
v 0.047820 0.693445 -2.299098
v 0.055218 0.669529 -2.285100
v 0.036182 0.645613 -2.271101
v 0.000000 0.601328 -2.477174
v 0.027609 0.595652 -2.472388
v 0.047820 0.580144 -2.459313
v 0.055218 0.558959 -2.441453
v 0.036182 0.537774 -2.423593
v 0.000000 0.459628 -2.618873
v 0.027609 0.454843 -2.613197
v 0.047820 0.441768 -2.597689
v 0.055218 0.423908 -2.576504
v 0.036182 0.406048 -2.555319
v 0.000000 0.295552 -2.734905
v 0.027609 0.291801 -2.728497
v 0.047820 0.281553 -2.710990
v 0.055218 0.267555 -2.687074
v 0.036182 0.253556 -2.663158
v 0.000000 0.112392 -2.821943
v 0.027609 0.109804 -2.814982
v 0.047820 0.102733 -2.795965
v 0.055218 0.093075 -2.769987
v 0.036182 0.083417 -2.744009
v 0.000000 -0.086486 -2.876618
v 0.027609 -0.087808 -2.869309
v 0.047820 -0.091419 -2.849341
v 0.055218 -0.096353 -2.822064
v 0.036182 -0.101286 -2.794787
v 0.000000 -0.297552 -2.895570
v 0.027609 -0.297552 -2.888142
v 0.047820 -0.297552 -2.867850
v 0.055218 -0.297552 -2.840130
v 0.036182 -0.297551 -2.812410
v 0.000000 -0.508618 -2.876618
v 0.027609 -0.507296 -2.869310
v 0.047820 -0.503684 -2.849341
v 0.055218 -0.498750 -2.822064
v 0.036182 -0.493817 -2.794787
v 0.000000 -0.707495 -2.821943
v 0.027609 -0.704907 -2.814982
v 0.047820 -0.697837 -2.795965
v 0.055218 -0.688178 -2.769987
v 0.036182 -0.678520 -2.744009
v 0.000000 -0.890655 -2.734905
v 0.027609 -0.886904 -2.728497
v 0.047820 -0.876656 -2.710989
v 0.055218 -0.862657 -2.687074
v 0.036182 -0.848659 -2.663158
v 0.000000 -1.054732 -2.618874
v 0.027609 -1.049946 -2.613197
v 0.047820 -1.036871 -2.597689
v 0.055218 -1.019011 -2.576504
v 0.036182 -1.001151 -2.555319
v 0.000000 -1.196432 -2.477174
v 0.027609 -1.190755 -2.472388
v 0.047820 -1.175247 -2.459313
v 0.055218 -1.154062 -2.441453
v 0.036182 -1.132877 -2.423593
v 0.000000 -1.312463 -2.313096
v 0.027609 -1.306055 -2.309345
v 0.047820 -1.288548 -2.299098
v 0.055218 -1.264632 -2.285099
v 0.036182 -1.240716 -2.271101
v 0.000000 -1.399501 -2.129936
v 0.027609 -1.392540 -2.127349
v 0.047820 -1.373523 -2.120278
v 0.055218 -1.347545 -2.110620
v 0.036182 -1.321567 -2.100961
v 0.000000 -1.454176 -1.931059
v 0.027609 -1.446867 -1.929737
v 0.047820 -1.426899 -1.926126
v 0.055218 -1.399622 -1.921192
v 0.036182 -1.372345 -1.916259
v 0.000000 -1.473128 -1.719993
v 0.027609 -1.465700 -1.719993
v 0.047820 -1.445408 -1.719993
v 0.055218 -1.417688 -1.719993
v 0.043543 0.777242 -1.916259
v 0.043543 0.794865 -1.719994
v 0.043543 0.726464 -2.100962
v 0.043543 0.645613 -2.271101
v 0.043543 0.537774 -2.423593
v 0.043543 0.406048 -2.555319
v 0.043543 0.253556 -2.663158
v 0.043543 0.083417 -2.744009
v 0.043543 -0.101286 -2.794787
v 0.043543 -0.297551 -2.812410
v 0.043543 -0.493817 -2.794787
v 0.043543 -0.678520 -2.744009
v 0.043543 -0.848659 -2.663158
v 0.043543 -1.001151 -2.555319
v 0.043543 -1.132877 -2.423593
v 0.043543 -1.240716 -2.271101
v 0.043543 -1.321567 -2.100961
v 0.043543 -1.372345 -1.916259
v 0.043543 0.736730 -1.908861
v 0.043543 0.687865 -2.086602
v 0.043543 0.610063 -2.250328
v 0.043543 0.506288 -2.397072
v 0.043543 0.379527 -2.523833
v 0.043543 0.232783 -2.627607
v 0.043543 0.069057 -2.705410
v 0.043543 -0.108684 -2.754275
v 0.043543 -0.297551 -2.771233
v 0.043543 -0.486419 -2.754275
v 0.043543 -0.664160 -2.705410
v 0.043543 -0.827886 -2.627607
v 0.043543 -0.974630 -2.523833
v 0.043543 -1.101391 -2.397072
v 0.043543 -1.205165 -2.250328
v 0.043543 -1.282968 -2.086602
v 0.043543 -1.331833 -1.908861
v 0.016180 0.680499 -1.898593
v 0.016180 0.634290 -2.066670
v 0.016180 0.560717 -2.221495
v 0.016180 0.462585 -2.360261
v 0.016180 0.342716 -2.480130
v 0.016179 0.203950 -2.578262
v 0.016179 0.049125 -2.651835
v 0.016179 -0.118953 -2.698043
v 0.016179 -0.297551 -2.714079
v 0.016179 -0.476151 -2.698043
v 0.016179 -0.644228 -2.651835
v 0.016179 -0.799053 -2.578262
v 0.016179 -0.937819 -2.480130
v 0.016179 -1.057688 -2.360260
v 0.016179 -1.155820 -2.221495
v 0.016179 -1.229393 -2.066670
v 0.016180 -1.275601 -1.898593
v 0.000000 0.671126 -1.896881
v 0.000000 0.625361 -2.063348
v 0.000000 0.552493 -2.216689
v 0.000000 0.455301 -2.354126
v 0.000000 0.336580 -2.472846
v 0.000000 0.199144 -2.570038
v 0.000000 0.045803 -2.642906
v 0.000000 -0.120664 -2.688671
v 0.000000 -0.297551 -2.704554
v 0.000000 -0.474439 -2.688671
v 0.000000 -0.640906 -2.642906
v 0.000000 -0.794247 -2.570038
v 0.000000 -0.931683 -2.472846
v 0.000000 -1.050404 -2.354125
v 0.000000 -1.147596 -2.216689
v 0.000000 -1.220464 -2.063348
v 0.000000 -1.266229 -1.896881
v 0.000000 -1.282112 -1.719994
v 0.000000 0.878025 -1.719994
v 0.000000 0.859074 -1.508927
v -0.027609 0.851765 -1.510249
v -0.027609 0.870597 -1.719994
v -0.047820 0.831796 -1.513861
v -0.047820 0.850305 -1.719994
v -0.055218 0.804520 -1.518795
v -0.036182 0.777242 -1.523728
v 0.000000 0.804398 -1.310050
v -0.027609 0.797437 -1.312638
v -0.047820 0.778420 -1.319708
v -0.055218 0.752442 -1.329367
v -0.036182 0.726464 -1.339025
v 0.000000 0.717360 -1.126890
v -0.027609 0.710952 -1.130641
v -0.047820 0.693445 -1.140889
v -0.055218 0.669529 -1.154888
v -0.036182 0.645613 -1.168886
v 0.000000 0.601328 -0.962813
v -0.027609 0.595652 -0.967599
v -0.047820 0.580144 -0.980674
v -0.055218 0.558959 -0.998534
v -0.036182 0.537774 -1.016394
v 0.000000 0.459629 -0.821114
v -0.027609 0.454843 -0.826790
v -0.047820 0.441768 -0.842298
v -0.055218 0.423908 -0.863483
v -0.036182 0.406048 -0.884668
v 0.000000 0.295552 -0.705082
v -0.027609 0.291801 -0.711490
v -0.047820 0.281553 -0.728997
v -0.055218 0.267555 -0.752913
v -0.036182 0.253556 -0.776829
v 0.000000 0.112392 -0.618044
v -0.027609 0.109804 -0.625005
v -0.047820 0.102733 -0.644022
v -0.055218 0.093075 -0.670000
v -0.036182 0.083417 -0.695978
v 0.000000 -0.086486 -0.563369
v -0.027609 -0.087807 -0.570677
v -0.047820 -0.091419 -0.590646
v -0.055218 -0.096353 -0.617923
v -0.036182 -0.101286 -0.645200
v 0.000000 -0.297552 -0.544417
v -0.027609 -0.297551 -0.551845
v -0.047820 -0.297551 -0.572137
v -0.055218 -0.297551 -0.599857
v -0.036182 -0.297551 -0.627578
v 0.000000 -0.508617 -0.563369
v -0.027609 -0.507295 -0.570677
v -0.047820 -0.503684 -0.590646
v -0.055218 -0.498750 -0.617923
v -0.036182 -0.493817 -0.645200
v 0.000000 -0.707495 -0.618044
v -0.027609 -0.704907 -0.625005
v -0.047820 -0.697836 -0.644022
v -0.055218 -0.688178 -0.670000
v -0.036182 -0.678520 -0.695978
v 0.000000 -0.890655 -0.705082
v -0.027609 -0.886904 -0.711490
v -0.047820 -0.876656 -0.728998
v -0.055218 -0.862657 -0.752913
v -0.036182 -0.848659 -0.776829
v 0.000000 -1.054732 -0.821113
v -0.027609 -1.049946 -0.826790
v -0.047820 -1.036871 -0.842298
v -0.055218 -1.019011 -0.863483
v -0.036182 -1.001151 -0.884668
v 0.000000 -1.196431 -0.962814
v -0.027609 -1.190755 -0.967599
v -0.047820 -1.175246 -0.980674
v -0.055218 -1.154062 -0.998534
v -0.036182 -1.132877 -1.016394
v 0.000000 -1.312463 -1.126891
v -0.027609 -1.306055 -1.130642
v -0.047820 -1.288548 -1.140889
v -0.055218 -1.264632 -1.154888
v -0.036182 -1.240716 -1.168886
v 0.000000 -1.399501 -1.310050
v -0.027609 -1.392540 -1.312638
v -0.047820 -1.373523 -1.319709
v -0.055218 -1.347545 -1.329367
v -0.036182 -1.321566 -1.339025
v 0.000000 -1.454176 -1.508927
v -0.027609 -1.446867 -1.510249
v -0.047820 -1.426899 -1.513861
v -0.055218 -1.399622 -1.518795
v -0.036182 -1.372345 -1.523728
v -0.055218 -1.417688 -1.719993
v -0.036182 -1.389967 -1.719993
v -0.043543 0.777242 -1.523728
v -0.043543 0.726464 -1.339025
v -0.043543 0.645613 -1.168886
v -0.043543 0.537774 -1.016394
v -0.043543 0.406048 -0.884668
v -0.043543 0.253556 -0.776829
v -0.043543 0.083417 -0.695978
v -0.043543 -0.101286 -0.645200
v -0.043543 -0.297551 -0.627578
v -0.043543 -0.493817 -0.645200
v -0.043543 -0.678520 -0.695978
v -0.043543 -0.848659 -0.776829
v -0.043543 -1.001151 -0.884668
v -0.043543 -1.132877 -1.016394
v -0.043543 -1.240716 -1.168886
v -0.043543 -1.321566 -1.339025
v -0.043543 -1.372345 -1.523728
v -0.043543 0.736730 -1.531126
v -0.043543 0.687865 -1.353385
v -0.043543 0.610063 -1.189659
v -0.043543 0.506288 -1.042915
v -0.043543 0.379527 -0.916154
v -0.043543 0.232783 -0.812380
v -0.043543 0.069057 -0.734577
v -0.043543 -0.108684 -0.685712
v -0.043543 -0.297551 -0.668754
v -0.043543 -0.486419 -0.685712
v -0.043543 -0.664160 -0.734577
v -0.043543 -0.827886 -0.812380
v -0.043543 -0.974630 -0.916154
v -0.043543 -1.101391 -1.042915
v -0.043543 -1.205165 -1.189659
v -0.043543 -1.282968 -1.353385
v -0.043543 -1.331833 -1.531126
v -0.043543 -1.348791 -1.719994
v -0.016179 0.680499 -1.541394
v -0.016179 0.634290 -1.373317
v -0.016179 0.560718 -1.218493
v -0.016179 0.462585 -1.079726
v -0.016179 0.342716 -0.959857
v -0.016179 0.203950 -0.861724
v -0.016179 0.049125 -0.788152
v -0.016179 -0.118952 -0.741944
v -0.016179 -0.297551 -0.725908
v -0.016179 -0.476150 -0.741944
v -0.016179 -0.644228 -0.788152
v -0.016179 -0.799052 -0.861725
v -0.016179 -0.937819 -0.959857
v -0.016179 -1.057688 -1.079726
v -0.016179 -1.155820 -1.218492
v -0.016179 -1.229393 -1.373317
v -0.016179 -1.275601 -1.541395
v 0.000000 0.671126 -1.543106
v 0.000000 0.687009 -1.719994
v 0.000000 0.625361 -1.376639
v 0.000000 0.552493 -1.223298
v 0.000000 0.455301 -1.085862
v 0.000000 0.336580 -0.967141
v 0.000000 0.199144 -0.869949
v 0.000000 0.045803 -0.797081
v 0.000000 -0.120664 -0.751316
v 0.000000 -0.297551 -0.735433
v 0.000000 -0.474439 -0.751316
v 0.000000 -0.640906 -0.797081
v 0.000000 -0.794247 -0.869949
v 0.000000 -0.931683 -0.967141
v 0.000000 -1.050404 -1.085862
v 0.000000 -1.147596 -1.223298
v 0.000000 -1.220464 -1.376639
v 0.000000 -1.266229 -1.543106
v 0.027609 0.870597 -1.719994
v 0.027609 0.851765 -1.510249
v 0.047820 0.850305 -1.719994
v 0.047820 0.831796 -1.513861
v 0.055218 0.804520 -1.518795
v 0.036182 0.777242 -1.523728
v 0.027609 0.797437 -1.312638
v 0.047820 0.778420 -1.319708
v 0.055218 0.752442 -1.329367
v 0.036182 0.726464 -1.339025
v 0.027609 0.710952 -1.130641
v 0.047820 0.693445 -1.140889
v 0.055218 0.669529 -1.154888
v 0.036182 0.645613 -1.168886
v 0.027609 0.595652 -0.967599
v 0.047820 0.580144 -0.980674
v 0.055218 0.558959 -0.998534
v 0.036182 0.537774 -1.016394
v 0.027609 0.454843 -0.826790
v 0.047820 0.441768 -0.842298
v 0.055218 0.423908 -0.863483
v 0.036182 0.406048 -0.884668
v 0.027609 0.291801 -0.711490
v 0.047820 0.281553 -0.728997
v 0.055218 0.267555 -0.752913
v 0.036182 0.253556 -0.776829
v 0.027609 0.109804 -0.625005
v 0.047820 0.102733 -0.644022
v 0.055218 0.093075 -0.670000
v 0.036182 0.083417 -0.695978
v 0.027609 -0.087807 -0.570677
v 0.047820 -0.091419 -0.590646
v 0.055218 -0.096353 -0.617923
v 0.036182 -0.101286 -0.645200
v 0.027609 -0.297551 -0.551845
v 0.047820 -0.297551 -0.572137
v 0.055218 -0.297551 -0.599857
v 0.036182 -0.297551 -0.627578
v 0.027609 -0.507295 -0.570677
v 0.047820 -0.503684 -0.590646
v 0.055218 -0.498750 -0.617923
v 0.036182 -0.493817 -0.645200
v 0.027609 -0.704907 -0.625005
v 0.047820 -0.697836 -0.644022
v 0.055218 -0.688178 -0.670000
v 0.036182 -0.678520 -0.695978
v 0.027609 -0.886904 -0.711490
v 0.047820 -0.876656 -0.728998
v 0.055218 -0.862657 -0.752913
v 0.036182 -0.848659 -0.776829
v 0.027609 -1.049946 -0.826790
v 0.047820 -1.036871 -0.842298
v 0.055218 -1.019011 -0.863483
v 0.036182 -1.001151 -0.884668
v 0.027609 -1.190755 -0.967599
v 0.047820 -1.175246 -0.980674
v 0.055218 -1.154062 -0.998534
v 0.036182 -1.132877 -1.016394
v 0.027609 -1.306055 -1.130642
v 0.047820 -1.288548 -1.140889
v 0.055218 -1.264632 -1.154888
v 0.036182 -1.240716 -1.168886
v 0.027609 -1.392540 -1.312638
v 0.047820 -1.373523 -1.319709
v 0.055218 -1.347545 -1.329367
v 0.036182 -1.321566 -1.339025
v 0.027609 -1.446867 -1.510249
v 0.047820 -1.426899 -1.513861
v 0.055218 -1.399622 -1.518795
v 0.036182 -1.372345 -1.523728
v 0.036182 -1.389967 -1.719993
v 0.043543 0.777242 -1.523728
v 0.043543 0.726464 -1.339025
v 0.043543 0.645613 -1.168886
v 0.043543 0.537774 -1.016394
v 0.043543 0.406048 -0.884668
v 0.043543 0.253556 -0.776829
v 0.043543 0.083417 -0.695978
v 0.043543 -0.101286 -0.645200
v 0.043543 -0.297551 -0.627578
v 0.043543 -0.493817 -0.645200
v 0.043543 -0.678520 -0.695978
v 0.043543 -0.848659 -0.776829
v 0.043543 -1.001151 -0.884668
v 0.043543 -1.132877 -1.016394
v 0.043543 -1.240716 -1.168886
v 0.043543 -1.321566 -1.339025
v 0.043543 -1.372345 -1.523728
v 0.043543 -1.389967 -1.719993
v 0.043543 0.753688 -1.719994
v 0.043543 0.736730 -1.531126
v 0.043543 0.687865 -1.353385
v 0.043543 0.610063 -1.189659
v 0.043543 0.506288 -1.042915
v 0.043543 0.379527 -0.916154
v 0.043543 0.232783 -0.812380
v 0.043543 0.069057 -0.734577
v 0.043543 -0.108684 -0.685712
v 0.043543 -0.297551 -0.668754
v 0.043543 -0.486419 -0.685712
v 0.043543 -0.664160 -0.734577
v 0.043543 -0.827886 -0.812380
v 0.043543 -0.974630 -0.916154
v 0.043543 -1.101391 -1.042915
v 0.043543 -1.205165 -1.189659
v 0.043543 -1.282968 -1.353385
v 0.043543 -1.331833 -1.531126
v 0.043543 -1.348791 -1.719994
v 0.016180 0.696534 -1.719994
v 0.016180 0.680499 -1.541394
v 0.016180 0.634290 -1.373317
v 0.016180 0.560718 -1.218493
v 0.016180 0.462585 -1.079726
v 0.016180 0.342716 -0.959857
v 0.016179 0.203950 -0.861724
v 0.016179 0.049125 -0.788152
v 0.016179 -0.118952 -0.741944
v 0.016179 -0.297551 -0.725908
v 0.016179 -0.476150 -0.741944
v 0.016179 -0.644228 -0.788152
v 0.016179 -0.799052 -0.861725
v 0.016179 -0.937819 -0.959857
v 0.016179 -1.057688 -1.079726
v 0.016179 -1.155820 -1.218492
v 0.016179 -1.229393 -1.373317
v 0.016180 -1.275601 -1.541395
v 0.016180 -1.291637 -1.719994
v -0.000000 -0.136164 -0.737669
v -0.007241 -0.148692 -0.737069
v 0.007241 -0.148692 -0.737069
v -0.072589 -0.194474 -1.693148
v -0.065347 -0.181946 -1.693748
v -0.058106 -0.194474 -1.693148
v -0.072589 -0.378645 -1.636123
v -0.065347 -0.369450 -1.644653
v -0.058106 -0.378645 -1.636123
v -0.000000 0.299746 -0.923338
v -0.007241 0.290551 -0.914807
v 0.007241 0.290551 -0.914807
v -0.000000 -0.878042 -0.911267
v -0.007241 -0.887325 -0.919702
v 0.007241 -0.887325 -0.919702
v -0.072589 -0.243647 -1.628124
v -0.065347 -0.234364 -1.619689
v -0.058106 -0.243647 -1.628124
v -0.072589 -0.414198 -1.718030
v -0.065347 -0.401665 -1.717560
v -0.058106 -0.414198 -1.718030
v -0.000000 -0.438519 -0.734320
v -0.007241 -0.451053 -0.734790
v 0.007241 -0.451053 -0.734790
v 0.000000 -1.279876 -1.558607
v -0.007241 -1.280476 -1.571135
v 0.007241 -1.280476 -1.571135
v -0.072589 -0.324397 -1.616916
v -0.065347 -0.323797 -1.604388
v -0.058106 -0.324397 -1.616916
v -0.072589 -0.381422 -1.801087
v -0.065347 -0.372891 -1.791892
v -0.058106 -0.381422 -1.801087
v -0.000000 -1.094207 -1.122696
v -0.007241 -1.102737 -1.131891
v 0.007241 -1.102737 -1.131891
v 0.000000 -1.106278 -2.300483
v -0.007241 -1.097843 -2.309767
v 0.007241 -1.097843 -2.309767
v -0.072589 -0.389421 -1.666089
v -0.065347 -0.397856 -1.656806
v -0.058106 -0.389421 -1.666089
v -0.072589 -0.299515 -1.836641
v -0.065347 -0.299985 -1.824107
v -0.058106 -0.299515 -1.836641
v 0.000000 -1.283225 -1.860961
v -0.007241 -1.282755 -1.873495
v 0.007241 -1.282755 -1.873495
v 0.000000 -0.458939 -2.702318
v -0.007241 -0.446411 -2.702918
v 0.007242 -0.446411 -2.702918
v -0.072589 -0.400629 -1.746839
v -0.065347 -0.413157 -1.746239
v -0.058106 -0.400629 -1.746839
v -0.072589 -0.216458 -1.803864
v -0.065347 -0.225653 -1.795334
v -0.058106 -0.216458 -1.803864
v 0.000000 -0.894849 -2.516649
v -0.007241 -0.885654 -2.525179
v 0.007242 -0.885654 -2.525179
v 0.000000 0.282939 -2.528720
v -0.007241 0.292222 -2.520286
v 0.007242 0.292222 -2.520286
v -0.072589 -0.351456 -1.811863
v -0.065347 -0.360738 -1.820298
v -0.058106 -0.351456 -1.811863
v -0.072589 -0.180904 -1.721957
v -0.065347 -0.193438 -1.722427
v -0.058106 -0.180904 -1.721957
v 0.000000 -0.156584 -2.705667
v -0.007241 -0.144050 -2.705197
v 0.007242 -0.144050 -2.705197
v 0.000000 0.684773 -1.881381
v -0.007241 0.685373 -1.868853
v 0.007241 0.685373 -1.868853
v -0.072589 -0.270706 -1.823071
v -0.065347 -0.271306 -1.835599
v -0.058106 -0.270706 -1.823071
v -0.072589 -0.213681 -1.638900
v -0.065347 -0.222211 -1.648095
v -0.058106 -0.213681 -1.638900
v 0.000000 0.499104 -2.317291
v -0.007241 0.507634 -2.308096
v 0.007241 0.507634 -2.308096
v -0.000000 0.511175 -1.139503
v -0.007241 0.502740 -1.130220
v 0.007241 0.502740 -1.130220
v -0.072589 -0.205682 -1.773898
v -0.065347 -0.197247 -1.783181
v -0.058106 -0.205682 -1.773898
v -0.072589 -0.295588 -1.603347
v -0.065347 -0.295118 -1.615880
v -0.058106 -0.295588 -1.603347
v 0.000000 0.688122 -1.579026
v -0.007241 0.687652 -1.566492
v 0.007241 0.687652 -1.566492
v -0.000000 -0.524369 -0.750684
v 0.007241 -0.536172 -0.754924
v -0.007241 -0.536172 -0.754924
v 0.072589 -0.212593 -1.655745
v 0.065347 -0.200789 -1.651505
v 0.058106 -0.212593 -1.655745
v 0.072589 -0.404568 -1.673540
v 0.065347 -0.392808 -1.677903
v 0.058106 -0.404568 -1.673540
v -0.000000 -0.050588 -0.755404
v 0.007241 -0.062347 -0.751041
v -0.007241 -0.062347 -0.751041
v 0.000000 -1.143341 -1.194972
v 0.007241 -1.148689 -1.206317
v -0.007241 -1.148689 -1.206317
v 0.072589 -0.282907 -1.614489
v 0.065347 -0.277559 -1.603144
v 0.058106 -0.282907 -1.614489
v 0.072589 -0.406071 -1.762818
v 0.065347 -0.394671 -1.757588
v 0.058106 -0.406071 -1.762818
v -0.000000 -0.804990 -0.863296
v 0.007241 -0.816389 -0.868526
v -0.007241 -0.816389 -0.868526
v 0.000000 -1.266861 -1.946811
v 0.007242 -1.262621 -1.958615
v -0.007241 -1.262621 -1.958615
v 0.072589 -0.361800 -1.635036
v 0.065347 -0.366040 -1.623232
v 0.058106 -0.361800 -1.635036
v 0.072589 -0.344004 -1.827010
v 0.065347 -0.339642 -1.815251
v 0.058106 -0.344004 -1.827010
v 0.000000 -1.262141 -1.473030
v 0.007241 -1.266503 -1.484789
v -0.007241 -1.266503 -1.484789
v 0.000000 -0.822573 -2.565783
v 0.007242 -0.811228 -2.571131
v -0.007241 -0.811228 -2.571131
v 0.072589 -0.403056 -1.705349
v 0.065347 -0.414401 -1.700001
v 0.058106 -0.403056 -1.705349
v 0.072589 -0.254727 -1.828513
v 0.065347 -0.259957 -1.817113
v 0.058106 -0.254727 -1.828513
v 0.000000 -1.154249 -2.227432
v 0.007242 -1.149019 -2.238831
v -0.007241 -1.149019 -2.238831
v 0.000000 -0.070735 -2.689303
v 0.007242 -0.058931 -2.685063
v -0.007241 -0.058931 -2.685063
v 0.072589 -0.382509 -1.784242
v 0.065347 -0.394313 -1.788482
v 0.058106 -0.382509 -1.784242
v 0.072589 -0.190535 -1.766447
v 0.065347 -0.202294 -1.762084
v 0.058106 -0.190535 -1.766447
v 0.000000 -0.544515 -2.684583
v 0.007242 -0.532756 -2.688945
v -0.007241 -0.532756 -2.688945
v 0.000000 0.548238 -2.245015
v 0.007241 0.553586 -2.233670
v -0.007241 0.553586 -2.233670
v 0.072589 -0.312195 -1.825498
v 0.065347 -0.317544 -1.836843
v 0.058106 -0.312195 -1.825498
v 0.072589 -0.189032 -1.677169
v 0.065347 -0.200432 -1.682399
v 0.058106 -0.189032 -1.677169
v 0.000000 0.209887 -2.576691
v 0.007242 0.221286 -2.571461
v -0.007241 0.221286 -2.571461
v -0.000000 0.671758 -1.493177
v 0.007241 0.667518 -1.481373
v -0.007241 0.667518 -1.481373
v 0.072589 -0.233303 -1.804952
v 0.065347 -0.229063 -1.816756
v 0.058106 -0.233303 -1.804952
v 0.072589 -0.251098 -1.612977
v 0.065347 -0.255461 -1.624737
v 0.058106 -0.251098 -1.612977
v 0.000000 0.667038 -1.966958
v 0.007241 0.671400 -1.955198
v -0.007241 0.671400 -1.955198
v -0.000000 0.227470 -0.874204
v 0.007241 0.216125 -0.868856
v -0.007241 0.216125 -0.868856
v 0.072589 -0.192047 -1.734638
v 0.065347 -0.180702 -1.739986
v 0.058106 -0.192047 -1.734638
v 0.072589 -0.340376 -1.611474
v 0.065347 -0.335146 -1.622874
v 0.058106 -0.340376 -1.611474
v -0.000000 0.559146 -1.212555
v 0.007241 0.553915 -1.201156
v -0.007241 0.553915 -1.201156
v -0.068406 -0.297551 -1.666982
v -0.068406 -0.271046 -1.674084
v -0.068406 -0.251642 -1.693488
v -0.068406 -0.244540 -1.719994
v -0.068406 -0.251642 -1.746500
v -0.068406 -0.271046 -1.765903
v -0.068406 -0.297551 -1.773005
v -0.068406 -0.324057 -1.765903
v -0.068406 -0.343461 -1.746500
v -0.068406 -0.350563 -1.719994
v -0.068406 -0.343461 -1.693488
v -0.068406 -0.324057 -1.674084
v -0.068406 -0.297551 -1.599609
v -0.068406 -0.237359 -1.615738
v -0.068406 -0.193296 -1.659802
v -0.068406 -0.177167 -1.719994
v -0.068406 -0.193296 -1.780186
v -0.068406 -0.237359 -1.824250
v -0.068406 -0.297551 -1.840378
v -0.068406 -0.357744 -1.824250
v -0.068406 -0.401807 -1.780186
v -0.068406 -0.417936 -1.719994
v -0.068406 -0.401807 -1.659802
v -0.068406 -0.357744 -1.615738
v -0.087338 -0.297551 -1.599609
v -0.087338 -0.237359 -1.615738
v -0.087338 -0.193296 -1.659802
v -0.087338 -0.177167 -1.719994
v -0.087338 -0.193296 -1.780186
v -0.087338 -0.237359 -1.824250
v -0.087338 -0.297551 -1.840378
v -0.087338 -0.357744 -1.824250
v -0.087338 -0.401807 -1.780186
v -0.087338 -0.417936 -1.719994
v -0.087338 -0.401807 -1.659802
v -0.087338 -0.357744 -1.615738
v -0.087338 -0.297551 -1.702061
v -0.087338 -0.288585 -1.704463
v -0.087338 -0.282021 -1.711027
v -0.087338 -0.279619 -1.719994
v -0.087338 -0.282021 -1.728960
v -0.087338 -0.288585 -1.735524
v -0.087338 -0.297551 -1.737926
v -0.087338 -0.306518 -1.735524
v -0.087338 -0.313082 -1.728960
v -0.087338 -0.315484 -1.719994
v -0.087338 -0.313082 -1.711027
v -0.087338 -0.306518 -1.704463
v -0.176910 -0.297551 -1.719994
v 0.000000 -0.277161 -1.684677
v 0.000000 -0.297551 -1.679213
v 0.000000 -0.332868 -1.699603
v 0.000000 -0.338332 -1.719994
v 0.000000 -0.317942 -1.755311
v 0.000000 -0.297551 -1.760774
v 0.000000 -0.277161 -1.755311
v 0.000000 -0.262234 -1.740384
v -0.068406 -0.297551 -1.611105
v -0.068406 -0.297551 -1.655487
v -0.068406 -0.265298 -1.664129
v -0.068406 -0.243107 -1.625693
v -0.068406 -0.241687 -1.687740
v -0.068406 -0.203251 -1.665549
v -0.068406 -0.233044 -1.719994
v -0.068406 -0.188663 -1.719994
v -0.068406 -0.241687 -1.752247
v -0.068406 -0.203251 -1.774438
v -0.068406 -0.265298 -1.775859
v -0.068406 -0.243107 -1.814294
v -0.068406 -0.297551 -1.784501
v -0.068406 -0.297551 -1.828882
v -0.068406 -0.329805 -1.775859
v -0.068406 -0.351996 -1.814294
v -0.068406 -0.353416 -1.752247
v -0.068406 -0.391852 -1.774438
v -0.068406 -0.362058 -1.719994
v -0.068406 -0.406440 -1.719994
v -0.068406 -0.353416 -1.687740
v -0.068406 -0.391852 -1.665549
v -0.068406 -0.329805 -1.664129
v -0.068406 -0.351996 -1.625693
v -0.087338 -0.297551 -1.655589
v -0.087338 -0.297551 -1.611126
v -0.087338 -0.243118 -1.625712
v -0.087338 -0.265349 -1.664218
v -0.087338 -0.203269 -1.665560
v -0.087338 -0.241775 -1.687791
v -0.087338 -0.188684 -1.719994
v -0.087338 -0.233147 -1.719994
v -0.087338 -0.203269 -1.774428
v -0.087338 -0.241775 -1.752196
v -0.087338 -0.243118 -1.814276
v -0.087338 -0.265349 -1.775770
v -0.087338 -0.297551 -1.828861
v -0.087338 -0.297551 -1.784398
v -0.087338 -0.351985 -1.814276
v -0.087338 -0.329754 -1.775770
v -0.087338 -0.391834 -1.774428
v -0.087338 -0.353327 -1.752196
v -0.087338 -0.406419 -1.719994
v -0.087338 -0.361956 -1.719994
v -0.087338 -0.391834 -1.665560
v -0.087338 -0.353328 -1.687791
v -0.087338 -0.351985 -1.625712
v -0.087338 -0.329754 -1.664218
v -0.077872 -0.297551 -1.595701
v -0.077872 -0.235405 -1.612353
v -0.077872 -0.189911 -1.657847
v -0.077872 -0.173259 -1.719994
v -0.077872 -0.189911 -1.782140
v -0.077872 -0.235405 -1.827635
v -0.077872 -0.297551 -1.844287
v -0.077872 -0.359698 -1.827635
v -0.077872 -0.405192 -1.782140
v -0.077872 -0.421844 -1.719994
v -0.077872 -0.405192 -1.657847
v -0.077872 -0.359698 -1.612353
v -0.176910 -0.297551 -1.702061
v -0.176910 -0.288585 -1.704464
v -0.176910 -0.282021 -1.711027
v -0.176910 -0.279619 -1.719994
v -0.176910 -0.282021 -1.728960
v -0.176910 -0.288585 -1.735524
v -0.176910 -0.297551 -1.737926
v -0.176910 -0.306518 -1.735524
v -0.176910 -0.313082 -1.728960
v -0.176910 -0.315484 -1.719994
v -0.176910 -0.313082 -1.711027
v -0.176910 -0.306518 -1.704464
v 0.068406 -0.265298 -1.664129
v 0.068406 -0.243107 -1.625693
v 0.068406 -0.297551 -1.611105
v 0.068406 -0.297551 -1.655487
v 0.068406 -0.241687 -1.752247
v 0.068406 -0.203251 -1.774438
v 0.068406 -0.188663 -1.719994
v 0.068406 -0.233044 -1.719994
v 0.068406 -0.329805 -1.775859
v 0.068406 -0.351996 -1.814294
v 0.068406 -0.297551 -1.828882
v 0.068406 -0.297551 -1.784501
v 0.068406 -0.353416 -1.687740
v 0.068406 -0.391852 -1.665549
v 0.068406 -0.406440 -1.719994
v 0.068406 -0.362058 -1.719994
v 0.068406 -0.297551 -1.599609
v 0.068406 -0.237359 -1.615738
v 0.077872 -0.235405 -1.612353
v 0.077872 -0.297551 -1.595701
v 0.068406 -0.193296 -1.659802
v 0.077872 -0.189911 -1.657847
v 0.068406 -0.177167 -1.719994
v 0.077872 -0.173259 -1.719994
v 0.068406 -0.193296 -1.780186
v 0.077872 -0.189911 -1.782140
v 0.068406 -0.237359 -1.824250
v 0.077872 -0.235405 -1.827635
v 0.068406 -0.297551 -1.840378
v 0.077872 -0.297551 -1.844287
v 0.068406 -0.357744 -1.824250
v 0.077872 -0.359698 -1.827635
v 0.068406 -0.401807 -1.780186
v 0.077872 -0.405192 -1.782140
v 0.068406 -0.417936 -1.719994
v 0.077872 -0.421844 -1.719994
v 0.068406 -0.401807 -1.659802
v 0.077872 -0.405192 -1.657847
v 0.068406 -0.357744 -1.615738
v 0.077872 -0.359698 -1.612353
v 0.087338 -0.243118 -1.625712
v 0.087338 -0.265349 -1.664218
v 0.087338 -0.297551 -1.655589
v 0.087338 -0.297551 -1.611126
v 0.087338 -0.203269 -1.774428
v 0.087338 -0.241775 -1.752196
v 0.087338 -0.233147 -1.719994
v 0.087338 -0.188684 -1.719994
v 0.087338 -0.351985 -1.814276
v 0.087338 -0.329754 -1.775770
v 0.087338 -0.297551 -1.784398
v 0.087338 -0.297551 -1.828861
v 0.087338 -0.391834 -1.665560
v 0.087338 -0.353328 -1.687791
v 0.087338 -0.361956 -1.719994
v 0.087338 -0.406419 -1.719994
v 0.176910 -0.297551 -1.719994
v 0.176910 -0.297551 -1.702061
v 0.176910 -0.288585 -1.704464
v 0.176910 -0.282021 -1.711027
v 0.176910 -0.279619 -1.719994
v 0.176910 -0.282021 -1.728960
v 0.176910 -0.288585 -1.735524
v 0.176910 -0.297551 -1.737926
v 0.176910 -0.306518 -1.735524
v 0.176910 -0.313082 -1.728960
v 0.176910 -0.315484 -1.719994
v 0.176910 -0.313082 -1.711027
v 0.176910 -0.306518 -1.704464
v 0.068406 -0.271046 -1.674084
v 0.068406 -0.297551 -1.666982
v 0.068406 -0.324057 -1.674084
v 0.000000 -0.317942 -1.684677
v 0.068406 -0.343461 -1.693488
v 0.068406 -0.350563 -1.719994
v 0.068406 -0.343461 -1.746500
v 0.000000 -0.332868 -1.740384
v 0.068406 -0.324057 -1.765903
v 0.068406 -0.297551 -1.773005
v 0.068406 -0.271046 -1.765903
v 0.068406 -0.251642 -1.746500
v 0.068406 -0.244540 -1.719994
v 0.000000 -0.256771 -1.719994
v 0.068406 -0.251642 -1.693488
v 0.000000 -0.262234 -1.699603
v 0.068406 -0.203251 -1.665549
v 0.068406 -0.241687 -1.687740
v 0.068406 -0.243107 -1.814294
v 0.068406 -0.265298 -1.775859
v 0.068406 -0.391852 -1.774438
v 0.068406 -0.353416 -1.752247
v 0.068406 -0.351996 -1.625693
v 0.068406 -0.329805 -1.664129
v 0.087338 -0.288585 -1.704463
v 0.087338 -0.297551 -1.702061
v 0.087338 -0.297551 -1.599609
v 0.087338 -0.237359 -1.615738
v 0.087338 -0.241775 -1.687791
v 0.087338 -0.282021 -1.711027
v 0.087338 -0.193296 -1.659802
v 0.087338 -0.203269 -1.665560
v 0.087338 -0.279619 -1.719994
v 0.087338 -0.177167 -1.719994
v 0.087338 -0.282021 -1.728960
v 0.087338 -0.193296 -1.780186
v 0.087338 -0.265349 -1.775770
v 0.087338 -0.288585 -1.735524
v 0.087338 -0.237359 -1.824250
v 0.087338 -0.243118 -1.814276
v 0.087338 -0.297551 -1.737926
v 0.087338 -0.297551 -1.840378
v 0.087338 -0.306518 -1.735524
v 0.087338 -0.357744 -1.824250
v 0.087338 -0.353327 -1.752196
v 0.087338 -0.313082 -1.728960
v 0.087338 -0.401807 -1.780186
v 0.087338 -0.391834 -1.774428
v 0.087338 -0.315484 -1.719994
v 0.087338 -0.417936 -1.719994
v 0.087338 -0.313082 -1.711027
v 0.087338 -0.401807 -1.659802
v 0.087338 -0.329754 -1.664218
v 0.087338 -0.306518 -1.704463
v 0.087338 -0.357744 -1.615738
v 0.087338 -0.351985 -1.625712
v -0.155855 -0.297551 -1.719994
v -0.155855 -0.297551 -1.687541
v -0.155855 -0.269447 -1.703768
v -0.155855 -0.269447 -1.736220
v -0.155855 -0.297551 -1.752446
v -0.155855 -0.325656 -1.736220
v -0.155855 -0.325656 -1.703768
v -0.173816 -0.297551 -1.687541
v -0.173816 -0.269447 -1.703768
v -0.173816 -0.269447 -1.736220
v -0.173816 -0.297551 -1.752446
v -0.173816 -0.325656 -1.736220
v -0.173816 -0.325656 -1.703768
v -0.173816 -0.297551 -1.719994
v 0.155855 -0.297551 -1.719994
v 0.155855 -0.269447 -1.703768
v 0.155855 -0.297551 -1.687541
v 0.155855 -0.269447 -1.736220
v 0.155855 -0.297551 -1.752446
v 0.155855 -0.325656 -1.736220
v 0.155855 -0.325656 -1.703768
v 0.173816 -0.269447 -1.703768
v 0.173816 -0.297551 -1.687541
v 0.173816 -0.269447 -1.736220
v 0.173816 -0.297551 -1.752446
v 0.173816 -0.325656 -1.736220
v 0.173816 -0.325656 -1.703768
v 0.173816 -0.297551 -1.719994
v -0.182978 -0.532637 -0.405554
v -0.182978 -0.553635 -0.380531
v -0.182978 -0.559307 -0.348361
v -0.193153 -0.516849 -0.383006
v -0.193153 -0.528687 -0.368897
v -0.193153 -0.531885 -0.350760
v -0.185110 -0.496441 -0.353861
v -0.182978 0.014935 -0.711930
v -0.182978 -0.004583 -0.728308
v -0.182978 -0.029676 -0.732733
v -0.193153 -0.047783 -0.715684
v -0.193153 -0.013657 -0.708849
v -0.193153 -0.027805 -0.711344
v -0.193153 -0.041304 -0.706430
v -0.185110 -0.025386 -0.683697
v -0.193153 -0.526801 -0.397220
v -0.193153 -0.544413 -0.376231
v -0.193153 -0.549171 -0.349248
v -0.193153 -0.008883 -0.719087
v -0.193153 -0.028789 -0.722597
v -0.182978 -0.053619 -0.724018
v -0.193153 -0.499542 -0.389305
v -0.193153 -0.481405 -0.386107
v -0.193153 -0.050538 -0.695426
v -0.193153 -0.053032 -0.681278
v -0.193153 -0.048119 -0.667779
v -0.185110 -0.514451 -0.379582
v -0.185110 -0.524899 -0.367131
v -0.185110 -0.527722 -0.351124
v -0.185110 -0.470720 -0.371871
v -0.185110 -0.483171 -0.382319
v -0.185110 -0.499178 -0.385141
v -0.185110 -0.005323 -0.697745
v -0.185110 -0.015035 -0.705895
v -0.185110 -0.027521 -0.708096
v -0.185110 -0.039434 -0.703760
v -0.185110 -0.047583 -0.694048
v -0.185110 -0.049785 -0.681563
v -0.185110 -0.045449 -0.669649
v -0.171460 -0.553635 -0.380531
v -0.171460 -0.559307 -0.348361
v -0.149766 -0.526801 -0.397220
v -0.149766 -0.544413 -0.376231
v -0.149766 -0.528687 -0.368897
v -0.149766 -0.516849 -0.383006
v -0.149766 -0.549171 -0.349248
v -0.149766 -0.531885 -0.350760
v -0.157809 -0.496441 -0.353861
v -0.157809 -0.514451 -0.379582
v -0.157809 -0.524899 -0.367131
v -0.157809 -0.527722 -0.351124
v -0.149766 0.006600 -0.706094
v -0.149766 -0.008883 -0.719087
v -0.149766 -0.013657 -0.708849
v -0.149766 -0.002653 -0.699615
v -0.149766 -0.028789 -0.722597
v -0.149766 -0.027805 -0.711344
v -0.149766 -0.047783 -0.715684
v -0.149766 -0.041304 -0.706430
v -0.157809 -0.025386 -0.683697
v -0.157809 -0.015035 -0.705895
v -0.157809 -0.027521 -0.708096
v -0.157809 -0.039434 -0.703760
v -0.157809 -0.047583 -0.694048
v -0.159941 -0.553635 -0.380531
v -0.159941 -0.532637 -0.405554
v -0.159941 -0.559307 -0.348361
v -0.159941 -0.004583 -0.728308
v -0.159941 -0.029676 -0.732733
v -0.159941 -0.053619 -0.724018
v -0.157809 -0.483171 -0.382319
v -0.149766 -0.499542 -0.389305
v -0.149766 -0.050538 -0.695426
v -0.157809 -0.499178 -0.385141
v -0.157809 -0.049785 -0.681563
v -0.149766 -0.467296 -0.374268
v -0.149766 -0.481405 -0.386107
v -0.149766 -0.053032 -0.681278
v -0.149766 -0.048119 -0.667779
v -0.171460 -0.532637 -0.405554
v -0.171460 -0.004583 -0.728308
v -0.171460 0.014935 -0.711930
v -0.171460 -0.029676 -0.732733
v -0.171460 -0.053619 -0.724018
v -0.193153 -0.466081 -0.310502
v -0.193153 -0.491828 -0.301131
v -0.193153 -0.493340 -0.318417
v -0.193153 -0.476034 -0.324716
v -0.193153 -0.518811 -0.305889
v -0.193153 -0.511478 -0.321615
v -0.193153 -0.539800 -0.323501
v -0.193153 -0.525586 -0.333453
v -0.185110 -0.478431 -0.328139
v -0.185110 -0.493704 -0.322580
v -0.185110 -0.509711 -0.325403
v -0.185110 -0.522162 -0.335851
v -0.193153 0.006600 -0.706094
v -0.193153 0.013514 -0.687101
v -0.193153 0.002261 -0.686116
v -0.193153 -0.002653 -0.699615
v -0.193153 0.010003 -0.667195
v -0.193153 -0.000234 -0.671969
v -0.193153 -0.002989 -0.651711
v -0.193153 -0.009468 -0.660964
v -0.185110 -0.000987 -0.685832
v -0.185110 -0.003189 -0.673346
v -0.185110 -0.011338 -0.663635
v -0.185110 -0.023251 -0.659298
v -0.182978 -0.490941 -0.290995
v -0.182978 -0.460245 -0.302167
v -0.182978 -0.523111 -0.296667
v -0.182978 -0.548135 -0.317665
v -0.182978 0.023650 -0.687987
v -0.182978 0.019225 -0.662895
v -0.182978 0.002847 -0.643376
v -0.185110 -0.465161 -0.356598
v -0.193153 -0.464195 -0.338824
v -0.193153 -0.022967 -0.656051
v -0.185110 -0.467983 -0.340591
v -0.185110 -0.035737 -0.661500
v -0.193153 -0.467296 -0.374268
v -0.193153 -0.460997 -0.356962
v -0.193153 -0.037114 -0.658545
v -0.171460 -0.490941 -0.290995
v -0.171460 -0.460245 -0.302167
v -0.171460 -0.523111 -0.296667
v -0.171460 -0.548135 -0.317665
v -0.171460 0.023650 -0.687987
v -0.171460 0.019225 -0.662895
v -0.171460 0.002847 -0.643376
v -0.149766 -0.466081 -0.310502
v -0.149766 -0.476034 -0.324716
v -0.149766 -0.493340 -0.318417
v -0.149766 -0.491828 -0.301131
v -0.149766 -0.511478 -0.321615
v -0.149766 -0.518811 -0.305889
v -0.149766 -0.525586 -0.333453
v -0.149766 -0.539800 -0.323501
v -0.157809 -0.493704 -0.322580
v -0.157809 -0.478431 -0.328139
v -0.157809 -0.509711 -0.325403
v -0.157809 -0.522162 -0.335851
v -0.149766 0.002261 -0.686116
v -0.149766 0.013514 -0.687101
v -0.149766 -0.000234 -0.671969
v -0.149766 0.010003 -0.667195
v -0.149766 -0.009468 -0.660964
v -0.149766 -0.002989 -0.651711
v -0.157809 -0.000987 -0.685832
v -0.157809 -0.005323 -0.697745
v -0.157809 -0.003189 -0.673346
v -0.157809 -0.011338 -0.663635
v -0.157809 -0.023251 -0.659298
v -0.159941 -0.490941 -0.290995
v -0.159941 -0.460245 -0.302167
v -0.159941 -0.523111 -0.296667
v -0.159941 -0.548135 -0.317665
v -0.159941 0.023650 -0.687987
v -0.159941 0.014935 -0.711930
v -0.159941 0.019225 -0.662895
v -0.159941 0.002847 -0.643376
v -0.157809 -0.465161 -0.356598
v -0.157809 -0.470720 -0.371871
v -0.149766 -0.022967 -0.656051
v -0.149766 -0.464195 -0.338824
v -0.157809 -0.467983 -0.340591
v -0.157809 -0.035737 -0.661500
v -0.157809 -0.045449 -0.669649
v -0.149766 -0.460997 -0.356962
v -0.149766 -0.037114 -0.658545
v -0.184629 -0.008991 -0.695177
v -0.184629 -0.021919 -0.703414
v -0.184629 -0.036884 -0.700096
v -0.184629 -0.045120 -0.687168
v -0.184629 -0.041803 -0.672202
v -0.184629 -0.028874 -0.663966
v -0.184629 -0.013909 -0.667284
v -0.184629 -0.005673 -0.680212
v -0.221316 -0.008991 -0.695177
v -0.221316 -0.021919 -0.703414
v -0.221316 -0.036884 -0.700096
v -0.221316 -0.045120 -0.687168
v -0.221316 -0.041803 -0.672202
v -0.221316 -0.028874 -0.663966
v -0.221316 -0.013909 -0.667284
v -0.221316 -0.005673 -0.680212
v -0.209370 -0.062968 -0.523686
v -0.214468 -0.068970 -0.877431
v -0.209370 0.012161 -0.492856
v -0.214468 0.012537 -0.850607
v -0.214468 -0.063344 -0.516774
v -0.214468 -0.068970 -0.525705
v -0.214468 -0.063344 -0.881745
v -0.209370 -0.062968 -0.874525
v -0.214468 0.018163 -0.489950
v -0.214468 0.012538 -0.485636
v -0.214468 0.018163 -0.841676
v -0.209370 0.012161 -0.843696
v -0.214468 -0.068970 -0.701568
v -0.214468 0.018163 -0.665813
v -0.209370 -0.062968 -0.699105
v -0.209370 0.012161 -0.668276
v -0.238212 -0.068970 -0.846587
v -0.238212 -0.068970 -0.732412
v -0.238212 0.018163 -0.810832
v -0.238212 0.018163 -0.696657
v -0.238212 -0.068970 -0.670724
v -0.238212 -0.068970 -0.556549
v -0.238212 0.018163 -0.520794
v -0.238212 0.018163 -0.634969
v -0.252137 -0.048355 -0.875595
v -0.343154 -0.048355 -0.875595
v -0.343154 -0.002452 -0.856758
v -0.252137 -0.002452 -0.856758
v -0.343154 -0.048355 -0.510623
v -0.252137 -0.048355 -0.510623
v -0.252137 -0.002452 -0.491787
v -0.343154 -0.002452 -0.491787
v -0.343154 -0.053981 -0.840436
v -0.251796 -0.053981 -0.840436
v -0.251796 0.003174 -0.816983
v -0.343154 0.003174 -0.816983
v -0.251796 -0.053981 -0.550398
v -0.343154 -0.053981 -0.550398
v -0.343154 0.003174 -0.526945
v -0.251796 0.003174 -0.526945
v -0.209370 -0.053128 -0.569011
v -0.209370 -0.053128 -0.645599
v -0.209370 0.002513 -0.622810
v -0.209370 0.002513 -0.546368
v -0.209370 -0.053128 -0.744793
v -0.209370 -0.053128 -0.821436
v -0.209370 0.002513 -0.798356
v -0.209370 0.002513 -0.721859
v -0.238212 -0.052978 -0.821197
v -0.238212 -0.052978 -0.744677
v -0.238212 0.002171 -0.722047
v -0.238212 0.002171 -0.798567
v -0.238212 -0.052978 -0.645335
v -0.238212 -0.052978 -0.568814
v -0.238212 0.002171 -0.546184
v -0.238212 0.002171 -0.622704
v -0.504110 -0.062968 -0.523686
v -0.499012 -0.063344 -0.516774
v -0.499012 -0.068970 -0.525705
v -0.499012 -0.068970 -0.877431
v -0.499012 -0.063344 -0.881745
v -0.504110 -0.062968 -0.874525
v -0.504110 0.012161 -0.492856
v -0.499012 0.018163 -0.489950
v -0.499012 0.012538 -0.485636
v -0.499012 0.012537 -0.850607
v -0.499012 0.018163 -0.841676
v -0.504110 0.012161 -0.843696
v -0.504110 -0.062968 -0.699105
v -0.499012 -0.068970 -0.701568
v -0.356740 -0.063344 -0.516774
v -0.356740 -0.068970 -0.525705
v -0.504110 0.012161 -0.668276
v -0.499012 0.018163 -0.665813
v -0.356740 0.012537 -0.850607
v -0.356740 0.018163 -0.841676
v -0.356740 -0.068970 -0.877431
v -0.356740 -0.063344 -0.881745
v -0.356740 0.018163 -0.489950
v -0.356740 0.012538 -0.485636
v -0.475268 -0.068970 -0.846587
v -0.356740 -0.068970 -0.846587
v -0.475268 -0.068970 -0.732412
v -0.356740 -0.068970 -0.701568
v -0.356740 -0.068970 -0.732412
v -0.356740 0.018163 -0.810832
v -0.475268 0.018163 -0.810832
v -0.356740 0.018163 -0.665813
v -0.475268 0.018163 -0.696657
v -0.356740 0.018163 -0.696657
v -0.475268 -0.068969 -0.670724
v -0.356740 -0.068969 -0.670724
v -0.475268 -0.068970 -0.556549
v -0.356740 -0.068970 -0.556549
v -0.475268 0.018163 -0.520794
v -0.356740 0.018163 -0.520794
v -0.475268 0.018163 -0.634969
v -0.356740 0.018163 -0.634969
v -0.370325 -0.048355 -0.875595
v -0.461342 -0.048355 -0.875595
v -0.370325 -0.002452 -0.856758
v -0.461342 -0.002452 -0.856758
v -0.461342 -0.048355 -0.510623
v -0.370325 -0.048355 -0.510623
v -0.461342 -0.002452 -0.491787
v -0.370325 -0.002452 -0.491787
v -0.461683 -0.053981 -0.840436
v -0.370325 -0.053981 -0.840436
v -0.461683 0.003174 -0.816983
v -0.370325 0.003174 -0.816983
v -0.370325 -0.053981 -0.550398
v -0.461683 -0.053981 -0.550398
v -0.370325 0.003174 -0.526945
v -0.461683 0.003174 -0.526945
v -0.504110 -0.053128 -0.645599
v -0.504110 -0.053128 -0.569011
v -0.504110 0.002513 -0.622810
v -0.504110 0.002513 -0.546368
v -0.504110 -0.053128 -0.821436
v -0.504110 -0.053128 -0.744793
v -0.504110 0.002513 -0.798356
v -0.504110 0.002513 -0.721858
v -0.475268 -0.052978 -0.744677
v -0.475268 -0.052978 -0.821197
v -0.475268 0.002171 -0.722047
v -0.475268 0.002171 -0.798567
v -0.475268 -0.052978 -0.568814
v -0.475268 -0.052978 -0.645335
v -0.475268 0.002171 -0.546184
v -0.475268 0.002171 -0.622704
v 0.182978 -0.460245 -0.302167
v 0.182978 -0.439247 -0.327191
v 0.182978 -0.433575 -0.359361
v 0.193153 -0.476033 -0.324716
v 0.193153 -0.464195 -0.338824
v 0.193153 -0.460997 -0.356962
v 0.185110 -0.496441 -0.353861
v 0.182978 -1.007817 0.004209
v 0.182978 -0.988299 0.020587
v 0.182978 -0.963206 0.025011
v 0.193153 -0.945099 0.007962
v 0.193153 -0.979225 0.001128
v 0.193153 -0.965078 0.003622
v 0.193153 -0.951578 -0.001291
v 0.185110 -0.967496 -0.024024
v 0.193153 -0.466081 -0.310502
v 0.193153 -0.448469 -0.331491
v 0.193153 -0.443711 -0.358474
v 0.193153 -0.983999 0.011365
v 0.193153 -0.964093 0.014875
v 0.182978 -0.939263 0.016297
v 0.193153 -0.493340 -0.318417
v 0.193153 -0.511478 -0.321615
v 0.193153 -0.942344 -0.012296
v 0.193153 -0.939850 -0.026443
v 0.193153 -0.944763 -0.039942
v 0.185110 -0.478431 -0.328139
v 0.185110 -0.467983 -0.340591
v 0.185110 -0.465161 -0.356597
v 0.185110 -0.522162 -0.335850
v 0.185110 -0.509711 -0.325403
v 0.185110 -0.493704 -0.322580
v 0.185110 -0.987559 -0.009976
v 0.185110 -0.977847 -0.001827
v 0.185110 -0.965362 0.000375
v 0.185110 -0.953448 -0.003962
v 0.185110 -0.945299 -0.013674
v 0.185110 -0.943097 -0.026159
v 0.185110 -0.947434 -0.038072
v 0.171460 -0.439247 -0.327191
v 0.171460 -0.433575 -0.359361
v 0.149766 -0.466081 -0.310502
v 0.149766 -0.448469 -0.331491
v 0.149766 -0.464195 -0.338824
v 0.149766 -0.476033 -0.324716
v 0.149766 -0.443711 -0.358474
v 0.149766 -0.460997 -0.356962
v 0.157809 -0.496441 -0.353861
v 0.157809 -0.478431 -0.328139
v 0.157809 -0.467983 -0.340591
v 0.157809 -0.465161 -0.356597
v 0.149766 -0.999483 -0.001627
v 0.149766 -0.983999 0.011365
v 0.149766 -0.979225 0.001128
v 0.149766 -0.990229 -0.008106
v 0.149766 -0.964093 0.014875
v 0.149766 -0.965078 0.003622
v 0.149766 -0.945099 0.007962
v 0.149766 -0.951578 -0.001291
v 0.157809 -0.967496 -0.024024
v 0.157809 -0.977847 -0.001827
v 0.157809 -0.965362 0.000375
v 0.157809 -0.953448 -0.003962
v 0.157809 -0.945299 -0.013674
v 0.159941 -0.439247 -0.327191
v 0.159941 -0.460245 -0.302167
v 0.159941 -0.433575 -0.359361
v 0.159941 -0.988299 0.020587
v 0.159941 -0.963206 0.025011
v 0.159941 -0.939263 0.016297
v 0.157809 -0.509711 -0.325403
v 0.149766 -0.493340 -0.318417
v 0.149766 -0.942344 -0.012296
v 0.157809 -0.493704 -0.322580
v 0.157809 -0.943097 -0.026159
v 0.149766 -0.525586 -0.333453
v 0.149766 -0.511478 -0.321615
v 0.149766 -0.939850 -0.026443
v 0.149766 -0.944763 -0.039942
v 0.171460 -0.460245 -0.302167
v 0.171460 -0.988299 0.020587
v 0.171460 -1.007817 0.004209
v 0.171460 -0.963206 0.025011
v 0.171460 -0.939263 0.016297
v 0.193153 -0.526801 -0.397220
v 0.193153 -0.501054 -0.406591
v 0.193153 -0.499542 -0.389305
v 0.193153 -0.516849 -0.383006
v 0.193153 -0.474071 -0.401833
v 0.193153 -0.481405 -0.386107
v 0.193153 -0.453082 -0.384221
v 0.193153 -0.467296 -0.374268
v 0.185110 -0.514451 -0.379582
v 0.185110 -0.499178 -0.385141
v 0.185110 -0.483171 -0.382319
v 0.185110 -0.470720 -0.371871
v 0.193153 -0.999483 -0.001627
v 0.193153 -1.006396 -0.020621
v 0.193153 -0.995143 -0.021605
v 0.193153 -0.990229 -0.008106
v 0.193153 -1.002886 -0.040527
v 0.193153 -0.992648 -0.035753
v 0.193153 -0.989893 -0.056010
v 0.193153 -0.983414 -0.046757
v 0.185110 -0.991895 -0.021890
v 0.185110 -0.989694 -0.034375
v 0.185110 -0.981544 -0.044087
v 0.185110 -0.969631 -0.048423
v 0.182978 -0.501941 -0.416727
v 0.182978 -0.532637 -0.405554
v 0.182978 -0.469771 -0.411054
v 0.182978 -0.444747 -0.390057
v 0.182978 -1.016532 -0.019734
v 0.182978 -1.012107 -0.044827
v 0.182978 -0.995729 -0.064345
v 0.185110 -0.527722 -0.351124
v 0.193153 -0.528687 -0.368897
v 0.193153 -0.969915 -0.051671
v 0.185110 -0.524899 -0.367131
v 0.185110 -0.957146 -0.046222
v 0.193153 -0.525586 -0.333453
v 0.193153 -0.531885 -0.350760
v 0.193153 -0.955768 -0.049176
v 0.171460 -0.501941 -0.416727
v 0.171460 -0.532637 -0.405554
v 0.171460 -0.469771 -0.411054
v 0.171460 -0.444747 -0.390057
v 0.171460 -1.016532 -0.019734
v 0.171460 -1.012107 -0.044827
v 0.171460 -0.995729 -0.064345
v 0.149766 -0.526801 -0.397220
v 0.149766 -0.516849 -0.383006
v 0.149766 -0.499542 -0.389305
v 0.149766 -0.501054 -0.406591
v 0.149766 -0.481405 -0.386107
v 0.149766 -0.474071 -0.401833
v 0.149766 -0.467296 -0.374268
v 0.149766 -0.453082 -0.384221
v 0.157809 -0.499178 -0.385141
v 0.157809 -0.514451 -0.379582
v 0.157809 -0.483171 -0.382319
v 0.157809 -0.470720 -0.371871
v 0.149766 -0.995143 -0.021605
v 0.149766 -1.006396 -0.020621
v 0.149766 -0.992648 -0.035753
v 0.149766 -1.002886 -0.040527
v 0.149766 -0.983414 -0.046757
v 0.149766 -0.989893 -0.056010
v 0.157809 -0.991895 -0.021890
v 0.157809 -0.987559 -0.009976
v 0.157809 -0.989694 -0.034375
v 0.157809 -0.981544 -0.044087
v 0.157809 -0.969631 -0.048423
v 0.159941 -0.501941 -0.416727
v 0.159941 -0.532637 -0.405554
v 0.159941 -0.469771 -0.411054
v 0.159941 -0.444747 -0.390057
v 0.159941 -1.016532 -0.019734
v 0.159941 -1.007817 0.004209
v 0.159941 -1.012107 -0.044827
v 0.159941 -0.995729 -0.064345
v 0.157809 -0.527722 -0.351124
v 0.157809 -0.522162 -0.335850
v 0.149766 -0.969915 -0.051671
v 0.149766 -0.528687 -0.368897
v 0.157809 -0.524899 -0.367131
v 0.157809 -0.957146 -0.046222
v 0.157809 -0.947434 -0.038072
v 0.149766 -0.531885 -0.350760
v 0.149766 -0.955768 -0.049176
v 0.184629 -0.983892 -0.012544
v 0.184629 -0.970963 -0.004308
v 0.184629 -0.955998 -0.007626
v 0.184629 -0.947762 -0.020554
v 0.184629 -0.951080 -0.035519
v 0.184629 -0.964008 -0.043756
v 0.184629 -0.978973 -0.040438
v 0.184629 -0.987209 -0.027510
v 0.221316 -0.983892 -0.012544
v 0.221316 -0.970963 -0.004308
v 0.221316 -0.955998 -0.007626
v 0.221316 -0.947762 -0.020554
v 0.221316 -0.951080 -0.035519
v 0.221316 -0.964008 -0.043756
v 0.221316 -0.978973 -0.040438
v 0.221316 -0.987209 -0.027510
v 0.209370 -0.929914 -0.184036
v 0.214468 -0.923913 0.169709
v 0.209370 -1.005043 -0.214865
v 0.214468 -1.005420 0.142885
v 0.214468 -0.929538 -0.190947
v 0.214468 -0.923913 -0.182016
v 0.214468 -0.929538 0.174024
v 0.209370 -0.929914 0.166803
v 0.214468 -1.011045 -0.217771
v 0.214468 -1.005419 -0.222086
v 0.214468 -1.011045 0.133954
v 0.209370 -1.005043 0.135974
v 0.214468 -0.923913 -0.006154
v 0.214468 -1.011045 -0.041909
v 0.209370 -0.929914 -0.008617
v 0.209370 -1.005043 -0.039446
v 0.238212 -0.923913 0.138865
v 0.238212 -0.923913 0.024690
v 0.238212 -1.011045 0.103110
v 0.238212 -1.011045 -0.011065
v 0.238212 -0.923913 -0.036998
v 0.238212 -0.923913 -0.151172
v 0.238212 -1.011045 -0.186927
v 0.238212 -1.011045 -0.072753
v 0.252137 -0.944527 0.167873
v 0.343154 -0.944527 0.167873
v 0.343154 -0.990431 0.149036
v 0.252137 -0.990431 0.149036
v 0.343154 -0.944527 -0.197098
v 0.252137 -0.944527 -0.197098
v 0.252137 -0.990431 -0.215935
v 0.343154 -0.990431 -0.215935
v 0.343154 -0.938902 0.132714
v 0.251796 -0.938902 0.132714
v 0.251796 -0.996056 0.109261
v 0.343154 -0.996056 0.109261
v 0.251796 -0.938901 -0.157323
v 0.343154 -0.938901 -0.157323
v 0.343154 -0.996056 -0.180777
v 0.251796 -0.996056 -0.180777
v 0.209370 -0.939754 -0.138710
v 0.209370 -0.939754 -0.062123
v 0.209370 -0.995395 -0.084912
v 0.209370 -0.995395 -0.161354
v 0.209370 -0.939754 0.037071
v 0.209370 -0.939754 0.113714
v 0.209370 -0.995395 0.090634
v 0.209370 -0.995395 0.014137
v 0.238212 -0.939904 0.113476
v 0.238212 -0.939904 0.036955
v 0.238212 -0.995053 0.014325
v 0.238212 -0.995053 0.090845
v 0.238212 -0.939904 -0.062387
v 0.238212 -0.939904 -0.138907
v 0.238212 -0.995053 -0.161538
v 0.238212 -0.995053 -0.085018
v 0.504110 -0.929914 -0.184036
v 0.499012 -0.929538 -0.190948
v 0.499012 -0.923913 -0.182016
v 0.499012 -0.923913 0.169709
v 0.499012 -0.929538 0.174024
v 0.504110 -0.929914 0.166803
v 0.504110 -1.005043 -0.214865
v 0.499012 -1.011045 -0.217771
v 0.499012 -1.005419 -0.222086
v 0.499012 -1.005420 0.142885
v 0.499012 -1.011045 0.133954
v 0.504110 -1.005043 0.135974
v 0.504110 -0.929914 -0.008617
v 0.499012 -0.923913 -0.006154
v 0.356740 -0.929538 -0.190948
v 0.356740 -0.923913 -0.182016
v 0.504110 -1.005043 -0.039446
v 0.499012 -1.011045 -0.041909
v 0.356740 -1.005420 0.142885
v 0.356740 -1.011045 0.133954
v 0.356740 -0.923913 0.169709
v 0.356740 -0.929538 0.174024
v 0.356740 -1.011045 -0.217771
v 0.356740 -1.005419 -0.222086
v 0.475268 -0.923913 0.138865
v 0.356740 -0.923913 0.138865
v 0.475268 -0.923913 0.024690
v 0.356740 -0.923913 -0.006154
v 0.356740 -0.923913 0.024690
v 0.356740 -1.011045 0.103110
v 0.475268 -1.011045 0.103110
v 0.356740 -1.011045 -0.041909
v 0.475268 -1.011045 -0.011065
v 0.356740 -1.011045 -0.011065
v 0.475268 -0.923913 -0.036998
v 0.356740 -0.923913 -0.036998
v 0.475268 -0.923913 -0.151172
v 0.356740 -0.923913 -0.151172
v 0.475268 -1.011045 -0.186927
v 0.356740 -1.011045 -0.186927
v 0.475268 -1.011045 -0.072753
v 0.356740 -1.011045 -0.072753
v 0.370325 -0.944527 0.167873
v 0.461342 -0.944527 0.167873
v 0.370325 -0.990431 0.149036
v 0.461342 -0.990431 0.149036
v 0.461342 -0.944527 -0.197098
v 0.370325 -0.944527 -0.197098
v 0.461342 -0.990431 -0.215935
v 0.370325 -0.990431 -0.215935
v 0.461683 -0.938902 0.132714
v 0.370325 -0.938902 0.132714
v 0.461683 -0.996056 0.109261
v 0.370325 -0.996056 0.109261
v 0.370325 -0.938901 -0.157323
v 0.461683 -0.938901 -0.157323
v 0.370325 -0.996056 -0.180777
v 0.461683 -0.996056 -0.180777
v 0.504110 -0.939754 -0.062123
v 0.504110 -0.939754 -0.138710
v 0.504110 -0.995395 -0.084912
v 0.504110 -0.995395 -0.161354
v 0.504110 -0.939754 0.113714
v 0.504110 -0.939754 0.037071
v 0.504110 -0.995395 0.090634
v 0.504110 -0.995395 0.014137
v 0.475268 -0.939904 0.036955
v 0.475268 -0.939904 0.113476
v 0.475268 -0.995053 0.014325
v 0.475268 -0.995053 0.090845
v 0.475268 -0.939904 -0.138907
v 0.475268 -0.939904 -0.062387
v 0.475268 -0.995053 -0.161538
v 0.475268 -0.995053 -0.085018
v -0.125571 -0.496441 -0.036995
v -0.125571 -0.472199 -0.014912
v -0.125571 -0.451346 -0.040220
v -0.125571 -0.424208 -0.021812
v -0.125571 -0.407170 -0.049830
v -0.125571 -0.377688 -0.035471
v -0.125571 -0.364810 -0.065630
v -0.125571 -0.333585 -0.055613
v -0.125571 -0.325131 -0.087296
v -0.125571 -0.292798 -0.081825
v -0.125571 -0.288938 -0.114390
v -0.125571 -0.256156 -0.113576
v -0.125571 -0.256970 -0.146358
v -0.125571 -0.224405 -0.150217
v -0.125571 -0.229877 -0.182550
v -0.125571 -0.198193 -0.191005
v -0.125571 -0.208210 -0.222230
v -0.125571 -0.178052 -0.235108
v -0.125571 -0.192411 -0.264589
v -0.125571 -0.164392 -0.281628
v -0.125571 -0.182801 -0.308766
v -0.125571 -0.157492 -0.329619
v -0.125571 -0.835390 -0.329619
v -0.125571 -0.810082 -0.308766
v -0.125571 -0.828490 -0.281628
v -0.125571 -0.800472 -0.264589
v -0.125571 -0.814830 -0.235108
v -0.125571 -0.784672 -0.222230
v -0.125571 -0.794689 -0.191005
v -0.125571 -0.763005 -0.182550
v -0.125571 -0.768477 -0.150217
v -0.125571 -0.735912 -0.146358
v -0.125571 -0.736726 -0.113575
v -0.125571 -0.703944 -0.114390
v -0.125571 -0.700085 -0.081825
v -0.125571 -0.667752 -0.087296
v -0.125571 -0.659297 -0.055612
v -0.125571 -0.628072 -0.065630
v -0.125571 -0.615194 -0.035471
v -0.125571 -0.585712 -0.049830
v -0.125571 -0.568674 -0.021812
v -0.125571 -0.541536 -0.040220
v -0.125571 -0.520683 -0.014912
v -0.125571 -0.813307 -0.353861
v -0.125571 -0.537912 -0.065425
v -0.125571 -0.454687 -0.063455
v -0.125571 -0.375389 -0.088793
v -0.125571 -0.304310 -0.132130
v -0.125571 -0.251299 -0.196317
v -0.125571 -0.214933 -0.271203
v -0.125571 -0.789834 -0.353861
v -0.125571 -0.776039 -0.271763
v -0.125571 -0.743258 -0.195241
v -0.125571 -0.687268 -0.133634
v -0.125571 -0.618321 -0.086982
v -0.125571 -0.525523 -0.151588
v -0.125571 -0.467160 -0.150206
v -0.125571 -0.411550 -0.167975
v -0.125571 -0.361704 -0.198366
v -0.125571 -0.324529 -0.243379
v -0.125571 -0.299026 -0.295895
v -0.125571 -0.702190 -0.353861
v -0.125571 -0.692516 -0.296288
v -0.125571 -0.669528 -0.242624
v -0.125571 -0.630264 -0.199421
v -0.125571 -0.581912 -0.166705
v -0.125571 -0.226654 -0.327678
v -0.125571 -0.211821 -0.353861
v -0.125571 -0.271151 -0.353861
v -0.125571 -0.256319 -0.327678
v -0.125571 -0.283678 -0.185924
v -0.125571 -0.257308 -0.199510
v -0.125571 -0.255889 -0.229142
v -0.125571 -0.280841 -0.245186
v -0.125571 -0.307211 -0.231599
v -0.125571 -0.308630 -0.201968
v -0.125571 -0.408310 -0.097533
v -0.125571 -0.378781 -0.094699
v -0.125571 -0.361562 -0.118855
v -0.125571 -0.373872 -0.145845
v -0.125571 -0.403401 -0.148680
v -0.125571 -0.420621 -0.124524
v -0.125571 -0.537642 -0.072238
v -0.125571 -0.510094 -0.083243
v -0.125571 -0.505850 -0.112603
v -0.125571 -0.529155 -0.130958
v -0.125571 -0.556704 -0.119953
v -0.125571 -0.560947 -0.090593
v -0.125571 -0.692760 -0.166966
v -0.125571 -0.683036 -0.138940
v -0.125571 -0.653903 -0.133348
v -0.125571 -0.634494 -0.155782
v -0.125571 -0.644217 -0.183808
v -0.125571 -0.673351 -0.189400
v -0.125571 -0.762561 -0.302374
v -0.125571 -0.769490 -0.273530
v -0.125571 -0.747974 -0.253107
v -0.125571 -0.719530 -0.261529
v -0.125571 -0.712601 -0.290373
v -0.125571 -0.734117 -0.310796
v -0.109773 -0.472199 -0.014912
v -0.109773 -0.451346 -0.040220
v -0.109773 -0.496441 -0.036995
v -0.109773 -0.424208 -0.021812
v -0.109773 -0.407170 -0.049830
v -0.109773 -0.377688 -0.035471
v -0.109773 -0.364810 -0.065630
v -0.109773 -0.333585 -0.055613
v -0.109773 -0.325131 -0.087296
v -0.109773 -0.292798 -0.081825
v -0.109773 -0.288938 -0.114390
v -0.109773 -0.256156 -0.113576
v -0.109773 -0.256970 -0.146358
v -0.109773 -0.224405 -0.150217
v -0.109773 -0.229877 -0.182550
v -0.109773 -0.198193 -0.191005
v -0.109773 -0.208210 -0.222230
v -0.109773 -0.178052 -0.235108
v -0.109773 -0.192411 -0.264589
v -0.109773 -0.164392 -0.281628
v -0.109773 -0.182801 -0.308766
v -0.109773 -0.157492 -0.329619
v -0.109773 -0.813307 -0.353861
v -0.109773 -0.835390 -0.329619
v -0.109773 -0.810082 -0.308766
v -0.109773 -0.828490 -0.281628
v -0.109773 -0.800472 -0.264589
v -0.109773 -0.814830 -0.235108
v -0.109773 -0.784672 -0.222230
v -0.109773 -0.794689 -0.191005
v -0.109773 -0.763005 -0.182550
v -0.109773 -0.768477 -0.150217
v -0.109773 -0.735912 -0.146358
v -0.109773 -0.736726 -0.113575
v -0.109773 -0.703944 -0.114390
v -0.109773 -0.700085 -0.081825
v -0.109773 -0.667752 -0.087296
v -0.109773 -0.659297 -0.055612
v -0.109773 -0.628072 -0.065630
v -0.109773 -0.615194 -0.035471
v -0.109773 -0.585712 -0.049830
v -0.109773 -0.568674 -0.021812
v -0.109773 -0.541536 -0.040220
v -0.109773 -0.520683 -0.014912
v -0.109773 -0.454687 -0.063455
v -0.109773 -0.537912 -0.065425
v -0.109773 -0.375389 -0.088793
v -0.109773 -0.304310 -0.132130
v -0.109773 -0.251299 -0.196317
v -0.109773 -0.214933 -0.271203
v -0.109773 -0.789834 -0.353861
v -0.109773 -0.776039 -0.271763
v -0.109773 -0.743258 -0.195241
v -0.109773 -0.687268 -0.133634
v -0.109773 -0.618321 -0.086982
v -0.109773 -0.211821 -0.353861
v -0.109773 -0.226654 -0.327678
v -0.109773 -0.292088 -0.353861
v -0.109773 -0.271151 -0.353861
v -0.109773 -0.299026 -0.295895
v -0.109773 -0.256319 -0.327678
v -0.109773 -0.257308 -0.199510
v -0.109773 -0.283678 -0.185924
v -0.109773 -0.255889 -0.229142
v -0.109773 -0.280841 -0.245186
v -0.109773 -0.324529 -0.243379
v -0.109773 -0.307211 -0.231599
v -0.109773 -0.361704 -0.198366
v -0.109773 -0.308630 -0.201968
v -0.109773 -0.378781 -0.094699
v -0.109773 -0.408310 -0.097533
v -0.109773 -0.361562 -0.118855
v -0.109773 -0.373872 -0.145845
v -0.109773 -0.411550 -0.167975
v -0.109773 -0.403401 -0.148680
v -0.109773 -0.467160 -0.150206
v -0.109773 -0.420621 -0.124524
v -0.109773 -0.510094 -0.083243
v -0.109773 -0.537642 -0.072238
v -0.109773 -0.505850 -0.112603
v -0.109773 -0.525523 -0.151588
v -0.109773 -0.529155 -0.130958
v -0.109773 -0.581912 -0.166705
v -0.109773 -0.556704 -0.119953
v -0.109773 -0.560947 -0.090593
v -0.109773 -0.683036 -0.138940
v -0.109773 -0.692760 -0.166966
v -0.109773 -0.653903 -0.133348
v -0.109773 -0.634494 -0.155782
v -0.109773 -0.630264 -0.199421
v -0.109773 -0.644217 -0.183808
v -0.109773 -0.669528 -0.242624
v -0.109773 -0.673351 -0.189400
v -0.109773 -0.769490 -0.273530
v -0.109773 -0.762561 -0.302374
v -0.109773 -0.747974 -0.253107
v -0.109773 -0.719530 -0.261529
v -0.109773 -0.692516 -0.296288
v -0.109773 -0.712601 -0.290373
v -0.109773 -0.702190 -0.353861
v -0.109773 -0.734117 -0.310796
v -0.125224 -0.562950 -0.231514
v -0.125224 -0.550741 -0.230790
v -0.125224 -0.538022 -0.227510
v -0.125224 -0.525875 -0.222512
v -0.125224 -0.515668 -0.215774
v -0.125224 -0.444305 -0.148888
v -0.125224 -0.436325 -0.144563
v -0.125224 -0.429099 -0.144896
v -0.125224 -0.423000 -0.148787
v -0.125224 -0.418969 -0.156919
v -0.125224 -0.399170 -0.252703
v -0.125224 -0.394708 -0.264090
v -0.125224 -0.387658 -0.275173
v -0.125224 -0.379151 -0.285181
v -0.125224 -0.369590 -0.292807
v -0.125224 -0.283925 -0.340008
v -0.125224 -0.277346 -0.346261
v -0.125224 -0.630817 -0.342688
v -0.125224 -0.634070 -0.330899
v -0.125224 -0.675630 -0.242360
v -0.125224 -0.677278 -0.233434
v -0.125224 -0.674729 -0.226664
v -0.125224 -0.669144 -0.222067
v -0.125224 -0.660164 -0.220746
v -0.141001 -0.562950 -0.231514
v -0.141001 -0.550741 -0.230790
v -0.141001 -0.538022 -0.227510
v -0.141001 -0.525875 -0.222512
v -0.141001 -0.515668 -0.215774
v -0.141001 -0.444305 -0.148888
v -0.141001 -0.436325 -0.144563
v -0.141001 -0.429099 -0.144896
v -0.141001 -0.423000 -0.148787
v -0.141001 -0.418969 -0.156919
v -0.141001 -0.399170 -0.252703
v -0.141001 -0.394708 -0.264090
v -0.141001 -0.387658 -0.275173
v -0.141001 -0.379151 -0.285181
v -0.141001 -0.369590 -0.292807
v -0.141001 -0.283925 -0.340008
v -0.141001 -0.277346 -0.346261
v -0.141001 -0.630817 -0.342688
v -0.141001 -0.634070 -0.330899
v -0.141001 -0.675630 -0.242360
v -0.141001 -0.677278 -0.233434
v -0.141001 -0.674729 -0.226664
v -0.141001 -0.669144 -0.222067
v -0.141001 -0.660164 -0.220746
v -0.125224 -0.629964 -0.353861
v -0.125224 -0.528940 -0.255125
v -0.125224 -0.445548 -0.195988
v -0.125224 -0.411453 -0.292367
v -0.125224 -0.631138 -0.257769
v -0.150467 -0.551241 -0.242537
v -0.150467 -0.534164 -0.239233
v -0.150467 -0.518514 -0.231643
v -0.150467 -0.445522 -0.165945
v -0.150467 -0.435347 -0.164284
v -0.150467 -0.427986 -0.171504
v -0.150467 -0.406171 -0.267254
v -0.150467 -0.397752 -0.282474
v -0.150467 -0.385697 -0.295013
v -0.150467 -0.300659 -0.344130
v -0.150467 -0.619825 -0.338377
v -0.150467 -0.659752 -0.248656
v -0.150467 -0.658187 -0.238466
v -0.150467 -0.649046 -0.233696
v -0.150467 -0.295935 -0.353861
v -0.125224 -0.496441 -0.353861
v -0.150467 -0.525625 -0.265194
v -0.150467 -0.450482 -0.211286
v -0.150467 -0.420117 -0.298639
v -0.150467 -0.618085 -0.267080
v -0.125571 -0.496441 -0.670727
v -0.125571 -0.472199 -0.692810
v -0.125571 -0.451346 -0.667501
v -0.125571 -0.424208 -0.685910
v -0.125571 -0.407170 -0.657891
v -0.125571 -0.377688 -0.672250
v -0.125571 -0.364810 -0.642092
v -0.125571 -0.333585 -0.652109
v -0.125571 -0.325131 -0.620425
v -0.125571 -0.292798 -0.625897
v -0.125571 -0.288938 -0.593332
v -0.125571 -0.256156 -0.594146
v -0.125571 -0.256970 -0.561364
v -0.125571 -0.224405 -0.557504
v -0.125571 -0.229877 -0.525171
v -0.125571 -0.198193 -0.516717
v -0.125571 -0.208210 -0.485492
v -0.125571 -0.178052 -0.472614
v -0.125571 -0.192411 -0.443132
v -0.125571 -0.164392 -0.426094
v -0.125571 -0.182801 -0.398955
v -0.125571 -0.157492 -0.378103
v -0.125571 -0.179575 -0.353861
v -0.125571 -0.835390 -0.378103
v -0.125571 -0.810082 -0.398956
v -0.125571 -0.828490 -0.426094
v -0.125571 -0.800472 -0.443132
v -0.125571 -0.814830 -0.472614
v -0.125571 -0.784672 -0.485492
v -0.125571 -0.794689 -0.516717
v -0.125571 -0.763005 -0.525171
v -0.125571 -0.768477 -0.557504
v -0.125571 -0.735912 -0.561364
v -0.125571 -0.736726 -0.594146
v -0.125571 -0.703944 -0.593332
v -0.125571 -0.700085 -0.625897
v -0.125571 -0.667752 -0.620425
v -0.125571 -0.659297 -0.652109
v -0.125571 -0.628072 -0.642092
v -0.125571 -0.615194 -0.672250
v -0.125571 -0.585712 -0.657891
v -0.125571 -0.568674 -0.685910
v -0.125571 -0.541536 -0.667501
v -0.125571 -0.520683 -0.692810
v -0.125571 -0.454687 -0.644267
v -0.125571 -0.537912 -0.642296
v -0.125571 -0.375389 -0.618929
v -0.125571 -0.304310 -0.575592
v -0.125571 -0.251299 -0.511404
v -0.125571 -0.214933 -0.436519
v -0.125571 -0.205040 -0.353861
v -0.125571 -0.776039 -0.435958
v -0.125571 -0.743258 -0.512481
v -0.125571 -0.687268 -0.574087
v -0.125571 -0.618321 -0.620740
v -0.125571 -0.226654 -0.380044
v -0.125571 -0.292088 -0.353861
v -0.125571 -0.299026 -0.411827
v -0.125571 -0.256319 -0.380044
v -0.125571 -0.257308 -0.508211
v -0.125571 -0.283678 -0.521798
v -0.125571 -0.255889 -0.478580
v -0.125571 -0.280841 -0.462536
v -0.125571 -0.324529 -0.464342
v -0.125571 -0.307211 -0.476123
v -0.125571 -0.361704 -0.509356
v -0.125571 -0.308630 -0.505754
v -0.125571 -0.378781 -0.613023
v -0.125571 -0.408311 -0.610188
v -0.125571 -0.361562 -0.588867
v -0.125571 -0.373872 -0.561877
v -0.125571 -0.411550 -0.539747
v -0.125571 -0.403401 -0.559042
v -0.125571 -0.467160 -0.557516
v -0.125571 -0.420621 -0.583198
v -0.125571 -0.510094 -0.624479
v -0.125571 -0.537642 -0.635484
v -0.125571 -0.505850 -0.595118
v -0.125571 -0.525523 -0.556134
v -0.125571 -0.529155 -0.576763
v -0.125571 -0.581912 -0.541017
v -0.125571 -0.556704 -0.587769
v -0.125571 -0.560947 -0.617129
v -0.125571 -0.683036 -0.568782
v -0.125571 -0.692760 -0.540756
v -0.125571 -0.653903 -0.574374
v -0.125571 -0.634494 -0.551940
v -0.125571 -0.630264 -0.508300
v -0.125571 -0.644217 -0.523914
v -0.125571 -0.669528 -0.465097
v -0.125571 -0.673351 -0.518322
v -0.125571 -0.769490 -0.434192
v -0.125571 -0.762561 -0.405347
v -0.125571 -0.747974 -0.454615
v -0.125571 -0.719530 -0.446193
v -0.125571 -0.692516 -0.411434
v -0.125571 -0.712601 -0.417348
v -0.125571 -0.734117 -0.396926
v -0.109773 -0.496441 -0.670727
v -0.109773 -0.451346 -0.667501
v -0.109773 -0.472199 -0.692810
v -0.109773 -0.424208 -0.685910
v -0.109773 -0.407170 -0.657891
v -0.109773 -0.364810 -0.642092
v -0.109773 -0.377688 -0.672250
v -0.109773 -0.333585 -0.652109
v -0.109773 -0.325131 -0.620425
v -0.109773 -0.288938 -0.593332
v -0.109773 -0.292798 -0.625897
v -0.109773 -0.256156 -0.594146
v -0.109773 -0.256970 -0.561364
v -0.109773 -0.229877 -0.525171
v -0.109773 -0.224405 -0.557504
v -0.109773 -0.198193 -0.516717
v -0.109773 -0.208210 -0.485492
v -0.109773 -0.192411 -0.443132
v -0.109773 -0.178052 -0.472614
v -0.109773 -0.164392 -0.426094
v -0.109773 -0.182801 -0.398955
v -0.109773 -0.179575 -0.353861
v -0.109773 -0.157492 -0.378103
v -0.109773 -0.835390 -0.378103
v -0.109773 -0.810082 -0.398956
v -0.109773 -0.800472 -0.443132
v -0.109773 -0.828490 -0.426094
v -0.109773 -0.814830 -0.472614
v -0.109773 -0.784672 -0.485492
v -0.109773 -0.763005 -0.525171
v -0.109773 -0.794689 -0.516717
v -0.109773 -0.768477 -0.557504
v -0.109773 -0.735912 -0.561364
v -0.109773 -0.703944 -0.593332
v -0.109773 -0.736726 -0.594146
v -0.109773 -0.700085 -0.625897
v -0.109773 -0.667752 -0.620425
v -0.109773 -0.628072 -0.642092
v -0.109773 -0.659297 -0.652109
v -0.109773 -0.615194 -0.672250
v -0.109773 -0.585712 -0.657891
v -0.109773 -0.541536 -0.667501
v -0.109773 -0.568674 -0.685910
v -0.109773 -0.520683 -0.692810
v -0.109773 -0.537912 -0.642296
v -0.109773 -0.454687 -0.644267
v -0.109773 -0.375389 -0.618929
v -0.109773 -0.304310 -0.575592
v -0.109773 -0.251299 -0.511404
v -0.109773 -0.214933 -0.436519
v -0.109773 -0.205040 -0.353861
v -0.109773 -0.776039 -0.435958
v -0.109773 -0.743258 -0.512481
v -0.109773 -0.687268 -0.574087
v -0.109773 -0.618321 -0.620740
v -0.109773 -0.226654 -0.380044
v -0.109773 -0.256319 -0.380044
v -0.109773 -0.299026 -0.411827
v -0.109773 -0.283678 -0.521798
v -0.109773 -0.257308 -0.508211
v -0.109773 -0.255889 -0.478580
v -0.109773 -0.280841 -0.462536
v -0.109773 -0.307211 -0.476123
v -0.109773 -0.324529 -0.464342
v -0.109773 -0.308630 -0.505754
v -0.109773 -0.361704 -0.509356
v -0.109773 -0.408311 -0.610188
v -0.109773 -0.378781 -0.613023
v -0.109773 -0.361562 -0.588867
v -0.109773 -0.373872 -0.561877
v -0.109773 -0.403401 -0.559042
v -0.109773 -0.411550 -0.539747
v -0.109773 -0.420621 -0.583198
v -0.109773 -0.467160 -0.557516
v -0.109773 -0.537642 -0.635484
v -0.109773 -0.510094 -0.624479
v -0.109773 -0.505850 -0.595118
v -0.109773 -0.529155 -0.576763
v -0.109773 -0.525523 -0.556134
v -0.109773 -0.556704 -0.587769
v -0.109773 -0.581912 -0.541017
v -0.109773 -0.560947 -0.617129
v -0.109773 -0.692760 -0.540756
v -0.109773 -0.683036 -0.568782
v -0.109773 -0.653903 -0.574374
v -0.109773 -0.634494 -0.551940
v -0.109773 -0.644217 -0.523914
v -0.109773 -0.630264 -0.508300
v -0.109773 -0.673351 -0.518322
v -0.109773 -0.669528 -0.465097
v -0.109773 -0.762561 -0.405347
v -0.109773 -0.769490 -0.434192
v -0.109773 -0.747974 -0.454615
v -0.109773 -0.719530 -0.446193
v -0.109773 -0.712601 -0.417348
v -0.109773 -0.692516 -0.411434
v -0.109773 -0.734117 -0.396926
v -0.125224 -0.562950 -0.476207
v -0.125224 -0.550741 -0.476932
v -0.141001 -0.550741 -0.476932
v -0.141001 -0.562950 -0.476207
v -0.125224 -0.538022 -0.480212
v -0.141001 -0.538022 -0.480212
v -0.125224 -0.525875 -0.485210
v -0.141001 -0.525875 -0.485210
v -0.125224 -0.515668 -0.491947
v -0.141001 -0.515668 -0.491947
v -0.125224 -0.444305 -0.558833
v -0.141001 -0.444305 -0.558833
v -0.125224 -0.436325 -0.563158
v -0.141001 -0.436325 -0.563158
v -0.125224 -0.429099 -0.562826
v -0.141001 -0.429099 -0.562826
v -0.125224 -0.423001 -0.558935
v -0.141001 -0.423001 -0.558935
v -0.125224 -0.418969 -0.550802
v -0.141001 -0.418969 -0.550802
v -0.125224 -0.399170 -0.455019
v -0.141001 -0.399170 -0.455019
v -0.125224 -0.394708 -0.443632
v -0.141001 -0.394708 -0.443632
v -0.125224 -0.387658 -0.432549
v -0.141001 -0.387658 -0.432549
v -0.125224 -0.379151 -0.422540
v -0.141001 -0.379151 -0.422540
v -0.125224 -0.369590 -0.414915
v -0.141001 -0.369590 -0.414915
v -0.125224 -0.283925 -0.367714
v -0.141001 -0.283925 -0.367714
v -0.125224 -0.277346 -0.361461
v -0.141001 -0.277346 -0.361461
v -0.125224 -0.275428 -0.353861
v -0.141001 -0.275428 -0.353861
v -0.125224 -0.630817 -0.365033
v -0.125224 -0.634070 -0.376823
v -0.141001 -0.634070 -0.376823
v -0.141001 -0.630817 -0.365033
v -0.125224 -0.675630 -0.465362
v -0.141001 -0.675630 -0.465362
v -0.125224 -0.677278 -0.474288
v -0.141001 -0.677278 -0.474288
v -0.125224 -0.674729 -0.481058
v -0.141001 -0.674729 -0.481058
v -0.125224 -0.669144 -0.485655
v -0.141001 -0.669144 -0.485655
v -0.125224 -0.660164 -0.486976
v -0.141001 -0.660164 -0.486976
v -0.141001 -0.629964 -0.353861
v -0.125224 -0.528940 -0.452597
v -0.150467 -0.551241 -0.465184
v -0.150467 -0.534164 -0.468489
v -0.150467 -0.518514 -0.476079
v -0.125224 -0.445548 -0.511734
v -0.150467 -0.445522 -0.541777
v -0.150467 -0.435347 -0.543437
v -0.150467 -0.427986 -0.536218
v -0.125224 -0.411453 -0.415355
v -0.150467 -0.406171 -0.440468
v -0.150467 -0.397752 -0.425248
v -0.150467 -0.385697 -0.412709
v -0.125224 -0.329485 -0.353861
v -0.150467 -0.300659 -0.363592
v -0.150467 -0.619825 -0.369345
v -0.150467 -0.617576 -0.353861
v -0.125224 -0.600771 -0.353861
v -0.125224 -0.631138 -0.449953
v -0.150467 -0.659752 -0.459065
v -0.150467 -0.658187 -0.469256
v -0.150467 -0.649046 -0.474026
v -0.150467 -0.525625 -0.442528
v -0.150467 -0.450482 -0.496435
v -0.150467 -0.420117 -0.409083
v -0.150467 -0.345661 -0.353861
v -0.150467 -0.590133 -0.353861
v -0.150467 -0.618085 -0.440642
v -0.150467 -0.496441 -0.353861
v -0.113232 -0.404781 -1.730172
v -0.113228 -0.425272 -1.739135
v -0.090916 -0.425267 -1.739133
v -0.090921 -0.404776 -1.730170
v -0.113232 -0.381385 -1.780223
v -0.113228 -0.398203 -1.795010
v -0.090917 -0.398200 -1.795008
v -0.090921 -0.381382 -1.780221
v -0.113232 -0.341941 -1.812076
v -0.113229 -0.351868 -1.832206
v -0.090917 -0.351867 -1.832204
v -0.090920 -0.341940 -1.812073
v -0.113231 -0.297545 -1.822479
v -0.113229 -0.297557 -1.844939
v -0.090918 -0.297557 -1.844937
v -0.090920 -0.297545 -1.822477
v -0.113231 -0.252501 -1.812057
v -0.113230 -0.242634 -1.832224
v -0.090918 -0.242634 -1.832223
v -0.090919 -0.252501 -1.812056
v -0.113230 -0.212379 -1.772889
v -0.113230 -0.192042 -1.783909
v -0.090919 -0.192042 -1.783909
v -0.090919 -0.212379 -1.772889
v -0.113230 -0.197779 -1.718329
v -0.113230 -0.175908 -1.718345
v -0.090919 -0.175908 -1.718345
v -0.090918 -0.197778 -1.718329
v -0.128801 -0.179283 -0.354503
v -0.128855 -0.156957 -0.353348
v -0.106543 -0.156917 -0.353219
v -0.106489 -0.179243 -0.354373
v -0.128796 -0.187746 -0.281186
v -0.128859 -0.165876 -0.276082
v -0.106548 -0.165815 -0.276068
v -0.106485 -0.187685 -0.281171
v -0.128796 -0.211614 -0.214484
v -0.128860 -0.191448 -0.204617
v -0.106548 -0.191390 -0.204588
v -0.106484 -0.211556 -0.214456
v -0.128795 -0.249065 -0.155611
v -0.128860 -0.231555 -0.141568
v -0.106549 -0.231504 -0.141527
v -0.106484 -0.249014 -0.155570
v -0.128794 -0.298192 -0.106485
v -0.128861 -0.284149 -0.088975
v -0.106549 -0.284107 -0.088923
v -0.106483 -0.298150 -0.106433
v -0.128794 -0.357065 -0.069035
v -0.128861 -0.347198 -0.048869
v -0.106550 -0.347168 -0.048808
v -0.106482 -0.357036 -0.068974
v -0.128793 -0.423767 -0.045169
v -0.128862 -0.418663 -0.023299
v -0.106551 -0.418648 -0.023231
v -0.106482 -0.423751 -0.045102
v -0.128792 -0.496441 -0.036785
v -0.128863 -0.496441 -0.014325
v -0.106551 -0.496441 -0.014255
v -0.106481 -0.496441 -0.036714
v -0.128792 -0.569115 -0.045170
v -0.128863 -0.574219 -0.023300
v -0.106552 -0.574235 -0.023230
v -0.106481 -0.569132 -0.045100
v -0.128791 -0.635816 -0.069037
v -0.128864 -0.645683 -0.048871
v -0.106553 -0.645716 -0.048806
v -0.106480 -0.635848 -0.068971
v -0.128791 -0.694688 -0.106488
v -0.128865 -0.708731 -0.088978
v -0.106553 -0.708778 -0.088920
v -0.106479 -0.694735 -0.106430
v -0.128790 -0.743813 -0.155614
v -0.128865 -0.761323 -0.141571
v -0.106554 -0.761382 -0.141524
v -0.106479 -0.743872 -0.155567
v -0.128789 -0.781263 -0.214487
v -0.128866 -0.801429 -0.204619
v -0.106555 -0.801498 -0.204586
v -0.106478 -0.781332 -0.214453
v -0.128789 -0.805128 -0.281187
v -0.128866 -0.826999 -0.276084
v -0.106555 -0.827075 -0.276066
v -0.106477 -0.805205 -0.281170
v -0.128794 -0.813493 -0.353638
v -0.128861 -0.836026 -0.354280
v -0.106550 -0.836072 -0.354084
v -0.106482 -0.813538 -0.353441
v -0.127398 -0.803355 -0.431999
v -0.127426 -0.825443 -0.435207
v -0.105116 -0.825510 -0.434926
v -0.105088 -0.803422 -0.431718
v -0.114095 -0.196751 -1.642561
v -0.114960 -0.195724 -1.566793
v -0.115825 -0.194696 -1.491025
v -0.116690 -0.193669 -1.415257
v -0.117555 -0.192641 -1.339489
v -0.118420 -0.191614 -1.263721
v -0.119285 -0.190586 -1.187952
v -0.120150 -0.189558 -1.112184
v -0.121015 -0.188531 -1.036416
v -0.121880 -0.187503 -0.960648
v -0.122745 -0.186476 -0.884880
v -0.123610 -0.185448 -0.809112
v -0.124475 -0.184421 -0.733344
v -0.125340 -0.183393 -0.657576
v -0.126205 -0.182366 -0.581808
v -0.127071 -0.181338 -0.506040
v -0.127936 -0.180311 -0.430271
v -0.127987 -0.158010 -0.429182
v -0.127119 -0.159062 -0.505015
v -0.126251 -0.160115 -0.580848
v -0.125383 -0.161168 -0.656681
v -0.124515 -0.162221 -0.732514
v -0.123647 -0.163274 -0.808347
v -0.122779 -0.164327 -0.884180
v -0.121911 -0.165380 -0.960014
v -0.121042 -0.166432 -1.035847
v -0.120174 -0.167485 -1.111680
v -0.119306 -0.168538 -1.187513
v -0.118438 -0.169591 -1.263346
v -0.117570 -0.170644 -1.339180
v -0.116702 -0.171697 -1.415013
v -0.115834 -0.172750 -1.490846
v -0.114966 -0.173803 -1.566679
v -0.114098 -0.174855 -1.642512
v -0.105675 -0.157972 -0.429059
v -0.104807 -0.159027 -0.504899
v -0.103939 -0.160082 -0.580740
v -0.103071 -0.161137 -0.656580
v -0.102203 -0.162192 -0.732420
v -0.101335 -0.163247 -0.808261
v -0.100467 -0.164303 -0.884101
v -0.099599 -0.165358 -0.959942
v -0.098731 -0.166413 -1.035782
v -0.097863 -0.167468 -1.111622
v -0.096995 -0.168523 -1.187463
v -0.096127 -0.169578 -1.263303
v -0.095259 -0.170633 -1.339144
v -0.094391 -0.171688 -1.414984
v -0.093523 -0.172743 -1.490824
v -0.092655 -0.173798 -1.566665
v -0.091787 -0.174853 -1.642505
v -0.105624 -0.180273 -0.430149
v -0.104759 -0.181303 -0.505924
v -0.103894 -0.182333 -0.581699
v -0.103029 -0.183362 -0.657475
v -0.102164 -0.184392 -0.733250
v -0.101299 -0.185422 -0.809025
v -0.100434 -0.186451 -0.884801
v -0.099569 -0.187481 -0.960576
v -0.098704 -0.188511 -1.036351
v -0.097839 -0.189541 -1.112127
v -0.096974 -0.190570 -1.187902
v -0.096109 -0.191600 -1.263677
v -0.095244 -0.192630 -1.339453
v -0.094379 -0.193659 -1.415228
v -0.093513 -0.194689 -1.491003
v -0.092648 -0.195719 -1.566779
v -0.091783 -0.196749 -1.642554
v -0.126565 -0.779877 -0.509032
v -0.125731 -0.756398 -0.586066
v -0.124898 -0.732920 -0.663099
v -0.124065 -0.709442 -0.740133
v -0.123231 -0.685964 -0.817166
v -0.122398 -0.662485 -0.894200
v -0.121565 -0.639007 -0.971234
v -0.120732 -0.615528 -1.048267
v -0.119898 -0.592050 -1.125301
v -0.119065 -0.568572 -1.202334
v -0.118232 -0.545093 -1.279368
v -0.117399 -0.521615 -1.356401
v -0.116565 -0.498137 -1.433435
v -0.115732 -0.474658 -1.510468
v -0.114899 -0.451180 -1.587502
v -0.114066 -0.427702 -1.664535
v -0.114063 -0.448287 -1.673160
v -0.114898 -0.471859 -1.595788
v -0.115733 -0.495431 -1.518416
v -0.116568 -0.519004 -1.441044
v -0.117404 -0.542576 -1.363672
v -0.118239 -0.566148 -1.286300
v -0.119074 -0.589720 -1.208928
v -0.119909 -0.613293 -1.131556
v -0.120744 -0.636865 -1.054184
v -0.121580 -0.660437 -0.976812
v -0.122415 -0.684010 -0.899440
v -0.123250 -0.707582 -0.822068
v -0.124085 -0.731154 -0.744695
v -0.124920 -0.754726 -0.667323
v -0.125756 -0.778299 -0.589952
v -0.126591 -0.801871 -0.512580
v -0.091752 -0.448287 -1.673142
v -0.092587 -0.471863 -1.595754
v -0.093422 -0.495439 -1.518365
v -0.094257 -0.519016 -1.440977
v -0.095093 -0.542592 -1.363588
v -0.095928 -0.566169 -1.286200
v -0.096763 -0.589745 -1.208811
v -0.097599 -0.613322 -1.131423
v -0.098434 -0.636898 -1.054034
v -0.099269 -0.660475 -0.976646
v -0.100104 -0.684051 -0.899257
v -0.100940 -0.707628 -0.821869
v -0.101775 -0.731204 -0.744480
v -0.102610 -0.754780 -0.667092
v -0.103446 -0.778357 -0.589703
v -0.104281 -0.801933 -0.512315
v -0.091754 -0.427702 -1.664517
v -0.092588 -0.451184 -1.587467
v -0.093421 -0.474667 -1.510417
v -0.094254 -0.498149 -1.433367
v -0.095088 -0.521632 -1.356317
v -0.095921 -0.545114 -1.279267
v -0.096754 -0.568597 -1.202217
v -0.097588 -0.592079 -1.125167
v -0.098421 -0.615562 -1.048117
v -0.099255 -0.639044 -0.971067
v -0.100088 -0.662527 -0.894017
v -0.100921 -0.686009 -0.816968
v -0.101755 -0.709492 -0.739918
v -0.102588 -0.732974 -0.662868
v -0.103421 -0.756457 -0.585818
v -0.104255 -0.779939 -0.508768
v -0.109975 -0.297551 -1.616188
v -0.109975 -0.280103 -1.598636
v -0.109975 -0.268306 -1.620393
v -0.109975 -0.246619 -1.608468
v -0.109975 -0.241430 -1.632667
v -0.109975 -0.217262 -1.627335
v -0.109975 -0.219101 -1.652016
v -0.109975 -0.194409 -1.653708
v -0.109975 -0.203127 -1.676871
v -0.109975 -0.179913 -1.685452
v -0.109975 -0.194803 -1.705221
v -0.109975 -0.174946 -1.719994
v -0.109975 -0.194803 -1.734767
v -0.109975 -0.179913 -1.754536
v -0.109975 -0.203127 -1.763116
v -0.109975 -0.194409 -1.786279
v -0.109975 -0.219101 -1.787971
v -0.109975 -0.217262 -1.812652
v -0.109975 -0.241430 -1.807320
v -0.109975 -0.246619 -1.831519
v -0.109975 -0.268306 -1.819594
v -0.109975 -0.280103 -1.841351
v -0.109975 -0.297551 -1.823799
v -0.109975 -0.315000 -1.841351
v -0.109975 -0.326797 -1.819594
v -0.109975 -0.348483 -1.831519
v -0.109975 -0.353673 -1.807320
v -0.109975 -0.377841 -1.812652
v -0.109975 -0.376002 -1.787971
v -0.109975 -0.400693 -1.786279
v -0.109975 -0.391976 -1.763116
v -0.109975 -0.415190 -1.754535
v -0.109975 -0.400300 -1.734767
v -0.109975 -0.420157 -1.719994
v -0.109975 -0.400300 -1.705220
v -0.109975 -0.415190 -1.685452
v -0.109975 -0.391976 -1.676871
v -0.109975 -0.400693 -1.653708
v -0.109975 -0.376002 -1.652016
v -0.109975 -0.377841 -1.627335
v -0.109975 -0.353673 -1.632667
v -0.109975 -0.348483 -1.608468
v -0.109975 -0.326797 -1.620393
v -0.109975 -0.315000 -1.598636
v -0.109975 -0.297551 -1.719994
v -0.094173 -0.280103 -1.598636
v -0.094173 -0.268306 -1.620393
v -0.094173 -0.297551 -1.616188
v -0.094173 -0.246619 -1.608468
v -0.094173 -0.241430 -1.632667
v -0.094173 -0.217262 -1.627335
v -0.094173 -0.219101 -1.652016
v -0.094173 -0.194409 -1.653708
v -0.094173 -0.203127 -1.676871
v -0.094173 -0.179913 -1.685452
v -0.094173 -0.194803 -1.705221
v -0.094173 -0.174946 -1.719994
v -0.094173 -0.194803 -1.734767
v -0.094173 -0.179913 -1.754536
v -0.094173 -0.203127 -1.763116
v -0.094173 -0.194409 -1.786279
v -0.094173 -0.219101 -1.787971
v -0.094173 -0.217262 -1.812652
v -0.094173 -0.241430 -1.807320
v -0.094173 -0.246619 -1.831519
v -0.094173 -0.268306 -1.819594
v -0.094173 -0.280103 -1.841351
v -0.094173 -0.297551 -1.823799
v -0.094173 -0.315000 -1.841351
v -0.094173 -0.326797 -1.819594
v -0.094173 -0.348483 -1.831519
v -0.094173 -0.353673 -1.807320
v -0.094173 -0.377841 -1.812652
v -0.094173 -0.376002 -1.787971
v -0.094173 -0.400693 -1.786279
v -0.094173 -0.391976 -1.763116
v -0.094173 -0.415190 -1.754535
v -0.094173 -0.400300 -1.734767
v -0.094173 -0.420157 -1.719994
v -0.094173 -0.400300 -1.705220
v -0.094173 -0.415190 -1.685452
v -0.094173 -0.391976 -1.676871
v -0.094173 -0.400693 -1.653708
v -0.094173 -0.376002 -1.652016
v -0.094173 -0.377841 -1.627335
v -0.094173 -0.353673 -1.632667
v -0.094173 -0.348483 -1.608468
v -0.094173 -0.326797 -1.620393
v -0.094173 -0.315000 -1.598636
v -0.094173 -0.297551 -1.719994
v -0.037478 1.282084 0.963288
v -0.053001 1.270114 0.927773
v -0.037478 1.258145 0.892258
v -0.000000 1.253187 0.877547
v -0.037478 0.880262 1.098709
v -0.053001 0.868293 1.063194
v -0.037477 0.856324 1.027679
v 0.000000 0.851366 1.012968
v -0.000000 1.287041 0.977999
v 0.037478 1.282084 0.963288
v 0.037478 0.880262 1.098709
v 0.000000 0.885220 1.113420
v 0.053001 1.270114 0.927773
v 0.053002 0.868293 1.063194
v 0.037478 1.258145 0.892258
v 0.037478 0.856324 1.027679
v -0.501081 0.005186 -0.683689
v -0.501081 -0.003771 -0.705315
v -0.501081 -0.025396 -0.714272
v -0.501081 -0.047022 -0.705315
v -0.501081 -0.055979 -0.683689
v -0.501081 -0.047022 -0.662064
v -0.501081 -0.025397 -0.653107
v -0.501081 -0.003771 -0.662064
v -0.508099 0.005186 -0.683689
v -0.508099 -0.003771 -0.705315
v -0.508099 -0.025396 -0.714272
v -0.508099 -0.047022 -0.705315
v -0.508099 -0.055979 -0.683689
v -0.508099 -0.047022 -0.662064
v -0.508099 -0.025397 -0.653107
v -0.508099 -0.003771 -0.662064
v -0.512322 -0.025397 -0.683689
v -0.512322 -0.001262 -0.683689
v -0.512322 -0.008331 -0.700755
v -0.512322 -0.025397 -0.707824
v -0.512322 -0.042462 -0.700755
v -0.512322 -0.049531 -0.683689
v -0.512322 -0.042462 -0.666624
v -0.512322 -0.025397 -0.659555
v -0.512322 -0.008331 -0.666624
v 0.501081 -0.998068 -0.024032
v 0.501081 -0.989111 -0.002407
v 0.501081 -0.967486 0.006551
v 0.501081 -0.945860 -0.002407
v 0.501081 -0.936903 -0.024032
v 0.501081 -0.945860 -0.045657
v 0.501081 -0.967485 -0.054615
v 0.501081 -0.989111 -0.045657
v 0.508099 -0.998068 -0.024032
v 0.508099 -0.989111 -0.002407
v 0.508099 -0.967486 0.006551
v 0.508099 -0.945860 -0.002407
v 0.508099 -0.936903 -0.024032
v 0.508099 -0.945860 -0.045657
v 0.508099 -0.967485 -0.054615
v 0.508099 -0.989111 -0.045657
v 0.512322 -0.967485 -0.024032
v 0.512322 -0.991620 -0.024032
v 0.512322 -0.984551 -0.006967
v 0.512322 -0.967485 0.000102
v 0.512322 -0.950420 -0.006967
v 0.512322 -0.943351 -0.024032
v 0.512322 -0.950420 -0.041098
v 0.512322 -0.967486 -0.048167
v 0.512322 -0.984551 -0.041098
v 0.000000 1.281855 1.012274
vt 0.552795 0.644857
vt 0.550673 0.641335
vt 0.555051 0.644887
vt 0.581861 0.645243
vt 0.586331 0.641809
vt 0.584117 0.645274
vt 0.550706 0.638864
vt 0.555176 0.635429
vt 0.552920 0.635400
vt 0.581987 0.635786
vt 0.586364 0.639338
vt 0.584244 0.635816
vt 0.552795 0.644857
vt 0.555051 0.644887
vt 0.550673 0.641335
vt 0.581861 0.645243
vt 0.584117 0.645274
vt 0.586331 0.641809
vt 0.550706 0.638864
vt 0.555176 0.635429
vt 0.552920 0.635400
vt 0.581987 0.635786
vt 0.586364 0.639338
vt 0.584244 0.635816
vt 0.728768 0.482307
vt 0.733637 0.477409
vt 0.736929 0.483480
vt 0.742980 0.480152
vt 0.744428 0.486905
vt 0.751171 0.485417
vt 0.750658 0.492304
vt 0.757548 0.492776
vt 0.755116 0.499239
vt 0.761593 0.501633
vt 0.757438 0.507149
vt 0.762979 0.511271
vt 0.757438 0.515394
vt 0.761593 0.520910
vt 0.755116 0.523304
vt 0.757548 0.529767
vt 0.750658 0.530240
vt 0.751171 0.537126
vt 0.744428 0.535639
vt 0.742980 0.542391
vt 0.736929 0.539063
vt 0.733637 0.545134
vt 0.728768 0.540237
vt 0.723899 0.545134
vt 0.720608 0.539063
vt 0.714557 0.542391
vt 0.713108 0.535639
vt 0.706365 0.537126
vt 0.706878 0.530240
vt 0.699988 0.529767
vt 0.702421 0.523304
vt 0.695943 0.520910
vt 0.700098 0.515394
vt 0.694557 0.511272
vt 0.700098 0.507149
vt 0.695943 0.501633
vt 0.702421 0.499239
vt 0.699988 0.492776
vt 0.706878 0.492304
vt 0.706365 0.485417
vt 0.713108 0.486905
vt 0.714557 0.480152
vt 0.720608 0.483480
vt 0.723899 0.477409
vt 0.728768 0.511272
vt 0.946737 0.344802
vt 0.956677 0.343709
vt 0.952536 0.348220
vt 0.963028 0.345125
vt 0.965651 0.339393
vt 0.973422 0.333099
vt 0.972377 0.339133
vt 0.979530 0.330857
vt 0.978637 0.324617
vt 0.981772 0.315121
vt 0.984156 0.320762
vt 0.985699 0.309932
vt 0.981574 0.305165
vt 0.979077 0.295482
vt 0.984132 0.298939
vt 0.979576 0.288994
vt 0.973528 0.287214
vt 0.966193 0.280418
vt 0.972314 0.280593
vt 0.963104 0.274691
vt 0.957054 0.276462
vt 0.947209 0.274711
vt 0.952453 0.271549
vt 0.941514 0.271562
vt 0.937383 0.276324
vt 0.928154 0.280173
vt 0.930856 0.274678
vt 0.921661 0.280603
vt 0.920759 0.286843
vt 0.915076 0.295071
vt 0.914378 0.288987
vt 0.909847 0.298943
vt 0.912462 0.304679
vt 0.912129 0.314673
vt 0.908253 0.309932
vt 0.909823 0.320758
vt 0.915124 0.324170
vt 0.920247 0.332757
vt 0.914424 0.330865
vt 0.921597 0.339123
vt 0.927901 0.339127
vt 0.936854 0.343581
vt 0.930932 0.345138
vt 0.941431 0.348207
vt 0.946983 0.309891
vt 0.172379 0.968658
vt 0.168300 0.978619
vt 0.144433 0.969457
vt 0.157597 0.986133
vt 0.144997 0.989131
vt 0.135086 0.986778
vt 0.127678 0.979784
vt 0.124759 0.970023
vt 0.172957 0.960155
vt 0.170188 0.732887
vt 0.180373 0.732818
vt 0.183145 0.960047
vt 0.162770 0.960242
vt 0.160011 0.732888
vt 0.152585 0.960324
vt 0.149848 0.732856
vt 0.139636 0.960449
vt 0.136937 0.732839
vt 0.126564 0.960578
vt 0.124549 0.733441
vt 0.115804 0.960687
vt 0.113359 0.749906
vt 0.136391 0.689954
vt 0.136677 0.711637
vt 0.129801 0.711797
vt 0.134377 0.689956
vt 0.149401 0.689880
vt 0.149610 0.711379
vt 0.159616 0.689837
vt 0.159790 0.711202
vt 0.169817 0.689800
vt 0.169973 0.711058
vt 0.180007 0.689763
vt 0.180158 0.710953
vt 0.137460 0.648327
vt 0.149375 0.648201
vt 0.159578 0.648080
vt 0.169775 0.647999
vt 0.179966 0.648000
vt 0.139376 0.482451
vt 0.151242 0.482517
vt 0.161411 0.482526
vt 0.171592 0.482546
vt 0.181777 0.482618
vt 0.137770 0.482404
vt 0.135812 0.648294
vt 0.119827 0.647841
vt 0.121801 0.482168
vt 0.132448 0.689934
vt 0.118102 0.689100
vt 0.127951 0.711830
vt 0.116390 0.710904
vt 0.123150 0.732888
vt 0.114434 0.732216
vt 0.113389 0.747731
vt 0.210885 0.987276
vt 0.214931 0.509346
vt 0.205680 0.510132
vt 0.201641 0.987198
vt 0.222112 0.987371
vt 0.226183 0.507283
vt 0.233229 0.987465
vt 0.237332 0.504868
vt 0.241971 0.987538
vt 0.246103 0.502995
vt 0.250716 0.987612
vt 0.254868 0.501644
vt 0.259464 0.987687
vt 0.263620 0.501196
vt 0.055471 0.988763
vt 0.037127 0.988900
vt 0.033071 0.449608
vt 0.051337 0.439106
vt 0.022528 0.989010
vt 0.018530 0.457304
vt 0.013051 0.989081
vt 0.009074 0.460153
vt 0.097892 0.988446
vt 0.088415 0.988517
vt 0.084198 0.428056
vt 0.093674 0.427985
vt 0.073816 0.988626
vt 0.069602 0.428605
vt 0.035736 0.405237
vt 0.015292 0.416551
vt 0.012375 0.404813
vt 0.023687 0.425256
vt 0.035309 0.428599
vt 0.047045 0.425684
vt 0.055753 0.417292
vt 0.059099 0.405669
vt 0.065053 0.300987
vt 0.075999 0.301216
vt 0.076832 0.374677
vt 0.065894 0.375150
vt 0.053781 0.301069
vt 0.054624 0.375317
vt 0.042376 0.301192
vt 0.043218 0.375444
vt 0.030972 0.301319
vt 0.031813 0.375567
vt 0.019701 0.301486
vt 0.020540 0.375650
vt 0.008764 0.301960
vt 0.009594 0.375421
vt 0.092844 0.337669
vt 0.095940 0.325977
vt 0.116210 0.337599
vt 0.104466 0.317399
vt 0.116138 0.314234
vt 0.127829 0.317327
vt 0.136409 0.325852
vt 0.139576 0.337524
vt 0.065909 0.284182
vt 0.077974 0.284796
vt 0.077388 0.293730
vt 0.065519 0.293101
vt 0.079170 0.391053
vt 0.067122 0.391933
vt 0.066534 0.383024
vt 0.078387 0.382133
vt 0.053964 0.284083
vt 0.053880 0.293077
vt 0.055182 0.392296
vt 0.054899 0.383305
vt 0.042190 0.284188
vt 0.042288 0.293192
vt 0.043406 0.392447
vt 0.043307 0.383444
vt 0.030414 0.284340
vt 0.030696 0.293331
vt 0.031631 0.392554
vt 0.031715 0.383559
vt 0.018473 0.284703
vt 0.019060 0.293612
vt 0.019685 0.392455
vt 0.020075 0.383536
vt 0.006424 0.285585
vt 0.007209 0.294504
vt 0.007620 0.391842
vt 0.008207 0.382908
vt 0.481207 0.948470
vt 0.481703 0.910764
vt 0.487559 0.909157
vt 0.485873 0.945807
vt 0.475288 0.950793
vt 0.473976 0.913085
vt 0.468146 0.952087
vt 0.463623 0.914823
vt 0.458316 0.952257
vt 0.448866 0.914113
vt 0.448754 0.951396
vt 0.435307 0.911708
vt 0.442771 0.950716
vt 0.427158 0.911894
vt 0.492321 0.911906
vt 0.491215 0.943442
vt 0.499306 0.915117
vt 0.498833 0.941752
vt 0.510045 0.917111
vt 0.508059 0.941230
vt 0.525808 0.915655
vt 0.519601 0.942268
vt 0.539812 0.912218
vt 0.529832 0.944448
vt 0.546736 0.911023
vt 0.535624 0.946860
vt 0.487028 0.600052
vt 0.489567 0.600950
vt 0.487643 0.876696
vt 0.481951 0.875626
vt 0.483563 0.599546
vt 0.473727 0.874986
vt 0.479364 0.599665
vt 0.463587 0.875017
vt 0.474043 0.600393
vt 0.446315 0.875244
vt 0.469356 0.601312
vt 0.433322 0.876050
vt 0.466440 0.601619
vt 0.426594 0.876600
vt 0.492068 0.601965
vt 0.493202 0.877868
vt 0.495421 0.602841
vt 0.501031 0.878901
vt 0.499434 0.603411
vt 0.510621 0.879548
vt 0.504525 0.603648
vt 0.527403 0.879202
vt 0.509020 0.603636
vt 0.540116 0.878705
vt 0.511861 0.603487
vt 0.546812 0.878346
vt 0.452412 0.977573
vt 0.446328 0.975709
vt 0.461687 0.979827
vt 0.472268 0.980039
vt 0.481069 0.977754
vt 0.488272 0.973317
vt 0.493642 0.968048
vt 0.525020 0.966852
vt 0.520755 0.963300
vt 0.514626 0.960199
vt 0.508037 0.959058
vt 0.503000 0.960153
vt 0.498237 0.963316
vt 0.554546 0.601605
vt 0.558753 0.601841
vt 0.558392 0.605363
vt 0.553504 0.605116
vt 0.563446 0.601855
vt 0.563328 0.605366
vt 0.568331 0.601886
vt 0.568283 0.605397
vt 0.573215 0.601988
vt 0.573238 0.605501
vt 0.577906 0.602100
vt 0.578173 0.605632
vt 0.582117 0.601976
vt 0.583065 0.605514
vt 0.552498 0.609121
vt 0.557950 0.609290
vt 0.557919 0.611529
vt 0.552465 0.611549
vt 0.563148 0.609331
vt 0.563118 0.611632
vt 0.568230 0.609385
vt 0.568199 0.611720
vt 0.573312 0.609471
vt 0.573282 0.611771
vt 0.578511 0.609569
vt 0.578482 0.611808
vt 0.583965 0.609543
vt 0.583934 0.611970
vt 0.553362 0.615580
vt 0.558255 0.615466
vt 0.558520 0.618997
vt 0.554308 0.619118
vt 0.563191 0.615601
vt 0.563213 0.619114
vt 0.568146 0.615708
vt 0.568099 0.619217
vt 0.573104 0.615737
vt 0.572988 0.619247
vt 0.578041 0.615735
vt 0.577684 0.619257
vt 0.582931 0.615977
vt 0.581893 0.619489
vt 0.559558 0.635487
vt 0.562566 0.635527
vt 0.562441 0.644985
vt 0.559432 0.644945
vt 0.565575 0.635567
vt 0.565448 0.645025
vt 0.568582 0.635607
vt 0.568455 0.645065
vt 0.571589 0.635647
vt 0.571462 0.645105
vt 0.574597 0.635687
vt 0.574470 0.645145
vt 0.577606 0.635727
vt 0.577479 0.645185
vt 0.549205 0.603623
vt 0.549731 0.601144
vt 0.586942 0.601642
vt 0.587402 0.604134
vt 0.548141 0.612067
vt 0.548190 0.608485
vt 0.588289 0.609021
vt 0.588243 0.612602
vt 0.549482 0.619447
vt 0.549024 0.616955
vt 0.587232 0.617465
vt 0.586708 0.619944
vt 0.346482 0.447082
vt 0.326149 0.458594
vt 0.323117 0.446886
vt 0.334627 0.467217
vt 0.346280 0.470446
vt 0.357988 0.467418
vt 0.366613 0.458942
vt 0.369847 0.447288
vt 0.239837 0.426634
vt 0.240927 0.432046
vt 0.229431 0.435242
vt 0.227986 0.429788
vt 0.252157 0.424891
vt 0.252562 0.430425
vt 0.264613 0.424808
vt 0.264283 0.430352
vt 0.276971 0.426371
vt 0.275910 0.431818
vt 0.288996 0.429562
vt 0.287272 0.434807
vt 0.300389 0.434099
vt 0.298308 0.439343
vt 0.244834 0.479790
vt 0.246858 0.471341
vt 0.261613 0.479341
vt 0.252834 0.465036
vt 0.261162 0.462563
vt 0.269610 0.464584
vt 0.275916 0.470560
vt 0.278390 0.478887
vt 0.243168 0.442384
vt 0.233390 0.445066
vt 0.253347 0.440989
vt 0.263652 0.440927
vt 0.273878 0.442213
vt 0.283820 0.444807
vt 0.293211 0.448630
vt 0.245824 0.455726
vt 0.237475 0.457936
vt 0.254304 0.454543
vt 0.262845 0.454488
vt 0.271318 0.455558
vt 0.279599 0.457739
vt 0.287627 0.460925
vt 0.310418 0.953520
vt 0.311992 0.984299
vt 0.308170 0.984517
vt 0.307723 0.952032
vt 0.314729 0.954553
vt 0.316508 0.984161
vt 0.320202 0.954816
vt 0.321696 0.984022
vt 0.325625 0.954231
vt 0.326923 0.983840
vt 0.329797 0.952944
vt 0.331548 0.983650
vt 0.332307 0.951319
vt 0.335504 0.983373
vt 0.286100 0.950424
vt 0.284317 0.984615
vt 0.280345 0.984221
vt 0.283440 0.951838
vt 0.290319 0.949387
vt 0.289016 0.984981
vt 0.295653 0.949055
vt 0.294370 0.985166
vt 0.300920 0.949496
vt 0.299698 0.985097
vt 0.305068 0.950566
vt 0.304318 0.984827
vt 0.309794 0.925833
vt 0.307088 0.924323
vt 0.313983 0.926895
vt 0.319248 0.927197
vt 0.324491 0.926645
vt 0.328624 0.925395
vt 0.331259 0.923846
vt 0.285155 0.922740
vt 0.282512 0.924249
vt 0.290091 0.921629
vt 0.296157 0.921227
vt 0.300796 0.921659
vt 0.304347 0.922797
vt 0.310626 0.622542
vt 0.306654 0.622750
vt 0.315325 0.622342
vt 0.320690 0.622193
vt 0.326059 0.622126
vt 0.330771 0.622164
vt 0.334762 0.622252
vt 0.282629 0.622920
vt 0.278638 0.622855
vt 0.285806 0.623082
vt 0.289654 0.623122
vt 0.296511 0.623036
vt 0.302686 0.622926
vt 0.384235 0.912583
vt 0.385859 0.990389
vt 0.381819 0.988477
vt 0.380892 0.912015
vt 0.388838 0.912987
vt 0.390643 0.991771
vt 0.394234 0.913104
vt 0.396059 0.992224
vt 0.399417 0.912894
vt 0.401449 0.991613
vt 0.403504 0.912410
vt 0.406173 0.990114
vt 0.406470 0.911770
vt 0.410166 0.988211
vt 0.358290 0.911673
vt 0.357761 0.986686
vt 0.353687 0.988391
vt 0.354996 0.912257
vt 0.362909 0.911215
vt 0.362495 0.985313
vt 0.368384 0.911002
vt 0.367808 0.984770
vt 0.373664 0.911093
vt 0.373104 0.985231
vt 0.377846 0.911464
vt 0.377799 0.986585
vt 0.382937 0.609602
vt 0.379015 0.610052
vt 0.387616 0.609234
vt 0.392958 0.609033
vt 0.398309 0.609040
vt 0.403027 0.609226
vt 0.407024 0.609432
vt 0.355219 0.610538
vt 0.351229 0.610327
vt 0.359902 0.610803
vt 0.365181 0.610905
vt 0.370456 0.610790
vt 0.375095 0.610481
vt 0.317603 0.586666
vt 0.318778 0.589740
vt 0.310009 0.589774
vt 0.314390 0.584396
vt 0.309980 0.583571
vt 0.305578 0.584441
vt 0.302383 0.586739
vt 0.301240 0.589825
vt 0.302422 0.592895
vt 0.305635 0.595156
vt 0.310040 0.595978
vt 0.314435 0.595114
vt 0.317626 0.592821
vt 0.387207 0.586336
vt 0.388223 0.589462
vt 0.379463 0.589046
vt 0.384116 0.583907
vt 0.379757 0.582855
vt 0.375318 0.583490
vt 0.372010 0.585616
vt 0.370703 0.588633
vt 0.371720 0.591761
vt 0.374809 0.594191
vt 0.379171 0.595231
vt 0.383611 0.594601
vt 0.386916 0.592477
vt 0.321145 0.589689
vt 0.319640 0.585581
vt 0.315553 0.582571
vt 0.309969 0.581485
vt 0.304401 0.582629
vt 0.300336 0.585668
vt 0.298872 0.589796
vt 0.300376 0.593906
vt 0.304462 0.596921
vt 0.310049 0.598010
vt 0.315625 0.596867
vt 0.319682 0.593813
vt 0.390590 0.589574
vt 0.389302 0.585395
vt 0.385377 0.582177
vt 0.379855 0.580799
vt 0.374227 0.581648
vt 0.370014 0.584481
vt 0.368337 0.588521
vt 0.369626 0.592702
vt 0.373552 0.595928
vt 0.379078 0.597284
vt 0.384701 0.596443
vt 0.388912 0.593611
vt 0.150171 0.397191
vt 0.147290 0.398914
vt 0.143133 0.394493
vt 0.148586 0.391370
vt 0.145412 0.401818
vt 0.139802 0.399692
vt 0.144982 0.405291
vt 0.139320 0.405845
vt 0.205591 0.347791
vt 0.199741 0.345823
vt 0.203095 0.340829
vt 0.205991 0.341818
vt 0.195779 0.341287
vt 0.201044 0.338543
vt 0.194758 0.335341
vt 0.200375 0.335546
vt 0.233184 0.387427
vt 0.236193 0.387427
vt 0.236193 0.396885
vt 0.233184 0.396885
vt 0.239201 0.387427
vt 0.239201 0.396885
vt 0.242209 0.387427
vt 0.242209 0.396885
vt 0.168357 0.385262
vt 0.170051 0.391051
vt 0.226570 0.343307
vt 0.226147 0.349276
vt 0.212575 0.396885
vt 0.212575 0.387427
vt 0.206597 0.387427
vt 0.206597 0.396886
vt 0.130658 0.385304
vt 0.146197 0.384497
vt 0.126782 0.397036
vt 0.125897 0.407154
vt 0.204561 0.354900
vt 0.188870 0.356829
vt 0.183227 0.345353
vt 0.167241 0.381746
vt 0.225757 0.352827
vt 0.203034 0.396886
vt 0.200905 0.394757
vt 0.200905 0.389557
vt 0.203034 0.387427
vt 0.181397 0.334854
vt 0.151640 0.412202
vt 0.151240 0.418222
vt 0.145290 0.416250
vt 0.148490 0.411087
vt 0.141013 0.411794
vt 0.146085 0.408611
vt 0.206469 0.323713
vt 0.206434 0.329699
vt 0.203473 0.330476
vt 0.200491 0.325251
vt 0.201260 0.332607
vt 0.196209 0.329487
vt 0.251233 0.387427
vt 0.251233 0.396885
vt 0.248224 0.396885
vt 0.248224 0.387427
vt 0.245216 0.396885
vt 0.245216 0.387427
vt 0.172339 0.414251
vt 0.171828 0.420262
vt 0.227079 0.323724
vt 0.227068 0.329708
vt 0.271842 0.387427
vt 0.271842 0.396885
vt 0.277820 0.387427
vt 0.277820 0.396886
vt 0.150243 0.425426
vt 0.134820 0.427662
vt 0.128753 0.416891
vt 0.190451 0.313483
vt 0.205960 0.316549
vt 0.183987 0.324517
vt 0.171420 0.423927
vt 0.226948 0.320154
vt 0.281384 0.387428
vt 0.283513 0.389557
vt 0.283513 0.394757
vt 0.281384 0.396886
vt 0.165531 0.373494
vt 0.166319 0.378710
vt 0.145128 0.381508
vt 0.144058 0.376324
vt 0.128663 0.383786
vt 0.125935 0.380553
vt 0.123872 0.396328
vt 0.118954 0.394992
vt 0.122957 0.407446
vt 0.117935 0.407945
vt 0.126042 0.418167
vt 0.121481 0.420443
vt 0.133183 0.429538
vt 0.131146 0.433243
vt 0.149783 0.428560
vt 0.149757 0.433849
vt 0.171110 0.427082
vt 0.171372 0.432351
vt 0.204318 0.357902
vt 0.187044 0.359087
vt 0.180373 0.346316
vt 0.178402 0.334745
vt 0.225605 0.355838
vt 0.188794 0.311098
vt 0.205935 0.313537
vt 0.181210 0.323349
vt 0.227016 0.317140
vt 0.321192 0.536716
vt 0.330698 0.531115
vt 0.336350 0.542931
vt 0.328906 0.547235
vt 0.340989 0.527306
vt 0.344440 0.539971
vt 0.351766 0.525378
vt 0.352934 0.538459
vt 0.362707 0.525350
vt 0.361566 0.538427
vt 0.373506 0.527242
vt 0.370064 0.539882
vt 0.383861 0.531037
vt 0.378165 0.542773
vt 0.393528 0.536716
vt 0.385591 0.546993
vt 0.402378 0.544344
vt 0.391972 0.552294
vt 0.410189 0.554396
vt 0.396489 0.558171
vt 0.299505 0.564440
vt 0.305376 0.553144
vt 0.317043 0.559090
vt 0.313660 0.565685
vt 0.312707 0.544045
vt 0.322364 0.552724
vt 0.340417 0.551536
vt 0.334445 0.554955
vt 0.346939 0.549168
vt 0.353795 0.547949
vt 0.360763 0.547921
vt 0.367612 0.549078
vt 0.374107 0.551365
vt 0.379993 0.554683
vt 0.385003 0.558960
vt 0.389327 0.564055
vt 0.325100 0.564391
vt 0.321765 0.570182
vt 0.329256 0.559280
vt 0.306160 0.515175
vt 0.319507 0.507304
vt 0.334080 0.501903
vt 0.349384 0.499147
vt 0.364931 0.499113
vt 0.380230 0.501805
vt 0.394770 0.507141
vt 0.408014 0.514902
vt 0.419469 0.524584
vt 0.429455 0.534732
vt 0.277011 0.548570
vt 0.285004 0.536788
vt 0.294527 0.525198
vt 0.921735 0.778130
vt 0.942083 0.766382
vt 0.945232 0.778130
vt 0.933483 0.757782
vt 0.921735 0.754634
vt 0.909987 0.757782
vt 0.901387 0.766382
vt 0.898239 0.778130
vt 0.887972 0.790525
vt 0.899933 0.787826
vt 0.902124 0.799233
vt 0.890756 0.801994
vt 0.912083 0.786210
vt 0.913220 0.797900
vt 0.924187 0.785645
vt 0.924304 0.797413
vt 0.936299 0.785969
vt 0.935396 0.797679
vt 0.948479 0.787341
vt 0.946516 0.798790
vt 0.960491 0.789801
vt 0.957936 0.801323
vt 0.903778 0.806235
vt 0.894375 0.807979
vt 0.913947 0.805153
vt 0.924377 0.804712
vt 0.934814 0.804944
vt 0.945002 0.805823
vt 0.954439 0.807380
vt 0.740205 0.771330
vt 0.728634 0.751861
vt 0.739918 0.748684
vt 0.720450 0.760255
vt 0.717559 0.771617
vt 0.720737 0.782901
vt 0.729131 0.791085
vt 0.740492 0.793976
vt 0.822953 0.751050
vt 0.834314 0.753940
vt 0.831188 0.759518
vt 0.823034 0.757443
vt 0.842708 0.762124
vt 0.837212 0.765391
vt 0.845885 0.773408
vt 0.839492 0.773489
vt 0.842995 0.784769
vt 0.837418 0.781643
vt 0.834811 0.793163
vt 0.831544 0.787667
vt 0.823526 0.796340
vt 0.823445 0.789947
vt 0.850818 0.826884
vt 0.865103 0.827712
vt 0.862665 0.834391
vt 0.857634 0.839122
vt 0.851055 0.840899
vt 0.844425 0.839347
vt 0.839235 0.834796
vt 0.836571 0.828203
vt 0.986647 0.873582
vt 0.986840 0.880643
vt 0.954770 0.881518
vt 0.954577 0.874457
vt 0.987033 0.887705
vt 0.954963 0.888580
vt 0.987226 0.894766
vt 0.955156 0.895641
vt 0.987419 0.901827
vt 0.955348 0.902702
vt 0.987611 0.908888
vt 0.955541 0.909763
vt 0.987804 0.915949
vt 0.955734 0.916825
vt 0.694494 0.931331
vt 0.658327 0.931081
vt 0.658500 0.925674
vt 0.694657 0.924909
vt 0.693829 0.937748
vt 0.657666 0.936615
vt 0.692853 0.944159
vt 0.656695 0.942365
vt 0.691815 0.950577
vt 0.655650 0.948367
vt 0.690945 0.957004
vt 0.654752 0.954594
vt 0.690356 0.963422
vt 0.654145 0.960960
vt 0.689668 0.892997
vt 0.653607 0.896950
vt 0.652732 0.890617
vt 0.688810 0.886610
vt 0.690801 0.899380
vt 0.654760 0.903129
vt 0.692095 0.905749
vt 0.656045 0.909078
vt 0.693325 0.912114
vt 0.657242 0.914779
vt 0.694243 0.918499
vt 0.658117 0.920279
vt 0.703139 0.924734
vt 0.703145 0.931505
vt 0.702928 0.938227
vt 0.702573 0.944860
vt 0.702183 0.951391
vt 0.701839 0.957838
vt 0.701552 0.964253
vt 0.699974 0.885304
vt 0.700528 0.891702
vt 0.701132 0.898131
vt 0.701783 0.904643
vt 0.702400 0.911258
vt 0.702880 0.917968
vt 0.709607 0.931430
vt 0.709476 0.924604
vt 0.709730 0.938200
vt 0.709837 0.944874
vt 0.709921 0.951442
vt 0.709983 0.957928
vt 0.710041 0.964366
vt 0.708680 0.891264
vt 0.708477 0.884829
vt 0.708870 0.897752
vt 0.709045 0.904324
vt 0.709201 0.911002
vt 0.709342 0.917776
vt 0.716059 0.931291
vt 0.715801 0.924477
vt 0.716528 0.938042
vt 0.717104 0.944692
vt 0.717667 0.951228
vt 0.718130 0.957672
vt 0.718509 0.964081
vt 0.716854 0.891177
vt 0.716995 0.884761
vt 0.716623 0.897637
vt 0.716317 0.904201
vt 0.716005 0.910876
vt 0.715794 0.917651
vt 0.724246 0.924319
vt 0.724669 0.930839
vt 0.725600 0.937327
vt 0.726823 0.943789
vt 0.728054 0.950244
vt 0.729038 0.956696
vt 0.729634 0.963126
vt 0.728211 0.885333
vt 0.727811 0.891772
vt 0.727053 0.898215
vt 0.726067 0.904685
vt 0.725095 0.911223
vt 0.724414 0.917778
vt 0.764786 0.930202
vt 0.764372 0.923941
vt 0.765696 0.936436
vt 0.766888 0.942644
vt 0.768083 0.948857
vt 0.769025 0.955123
vt 0.769572 0.961483
vt 0.767816 0.892625
vt 0.768167 0.886238
vt 0.767100 0.898962
vt 0.766143 0.905238
vt 0.765198 0.911450
vt 0.764534 0.917676
vt 0.775606 0.923729
vt 0.775822 0.929662
vt 0.776205 0.935671
vt 0.776681 0.941809
vt 0.777144 0.948086
vt 0.777505 0.954473
vt 0.777774 0.960895
vt 0.776320 0.886521
vt 0.776292 0.892948
vt 0.776175 0.899345
vt 0.775962 0.905634
vt 0.775735 0.911785
vt 0.775584 0.917799
vt 0.784084 0.929513
vt 0.783998 0.923553
vt 0.784107 0.935548
vt 0.784067 0.941706
vt 0.783970 0.947992
vt 0.783835 0.954369
vt 0.783719 0.960782
vt 0.782604 0.892783
vt 0.782225 0.886382
vt 0.782992 0.899146
vt 0.783341 0.905420
vt 0.783629 0.911568
vt 0.783847 0.917596
vt 0.792355 0.929446
vt 0.792397 0.923375
vt 0.792016 0.935585
vt 0.791459 0.941828
vt 0.790798 0.948175
vt 0.790148 0.954584
vt 0.789587 0.960996
vt 0.788888 0.892295
vt 0.788057 0.885912
vt 0.789801 0.898669
vt 0.790719 0.904981
vt 0.791527 0.911194
vt 0.792112 0.917312
vt 0.803654 0.923138
vt 0.803424 0.929739
vt 0.802549 0.936294
vt 0.801255 0.942774
vt 0.799839 0.949191
vt 0.798568 0.955573
vt 0.797536 0.961937
vt 0.795951 0.884629
vt 0.797251 0.890943
vt 0.798787 0.897267
vt 0.800464 0.903619
vt 0.802020 0.910039
vt 0.803158 0.916552
vt 0.813981 0.922926
vt 0.813715 0.930409
vt 0.812724 0.937660
vt 0.811299 0.944539
vt 0.809788 0.951066
vt 0.808446 0.957388
vt 0.807289 0.963687
vt 0.805619 0.882465
vt 0.807041 0.888711
vt 0.808647 0.894975
vt 0.810426 0.901437
vt 0.812129 0.908254
vt 0.813413 0.915460
vt 0.870979 0.829946
vt 0.867160 0.837911
vt 0.865187 0.836320
vt 0.868529 0.828639
vt 0.860264 0.844139
vt 0.859104 0.841927
vt 0.851155 0.846559
vt 0.851112 0.844069
vt 0.841968 0.844453
vt 0.843051 0.842202
vt 0.834861 0.838466
vt 0.836780 0.836809
vt 0.830775 0.830635
vt 0.833179 0.829246
vt 0.800063 0.729293
vt 0.800158 0.736786
vt 0.768078 0.737192
vt 0.767983 0.729700
vt 0.800277 0.746149
vt 0.800425 0.757871
vt 0.768346 0.758278
vt 0.768197 0.746555
vt 0.800574 0.769593
vt 0.768494 0.770000
vt 0.800722 0.781315
vt 0.768643 0.781722
vt 0.800871 0.793038
vt 0.768791 0.793444
vt 0.768940 0.805166
vt 0.801019 0.804760
vt 0.732613 0.743384
vt 0.739825 0.741354
vt 0.822860 0.743719
vt 0.830122 0.745567
vt 0.726148 0.858910
vt 0.715579 0.859321
vt 0.715213 0.837747
vt 0.725037 0.837291
vt 0.704955 0.859333
vt 0.705455 0.837747
vt 0.694317 0.858886
vt 0.695729 0.837337
vt 0.683849 0.857968
vt 0.685986 0.836485
vt 0.673555 0.856806
vt 0.676206 0.835395
vt 0.663323 0.855392
vt 0.666369 0.834003
vt 0.670751 0.809916
vt 0.662037 0.807581
vt 0.670752 0.792488
vt 0.655658 0.801202
vt 0.653323 0.792488
vt 0.655658 0.783774
vt 0.662037 0.777394
vt 0.670751 0.775059
vt 0.760223 0.832947
vt 0.763937 0.854289
vt 0.746517 0.857232
vt 0.743460 0.835903
vt 0.740944 0.836236
vt 0.742923 0.857706
vt 0.687221 0.792488
vt 0.687220 0.809917
vt 0.687220 0.775059
vt 0.646977 0.852961
vt 0.650166 0.831562
vt 0.777228 0.829959
vt 0.781179 0.851064
vt 0.741824 0.833031
vt 0.780194 0.828945
vt 0.777124 0.826817
vt 0.715119 0.834513
vt 0.724594 0.833996
vt 0.705523 0.834503
vt 0.695913 0.834091
vt 0.686280 0.833263
vt 0.676637 0.832201
vt 0.667192 0.830820
vt 0.759606 0.829648
vt 0.784436 0.850366
vt 0.650713 0.828277
vt 0.912730 0.924828
vt 0.912777 0.933144
vt 0.853690 0.933453
vt 0.853640 0.925137
vt 0.912822 0.941466
vt 0.853743 0.941776
vt 0.912871 0.949800
vt 0.853790 0.950110
vt 0.912943 0.958129
vt 0.853813 0.958440
vt 0.913055 0.966370
vt 0.853795 0.966683
vt 0.912973 0.974313
vt 0.853965 0.974625
vt 0.912411 0.875340
vt 0.912581 0.883282
vt 0.853319 0.883595
vt 0.853403 0.875652
vt 0.912560 0.891524
vt 0.853431 0.891836
vt 0.912582 0.899855
vt 0.853501 0.900166
vt 0.912629 0.908189
vt 0.853549 0.908500
vt 0.912680 0.916512
vt 0.853594 0.916822
vt 0.935362 0.924698
vt 0.935404 0.932995
vt 0.930519 0.933021
vt 0.930478 0.924726
vt 0.935429 0.941281
vt 0.930546 0.941308
vt 0.935438 0.949538
vt 0.930561 0.949582
vt 0.935435 0.957708
vt 0.930577 0.957849
vt 0.935527 0.965579
vt 0.930700 0.966195
vt 0.936608 0.972517
vt 0.931671 0.974858
vt 0.936061 0.876873
vt 0.935058 0.883822
vt 0.930224 0.883261
vt 0.931099 0.874587
vt 0.935053 0.891693
vt 0.930195 0.891607
vt 0.935149 0.899861
vt 0.930272 0.899872
vt 0.935236 0.908116
vt 0.930353 0.908145
vt 0.935307 0.916402
vt 0.930422 0.916432
vt 0.831063 0.933565
vt 0.831006 0.925268
vt 0.835891 0.925239
vt 0.835948 0.933534
vt 0.830966 0.916970
vt 0.835850 0.916944
vt 0.830941 0.908683
vt 0.835824 0.908656
vt 0.830934 0.900425
vt 0.835811 0.900381
vt 0.830939 0.892253
vt 0.835797 0.892113
vt 0.830849 0.884382
vt 0.835676 0.883767
vt 0.829769 0.877444
vt 0.834706 0.875103
vt 0.830316 0.973096
vt 0.831318 0.966147
vt 0.836152 0.966708
vt 0.835278 0.975382
vt 0.831320 0.958276
vt 0.836178 0.958361
vt 0.831223 0.950107
vt 0.836100 0.950095
vt 0.831135 0.941852
vt 0.836018 0.941821
vt 0.920130 0.933095
vt 0.920086 0.924786
vt 0.846283 0.925179
vt 0.846337 0.933488
vt 0.920165 0.941409
vt 0.846399 0.941802
vt 0.920202 0.949741
vt 0.846459 0.950135
vt 0.920277 0.958126
vt 0.846481 0.958521
vt 0.920472 0.966666
vt 0.846383 0.967062
vt 0.920593 0.975511
vt 0.846362 0.975908
vt 0.919993 0.882904
vt 0.920015 0.874058
vt 0.845784 0.874452
vt 0.845903 0.883298
vt 0.919893 0.891445
vt 0.846097 0.891838
vt 0.919913 0.899831
vt 0.846170 0.900224
vt 0.919972 0.908163
vt 0.846206 0.908556
vt 0.920033 0.916477
vt 0.846240 0.916871
vt 0.960764 0.940564
vt 0.968476 0.938298
vt 0.968559 0.941767
vt 0.962570 0.943527
vt 0.955217 0.946384
vt 0.958263 0.948046
vt 0.953323 0.954196
vt 0.956792 0.954113
vt 0.955589 0.961910
vt 0.958552 0.960103
vt 0.961409 0.967456
vt 0.963071 0.964410
vt 0.969222 0.969350
vt 0.969139 0.965881
vt 0.976936 0.967083
vt 0.975129 0.964121
vt 0.982482 0.961264
vt 0.979436 0.959601
vt 0.984375 0.953450
vt 0.980906 0.953534
vt 0.982108 0.945737
vt 0.979146 0.947544
vt 0.976289 0.940191
vt 0.974627 0.943237
vt 0.968849 0.953824
vt 0.907312 0.843921
vt 0.898373 0.845046
vt 0.916067 0.842955
vt 0.924755 0.842564
vt 0.933449 0.842781
vt 0.942222 0.843573
vt 0.951182 0.844519
vt 0.827639 0.126770
vt 0.818619 0.136893
vt 0.814103 0.127550
vt 0.828418 0.140306
vt 0.786325 0.127622
vt 0.785465 0.117281
vt 0.793884 0.116582
vt 0.799864 0.126498
vt 0.784606 0.106939
vt 0.790905 0.106416
vt 0.851321 0.128379
vt 0.847281 0.139231
vt 0.837763 0.128268
vt 0.837665 0.143676
vt 0.812958 0.107690
vt 0.826494 0.106909
vt 0.812173 0.146018
vt 0.787971 0.147448
vt 0.837910 0.105217
vt 0.851468 0.105303
vt 0.572843 0.165732
vt 0.580967 0.166027
vt 0.579679 0.201444
vt 0.571572 0.200654
vt 0.590539 0.166374
vt 0.589204 0.203142
vt 0.601367 0.166766
vt 0.599967 0.205381
vt 0.612195 0.167158
vt 0.610730 0.207619
vt 0.621768 0.167504
vt 0.620254 0.209318
vt 0.629893 0.167798
vt 0.628360 0.210107
vt 0.638018 0.168093
vt 0.636501 0.209907
vt 0.647590 0.168441
vt 0.646123 0.208902
vt 0.658419 0.168833
vt 0.657020 0.207448
vt 0.544320 0.164690
vt 0.555148 0.165086
vt 0.553806 0.201853
vt 0.542909 0.203304
vt 0.564720 0.165436
vt 0.563429 0.200852
vt 0.606326 0.238617
vt 0.609291 0.231032
vt 0.627930 0.238817
vt 0.617250 0.225532
vt 0.628071 0.223592
vt 0.638854 0.225731
vt 0.646711 0.231377
vt 0.649535 0.239016
vt 0.646570 0.246602
vt 0.638611 0.252102
vt 0.627790 0.254042
vt 0.617007 0.251902
vt 0.609150 0.246257
vt 0.621733 0.011542
vt 0.632091 0.011428
vt 0.633337 0.124280
vt 0.622978 0.124394
vt 0.642450 0.011314
vt 0.643695 0.124166
vt 0.652808 0.011200
vt 0.654054 0.124052
vt 0.663167 0.011086
vt 0.664412 0.123937
vt 0.658642 0.140082
vt 0.654511 0.149582
vt 0.645109 0.139845
vt 0.644872 0.153378
vt 0.635372 0.149247
vt 0.631576 0.139608
vt 0.684829 0.641925
vt 0.679605 0.661889
vt 0.665077 0.656523
vt 0.672060 0.635055
vt 0.698651 0.644990
vt 0.696635 0.665558
vt 0.746337 0.652926
vt 0.743531 0.673816
vt 0.900911 0.725183
vt 0.865286 0.718329
vt 0.871614 0.698851
vt 0.899744 0.705049
vt 0.795030 0.661533
vt 0.832555 0.675867
vt 0.824288 0.695804
vt 0.789496 0.682336
vt 0.944046 0.713529
vt 0.933895 0.696519
vt 0.959015 0.672354
vt 0.975409 0.682754
vt 0.988939 0.622802
vt 0.986541 0.647312
vt 0.966572 0.641980
vt 0.966304 0.619450
vt 0.680123 0.627767
vt 0.688902 0.635396
vt 0.700635 0.638449
vt 0.748639 0.645656
vt 0.897633 0.693551
vt 0.870727 0.687672
vt 0.833245 0.665571
vt 0.796520 0.652588
vt 0.930205 0.686188
vt 0.953015 0.666672
vt 0.959030 0.638738
vt 0.955482 0.616340
vt 0.688308 0.624162
vt 0.693641 0.630376
vt 0.702547 0.633502
vt 0.750240 0.639894
vt 0.797502 0.645000
vt 0.870444 0.677286
vt 0.895977 0.682370
vt 0.834127 0.656759
vt 0.926927 0.675969
vt 0.947232 0.661498
vt 0.952347 0.636941
vt 0.945660 0.615548
vt 0.871930 0.649617
vt 0.836325 0.636521
vt 0.750360 0.632641
vt 0.702529 0.627374
vt 0.797688 0.634148
vt 0.896032 0.652619
vt 0.922635 0.651546
vt 0.703130 0.620749
vt 0.921071 0.614237
vt 0.897767 0.614120
vt 0.875528 0.614613
vt 0.750492 0.620622
vt 0.859207 0.622778
vt 0.868653 0.615681
vt 0.763357 0.625915
vt 0.756550 0.620776
vt 0.799474 0.626938
vt 0.836000 0.624599
vt 0.855592 0.597578
vt 0.863641 0.596302
vt 0.865858 0.614837
vt 0.857841 0.618452
vt 0.768282 0.603000
vt 0.765904 0.622557
vt 0.759012 0.619279
vt 0.761197 0.601784
vt 0.800081 0.601874
vt 0.800182 0.622073
vt 0.834665 0.600034
vt 0.836002 0.620374
vt 0.570851 0.474946
vt 0.536228 0.501316
vt 0.543990 0.448922
vt 0.568839 0.448460
vt 0.653045 0.444094
vt 0.699709 0.442644
vt 0.654651 0.450310
vt 0.607627 0.457158
vt 0.605341 0.446806
vt 0.510283 0.508008
vt 0.512965 0.472722
vt 0.478050 0.501095
vt 0.486627 0.471704
vt 0.456141 0.481449
vt 0.452818 0.456541
vt 0.698003 0.431195
vt 0.710423 0.430996
vt 0.707589 0.437914
vt 0.465035 0.435864
vt 0.489463 0.435149
vt 0.511410 0.434608
vt 0.528831 0.434203
vt 0.659935 0.431105
vt 0.721939 0.431935
vt 0.715815 0.445167
vt 0.702463 0.452796
vt 0.656958 0.460512
vt 0.537965 0.511433
vt 0.507376 0.518932
vt 0.609567 0.467028
vt 0.574259 0.484275
vt 0.469837 0.510826
vt 0.442554 0.485809
vt 0.438187 0.454223
vt 0.451314 0.435559
vt 0.538850 0.433262
vt 0.545511 0.438194
vt 0.636202 0.434849
vt 0.642079 0.430541
vt 0.603388 0.436638
vt 0.567317 0.437296
vt 0.690103 0.185749
vt 0.689796 0.177626
vt 0.740652 0.175703
vt 0.741454 0.183807
vt 0.689434 0.168056
vt 0.738938 0.166183
vt 0.689024 0.157230
vt 0.736682 0.155425
vt 0.688615 0.146403
vt 0.734425 0.144666
vt 0.688253 0.136832
vt 0.732711 0.135146
vt 0.687945 0.128709
vt 0.731908 0.127041
vt 0.764792 0.150171
vt 0.757188 0.147253
vt 0.764856 0.128565
vt 0.751638 0.139329
vt 0.749630 0.128521
vt 0.751700 0.117725
vt 0.757295 0.109833
vt 0.764916 0.106960
vt 0.687760 0.123843
vt 0.731724 0.122175
vt 0.741638 0.188673
vt 0.690288 0.190615
vt 0.769778 0.107235
vt 0.769718 0.128841
vt 0.769653 0.150447
vt 0.700584 0.063729
vt 0.685984 0.062808
vt 0.686376 0.059415
vt 0.700979 0.060381
vt 0.699943 0.067072
vt 0.685365 0.066340
vt 0.699351 0.070469
vt 0.684799 0.070097
vt 0.699123 0.073931
vt 0.684584 0.074025
vt 0.699395 0.077390
vt 0.684849 0.077951
vt 0.700032 0.080779
vt 0.685464 0.081700
vt 0.700716 0.084114
vt 0.686129 0.085223
vt 0.701154 0.087457
vt 0.686564 0.088611
vt 0.704083 0.063990
vt 0.704358 0.060618
vt 0.703620 0.067340
vt 0.703198 0.070640
vt 0.703043 0.073906
vt 0.703241 0.077169
vt 0.703704 0.080464
vt 0.704211 0.083808
vt 0.704530 0.087176
vt 0.708633 0.064061
vt 0.708687 0.060690
vt 0.708511 0.067396
vt 0.708411 0.070660
vt 0.708386 0.073871
vt 0.708452 0.077081
vt 0.708595 0.080343
vt 0.708759 0.083677
vt 0.708858 0.087047
vt 0.713339 0.063933
vt 0.713254 0.060573
vt 0.713446 0.067259
vt 0.713557 0.070554
vt 0.713618 0.073836
vt 0.713599 0.077120
vt 0.713530 0.080415
vt 0.713467 0.083742
vt 0.713426 0.087103
vt 0.717162 0.063811
vt 0.717117 0.060457
vt 0.717198 0.067142
vt 0.717234 0.070471
vt 0.717262 0.073812
vt 0.717277 0.077154
vt 0.717284 0.080483
vt 0.717291 0.083814
vt 0.717290 0.087168
vt 0.826318 0.059685
vt 0.826301 0.063041
vt 0.826266 0.066377
vt 0.826231 0.069719
vt 0.826228 0.073082
vt 0.826274 0.076445
vt 0.826351 0.079787
vt 0.826429 0.083123
vt 0.826490 0.086479
vt 0.831653 0.063120
vt 0.831696 0.059756
vt 0.831576 0.066452
vt 0.831498 0.069755
vt 0.831477 0.073048
vt 0.831539 0.076340
vt 0.831659 0.079642
vt 0.831778 0.082974
vt 0.831864 0.086336
vt 0.838421 0.063171
vt 0.838332 0.059802
vt 0.838573 0.066504
vt 0.838712 0.069773
vt 0.838780 0.073002
vt 0.838752 0.076231
vt 0.838654 0.079502
vt 0.838543 0.082836
vt 0.838496 0.086207
vt 0.845127 0.062994
vt 0.844858 0.059620
vt 0.845569 0.066352
vt 0.845989 0.069669
vt 0.846172 0.072957
vt 0.846030 0.076247
vt 0.845650 0.079568
vt 0.845249 0.082932
vt 0.845021 0.086309
vt 0.850299 0.062614
vt 0.849994 0.059267
vt 0.850860 0.065966
vt 0.851406 0.069400
vt 0.851645 0.072923
vt 0.851450 0.076450
vt 0.850945 0.079891
vt 0.850424 0.083249
vt 0.850159 0.086600
vt 0.888701 0.062085
vt 0.888455 0.058698
vt 0.889213 0.065538
vt 0.889707 0.069087
vt 0.889923 0.072707
vt 0.889751 0.076329
vt 0.889300 0.079883
vt 0.888830 0.083341
vt 0.888623 0.086731
vt 0.669529 0.713891
vt 0.701941 0.712742
vt 0.700072 0.732080
vt 0.667850 0.729033
vt 0.633162 0.721598
vt 0.627495 0.709321
vt 0.634528 0.705870
vt 0.638521 0.717316
vt 0.668833 0.701244
vt 0.701481 0.700130
vt 0.642552 0.725802
vt 0.646306 0.715192
vt 0.644207 0.703045
vt 0.714453 0.713960
vt 0.712589 0.733275
vt 0.174701 0.267376
vt 0.179229 0.259534
vt 0.183757 0.267376
vt 0.170174 0.259534
vt 0.165646 0.267376
vt 0.170174 0.275218
vt 0.179229 0.275218
vt 0.151074 0.290291
vt 0.142019 0.290314
vt 0.142006 0.285303
vt 0.151061 0.285279
vt 0.132964 0.290338
vt 0.132951 0.285326
vt 0.123909 0.290361
vt 0.123896 0.285349
vt 0.114854 0.290384
vt 0.114841 0.285373
vt 0.105798 0.290408
vt 0.105785 0.285396
vt 0.160130 0.290267
vt 0.160116 0.285256
vt 0.168775 0.242982
vt 0.164247 0.250824
vt 0.159720 0.242982
vt 0.155192 0.250824
vt 0.150665 0.242982
vt 0.155192 0.235140
vt 0.164247 0.235140
vt 0.168300 0.978619
vt 0.157597 0.986133
vt 0.144997 0.989131
vt 0.135086 0.986778
vt 0.127678 0.979784
vt 0.172957 0.960155
vt 0.170188 0.732887
vt 0.162770 0.960242
vt 0.160011 0.732888
vt 0.152585 0.960324
vt 0.149848 0.732856
vt 0.139636 0.960449
vt 0.136937 0.732839
vt 0.124549 0.733441
vt 0.126564 0.960578
vt 0.136391 0.689954
vt 0.134377 0.689956
vt 0.129801 0.711797
vt 0.136677 0.711637
vt 0.149610 0.711379
vt 0.149401 0.689880
vt 0.159790 0.711202
vt 0.159616 0.689837
vt 0.169973 0.711058
vt 0.169817 0.689800
vt 0.137460 0.648327
vt 0.149375 0.648201
vt 0.159578 0.648080
vt 0.169775 0.647999
vt 0.139376 0.482451
vt 0.151242 0.482517
vt 0.161411 0.482526
vt 0.171592 0.482546
vt 0.137770 0.482404
vt 0.135812 0.648294
vt 0.132448 0.689934
vt 0.127951 0.711830
vt 0.123150 0.732888
vt 0.210885 0.987276
vt 0.214931 0.509346
vt 0.222112 0.987371
vt 0.226183 0.507283
vt 0.233229 0.987465
vt 0.237332 0.504868
vt 0.241971 0.987538
vt 0.246103 0.502995
vt 0.250716 0.987612
vt 0.254868 0.501644
vt 0.055471 0.988763
vt 0.051337 0.439106
vt 0.033071 0.449608
vt 0.037127 0.988900
vt 0.018530 0.457304
vt 0.022528 0.989010
vt 0.084198 0.428056
vt 0.088415 0.988517
vt 0.073816 0.988626
vt 0.069602 0.428605
vt 0.015292 0.416551
vt 0.023687 0.425256
vt 0.035309 0.428599
vt 0.047045 0.425684
vt 0.055753 0.417292
vt 0.065053 0.300987
vt 0.065894 0.375150
vt 0.053781 0.301069
vt 0.054624 0.375317
vt 0.042376 0.301192
vt 0.043218 0.375444
vt 0.030972 0.301319
vt 0.031813 0.375567
vt 0.019701 0.301486
vt 0.020540 0.375650
vt 0.095940 0.325977
vt 0.104466 0.317399
vt 0.116138 0.314234
vt 0.127829 0.317327
vt 0.136409 0.325852
vt 0.065909 0.284182
vt 0.065519 0.293101
vt 0.066534 0.383024
vt 0.067122 0.391933
vt 0.053964 0.284083
vt 0.053880 0.293077
vt 0.054899 0.383305
vt 0.055182 0.392296
vt 0.042190 0.284188
vt 0.042288 0.293192
vt 0.043307 0.383444
vt 0.043406 0.392447
vt 0.030414 0.284340
vt 0.030696 0.293331
vt 0.031715 0.383559
vt 0.031631 0.392554
vt 0.018473 0.284703
vt 0.019060 0.293612
vt 0.020075 0.383536
vt 0.019685 0.392455
vt 0.481207 0.948470
vt 0.485873 0.945807
vt 0.487559 0.909157
vt 0.481703 0.910764
vt 0.475288 0.950793
vt 0.473976 0.913085
vt 0.468146 0.952087
vt 0.463623 0.914823
vt 0.458316 0.952257
vt 0.448866 0.914113
vt 0.435307 0.911708
vt 0.448754 0.951396
vt 0.427158 0.911894
vt 0.442771 0.950716
vt 0.491215 0.943442
vt 0.492321 0.911906
vt 0.499306 0.915117
vt 0.498833 0.941752
vt 0.508059 0.941230
vt 0.510045 0.917111
vt 0.519601 0.942268
vt 0.525808 0.915655
vt 0.529832 0.944448
vt 0.539812 0.912218
vt 0.535624 0.946860
vt 0.546736 0.911023
vt 0.487028 0.600052
vt 0.481951 0.875626
vt 0.487643 0.876696
vt 0.489567 0.600950
vt 0.483563 0.599546
vt 0.473727 0.874986
vt 0.479364 0.599665
vt 0.463587 0.875017
vt 0.474043 0.600393
vt 0.446315 0.875244
vt 0.469356 0.601312
vt 0.433322 0.876050
vt 0.466440 0.601619
vt 0.426594 0.876600
vt 0.493202 0.877868
vt 0.492068 0.601965
vt 0.501031 0.878901
vt 0.495421 0.602841
vt 0.510621 0.879548
vt 0.499434 0.603411
vt 0.527403 0.879202
vt 0.504525 0.603648
vt 0.540116 0.878705
vt 0.509020 0.603636
vt 0.546812 0.878346
vt 0.511861 0.603487
vt 0.554546 0.601605
vt 0.553504 0.605116
vt 0.558392 0.605363
vt 0.558753 0.601841
vt 0.563328 0.605366
vt 0.563446 0.601855
vt 0.568283 0.605397
vt 0.568331 0.601886
vt 0.573238 0.605501
vt 0.573215 0.601988
vt 0.578173 0.605632
vt 0.577906 0.602100
vt 0.583065 0.605514
vt 0.582117 0.601976
vt 0.552498 0.609121
vt 0.552465 0.611549
vt 0.557919 0.611529
vt 0.557950 0.609290
vt 0.563118 0.611632
vt 0.563148 0.609331
vt 0.568199 0.611720
vt 0.568230 0.609385
vt 0.573282 0.611771
vt 0.573312 0.609471
vt 0.578482 0.611808
vt 0.578511 0.609569
vt 0.583934 0.611970
vt 0.583965 0.609543
vt 0.553362 0.615580
vt 0.554308 0.619118
vt 0.558520 0.618997
vt 0.558255 0.615466
vt 0.563213 0.619114
vt 0.563191 0.615601
vt 0.568099 0.619217
vt 0.568146 0.615708
vt 0.572988 0.619247
vt 0.573104 0.615737
vt 0.577684 0.619257
vt 0.578041 0.615735
vt 0.581893 0.619489
vt 0.582931 0.615977
vt 0.559558 0.635487
vt 0.559432 0.644945
vt 0.562441 0.644985
vt 0.562566 0.635527
vt 0.565448 0.645025
vt 0.565575 0.635567
vt 0.568455 0.645065
vt 0.568582 0.635607
vt 0.571462 0.645105
vt 0.571589 0.635647
vt 0.574470 0.645145
vt 0.574597 0.635687
vt 0.577479 0.645185
vt 0.577606 0.635727
vt 0.549731 0.601144
vt 0.549205 0.603623
vt 0.587402 0.604134
vt 0.586942 0.601642
vt 0.548190 0.608485
vt 0.548141 0.612067
vt 0.588243 0.612602
vt 0.588289 0.609021
vt 0.549024 0.616955
vt 0.549482 0.619447
vt 0.586708 0.619944
vt 0.587232 0.617465
vt 0.326149 0.458594
vt 0.334627 0.467217
vt 0.346280 0.470446
vt 0.357988 0.467418
vt 0.366613 0.458942
vt 0.239837 0.426634
vt 0.240927 0.432046
vt 0.252157 0.424891
vt 0.252562 0.430425
vt 0.264613 0.424808
vt 0.264283 0.430352
vt 0.276971 0.426371
vt 0.275910 0.431818
vt 0.288996 0.429562
vt 0.287272 0.434807
vt 0.246858 0.471341
vt 0.252834 0.465036
vt 0.261162 0.462563
vt 0.269610 0.464584
vt 0.275916 0.470560
vt 0.243168 0.442384
vt 0.253347 0.440989
vt 0.263652 0.440927
vt 0.273878 0.442213
vt 0.283820 0.444807
vt 0.245824 0.455726
vt 0.254304 0.454543
vt 0.262845 0.454488
vt 0.271318 0.455558
vt 0.279599 0.457739
vt 0.310418 0.953520
vt 0.307723 0.952032
vt 0.308170 0.984517
vt 0.311992 0.984299
vt 0.314729 0.954553
vt 0.316508 0.984161
vt 0.320202 0.954816
vt 0.321696 0.984022
vt 0.325625 0.954231
vt 0.326923 0.983840
vt 0.329797 0.952944
vt 0.331548 0.983650
vt 0.332307 0.951319
vt 0.335504 0.983373
vt 0.286100 0.950424
vt 0.283440 0.951838
vt 0.280345 0.984221
vt 0.284317 0.984615
vt 0.290319 0.949387
vt 0.289016 0.984981
vt 0.295653 0.949055
vt 0.294370 0.985166
vt 0.300920 0.949496
vt 0.299698 0.985097
vt 0.305068 0.950566
vt 0.304318 0.984827
vt 0.309794 0.925833
vt 0.307088 0.924323
vt 0.313983 0.926895
vt 0.319248 0.927197
vt 0.324491 0.926645
vt 0.328624 0.925395
vt 0.331259 0.923846
vt 0.285155 0.922740
vt 0.282512 0.924249
vt 0.290091 0.921629
vt 0.296157 0.921227
vt 0.300796 0.921659
vt 0.304347 0.922797
vt 0.310626 0.622542
vt 0.306654 0.622750
vt 0.315325 0.622342
vt 0.320690 0.622193
vt 0.326059 0.622126
vt 0.330771 0.622164
vt 0.334762 0.622252
vt 0.282629 0.622920
vt 0.278638 0.622855
vt 0.285806 0.623082
vt 0.289654 0.623122
vt 0.296511 0.623036
vt 0.302686 0.622926
vt 0.384235 0.912583
vt 0.380892 0.912015
vt 0.381819 0.988477
vt 0.385859 0.990389
vt 0.388838 0.912987
vt 0.390643 0.991771
vt 0.394234 0.913104
vt 0.396059 0.992224
vt 0.399417 0.912894
vt 0.401449 0.991613
vt 0.403504 0.912410
vt 0.406173 0.990114
vt 0.406470 0.911770
vt 0.410166 0.988211
vt 0.358290 0.911673
vt 0.354996 0.912257
vt 0.353687 0.988391
vt 0.357761 0.986686
vt 0.362909 0.911215
vt 0.362495 0.985313
vt 0.368384 0.911002
vt 0.367808 0.984770
vt 0.373664 0.911093
vt 0.373104 0.985231
vt 0.377846 0.911464
vt 0.377799 0.986585
vt 0.382937 0.609602
vt 0.379015 0.610052
vt 0.387616 0.609234
vt 0.392958 0.609033
vt 0.398309 0.609040
vt 0.403027 0.609226
vt 0.407024 0.609432
vt 0.355219 0.610538
vt 0.351229 0.610327
vt 0.359902 0.610803
vt 0.365181 0.610905
vt 0.370456 0.610790
vt 0.375095 0.610481
vt 0.317603 0.586666
vt 0.310009 0.589774
vt 0.318778 0.589740
vt 0.314390 0.584396
vt 0.309980 0.583571
vt 0.305578 0.584441
vt 0.302383 0.586739
vt 0.301240 0.589825
vt 0.302422 0.592895
vt 0.305635 0.595156
vt 0.310040 0.595978
vt 0.314435 0.595114
vt 0.317626 0.592821
vt 0.387207 0.586336
vt 0.379463 0.589046
vt 0.388223 0.589462
vt 0.384116 0.583907
vt 0.379757 0.582855
vt 0.375318 0.583490
vt 0.372010 0.585616
vt 0.370703 0.588633
vt 0.371720 0.591761
vt 0.374809 0.594191
vt 0.379171 0.595231
vt 0.383611 0.594601
vt 0.386916 0.592477
vt 0.321145 0.589689
vt 0.319640 0.585581
vt 0.315553 0.582571
vt 0.309969 0.581485
vt 0.304401 0.582629
vt 0.300336 0.585668
vt 0.298872 0.589796
vt 0.300376 0.593906
vt 0.304462 0.596921
vt 0.310049 0.598010
vt 0.315625 0.596867
vt 0.319682 0.593813
vt 0.390590 0.589574
vt 0.389302 0.585395
vt 0.385377 0.582177
vt 0.379855 0.580799
vt 0.374227 0.581648
vt 0.370014 0.584481
vt 0.368337 0.588521
vt 0.369626 0.592702
vt 0.373552 0.595928
vt 0.379078 0.597284
vt 0.384701 0.596443
vt 0.388912 0.593611
vt 0.150171 0.397191
vt 0.148586 0.391370
vt 0.143133 0.394493
vt 0.147290 0.398914
vt 0.139802 0.399692
vt 0.145412 0.401818
vt 0.139320 0.405845
vt 0.144982 0.405291
vt 0.205591 0.347791
vt 0.205991 0.341818
vt 0.203095 0.340829
vt 0.199741 0.345823
vt 0.201044 0.338543
vt 0.195779 0.341287
vt 0.200375 0.335546
vt 0.194758 0.335341
vt 0.233184 0.387427
vt 0.233184 0.396885
vt 0.236193 0.396885
vt 0.236193 0.387427
vt 0.239201 0.396885
vt 0.239201 0.387427
vt 0.242209 0.396885
vt 0.242209 0.387427
vt 0.170051 0.391051
vt 0.168357 0.385262
vt 0.226147 0.349276
vt 0.226570 0.343307
vt 0.212575 0.387427
vt 0.212575 0.396885
vt 0.206597 0.387427
vt 0.206597 0.396886
vt 0.146197 0.384497
vt 0.130658 0.385304
vt 0.126782 0.397036
vt 0.125897 0.407154
vt 0.188870 0.356829
vt 0.204561 0.354900
vt 0.183227 0.345353
vt 0.167241 0.381746
vt 0.225757 0.352827
vt 0.203034 0.387427
vt 0.200905 0.389557
vt 0.200905 0.394757
vt 0.203034 0.396886
vt 0.181397 0.334854
vt 0.151640 0.412202
vt 0.148490 0.411087
vt 0.145290 0.416250
vt 0.151240 0.418222
vt 0.146085 0.408611
vt 0.141013 0.411794
vt 0.206469 0.323713
vt 0.200491 0.325251
vt 0.203473 0.330476
vt 0.206434 0.329699
vt 0.196209 0.329487
vt 0.201260 0.332607
vt 0.251233 0.387427
vt 0.248224 0.387427
vt 0.248224 0.396885
vt 0.251233 0.396885
vt 0.245216 0.387427
vt 0.245216 0.396885
vt 0.171828 0.420262
vt 0.172339 0.414251
vt 0.227068 0.329708
vt 0.227079 0.323724
vt 0.271842 0.396885
vt 0.271842 0.387427
vt 0.277820 0.387427
vt 0.277820 0.396886
vt 0.134820 0.427662
vt 0.150243 0.425426
vt 0.128753 0.416891
vt 0.205960 0.316549
vt 0.190451 0.313483
vt 0.183987 0.324517
vt 0.171420 0.423927
vt 0.226948 0.320154
vt 0.281384 0.396886
vt 0.283513 0.394757
vt 0.283513 0.389557
vt 0.281384 0.387428
vt 0.165531 0.373494
vt 0.144058 0.376324
vt 0.145128 0.381508
vt 0.166319 0.378710
vt 0.125935 0.380553
vt 0.128663 0.383786
vt 0.118954 0.394992
vt 0.123872 0.396328
vt 0.117935 0.407945
vt 0.122957 0.407446
vt 0.121481 0.420443
vt 0.126042 0.418167
vt 0.131146 0.433243
vt 0.133183 0.429538
vt 0.149757 0.433849
vt 0.149783 0.428560
vt 0.171372 0.432351
vt 0.171110 0.427082
vt 0.187044 0.359087
vt 0.204318 0.357902
vt 0.180373 0.346316
vt 0.178402 0.334745
vt 0.225605 0.355838
vt 0.205935 0.313537
vt 0.188794 0.311098
vt 0.181210 0.323349
vt 0.227016 0.317140
vt 0.321192 0.536716
vt 0.328906 0.547235
vt 0.336350 0.542931
vt 0.330698 0.531115
vt 0.344440 0.539971
vt 0.340989 0.527306
vt 0.352934 0.538459
vt 0.351766 0.525378
vt 0.361566 0.538427
vt 0.362707 0.525350
vt 0.370064 0.539882
vt 0.373506 0.527242
vt 0.378165 0.542773
vt 0.383861 0.531037
vt 0.385591 0.546993
vt 0.393528 0.536716
vt 0.391972 0.552294
vt 0.402378 0.544344
vt 0.396489 0.558171
vt 0.410189 0.554396
vt 0.299505 0.564440
vt 0.313660 0.565685
vt 0.317043 0.559090
vt 0.305376 0.553144
vt 0.322364 0.552724
vt 0.312707 0.544045
vt 0.334445 0.554955
vt 0.340417 0.551536
vt 0.346939 0.549168
vt 0.353795 0.547949
vt 0.360763 0.547921
vt 0.367612 0.549078
vt 0.374107 0.551365
vt 0.379993 0.554683
vt 0.385003 0.558960
vt 0.389327 0.564055
vt 0.321765 0.570182
vt 0.325100 0.564391
vt 0.329256 0.559280
vt 0.942083 0.766382
vt 0.933483 0.757782
vt 0.921735 0.754634
vt 0.909987 0.757782
vt 0.901387 0.766382
vt 0.902124 0.799233
vt 0.899933 0.787826
vt 0.913220 0.797900
vt 0.912083 0.786210
vt 0.924304 0.797413
vt 0.924187 0.785645
vt 0.935396 0.797679
vt 0.936299 0.785969
vt 0.946516 0.798790
vt 0.948479 0.787341
vt 0.903778 0.806235
vt 0.913947 0.805153
vt 0.924377 0.804712
vt 0.934814 0.804944
vt 0.945002 0.805823
vt 0.728634 0.751861
vt 0.720450 0.760255
vt 0.717559 0.771617
vt 0.720737 0.782901
vt 0.729131 0.791085
vt 0.831188 0.759518
vt 0.834314 0.753940
vt 0.837212 0.765391
vt 0.842708 0.762124
vt 0.839492 0.773489
vt 0.845885 0.773408
vt 0.837418 0.781643
vt 0.842995 0.784769
vt 0.831544 0.787667
vt 0.834811 0.793163
vt 0.862665 0.834391
vt 0.857634 0.839122
vt 0.851055 0.840899
vt 0.844425 0.839347
vt 0.839235 0.834796
vt 0.954770 0.881518
vt 0.986840 0.880643
vt 0.954963 0.888580
vt 0.987033 0.887705
vt 0.955156 0.895641
vt 0.987226 0.894766
vt 0.955348 0.902702
vt 0.987419 0.901827
vt 0.955541 0.909763
vt 0.987611 0.908888
vt 0.694494 0.931331
vt 0.694657 0.924909
vt 0.693829 0.937748
vt 0.692853 0.944159
vt 0.691815 0.950577
vt 0.690945 0.957004
vt 0.690356 0.963422
vt 0.689668 0.892997
vt 0.688810 0.886610
vt 0.690801 0.899380
vt 0.692095 0.905749
vt 0.693325 0.912114
vt 0.694243 0.918499
vt 0.703145 0.931505
vt 0.703139 0.924734
vt 0.702928 0.938227
vt 0.702573 0.944860
vt 0.702183 0.951391
vt 0.701839 0.957838
vt 0.701552 0.964253
vt 0.700528 0.891702
vt 0.699974 0.885304
vt 0.701132 0.898131
vt 0.701783 0.904643
vt 0.702400 0.911258
vt 0.702880 0.917968
vt 0.709607 0.931430
vt 0.709476 0.924604
vt 0.709730 0.938200
vt 0.709837 0.944874
vt 0.709921 0.951442
vt 0.709983 0.957928
vt 0.710041 0.964366
vt 0.708680 0.891264
vt 0.708477 0.884829
vt 0.708870 0.897752
vt 0.709045 0.904324
vt 0.709201 0.911002
vt 0.709342 0.917776
vt 0.716059 0.931291
vt 0.715801 0.924477
vt 0.716528 0.938042
vt 0.717104 0.944692
vt 0.717667 0.951228
vt 0.718130 0.957672
vt 0.718509 0.964081
vt 0.716854 0.891177
vt 0.716995 0.884761
vt 0.716623 0.897637
vt 0.716317 0.904201
vt 0.716005 0.910876
vt 0.715794 0.917651
vt 0.724669 0.930839
vt 0.724246 0.924319
vt 0.725600 0.937327
vt 0.726823 0.943789
vt 0.728054 0.950244
vt 0.729038 0.956696
vt 0.729634 0.963126
vt 0.727811 0.891772
vt 0.728211 0.885333
vt 0.727053 0.898215
vt 0.726067 0.904685
vt 0.725095 0.911223
vt 0.724414 0.917778
vt 0.764786 0.930202
vt 0.764372 0.923941
vt 0.765696 0.936436
vt 0.766888 0.942644
vt 0.768083 0.948857
vt 0.769025 0.955123
vt 0.769572 0.961483
vt 0.767816 0.892625
vt 0.768167 0.886238
vt 0.767100 0.898962
vt 0.766143 0.905238
vt 0.765198 0.911450
vt 0.764534 0.917676
vt 0.775822 0.929662
vt 0.775606 0.923729
vt 0.776205 0.935671
vt 0.776681 0.941809
vt 0.777144 0.948086
vt 0.777505 0.954473
vt 0.777774 0.960895
vt 0.776292 0.892948
vt 0.776320 0.886521
vt 0.776175 0.899345
vt 0.775962 0.905634
vt 0.775735 0.911785
vt 0.775584 0.917799
vt 0.784084 0.929513
vt 0.783998 0.923553
vt 0.784107 0.935548
vt 0.784067 0.941706
vt 0.783970 0.947992
vt 0.783835 0.954369
vt 0.783719 0.960782
vt 0.782604 0.892783
vt 0.782225 0.886382
vt 0.782992 0.899146
vt 0.783341 0.905420
vt 0.783629 0.911568
vt 0.783847 0.917596
vt 0.792355 0.929446
vt 0.792397 0.923375
vt 0.792016 0.935585
vt 0.791459 0.941828
vt 0.790798 0.948175
vt 0.790148 0.954584
vt 0.789587 0.960996
vt 0.788888 0.892295
vt 0.788057 0.885912
vt 0.789801 0.898669
vt 0.790719 0.904981
vt 0.791527 0.911194
vt 0.792112 0.917312
vt 0.803424 0.929739
vt 0.803654 0.923138
vt 0.802549 0.936294
vt 0.801255 0.942774
vt 0.799839 0.949191
vt 0.798568 0.955573
vt 0.797536 0.961937
vt 0.797251 0.890943
vt 0.795951 0.884629
vt 0.798787 0.897267
vt 0.800464 0.903619
vt 0.802020 0.910039
vt 0.803158 0.916552
vt 0.813981 0.922926
vt 0.813715 0.930409
vt 0.812724 0.937660
vt 0.811299 0.944539
vt 0.809788 0.951066
vt 0.808446 0.957388
vt 0.807289 0.963687
vt 0.805619 0.882465
vt 0.807041 0.888711
vt 0.808647 0.894975
vt 0.810426 0.901437
vt 0.812129 0.908254
vt 0.813413 0.915460
vt 0.865187 0.836320
vt 0.867160 0.837911
vt 0.859104 0.841927
vt 0.860264 0.844139
vt 0.851112 0.844069
vt 0.851155 0.846559
vt 0.843051 0.842202
vt 0.841968 0.844453
vt 0.836780 0.836809
vt 0.834861 0.838466
vt 0.768078 0.737192
vt 0.800158 0.736786
vt 0.800277 0.746149
vt 0.768197 0.746555
vt 0.768346 0.758278
vt 0.800425 0.757871
vt 0.768494 0.770000
vt 0.800574 0.769593
vt 0.768643 0.781722
vt 0.800722 0.781315
vt 0.768791 0.793444
vt 0.800871 0.793038
vt 0.732613 0.743384
vt 0.830122 0.745567
vt 0.725037 0.837291
vt 0.715213 0.837747
vt 0.705455 0.837747
vt 0.695729 0.837337
vt 0.685986 0.836485
vt 0.676206 0.835395
vt 0.666369 0.834003
vt 0.670751 0.809916
vt 0.670752 0.792488
vt 0.662037 0.807581
vt 0.655658 0.801202
vt 0.653323 0.792488
vt 0.655658 0.783774
vt 0.662037 0.777394
vt 0.670751 0.775059
vt 0.760223 0.832947
vt 0.743460 0.835903
vt 0.740944 0.836236
vt 0.687220 0.809917
vt 0.687221 0.792488
vt 0.687220 0.775059
vt 0.650166 0.831562
vt 0.777228 0.829959
vt 0.741824 0.833031
vt 0.780194 0.828945
vt 0.777124 0.826817
vt 0.724594 0.833996
vt 0.715119 0.834513
vt 0.705523 0.834503
vt 0.695913 0.834091
vt 0.686280 0.833263
vt 0.676637 0.832201
vt 0.667192 0.830820
vt 0.759606 0.829648
vt 0.650713 0.828277
vt 0.912730 0.924828
vt 0.853640 0.925137
vt 0.853690 0.933453
vt 0.912777 0.933144
vt 0.853743 0.941776
vt 0.912822 0.941466
vt 0.853790 0.950110
vt 0.912871 0.949800
vt 0.853813 0.958440
vt 0.912943 0.958129
vt 0.853795 0.966683
vt 0.913055 0.966370
vt 0.853965 0.974625
vt 0.912973 0.974313
vt 0.912411 0.875340
vt 0.853403 0.875652
vt 0.853319 0.883595
vt 0.912581 0.883282
vt 0.853431 0.891836
vt 0.912560 0.891524
vt 0.853501 0.900166
vt 0.912582 0.899855
vt 0.853549 0.908500
vt 0.912629 0.908189
vt 0.853594 0.916822
vt 0.912680 0.916512
vt 0.935362 0.924698
vt 0.930478 0.924726
vt 0.930519 0.933021
vt 0.935404 0.932995
vt 0.930546 0.941308
vt 0.935429 0.941281
vt 0.930561 0.949582
vt 0.935438 0.949538
vt 0.930577 0.957849
vt 0.935435 0.957708
vt 0.930700 0.966195
vt 0.935527 0.965579
vt 0.931671 0.974858
vt 0.936608 0.972517
vt 0.936061 0.876873
vt 0.931099 0.874587
vt 0.930224 0.883261
vt 0.935058 0.883822
vt 0.930195 0.891607
vt 0.935053 0.891693
vt 0.930272 0.899872
vt 0.935149 0.899861
vt 0.930353 0.908145
vt 0.935236 0.908116
vt 0.930422 0.916432
vt 0.935307 0.916402
vt 0.831063 0.933565
vt 0.835948 0.933534
vt 0.835891 0.925239
vt 0.831006 0.925268
vt 0.835850 0.916944
vt 0.830966 0.916970
vt 0.835824 0.908656
vt 0.830941 0.908683
vt 0.835811 0.900381
vt 0.830934 0.900425
vt 0.835797 0.892113
vt 0.830939 0.892253
vt 0.835676 0.883767
vt 0.830849 0.884382
vt 0.834706 0.875103
vt 0.829769 0.877444
vt 0.830316 0.973096
vt 0.835278 0.975382
vt 0.836152 0.966708
vt 0.831318 0.966147
vt 0.836178 0.958361
vt 0.831320 0.958276
vt 0.836100 0.950095
vt 0.831223 0.950107
vt 0.836018 0.941821
vt 0.831135 0.941852
vt 0.920086 0.924786
vt 0.920130 0.933095
vt 0.846337 0.933488
vt 0.846283 0.925179
vt 0.920165 0.941409
vt 0.846399 0.941802
vt 0.920202 0.949741
vt 0.846459 0.950135
vt 0.920277 0.958126
vt 0.846481 0.958521
vt 0.920472 0.966666
vt 0.846383 0.967062
vt 0.920593 0.975511
vt 0.846362 0.975908
vt 0.920015 0.874058
vt 0.919993 0.882904
vt 0.845903 0.883298
vt 0.845784 0.874452
vt 0.919893 0.891445
vt 0.846097 0.891838
vt 0.919913 0.899831
vt 0.846170 0.900224
vt 0.919972 0.908163
vt 0.846206 0.908556
vt 0.920033 0.916477
vt 0.846240 0.916871
vt 0.960764 0.940564
vt 0.962570 0.943527
vt 0.968559 0.941767
vt 0.968476 0.938298
vt 0.955217 0.946384
vt 0.958263 0.948046
vt 0.953323 0.954196
vt 0.956792 0.954113
vt 0.955589 0.961910
vt 0.958552 0.960103
vt 0.961409 0.967456
vt 0.963071 0.964410
vt 0.969222 0.969350
vt 0.969139 0.965881
vt 0.976936 0.967083
vt 0.975129 0.964121
vt 0.982482 0.961264
vt 0.979436 0.959601
vt 0.984375 0.953450
vt 0.980906 0.953534
vt 0.982108 0.945737
vt 0.979146 0.947544
vt 0.976289 0.940191
vt 0.974627 0.943237
vt 0.968849 0.953824
vt 0.907312 0.843921
vt 0.916067 0.842955
vt 0.924755 0.842564
vt 0.933449 0.842781
vt 0.942222 0.843573
vt 0.814103 0.127550
vt 0.818619 0.136893
vt 0.786325 0.127622
vt 0.799864 0.126498
vt 0.793884 0.116582
vt 0.785465 0.117281
vt 0.851321 0.128379
vt 0.847281 0.139231
vt 0.812958 0.107690
vt 0.787971 0.147448
vt 0.812173 0.146018
vt 0.851468 0.105303
vt 0.571572 0.200654
vt 0.579679 0.201444
vt 0.589204 0.203142
vt 0.599967 0.205381
vt 0.610730 0.207619
vt 0.620254 0.209318
vt 0.628360 0.210107
vt 0.636501 0.209907
vt 0.646123 0.208902
vt 0.657020 0.207448
vt 0.542909 0.203304
vt 0.553806 0.201853
vt 0.563429 0.200852
vt 0.606326 0.238617
vt 0.627930 0.238817
vt 0.609291 0.231032
vt 0.617250 0.225532
vt 0.628071 0.223592
vt 0.638854 0.225731
vt 0.646711 0.231377
vt 0.649535 0.239016
vt 0.646570 0.246602
vt 0.638611 0.252102
vt 0.627790 0.254042
vt 0.617007 0.251902
vt 0.609150 0.246257
vt 0.633337 0.124280
vt 0.632091 0.011428
vt 0.643695 0.124166
vt 0.642450 0.011314
vt 0.654054 0.124052
vt 0.652808 0.011200
vt 0.654511 0.149582
vt 0.644872 0.153378
vt 0.635372 0.149247
vt 0.684829 0.641925
vt 0.679605 0.661889
vt 0.698651 0.644990
vt 0.696635 0.665558
vt 0.746337 0.652926
vt 0.743531 0.673816
vt 0.900911 0.725183
vt 0.899744 0.705049
vt 0.871614 0.698851
vt 0.865286 0.718329
vt 0.795030 0.661533
vt 0.789496 0.682336
vt 0.824288 0.695804
vt 0.832555 0.675867
vt 0.944046 0.713529
vt 0.933895 0.696519
vt 0.959015 0.672354
vt 0.975409 0.682754
vt 0.966572 0.641980
vt 0.986541 0.647312
vt 0.688902 0.635396
vt 0.700635 0.638449
vt 0.748639 0.645656
vt 0.897633 0.693551
vt 0.870727 0.687672
vt 0.833245 0.665571
vt 0.796520 0.652588
vt 0.930205 0.686188
vt 0.953015 0.666672
vt 0.959030 0.638738
vt 0.693641 0.630376
vt 0.702547 0.633502
vt 0.750240 0.639894
vt 0.797502 0.645000
vt 0.895977 0.682370
vt 0.870444 0.677286
vt 0.834127 0.656759
vt 0.926927 0.675969
vt 0.947232 0.661498
vt 0.952347 0.636941
vt 0.871930 0.649617
vt 0.836325 0.636521
vt 0.750360 0.632641
vt 0.702529 0.627374
vt 0.797688 0.634148
vt 0.896032 0.652619
vt 0.922635 0.651546
vt 0.859207 0.622778
vt 0.763357 0.625915
vt 0.799474 0.626938
vt 0.836000 0.624599
vt 0.855592 0.597578
vt 0.857841 0.618452
vt 0.768282 0.603000
vt 0.765904 0.622557
vt 0.800081 0.601874
vt 0.800182 0.622073
vt 0.834665 0.600034
vt 0.836002 0.620374
vt 0.570851 0.474946
vt 0.568839 0.448460
vt 0.543990 0.448922
vt 0.536228 0.501316
vt 0.653045 0.444094
vt 0.654651 0.450310
vt 0.699709 0.442644
vt 0.607627 0.457158
vt 0.605341 0.446806
vt 0.512965 0.472722
vt 0.510283 0.508008
vt 0.478050 0.501095
vt 0.486627 0.471704
vt 0.456141 0.481449
vt 0.452818 0.456541
vt 0.707589 0.437914
vt 0.715815 0.445167
vt 0.702463 0.452796
vt 0.656958 0.460512
vt 0.507376 0.518932
vt 0.537965 0.511433
vt 0.574259 0.484275
vt 0.609567 0.467028
vt 0.469837 0.510826
vt 0.442554 0.485809
vt 0.438187 0.454223
vt 0.545511 0.438194
vt 0.636202 0.434849
vt 0.603388 0.436638
vt 0.567317 0.437296
vt 0.741454 0.183807
vt 0.740652 0.175703
vt 0.738938 0.166183
vt 0.736682 0.155425
vt 0.734425 0.144666
vt 0.732711 0.135146
vt 0.731908 0.127041
vt 0.764792 0.150171
vt 0.764856 0.128565
vt 0.757188 0.147253
vt 0.751638 0.139329
vt 0.749630 0.128521
vt 0.751700 0.117725
vt 0.757295 0.109833
vt 0.764916 0.106960
vt 0.731724 0.122175
vt 0.741638 0.188673
vt 0.769718 0.128841
vt 0.769778 0.107235
vt 0.769653 0.150447
vt 0.700584 0.063729
vt 0.700979 0.060381
vt 0.686376 0.059415
vt 0.685984 0.062808
vt 0.699943 0.067072
vt 0.685365 0.066340
vt 0.699351 0.070469
vt 0.684799 0.070097
vt 0.699123 0.073931
vt 0.684584 0.074025
vt 0.699395 0.077390
vt 0.684849 0.077951
vt 0.700032 0.080779
vt 0.685464 0.081700
vt 0.700716 0.084114
vt 0.686129 0.085223
vt 0.701154 0.087457
vt 0.686564 0.088611
vt 0.704083 0.063990
vt 0.704358 0.060618
vt 0.703620 0.067340
vt 0.703198 0.070640
vt 0.703043 0.073906
vt 0.703241 0.077169
vt 0.703704 0.080464
vt 0.704211 0.083808
vt 0.704530 0.087176
vt 0.708633 0.064061
vt 0.708687 0.060690
vt 0.708511 0.067396
vt 0.708411 0.070660
vt 0.708386 0.073871
vt 0.708452 0.077081
vt 0.708595 0.080343
vt 0.708759 0.083677
vt 0.708858 0.087047
vt 0.713339 0.063933
vt 0.713254 0.060573
vt 0.713446 0.067259
vt 0.713557 0.070554
vt 0.713618 0.073836
vt 0.713599 0.077120
vt 0.713530 0.080415
vt 0.713467 0.083742
vt 0.713426 0.087103
vt 0.717162 0.063811
vt 0.717117 0.060457
vt 0.717198 0.067142
vt 0.717234 0.070471
vt 0.717262 0.073812
vt 0.717277 0.077154
vt 0.717284 0.080483
vt 0.717291 0.083814
vt 0.717290 0.087168
vt 0.826301 0.063041
vt 0.826318 0.059685
vt 0.826266 0.066377
vt 0.826231 0.069719
vt 0.826228 0.073082
vt 0.826274 0.076445
vt 0.826351 0.079787
vt 0.826429 0.083123
vt 0.826490 0.086479
vt 0.831653 0.063120
vt 0.831696 0.059756
vt 0.831576 0.066452
vt 0.831498 0.069755
vt 0.831477 0.073048
vt 0.831539 0.076340
vt 0.831659 0.079642
vt 0.831778 0.082974
vt 0.831864 0.086336
vt 0.838421 0.063171
vt 0.838332 0.059802
vt 0.838573 0.066504
vt 0.838712 0.069773
vt 0.838780 0.073002
vt 0.838752 0.076231
vt 0.838654 0.079502
vt 0.838543 0.082836
vt 0.838496 0.086207
vt 0.845127 0.062994
vt 0.844858 0.059620
vt 0.845569 0.066352
vt 0.845989 0.069669
vt 0.846172 0.072957
vt 0.846030 0.076247
vt 0.845650 0.079568
vt 0.845249 0.082932
vt 0.845021 0.086309
vt 0.850299 0.062614
vt 0.849994 0.059267
vt 0.850860 0.065966
vt 0.851406 0.069400
vt 0.851645 0.072923
vt 0.851450 0.076450
vt 0.850945 0.079891
vt 0.850424 0.083249
vt 0.850159 0.086600
vt 0.888701 0.062085
vt 0.888455 0.058698
vt 0.889213 0.065538
vt 0.889707 0.069087
vt 0.889923 0.072707
vt 0.889751 0.076329
vt 0.889300 0.079883
vt 0.888830 0.083341
vt 0.888623 0.086731
vt 0.669529 0.713891
vt 0.701941 0.712742
vt 0.638521 0.717316
vt 0.634528 0.705870
vt 0.701481 0.700130
vt 0.668833 0.701244
vt 0.646306 0.715192
vt 0.644207 0.703045
vt 0.714453 0.713960
vt 0.174701 0.267376
vt 0.183757 0.267376
vt 0.179229 0.259534
vt 0.170174 0.259534
vt 0.165646 0.267376
vt 0.170174 0.275218
vt 0.179229 0.275218
vt 0.151074 0.290291
vt 0.151061 0.285279
vt 0.142006 0.285303
vt 0.142019 0.290314
vt 0.132951 0.285326
vt 0.132964 0.290338
vt 0.123896 0.285349
vt 0.123909 0.290361
vt 0.114841 0.285373
vt 0.114854 0.290384
vt 0.105785 0.285396
vt 0.105798 0.290408
vt 0.160130 0.290267
vt 0.160116 0.285256
vt 0.168775 0.242982
vt 0.159720 0.242982
vt 0.164247 0.250824
vt 0.155192 0.250824
vt 0.150665 0.242982
vt 0.155192 0.235140
vt 0.164247 0.235140
vt 0.945787 0.203533
vt 0.975508 0.152960
vt 0.982469 0.156913
vt 0.952347 0.208027
vt 0.939200 0.199058
vt 0.968332 0.149310
vt 0.932545 0.194628
vt 0.961010 0.145941
vt 0.924754 0.189398
vt 0.952542 0.141864
vt 0.910778 0.248489
vt 0.916737 0.253768
vt 0.904791 0.243205
vt 0.898776 0.237911
vt 0.891745 0.231688
vt 0.870997 0.287906
vt 0.876256 0.293889
vt 0.865708 0.281915
vt 0.860401 0.275901
vt 0.854205 0.268845
vt 0.827098 0.321838
vt 0.831599 0.328412
vt 0.822569 0.315249
vt 0.818025 0.308637
vt 0.812723 0.300884
vt 0.779640 0.350254
vt 0.783336 0.357313
vt 0.775920 0.343173
vt 0.772186 0.336069
vt 0.767832 0.327747
vt 0.729067 0.373012
vt 0.731913 0.380456
vt 0.726203 0.365542
vt 0.723328 0.358046
vt 0.719973 0.349272
vt 0.675717 0.389875
vt 0.677665 0.397602
vt 0.673757 0.382117
vt 0.671788 0.374331
vt 0.669489 0.365221
vt 0.619810 0.400488
vt 0.620817 0.408393
vt 0.618799 0.392550
vt 0.617782 0.384583
vt 0.616593 0.375261
vt 0.561459 0.404346
vt 0.561498 0.412314
vt 0.561422 0.396343
vt 0.561384 0.388310
vt 0.561339 0.378913
vt 0.503074 0.401054
vt 0.502142 0.408968
vt 0.504011 0.393107
vt 0.504954 0.385131
vt 0.506055 0.375798
vt 0.447069 0.390962
vt 0.445191 0.398707
vt 0.448958 0.383187
vt 0.450856 0.375384
vt 0.453071 0.366254
vt 0.393566 0.374583
vt 0.390787 0.382052
vt 0.396364 0.367089
vt 0.399173 0.359568
vt 0.402449 0.350764
vt 0.342794 0.352267
vt 0.339159 0.359358
vt 0.346454 0.345156
vt 0.350126 0.338020
vt 0.354409 0.329661
vt 0.295098 0.324249
vt 0.290652 0.330860
vt 0.299572 0.317624
vt 0.304061 0.310975
vt 0.309299 0.303179
vt 0.250926 0.290671
vt 0.245714 0.296695
vt 0.256166 0.284638
vt 0.261425 0.278582
vt 0.267565 0.271477
vt 0.210841 0.251561
vt 0.204924 0.256885
vt 0.216786 0.246231
vt 0.222760 0.240889
vt 0.229743 0.234613
vt 0.175494 0.206869
vt 0.168969 0.211413
vt 0.182046 0.202343
vt 0.188668 0.197862
vt 0.196418 0.192573
vt 0.145387 0.156525
vt 0.138456 0.160531
vt 0.152535 0.152820
vt 0.159830 0.149395
vt 0.168267 0.145253
vt 0.953601 0.083983
vt 0.927951 0.132628
vt 0.926204 0.131550
vt 0.951770 0.083033
vt 0.895750 0.175325
vt 0.894173 0.174000
vt 0.858229 0.212033
vt 0.856849 0.210497
vt 0.816465 0.242890
vt 0.815295 0.241181
vt 0.771356 0.268091
vt 0.770405 0.266247
vt 0.723572 0.287817
vt 0.722845 0.285870
vt 0.673539 0.302167
vt 0.673042 0.300146
vt 0.621433 0.311111
vt 0.621170 0.309045
vt 0.567181 0.314478
vt 0.567154 0.312394
vt 0.512892 0.312110
vt 0.513101 0.310037
vt 0.460652 0.304272
vt 0.461093 0.302237
vt 0.410328 0.291236
vt 0.410994 0.289266
vt 0.362009 0.273066
vt 0.362897 0.271189
vt 0.316040 0.249628
vt 0.317145 0.247875
vt 0.273024 0.220648
vt 0.274342 0.219054
vt 0.233840 0.185783
vt 0.235359 0.184390
vt 0.199592 0.144737
vt 0.201290 0.143580
vt 0.171602 0.097406
vt 0.173389 0.096371
vt 0.916458 0.125437
vt 0.941146 0.078661
vt 0.885449 0.166487
vt 0.849261 0.201824
vt 0.808914 0.231575
vt 0.765258 0.255916
vt 0.718938 0.274998
vt 0.670374 0.288895
vt 0.619754 0.297564
vt 0.567028 0.300828
vt 0.514254 0.298527
vt 0.463470 0.290922
vt 0.414575 0.278281
vt 0.367684 0.260683
vt 0.323146 0.238021
vt 0.281551 0.210056
vt 0.243733 0.176479
vt 0.210740 0.137009
vt 0.183796 0.091495
vt 0.901506 0.115992
vt 0.924915 0.071744
vt 0.872081 0.154898
vt 0.837654 0.188453
vt 0.799166 0.216779
vt 0.757406 0.240017
vt 0.712986 0.258280
vt 0.666318 0.271606
vt 0.617607 0.279931
vt 0.566842 0.283066
vt 0.516012 0.280849
vt 0.467092 0.273535
vt 0.420032 0.261391
vt 0.374984 0.244515
vt 0.332305 0.222842
vt 0.292567 0.196184
vt 0.256551 0.164276
vt 0.225226 0.126857
vt 0.199677 0.083804
vt 0.897084 0.113193
vt 0.920201 0.069509
vt 0.868118 0.151475
vt 0.834207 0.184498
vt 0.796265 0.212397
vt 0.755064 0.235304
vt 0.711209 0.253320
vt 0.665107 0.266473
vt 0.616968 0.274692
vt 0.566785 0.277787
vt 0.516532 0.275596
vt 0.468172 0.268370
vt 0.421663 0.256376
vt 0.377163 0.239719
vt 0.335034 0.218345
vt 0.295842 0.192080
vt 0.260354 0.160672
vt 0.229509 0.123851
vt 0.204277 0.081346
vt 0.945787 0.203533
vt 0.975508 0.152960
vt 0.939200 0.199058
vt 0.968332 0.149310
vt 0.932545 0.194628
vt 0.961010 0.145941
vt 0.924754 0.189398
vt 0.952542 0.141864
vt 0.910778 0.248489
vt 0.904791 0.243205
vt 0.898776 0.237911
vt 0.891745 0.231688
vt 0.870997 0.287906
vt 0.865708 0.281915
vt 0.860401 0.275901
vt 0.854205 0.268845
vt 0.827098 0.321838
vt 0.822569 0.315249
vt 0.818025 0.308637
vt 0.812723 0.300884
vt 0.779640 0.350254
vt 0.775920 0.343173
vt 0.772186 0.336069
vt 0.767832 0.327747
vt 0.729067 0.373012
vt 0.726203 0.365542
vt 0.723328 0.358046
vt 0.719973 0.349272
vt 0.675717 0.389875
vt 0.673757 0.382117
vt 0.671788 0.374331
vt 0.669489 0.365221
vt 0.619810 0.400488
vt 0.618799 0.392550
vt 0.617782 0.384583
vt 0.616593 0.375261
vt 0.561459 0.404346
vt 0.561422 0.396343
vt 0.561384 0.388310
vt 0.561339 0.378913
vt 0.503074 0.401054
vt 0.504011 0.393107
vt 0.504954 0.385131
vt 0.506055 0.375798
vt 0.447069 0.390962
vt 0.448958 0.383187
vt 0.450856 0.375384
vt 0.453071 0.366254
vt 0.393566 0.374583
vt 0.396364 0.367089
vt 0.399173 0.359568
vt 0.402449 0.350764
vt 0.342794 0.352267
vt 0.346454 0.345156
vt 0.350126 0.338020
vt 0.354409 0.329661
vt 0.295098 0.324249
vt 0.299572 0.317624
vt 0.304061 0.310975
vt 0.309299 0.303179
vt 0.250926 0.290671
vt 0.256166 0.284638
vt 0.261425 0.278582
vt 0.267565 0.271477
vt 0.210841 0.251561
vt 0.216786 0.246231
vt 0.222760 0.240889
vt 0.229743 0.234613
vt 0.175494 0.206869
vt 0.182046 0.202343
vt 0.188668 0.197862
vt 0.196418 0.192573
vt 0.145387 0.156525
vt 0.152535 0.152820
vt 0.159830 0.149395
vt 0.168267 0.145253
vt 0.953601 0.083983
vt 0.951770 0.083033
vt 0.926204 0.131550
vt 0.927951 0.132628
vt 0.894173 0.174000
vt 0.895750 0.175325
vt 0.856849 0.210497
vt 0.858229 0.212033
vt 0.815295 0.241181
vt 0.816465 0.242890
vt 0.770405 0.266247
vt 0.771356 0.268091
vt 0.722845 0.285870
vt 0.723572 0.287817
vt 0.673042 0.300146
vt 0.673539 0.302167
vt 0.621170 0.309045
vt 0.621433 0.311111
vt 0.567154 0.312394
vt 0.567181 0.314478
vt 0.513101 0.310037
vt 0.512892 0.312110
vt 0.461093 0.302237
vt 0.460652 0.304272
vt 0.410994 0.289266
vt 0.410328 0.291236
vt 0.362897 0.271189
vt 0.362009 0.273066
vt 0.317145 0.247875
vt 0.316040 0.249628
vt 0.274342 0.219054
vt 0.273024 0.220648
vt 0.235359 0.184390
vt 0.233840 0.185783
vt 0.201290 0.143580
vt 0.199592 0.144737
vt 0.173389 0.096371
vt 0.171602 0.097406
vt 0.941146 0.078661
vt 0.916458 0.125437
vt 0.885449 0.166487
vt 0.849261 0.201824
vt 0.808914 0.231575
vt 0.765258 0.255916
vt 0.718938 0.274998
vt 0.670374 0.288895
vt 0.619754 0.297564
vt 0.567028 0.300828
vt 0.514254 0.298527
vt 0.463470 0.290922
vt 0.414575 0.278281
vt 0.367684 0.260683
vt 0.323146 0.238021
vt 0.281551 0.210056
vt 0.243733 0.176479
vt 0.210740 0.137009
vt 0.183796 0.091495
vt 0.924915 0.071744
vt 0.901506 0.115992
vt 0.872081 0.154898
vt 0.837654 0.188453
vt 0.799166 0.216779
vt 0.757406 0.240017
vt 0.712986 0.258280
vt 0.666318 0.271606
vt 0.617607 0.279931
vt 0.566842 0.283066
vt 0.516012 0.280849
vt 0.467092 0.273535
vt 0.420032 0.261391
vt 0.374984 0.244515
vt 0.332305 0.222842
vt 0.292567 0.196184
vt 0.256551 0.164276
vt 0.225226 0.126857
vt 0.199677 0.083804
vt 0.945787 0.203533
vt 0.952347 0.208027
vt 0.939200 0.199058
vt 0.932545 0.194628
vt 0.924754 0.189398
vt 0.910778 0.248489
vt 0.916737 0.253768
vt 0.904791 0.243205
vt 0.898776 0.237911
vt 0.891745 0.231688
vt 0.870997 0.287906
vt 0.876256 0.293889
vt 0.865708 0.281915
vt 0.860401 0.275901
vt 0.854205 0.268845
vt 0.827098 0.321838
vt 0.831599 0.328412
vt 0.822569 0.315249
vt 0.818025 0.308637
vt 0.812723 0.300884
vt 0.779640 0.350254
vt 0.783336 0.357313
vt 0.775920 0.343173
vt 0.772186 0.336069
vt 0.767832 0.327747
vt 0.729067 0.373012
vt 0.731913 0.380456
vt 0.726203 0.365542
vt 0.723328 0.358046
vt 0.719973 0.349272
vt 0.675717 0.389875
vt 0.677665 0.397602
vt 0.673757 0.382117
vt 0.671788 0.374331
vt 0.669489 0.365221
vt 0.619810 0.400488
vt 0.620817 0.408393
vt 0.618799 0.392550
vt 0.617782 0.384583
vt 0.616593 0.375261
vt 0.561459 0.404346
vt 0.561498 0.412314
vt 0.561422 0.396343
vt 0.561384 0.388310
vt 0.561339 0.378913
vt 0.503074 0.401054
vt 0.502142 0.408968
vt 0.504011 0.393107
vt 0.504954 0.385131
vt 0.506055 0.375798
vt 0.447069 0.390962
vt 0.445191 0.398707
vt 0.448958 0.383187
vt 0.450856 0.375384
vt 0.453071 0.366254
vt 0.393566 0.374583
vt 0.390787 0.382052
vt 0.396364 0.367089
vt 0.399173 0.359568
vt 0.402449 0.350764
vt 0.342794 0.352267
vt 0.339159 0.359358
vt 0.346454 0.345156
vt 0.350126 0.338020
vt 0.354409 0.329661
vt 0.295098 0.324249
vt 0.290652 0.330860
vt 0.299572 0.317624
vt 0.304061 0.310975
vt 0.309299 0.303179
vt 0.250926 0.290671
vt 0.245714 0.296695
vt 0.256166 0.284638
vt 0.261425 0.278582
vt 0.267565 0.271477
vt 0.210841 0.251561
vt 0.204924 0.256885
vt 0.216786 0.246231
vt 0.222760 0.240889
vt 0.229743 0.234613
vt 0.175494 0.206869
vt 0.168969 0.211413
vt 0.182046 0.202343
vt 0.188668 0.197862
vt 0.196418 0.192573
vt 0.926204 0.131550
vt 0.927951 0.132628
vt 0.894173 0.174000
vt 0.895750 0.175325
vt 0.856849 0.210497
vt 0.858229 0.212033
vt 0.815295 0.241181
vt 0.816465 0.242890
vt 0.770405 0.266247
vt 0.771356 0.268091
vt 0.722845 0.285870
vt 0.723572 0.287817
vt 0.673042 0.300146
vt 0.673539 0.302167
vt 0.621170 0.309045
vt 0.621433 0.311111
vt 0.567154 0.312394
vt 0.567181 0.314478
vt 0.513101 0.310037
vt 0.512892 0.312110
vt 0.461093 0.302237
vt 0.460652 0.304272
vt 0.410994 0.289266
vt 0.410328 0.291236
vt 0.362897 0.271189
vt 0.362009 0.273066
vt 0.317145 0.247875
vt 0.316040 0.249628
vt 0.274342 0.219054
vt 0.273024 0.220648
vt 0.235359 0.184390
vt 0.233840 0.185783
vt 0.201290 0.143580
vt 0.199592 0.144737
vt 0.916458 0.125437
vt 0.885449 0.166487
vt 0.849261 0.201824
vt 0.808914 0.231575
vt 0.765258 0.255916
vt 0.718938 0.274998
vt 0.670374 0.288895
vt 0.619754 0.297564
vt 0.567028 0.300828
vt 0.514254 0.298527
vt 0.463470 0.290922
vt 0.414575 0.278281
vt 0.367684 0.260683
vt 0.323146 0.238021
vt 0.281551 0.210056
vt 0.243733 0.176479
vt 0.210740 0.137009
vt 0.901506 0.115992
vt 0.872081 0.154898
vt 0.837654 0.188453
vt 0.799166 0.216779
vt 0.757406 0.240017
vt 0.712986 0.258280
vt 0.666318 0.271606
vt 0.617607 0.279931
vt 0.566842 0.283066
vt 0.516012 0.280849
vt 0.467092 0.273535
vt 0.420032 0.261391
vt 0.374984 0.244515
vt 0.332305 0.222842
vt 0.292567 0.196184
vt 0.256551 0.164276
vt 0.225226 0.126857
vt 0.897084 0.113193
vt 0.868118 0.151475
vt 0.834207 0.184498
vt 0.796265 0.212397
vt 0.755064 0.235304
vt 0.711209 0.253320
vt 0.665107 0.266473
vt 0.616968 0.274692
vt 0.566785 0.277787
vt 0.516532 0.275596
vt 0.468172 0.268370
vt 0.421663 0.256376
vt 0.377163 0.239719
vt 0.335034 0.218345
vt 0.295842 0.192080
vt 0.260354 0.160672
vt 0.229509 0.123851
vt 0.945787 0.203533
vt 0.939200 0.199058
vt 0.932545 0.194628
vt 0.924754 0.189398
vt 0.910778 0.248489
vt 0.904791 0.243205
vt 0.898776 0.237911
vt 0.891745 0.231688
vt 0.870997 0.287906
vt 0.865708 0.281915
vt 0.860401 0.275901
vt 0.854205 0.268845
vt 0.827098 0.321838
vt 0.822569 0.315249
vt 0.818025 0.308637
vt 0.812723 0.300884
vt 0.779640 0.350254
vt 0.775920 0.343173
vt 0.772186 0.336069
vt 0.767832 0.327747
vt 0.729067 0.373012
vt 0.726203 0.365542
vt 0.723328 0.358046
vt 0.719973 0.349272
vt 0.675717 0.389875
vt 0.673757 0.382117
vt 0.671788 0.374331
vt 0.669489 0.365221
vt 0.619810 0.400488
vt 0.618799 0.392550
vt 0.617782 0.384583
vt 0.616593 0.375261
vt 0.561459 0.404346
vt 0.561422 0.396343
vt 0.561384 0.388310
vt 0.561339 0.378913
vt 0.503074 0.401054
vt 0.504011 0.393107
vt 0.504954 0.385131
vt 0.506055 0.375798
vt 0.447069 0.390962
vt 0.448958 0.383187
vt 0.450856 0.375384
vt 0.453071 0.366254
vt 0.393566 0.374583
vt 0.396364 0.367089
vt 0.399173 0.359568
vt 0.402449 0.350764
vt 0.342794 0.352267
vt 0.346454 0.345156
vt 0.350126 0.338020
vt 0.354409 0.329661
vt 0.295098 0.324249
vt 0.299572 0.317624
vt 0.304061 0.310975
vt 0.309299 0.303179
vt 0.250926 0.290671
vt 0.256166 0.284638
vt 0.261425 0.278582
vt 0.267565 0.271477
vt 0.210841 0.251561
vt 0.216786 0.246231
vt 0.222760 0.240889
vt 0.229743 0.234613
vt 0.175494 0.206869
vt 0.182046 0.202343
vt 0.188668 0.197862
vt 0.196418 0.192573
vt 0.927951 0.132628
vt 0.926204 0.131550
vt 0.895750 0.175325
vt 0.894173 0.174000
vt 0.858229 0.212033
vt 0.856849 0.210497
vt 0.816465 0.242890
vt 0.815295 0.241181
vt 0.771356 0.268091
vt 0.770405 0.266247
vt 0.723572 0.287817
vt 0.722845 0.285870
vt 0.673539 0.302167
vt 0.673042 0.300146
vt 0.621433 0.311111
vt 0.621170 0.309045
vt 0.567181 0.314478
vt 0.567154 0.312394
vt 0.512892 0.312110
vt 0.513101 0.310037
vt 0.460652 0.304272
vt 0.461093 0.302237
vt 0.410328 0.291236
vt 0.410994 0.289266
vt 0.362009 0.273066
vt 0.362897 0.271189
vt 0.316040 0.249628
vt 0.317145 0.247875
vt 0.273024 0.220648
vt 0.274342 0.219054
vt 0.233840 0.185783
vt 0.235359 0.184390
vt 0.199592 0.144737
vt 0.201290 0.143580
vt 0.916458 0.125437
vt 0.885449 0.166487
vt 0.849261 0.201824
vt 0.808914 0.231575
vt 0.765258 0.255916
vt 0.718938 0.274998
vt 0.670374 0.288895
vt 0.619754 0.297564
vt 0.567028 0.300828
vt 0.514254 0.298527
vt 0.463470 0.290922
vt 0.414575 0.278281
vt 0.367684 0.260683
vt 0.323146 0.238021
vt 0.281551 0.210056
vt 0.243733 0.176479
vt 0.210740 0.137009
vt 0.901506 0.115992
vt 0.872081 0.154898
vt 0.837654 0.188453
vt 0.799166 0.216779
vt 0.757406 0.240017
vt 0.712986 0.258280
vt 0.666318 0.271606
vt 0.617607 0.279931
vt 0.566842 0.283066
vt 0.516012 0.280849
vt 0.467092 0.273535
vt 0.420032 0.261391
vt 0.374984 0.244515
vt 0.332305 0.222842
vt 0.292567 0.196184
vt 0.256551 0.164276
vt 0.225226 0.126857
vt 0.989376 0.021449
vt 0.703450 0.021446
vt 0.703303 0.017133
vt 0.989229 0.017135
vt 0.989522 0.012829
vt 0.703596 0.012826
vt 0.703449 0.008513
vt 0.989375 0.008515
vt 0.696509 0.039200
vt 0.990391 0.039016
vt 0.990536 0.043330
vt 0.696654 0.043514
vt 0.696792 0.034893
vt 0.990674 0.034709
vt 0.696646 0.030579
vt 0.990528 0.030395
vt 0.989376 0.021449
vt 0.703450 0.021446
vt 0.703303 0.017133
vt 0.989229 0.017135
vt 0.989522 0.012829
vt 0.703596 0.012826
vt 0.703449 0.008513
vt 0.989375 0.008515
vt 0.696509 0.039200
vt 0.990391 0.039016
vt 0.990536 0.043330
vt 0.696654 0.043514
vt 0.696792 0.034893
vt 0.990674 0.034709
vt 0.696646 0.030579
vt 0.990528 0.030395
vt 0.989376 0.021449
vt 0.703450 0.021446
vt 0.703303 0.017133
vt 0.989229 0.017135
vt 0.989522 0.012829
vt 0.703596 0.012826
vt 0.703449 0.008513
vt 0.989375 0.008515
vt 0.696509 0.039200
vt 0.990391 0.039016
vt 0.990536 0.043330
vt 0.696654 0.043514
vt 0.696792 0.034893
vt 0.990674 0.034709
vt 0.696646 0.030579
vt 0.990528 0.030395
vt 0.989376 0.021449
vt 0.703450 0.021446
vt 0.703303 0.017133
vt 0.989229 0.017135
vt 0.989522 0.012829
vt 0.703596 0.012826
vt 0.703449 0.008513
vt 0.989375 0.008515
vt 0.696509 0.039200
vt 0.990391 0.039016
vt 0.990536 0.043330
vt 0.696654 0.043514
vt 0.696792 0.034893
vt 0.990674 0.034709
vt 0.696646 0.030579
vt 0.990528 0.030395
vt 0.989376 0.021449
vt 0.703450 0.021446
vt 0.703303 0.017133
vt 0.989229 0.017135
vt 0.989522 0.012829
vt 0.703596 0.012826
vt 0.703449 0.008513
vt 0.989375 0.008515
vt 0.696509 0.039200
vt 0.990391 0.039016
vt 0.990536 0.043330
vt 0.696654 0.043514
vt 0.696792 0.034893
vt 0.990674 0.034709
vt 0.696646 0.030579
vt 0.990528 0.030395
vt 0.989376 0.021449
vt 0.703450 0.021446
vt 0.703303 0.017133
vt 0.989229 0.017135
vt 0.989522 0.012829
vt 0.703596 0.012826
vt 0.703449 0.008513
vt 0.989375 0.008515
vt 0.696509 0.039200
vt 0.990391 0.039016
vt 0.990536 0.043330
vt 0.696654 0.043514
vt 0.696792 0.034893
vt 0.990674 0.034709
vt 0.696646 0.030579
vt 0.990528 0.030395
vt 0.989376 0.021449
vt 0.703450 0.021446
vt 0.703303 0.017133
vt 0.989229 0.017135
vt 0.989522 0.012829
vt 0.703596 0.012826
vt 0.703449 0.008513
vt 0.989375 0.008515
vt 0.696509 0.039200
vt 0.990391 0.039016
vt 0.990536 0.043330
vt 0.696654 0.043514
vt 0.696792 0.034893
vt 0.990674 0.034709
vt 0.696646 0.030579
vt 0.990528 0.030395
vt 0.989376 0.021449
vt 0.703450 0.021446
vt 0.703303 0.017133
vt 0.989229 0.017135
vt 0.989522 0.012829
vt 0.703596 0.012826
vt 0.703449 0.008513
vt 0.989375 0.008515
vt 0.696509 0.039200
vt 0.990391 0.039016
vt 0.990536 0.043330
vt 0.696654 0.043514
vt 0.696792 0.034893
vt 0.990674 0.034709
vt 0.696646 0.030579
vt 0.990528 0.030395
vt 0.989376 0.021449
vt 0.989229 0.017135
vt 0.703303 0.017133
vt 0.703450 0.021446
vt 0.989522 0.012829
vt 0.989375 0.008515
vt 0.703449 0.008513
vt 0.703596 0.012826
vt 0.696509 0.039200
vt 0.696654 0.043514
vt 0.990536 0.043330
vt 0.990391 0.039016
vt 0.696792 0.034893
vt 0.990674 0.034709
vt 0.696646 0.030579
vt 0.990528 0.030395
vt 0.989376 0.021449
vt 0.989229 0.017135
vt 0.703303 0.017133
vt 0.703450 0.021446
vt 0.989522 0.012829
vt 0.989375 0.008515
vt 0.703449 0.008513
vt 0.703596 0.012826
vt 0.696509 0.039200
vt 0.696654 0.043514
vt 0.990536 0.043330
vt 0.990391 0.039016
vt 0.696792 0.034893
vt 0.990674 0.034709
vt 0.696646 0.030579
vt 0.990528 0.030395
vt 0.989376 0.021449
vt 0.989229 0.017135
vt 0.703303 0.017133
vt 0.703450 0.021446
vt 0.989522 0.012829
vt 0.989375 0.008515
vt 0.703449 0.008513
vt 0.703596 0.012826
vt 0.696509 0.039200
vt 0.696654 0.043514
vt 0.990536 0.043330
vt 0.990391 0.039016
vt 0.696792 0.034893
vt 0.990674 0.034709
vt 0.696646 0.030579
vt 0.990528 0.030395
vt 0.989376 0.021449
vt 0.989229 0.017135
vt 0.703303 0.017133
vt 0.703450 0.021446
vt 0.989522 0.012829
vt 0.989375 0.008515
vt 0.703449 0.008513
vt 0.703596 0.012826
vt 0.696509 0.039200
vt 0.696654 0.043514
vt 0.990536 0.043330
vt 0.990391 0.039016
vt 0.696792 0.034893
vt 0.990674 0.034709
vt 0.696646 0.030579
vt 0.990528 0.030395
vt 0.989376 0.021449
vt 0.989229 0.017135
vt 0.703303 0.017133
vt 0.703450 0.021446
vt 0.989522 0.012829
vt 0.989375 0.008515
vt 0.703449 0.008513
vt 0.703596 0.012826
vt 0.696509 0.039200
vt 0.696654 0.043514
vt 0.990536 0.043330
vt 0.990391 0.039016
vt 0.696792 0.034893
vt 0.990674 0.034709
vt 0.696646 0.030579
vt 0.990528 0.030395
vt 0.989376 0.021449
vt 0.989229 0.017135
vt 0.703303 0.017133
vt 0.703450 0.021446
vt 0.989522 0.012829
vt 0.989375 0.008515
vt 0.703449 0.008513
vt 0.703596 0.012826
vt 0.696509 0.039200
vt 0.696654 0.043514
vt 0.990536 0.043330
vt 0.990391 0.039016
vt 0.696792 0.034893
vt 0.990674 0.034709
vt 0.696646 0.030579
vt 0.990528 0.030395
vt 0.989376 0.021449
vt 0.989229 0.017135
vt 0.703303 0.017133
vt 0.703450 0.021446
vt 0.989522 0.012829
vt 0.989375 0.008515
vt 0.703449 0.008513
vt 0.703596 0.012826
vt 0.696509 0.039200
vt 0.696654 0.043514
vt 0.990536 0.043330
vt 0.990391 0.039016
vt 0.696792 0.034893
vt 0.990674 0.034709
vt 0.696646 0.030579
vt 0.990528 0.030395
vt 0.989376 0.021449
vt 0.989229 0.017135
vt 0.703303 0.017133
vt 0.703450 0.021446
vt 0.989522 0.012829
vt 0.989375 0.008515
vt 0.703449 0.008513
vt 0.703596 0.012826
vt 0.696509 0.039200
vt 0.696654 0.043514
vt 0.990536 0.043330
vt 0.990391 0.039016
vt 0.696792 0.034893
vt 0.990674 0.034709
vt 0.696646 0.030579
vt 0.990528 0.030395
vt 0.079953 0.212869
vt 0.084440 0.228229
vt 0.070776 0.228895
vt 0.067998 0.219489
vt 0.034840 0.200772
vt 0.050310 0.196602
vt 0.050839 0.210310
vt 0.041388 0.212817
vt 0.022513 0.245566
vt 0.018026 0.230205
vt 0.031691 0.229539
vt 0.034468 0.238945
vt 0.067627 0.257662
vt 0.052156 0.261832
vt 0.051628 0.248124
vt 0.061079 0.245617
vt 0.082228 0.211104
vt 0.084497 0.209614
vt 0.090014 0.228628
vt 0.087321 0.228544
vt 0.067555 0.200345
vt 0.068971 0.197778
vt 0.050609 0.193716
vt 0.050680 0.190991
vt 0.033074 0.198468
vt 0.031605 0.196196
vt 0.022125 0.213045
vt 0.019577 0.211597
vt 0.015146 0.229891
vt 0.012453 0.229807
vt 0.020238 0.247331
vt 0.017970 0.248821
vt 0.034911 0.258090
vt 0.033495 0.260657
vt 0.051857 0.264719
vt 0.051786 0.267444
vt 0.069392 0.259967
vt 0.070862 0.262239
vt 0.080342 0.245390
vt 0.082890 0.246838
vt 0.070651 0.145376
vt 0.073059 0.136389
vt 0.085394 0.136393
vt 0.081336 0.151540
vt 0.046200 0.151895
vt 0.055188 0.154304
vt 0.055183 0.166639
vt 0.040037 0.162581
vt 0.039680 0.127445
vt 0.037272 0.136433
vt 0.024937 0.136428
vt 0.028995 0.121282
vt 0.064131 0.120926
vt 0.055143 0.118518
vt 0.055148 0.106182
vt 0.070294 0.110241
vt 0.117721 0.149431
vt 0.122724 0.149431
vt 0.122054 0.151933
vt 0.120223 0.153765
vt 0.117721 0.154435
vt 0.115219 0.153765
vt 0.113387 0.151933
vt 0.112717 0.149431
vt 0.113387 0.146929
vt 0.115219 0.145098
vt 0.117721 0.144427
vt 0.120223 0.145098
vt 0.122054 0.146929
vt 0.129841 0.240931
vt 0.127309 0.248157
vt 0.109321 0.240917
vt 0.111269 0.235358
vt 0.124130 0.255123
vt 0.106875 0.246276
vt 0.120330 0.261770
vt 0.103952 0.251390
vt 0.115940 0.268044
vt 0.100575 0.256216
vt 0.125477 0.181163
vt 0.128401 0.188240
vt 0.110162 0.194821
vt 0.107913 0.189377
vt 0.130669 0.195553
vt 0.111907 0.200447
vt 0.132262 0.203043
vt 0.113132 0.206208
vt 0.133166 0.210646
vt 0.113828 0.212057
vt 0.133375 0.218300
vt 0.113988 0.217946
vt 0.132887 0.225940
vt 0.113613 0.223824
vt 0.131706 0.233505
vt 0.112704 0.229645
vt 0.067382 0.228469
vt 0.065344 0.221637
vt 0.066006 0.203160
vt 0.057277 0.218896
vt 0.058553 0.216529
vt 0.050461 0.213725
vt 0.043489 0.215543
vt 0.024911 0.214630
vt 0.040469 0.223456
vt 0.038139 0.222110
vt 0.035084 0.229966
vt 0.037123 0.236797
vt 0.036460 0.255274
vt 0.045190 0.239538
vt 0.043914 0.241905
vt 0.052005 0.244710
vt 0.058977 0.242891
vt 0.077555 0.243805
vt 0.061997 0.234978
vt 0.064327 0.236324
vt 0.059409 0.138869
vt 0.060070 0.136403
vt 0.088522 0.136410
vt 0.084053 0.153088
vt 0.057624 0.140668
vt 0.064131 0.151938
vt 0.071843 0.165296
vt 0.070262 0.162559
vt 0.055173 0.141315
vt 0.055166 0.169766
vt 0.052707 0.140654
vt 0.038488 0.165298
vt 0.050908 0.138869
vt 0.039638 0.145376
vt 0.026280 0.153088
vt 0.029017 0.151507
vt 0.050261 0.136418
vt 0.021809 0.136411
vt 0.050922 0.133952
vt 0.026278 0.119733
vt 0.052707 0.132153
vt 0.046200 0.120883
vt 0.038488 0.107525
vt 0.040069 0.110263
vt 0.055158 0.131507
vt 0.055165 0.103055
vt 0.057623 0.132167
vt 0.071843 0.107523
vt 0.059423 0.133952
vt 0.070693 0.127445
vt 0.084051 0.119733
vt 0.081314 0.121314
vt 0.067912 0.214359
vt 0.078380 0.212758
vt 0.060917 0.212122
vt 0.055165 0.207663
vt 0.051272 0.197936
vt 0.063396 0.207931
vt 0.083155 0.229151
vt 0.073415 0.233285
vt 0.072837 0.241107
vt 0.067762 0.256044
vt 0.066166 0.245655
vt 0.068657 0.238830
vt 0.034555 0.244075
vt 0.024087 0.245676
vt 0.041550 0.246312
vt 0.047302 0.250771
vt 0.051194 0.260498
vt 0.039071 0.250504
vt 0.036301 0.212779
vt 0.034705 0.202390
vt 0.033810 0.219604
vt 0.029052 0.225149
vt 0.019311 0.229283
vt 0.029630 0.217327
vt 0.091287 0.136410
vt 0.086448 0.154471
vt 0.073226 0.167691
vt 0.055166 0.172532
vt 0.037105 0.167693
vt 0.023885 0.154471
vt 0.019044 0.136411
vt 0.023883 0.118350
vt 0.037105 0.105130
vt 0.055165 0.100289
vt 0.073226 0.105128
vt 0.086446 0.118350
vt 0.119484 0.108146
vt 0.122073 0.108220
vt 0.121354 0.133203
vt 0.118764 0.133129
vt 0.124663 0.108295
vt 0.123943 0.133277
vt 0.127253 0.108369
vt 0.126533 0.133352
vt 0.129843 0.108443
vt 0.129123 0.133426
vt 0.132433 0.108518
vt 0.131713 0.133501
vt 0.135022 0.108592
vt 0.134302 0.133575
vt 0.137612 0.108667
vt 0.136892 0.133650
vt 0.140201 0.108741
vt 0.139481 0.133724
vt 0.142790 0.108816
vt 0.142070 0.133799
vt 0.111716 0.107923
vt 0.114305 0.107997
vt 0.113586 0.132980
vt 0.110996 0.132905
vt 0.116895 0.108072
vt 0.116175 0.133055
vt 0.174701 0.267376
vt 0.179229 0.259534
vt 0.183757 0.267376
vt 0.170174 0.259534
vt 0.165646 0.267376
vt 0.170174 0.275218
vt 0.179229 0.275218
vt 0.151074 0.290291
vt 0.142019 0.290314
vt 0.142006 0.285303
vt 0.151061 0.285279
vt 0.132964 0.290338
vt 0.132951 0.285326
vt 0.123909 0.290361
vt 0.123896 0.285349
vt 0.114854 0.290384
vt 0.114841 0.285373
vt 0.105798 0.290408
vt 0.105785 0.285396
vt 0.160130 0.290267
vt 0.160116 0.285256
vt 0.168775 0.242982
vt 0.164247 0.250824
vt 0.159720 0.242982
vt 0.155192 0.250824
vt 0.150665 0.242982
vt 0.155192 0.235140
vt 0.164247 0.235140
vt 0.079953 0.212869
vt 0.067998 0.219489
vt 0.070776 0.228895
vt 0.084440 0.228229
vt 0.034840 0.200772
vt 0.041388 0.212817
vt 0.050839 0.210310
vt 0.050310 0.196602
vt 0.022513 0.245566
vt 0.034468 0.238945
vt 0.031691 0.229539
vt 0.018026 0.230205
vt 0.067627 0.257662
vt 0.061079 0.245617
vt 0.051628 0.248124
vt 0.052156 0.261832
vt 0.082228 0.211104
vt 0.087321 0.228544
vt 0.090014 0.228628
vt 0.084497 0.209614
vt 0.067555 0.200345
vt 0.068971 0.197778
vt 0.050609 0.193716
vt 0.050680 0.190991
vt 0.033074 0.198468
vt 0.031605 0.196196
vt 0.022125 0.213045
vt 0.019577 0.211597
vt 0.015146 0.229891
vt 0.012453 0.229807
vt 0.020238 0.247331
vt 0.017970 0.248821
vt 0.034911 0.258090
vt 0.033495 0.260657
vt 0.051857 0.264719
vt 0.051786 0.267444
vt 0.069392 0.259967
vt 0.070862 0.262239
vt 0.080342 0.245390
vt 0.082890 0.246838
vt 0.070651 0.145376
vt 0.081336 0.151540
vt 0.085394 0.136393
vt 0.073059 0.136389
vt 0.046200 0.151895
vt 0.040037 0.162581
vt 0.055183 0.166639
vt 0.055188 0.154304
vt 0.039680 0.127445
vt 0.028995 0.121282
vt 0.024937 0.136428
vt 0.037272 0.136433
vt 0.064131 0.120926
vt 0.070294 0.110241
vt 0.055148 0.106182
vt 0.055143 0.118518
vt 0.117721 0.149431
vt 0.122054 0.151933
vt 0.122724 0.149431
vt 0.120223 0.153765
vt 0.117721 0.154435
vt 0.115219 0.153765
vt 0.113387 0.151933
vt 0.112717 0.149431
vt 0.113387 0.146929
vt 0.115219 0.145098
vt 0.117721 0.144427
vt 0.120223 0.145098
vt 0.122054 0.146929
vt 0.129841 0.240931
vt 0.127309 0.248157
vt 0.124130 0.255123
vt 0.120330 0.261770
vt 0.115940 0.268044
vt 0.125477 0.181163
vt 0.128401 0.188240
vt 0.130669 0.195553
vt 0.132262 0.203043
vt 0.133166 0.210646
vt 0.133375 0.218300
vt 0.132887 0.225940
vt 0.131706 0.233505
vt 0.067382 0.228469
vt 0.065344 0.221637
vt 0.066006 0.203160
vt 0.058553 0.216529
vt 0.057277 0.218896
vt 0.050461 0.213725
vt 0.043489 0.215543
vt 0.024911 0.214630
vt 0.038139 0.222110
vt 0.040469 0.223456
vt 0.035084 0.229966
vt 0.037123 0.236797
vt 0.036460 0.255274
vt 0.043914 0.241905
vt 0.045190 0.239538
vt 0.052005 0.244710
vt 0.058977 0.242891
vt 0.077555 0.243805
vt 0.064327 0.236324
vt 0.061997 0.234978
vt 0.059409 0.138869
vt 0.060070 0.136403
vt 0.088522 0.136410
vt 0.084053 0.153088
vt 0.057624 0.140668
vt 0.064131 0.151938
vt 0.070262 0.162559
vt 0.071843 0.165296
vt 0.055173 0.141315
vt 0.055166 0.169766
vt 0.052707 0.140654
vt 0.038488 0.165298
vt 0.050908 0.138869
vt 0.039638 0.145376
vt 0.029017 0.151507
vt 0.026280 0.153088
vt 0.050261 0.136418
vt 0.021809 0.136411
vt 0.050922 0.133952
vt 0.026278 0.119733
vt 0.052707 0.132153
vt 0.046200 0.120883
vt 0.040069 0.110263
vt 0.038488 0.107525
vt 0.055158 0.131507
vt 0.055165 0.103055
vt 0.057623 0.132167
vt 0.071843 0.107523
vt 0.059423 0.133952
vt 0.070693 0.127445
vt 0.081314 0.121314
vt 0.084051 0.119733
vt 0.078380 0.212758
vt 0.067912 0.214359
vt 0.060917 0.212122
vt 0.055165 0.207663
vt 0.051272 0.197936
vt 0.063396 0.207931
vt 0.073415 0.233285
vt 0.083155 0.229151
vt 0.072837 0.241107
vt 0.067762 0.256044
vt 0.066166 0.245655
vt 0.068657 0.238830
vt 0.024087 0.245676
vt 0.034555 0.244075
vt 0.041550 0.246312
vt 0.047302 0.250771
vt 0.051194 0.260498
vt 0.039071 0.250504
vt 0.034705 0.202390
vt 0.036301 0.212779
vt 0.033810 0.219604
vt 0.029052 0.225149
vt 0.019311 0.229283
vt 0.029630 0.217327
vt 0.086448 0.154471
vt 0.091287 0.136410
vt 0.073226 0.167691
vt 0.055166 0.172532
vt 0.037105 0.167693
vt 0.023885 0.154471
vt 0.019044 0.136411
vt 0.023883 0.118350
vt 0.037105 0.105130
vt 0.055165 0.100289
vt 0.073226 0.105128
vt 0.086446 0.118350
vt 0.119484 0.108146
vt 0.118764 0.133129
vt 0.121354 0.133203
vt 0.122073 0.108220
vt 0.123943 0.133277
vt 0.124663 0.108295
vt 0.126533 0.133352
vt 0.127253 0.108369
vt 0.129123 0.133426
vt 0.129843 0.108443
vt 0.131713 0.133501
vt 0.132433 0.108518
vt 0.134302 0.133575
vt 0.135022 0.108592
vt 0.136892 0.133650
vt 0.137612 0.108667
vt 0.139481 0.133724
vt 0.140201 0.108741
vt 0.142070 0.133799
vt 0.142790 0.108816
vt 0.111716 0.107923
vt 0.110996 0.132905
vt 0.113586 0.132980
vt 0.114305 0.107997
vt 0.116175 0.133055
vt 0.116895 0.108072
vt 0.174701 0.267376
vt 0.183757 0.267376
vt 0.179229 0.259534
vt 0.170174 0.259534
vt 0.165646 0.267376
vt 0.170174 0.275218
vt 0.179229 0.275218
vt 0.151074 0.290291
vt 0.151061 0.285279
vt 0.142006 0.285303
vt 0.142019 0.290314
vt 0.132951 0.285326
vt 0.132964 0.290338
vt 0.123896 0.285349
vt 0.123909 0.290361
vt 0.114841 0.285373
vt 0.114854 0.290384
vt 0.105785 0.285396
vt 0.105798 0.290408
vt 0.160130 0.290267
vt 0.160116 0.285256
vt 0.168775 0.242982
vt 0.159720 0.242982
vt 0.164247 0.250824
vt 0.155192 0.250824
vt 0.150665 0.242982
vt 0.155192 0.235140
vt 0.164247 0.235140
vt 0.945787 0.203533
vt 0.975508 0.152960
vt 0.982469 0.156913
vt 0.952347 0.208027
vt 0.939200 0.199058
vt 0.968332 0.149310
vt 0.932545 0.194628
vt 0.961010 0.145941
vt 0.924754 0.189398
vt 0.952542 0.141864
vt 0.910778 0.248489
vt 0.916737 0.253768
vt 0.904791 0.243205
vt 0.898776 0.237911
vt 0.891745 0.231688
vt 0.870997 0.287906
vt 0.876256 0.293889
vt 0.865708 0.281915
vt 0.860401 0.275901
vt 0.854205 0.268845
vt 0.827098 0.321838
vt 0.831599 0.328412
vt 0.822569 0.315249
vt 0.818025 0.308637
vt 0.812723 0.300884
vt 0.779640 0.350254
vt 0.783336 0.357313
vt 0.775920 0.343173
vt 0.772186 0.336069
vt 0.767832 0.327747
vt 0.729067 0.373012
vt 0.731913 0.380456
vt 0.726203 0.365542
vt 0.723328 0.358046
vt 0.719973 0.349272
vt 0.675717 0.389875
vt 0.677665 0.397602
vt 0.673757 0.382117
vt 0.671788 0.374331
vt 0.669489 0.365221
vt 0.619810 0.400488
vt 0.620817 0.408393
vt 0.618799 0.392550
vt 0.617782 0.384583
vt 0.616593 0.375261
vt 0.561459 0.404346
vt 0.561498 0.412314
vt 0.561422 0.396343
vt 0.561384 0.388310
vt 0.561339 0.378913
vt 0.503074 0.401054
vt 0.502142 0.408968
vt 0.504011 0.393107
vt 0.504954 0.385131
vt 0.506055 0.375798
vt 0.447069 0.390962
vt 0.445191 0.398707
vt 0.448958 0.383187
vt 0.450856 0.375384
vt 0.453071 0.366254
vt 0.393566 0.374583
vt 0.390787 0.382052
vt 0.396364 0.367089
vt 0.399173 0.359568
vt 0.402449 0.350764
vt 0.342794 0.352267
vt 0.339159 0.359358
vt 0.346454 0.345156
vt 0.350126 0.338020
vt 0.354409 0.329661
vt 0.295098 0.324249
vt 0.290652 0.330860
vt 0.299572 0.317624
vt 0.304061 0.310975
vt 0.309299 0.303179
vt 0.250926 0.290671
vt 0.245714 0.296695
vt 0.256166 0.284638
vt 0.261425 0.278582
vt 0.267565 0.271477
vt 0.210841 0.251561
vt 0.204924 0.256885
vt 0.216786 0.246231
vt 0.222760 0.240889
vt 0.229743 0.234613
vt 0.175494 0.206869
vt 0.168969 0.211413
vt 0.182046 0.202343
vt 0.188668 0.197862
vt 0.196418 0.192573
vt 0.145387 0.156525
vt 0.138456 0.160531
vt 0.152535 0.152820
vt 0.159830 0.149395
vt 0.168267 0.145253
vt 0.953601 0.083983
vt 0.927951 0.132628
vt 0.926204 0.131550
vt 0.951770 0.083033
vt 0.895750 0.175325
vt 0.894173 0.174000
vt 0.858229 0.212033
vt 0.856849 0.210497
vt 0.816465 0.242890
vt 0.815295 0.241181
vt 0.771356 0.268091
vt 0.770405 0.266247
vt 0.723572 0.287817
vt 0.722845 0.285870
vt 0.673539 0.302167
vt 0.673042 0.300146
vt 0.621433 0.311111
vt 0.621170 0.309045
vt 0.567181 0.314478
vt 0.567154 0.312394
vt 0.512892 0.312110
vt 0.513101 0.310037
vt 0.460652 0.304272
vt 0.461093 0.302237
vt 0.410328 0.291236
vt 0.410994 0.289266
vt 0.362009 0.273066
vt 0.362897 0.271189
vt 0.316040 0.249628
vt 0.317145 0.247875
vt 0.273024 0.220648
vt 0.274342 0.219054
vt 0.233840 0.185783
vt 0.235359 0.184390
vt 0.199592 0.144737
vt 0.201290 0.143580
vt 0.171602 0.097406
vt 0.173389 0.096371
vt 0.916458 0.125437
vt 0.941146 0.078661
vt 0.885449 0.166487
vt 0.849261 0.201824
vt 0.808914 0.231575
vt 0.765258 0.255916
vt 0.718938 0.274998
vt 0.670374 0.288895
vt 0.619754 0.297564
vt 0.567028 0.300828
vt 0.514254 0.298527
vt 0.463470 0.290922
vt 0.414575 0.278281
vt 0.367684 0.260683
vt 0.323146 0.238021
vt 0.281551 0.210056
vt 0.243733 0.176479
vt 0.210740 0.137009
vt 0.183796 0.091495
vt 0.901506 0.115992
vt 0.924915 0.071744
vt 0.872081 0.154898
vt 0.837654 0.188453
vt 0.799166 0.216779
vt 0.757406 0.240017
vt 0.712986 0.258280
vt 0.666318 0.271606
vt 0.617607 0.279931
vt 0.566842 0.283066
vt 0.516012 0.280849
vt 0.467092 0.273535
vt 0.420032 0.261391
vt 0.374984 0.244515
vt 0.332305 0.222842
vt 0.292567 0.196184
vt 0.256551 0.164276
vt 0.225226 0.126857
vt 0.199677 0.083804
vt 0.897084 0.113193
vt 0.920201 0.069509
vt 0.868118 0.151475
vt 0.834207 0.184498
vt 0.796265 0.212397
vt 0.755064 0.235304
vt 0.711209 0.253320
vt 0.665107 0.266473
vt 0.616968 0.274692
vt 0.566785 0.277787
vt 0.516532 0.275596
vt 0.468172 0.268370
vt 0.421663 0.256376
vt 0.377163 0.239719
vt 0.335034 0.218345
vt 0.295842 0.192080
vt 0.260354 0.160672
vt 0.229509 0.123851
vt 0.204277 0.081346
vt 0.945787 0.203533
vt 0.975508 0.152960
vt 0.939200 0.199058
vt 0.968332 0.149310
vt 0.932545 0.194628
vt 0.961010 0.145941
vt 0.924754 0.189398
vt 0.952542 0.141864
vt 0.910778 0.248489
vt 0.904791 0.243205
vt 0.898776 0.237911
vt 0.891745 0.231688
vt 0.870997 0.287906
vt 0.865708 0.281915
vt 0.860401 0.275901
vt 0.854205 0.268845
vt 0.827098 0.321838
vt 0.822569 0.315249
vt 0.818025 0.308637
vt 0.812723 0.300884
vt 0.779640 0.350254
vt 0.775920 0.343173
vt 0.772186 0.336069
vt 0.767832 0.327747
vt 0.729067 0.373012
vt 0.726203 0.365542
vt 0.723328 0.358046
vt 0.719973 0.349272
vt 0.675717 0.389875
vt 0.673757 0.382117
vt 0.671788 0.374331
vt 0.669489 0.365221
vt 0.619810 0.400488
vt 0.618799 0.392550
vt 0.617782 0.384583
vt 0.616593 0.375261
vt 0.561459 0.404346
vt 0.561422 0.396343
vt 0.561384 0.388310
vt 0.561339 0.378913
vt 0.503074 0.401054
vt 0.504011 0.393107
vt 0.504954 0.385131
vt 0.506055 0.375798
vt 0.447069 0.390962
vt 0.448958 0.383187
vt 0.450856 0.375384
vt 0.453071 0.366254
vt 0.393566 0.374583
vt 0.396364 0.367089
vt 0.399173 0.359568
vt 0.402449 0.350764
vt 0.342794 0.352267
vt 0.346454 0.345156
vt 0.350126 0.338020
vt 0.354409 0.329661
vt 0.295098 0.324249
vt 0.299572 0.317624
vt 0.304061 0.310975
vt 0.309299 0.303179
vt 0.250926 0.290671
vt 0.256166 0.284638
vt 0.261425 0.278582
vt 0.267565 0.271477
vt 0.210841 0.251561
vt 0.216786 0.246231
vt 0.222760 0.240889
vt 0.229743 0.234613
vt 0.175494 0.206869
vt 0.182046 0.202343
vt 0.188668 0.197862
vt 0.196418 0.192573
vt 0.145387 0.156525
vt 0.152535 0.152820
vt 0.159830 0.149395
vt 0.168267 0.145253
vt 0.953601 0.083983
vt 0.951770 0.083033
vt 0.926204 0.131550
vt 0.927951 0.132628
vt 0.894173 0.174000
vt 0.895750 0.175325
vt 0.856849 0.210497
vt 0.858229 0.212033
vt 0.815295 0.241181
vt 0.816465 0.242890
vt 0.770405 0.266247
vt 0.771356 0.268091
vt 0.722845 0.285870
vt 0.723572 0.287817
vt 0.673042 0.300146
vt 0.673539 0.302167
vt 0.621170 0.309045
vt 0.621433 0.311111
vt 0.567154 0.312394
vt 0.567181 0.314478
vt 0.513101 0.310037
vt 0.512892 0.312110
vt 0.461093 0.302237
vt 0.460652 0.304272
vt 0.410994 0.289266
vt 0.410328 0.291236
vt 0.362897 0.271189
vt 0.362009 0.273066
vt 0.317145 0.247875
vt 0.316040 0.249628
vt 0.274342 0.219054
vt 0.273024 0.220648
vt 0.235359 0.184390
vt 0.233840 0.185783
vt 0.201290 0.143580
vt 0.199592 0.144737
vt 0.173389 0.096371
vt 0.171602 0.097406
vt 0.941146 0.078661
vt 0.916458 0.125437
vt 0.885449 0.166487
vt 0.849261 0.201824
vt 0.808914 0.231575
vt 0.765258 0.255916
vt 0.718938 0.274998
vt 0.670374 0.288895
vt 0.619754 0.297564
vt 0.567028 0.300828
vt 0.514254 0.298527
vt 0.463470 0.290922
vt 0.414575 0.278281
vt 0.367684 0.260683
vt 0.323146 0.238021
vt 0.281551 0.210056
vt 0.243733 0.176479
vt 0.210740 0.137009
vt 0.183796 0.091495
vt 0.924915 0.071744
vt 0.901506 0.115992
vt 0.872081 0.154898
vt 0.837654 0.188453
vt 0.799166 0.216779
vt 0.757406 0.240017
vt 0.712986 0.258280
vt 0.666318 0.271606
vt 0.617607 0.279931
vt 0.566842 0.283066
vt 0.516012 0.280849
vt 0.467092 0.273535
vt 0.420032 0.261391
vt 0.374984 0.244515
vt 0.332305 0.222842
vt 0.292567 0.196184
vt 0.256551 0.164276
vt 0.225226 0.126857
vt 0.199677 0.083804
vt 0.945787 0.203533
vt 0.952347 0.208027
vt 0.939200 0.199058
vt 0.932545 0.194628
vt 0.924754 0.189398
vt 0.910778 0.248489
vt 0.916737 0.253768
vt 0.904791 0.243205
vt 0.898776 0.237911
vt 0.891745 0.231688
vt 0.870997 0.287906
vt 0.876256 0.293889
vt 0.865708 0.281915
vt 0.860401 0.275901
vt 0.854205 0.268845
vt 0.827098 0.321838
vt 0.831599 0.328412
vt 0.822569 0.315249
vt 0.818025 0.308637
vt 0.812723 0.300884
vt 0.779640 0.350254
vt 0.783336 0.357313
vt 0.775920 0.343173
vt 0.772186 0.336069
vt 0.767832 0.327747
vt 0.729067 0.373012
vt 0.731913 0.380456
vt 0.726203 0.365542
vt 0.723328 0.358046
vt 0.719973 0.349272
vt 0.675717 0.389875
vt 0.677665 0.397602
vt 0.673757 0.382117
vt 0.671788 0.374331
vt 0.669489 0.365221
vt 0.619810 0.400488
vt 0.620817 0.408393
vt 0.618799 0.392550
vt 0.617782 0.384583
vt 0.616593 0.375261
vt 0.561459 0.404346
vt 0.561498 0.412314
vt 0.561422 0.396343
vt 0.561384 0.388310
vt 0.561339 0.378913
vt 0.503074 0.401054
vt 0.502142 0.408968
vt 0.504011 0.393107
vt 0.504954 0.385131
vt 0.506055 0.375798
vt 0.447069 0.390962
vt 0.445191 0.398707
vt 0.448958 0.383187
vt 0.450856 0.375384
vt 0.453071 0.366254
vt 0.393566 0.374583
vt 0.390787 0.382052
vt 0.396364 0.367089
vt 0.399173 0.359568
vt 0.402449 0.350764
vt 0.342794 0.352267
vt 0.339159 0.359358
vt 0.346454 0.345156
vt 0.350126 0.338020
vt 0.354409 0.329661
vt 0.295098 0.324249
vt 0.290652 0.330860
vt 0.299572 0.317624
vt 0.304061 0.310975
vt 0.309299 0.303179
vt 0.250926 0.290671
vt 0.245714 0.296695
vt 0.256166 0.284638
vt 0.261425 0.278582
vt 0.267565 0.271477
vt 0.210841 0.251561
vt 0.204924 0.256885
vt 0.216786 0.246231
vt 0.222760 0.240889
vt 0.229743 0.234613
vt 0.175494 0.206869
vt 0.168969 0.211413
vt 0.182046 0.202343
vt 0.188668 0.197862
vt 0.196418 0.192573
vt 0.926204 0.131550
vt 0.927951 0.132628
vt 0.894173 0.174000
vt 0.895750 0.175325
vt 0.856849 0.210497
vt 0.858229 0.212033
vt 0.815295 0.241181
vt 0.816465 0.242890
vt 0.770405 0.266247
vt 0.771356 0.268091
vt 0.722845 0.285870
vt 0.723572 0.287817
vt 0.673042 0.300146
vt 0.673539 0.302167
vt 0.621170 0.309045
vt 0.621433 0.311111
vt 0.567154 0.312394
vt 0.567181 0.314478
vt 0.513101 0.310037
vt 0.512892 0.312110
vt 0.461093 0.302237
vt 0.460652 0.304272
vt 0.410994 0.289266
vt 0.410328 0.291236
vt 0.362897 0.271189
vt 0.362009 0.273066
vt 0.317145 0.247875
vt 0.316040 0.249628
vt 0.274342 0.219054
vt 0.273024 0.220648
vt 0.235359 0.184390
vt 0.233840 0.185783
vt 0.201290 0.143580
vt 0.199592 0.144737
vt 0.916458 0.125437
vt 0.885449 0.166487
vt 0.849261 0.201824
vt 0.808914 0.231575
vt 0.765258 0.255916
vt 0.718938 0.274998
vt 0.670374 0.288895
vt 0.619754 0.297564
vt 0.567028 0.300828
vt 0.514254 0.298527
vt 0.463470 0.290922
vt 0.414575 0.278281
vt 0.367684 0.260683
vt 0.323146 0.238021
vt 0.281551 0.210056
vt 0.243733 0.176479
vt 0.210740 0.137009
vt 0.901506 0.115992
vt 0.872081 0.154898
vt 0.837654 0.188453
vt 0.799166 0.216779
vt 0.757406 0.240017
vt 0.712986 0.258280
vt 0.666318 0.271606
vt 0.617607 0.279931
vt 0.566842 0.283066
vt 0.516012 0.280849
vt 0.467092 0.273535
vt 0.420032 0.261391
vt 0.374984 0.244515
vt 0.332305 0.222842
vt 0.292567 0.196184
vt 0.256551 0.164276
vt 0.225226 0.126857
vt 0.897084 0.113193
vt 0.868118 0.151475
vt 0.834207 0.184498
vt 0.796265 0.212397
vt 0.755064 0.235304
vt 0.711209 0.253320
vt 0.665107 0.266473
vt 0.616968 0.274692
vt 0.566785 0.277787
vt 0.516532 0.275596
vt 0.468172 0.268370
vt 0.421663 0.256376
vt 0.377163 0.239719
vt 0.335034 0.218345
vt 0.295842 0.192080
vt 0.260354 0.160672
vt 0.229509 0.123851
vt 0.945787 0.203533
vt 0.939200 0.199058
vt 0.932545 0.194628
vt 0.924754 0.189398
vt 0.910778 0.248489
vt 0.904791 0.243205
vt 0.898776 0.237911
vt 0.891745 0.231688
vt 0.870997 0.287906
vt 0.865708 0.281915
vt 0.860401 0.275901
vt 0.854205 0.268845
vt 0.827098 0.321838
vt 0.822569 0.315249
vt 0.818025 0.308637
vt 0.812723 0.300884
vt 0.779640 0.350254
vt 0.775920 0.343173
vt 0.772186 0.336069
vt 0.767832 0.327747
vt 0.729067 0.373012
vt 0.726203 0.365542
vt 0.723328 0.358046
vt 0.719973 0.349272
vt 0.675717 0.389875
vt 0.673757 0.382117
vt 0.671788 0.374331
vt 0.669489 0.365221
vt 0.619810 0.400488
vt 0.618799 0.392550
vt 0.617782 0.384583
vt 0.616593 0.375261
vt 0.561459 0.404346
vt 0.561422 0.396343
vt 0.561384 0.388310
vt 0.561339 0.378913
vt 0.503074 0.401054
vt 0.504011 0.393107
vt 0.504954 0.385131
vt 0.506055 0.375798
vt 0.447069 0.390962
vt 0.448958 0.383187
vt 0.450856 0.375384
vt 0.453071 0.366254
vt 0.393566 0.374583
vt 0.396364 0.367089
vt 0.399173 0.359568
vt 0.402449 0.350764
vt 0.342794 0.352267
vt 0.346454 0.345156
vt 0.350126 0.338020
vt 0.354409 0.329661
vt 0.295098 0.324249
vt 0.299572 0.317624
vt 0.304061 0.310975
vt 0.309299 0.303179
vt 0.250926 0.290671
vt 0.256166 0.284638
vt 0.261425 0.278582
vt 0.267565 0.271477
vt 0.210841 0.251561
vt 0.216786 0.246231
vt 0.222760 0.240889
vt 0.229743 0.234613
vt 0.175494 0.206869
vt 0.182046 0.202343
vt 0.188668 0.197862
vt 0.196418 0.192573
vt 0.927951 0.132628
vt 0.926204 0.131550
vt 0.895750 0.175325
vt 0.894173 0.174000
vt 0.858229 0.212033
vt 0.856849 0.210497
vt 0.816465 0.242890
vt 0.815295 0.241181
vt 0.771356 0.268091
vt 0.770405 0.266247
vt 0.723572 0.287817
vt 0.722845 0.285870
vt 0.673539 0.302167
vt 0.673042 0.300146
vt 0.621433 0.311111
vt 0.621170 0.309045
vt 0.567181 0.314478
vt 0.567154 0.312394
vt 0.512892 0.312110
vt 0.513101 0.310037
vt 0.460652 0.304272
vt 0.461093 0.302237
vt 0.410328 0.291236
vt 0.410994 0.289266
vt 0.362009 0.273066
vt 0.362897 0.271189
vt 0.316040 0.249628
vt 0.317145 0.247875
vt 0.273024 0.220648
vt 0.274342 0.219054
vt 0.233840 0.185783
vt 0.235359 0.184390
vt 0.199592 0.144737
vt 0.201290 0.143580
vt 0.916458 0.125437
vt 0.885449 0.166487
vt 0.849261 0.201824
vt 0.808914 0.231575
vt 0.765258 0.255916
vt 0.718938 0.274998
vt 0.670374 0.288895
vt 0.619754 0.297564
vt 0.567028 0.300828
vt 0.514254 0.298527
vt 0.463470 0.290922
vt 0.414575 0.278281
vt 0.367684 0.260683
vt 0.323146 0.238021
vt 0.281551 0.210056
vt 0.243733 0.176479
vt 0.210740 0.137009
vt 0.901506 0.115992
vt 0.872081 0.154898
vt 0.837654 0.188453
vt 0.799166 0.216779
vt 0.757406 0.240017
vt 0.712986 0.258280
vt 0.666318 0.271606
vt 0.617607 0.279931
vt 0.566842 0.283066
vt 0.516012 0.280849
vt 0.467092 0.273535
vt 0.420032 0.261391
vt 0.374984 0.244515
vt 0.332305 0.222842
vt 0.292567 0.196184
vt 0.256551 0.164276
vt 0.225226 0.126857
vt 0.989376 0.021449
vt 0.703450 0.021446
vt 0.703303 0.017133
vt 0.989229 0.017135
vt 0.989522 0.012829
vt 0.703596 0.012826
vt 0.703449 0.008513
vt 0.989375 0.008515
vt 0.696509 0.039200
vt 0.990391 0.039016
vt 0.990536 0.043330
vt 0.696654 0.043514
vt 0.696792 0.034893
vt 0.990674 0.034709
vt 0.696646 0.030579
vt 0.990528 0.030395
vt 0.989376 0.021449
vt 0.703450 0.021446
vt 0.703303 0.017133
vt 0.989229 0.017135
vt 0.989522 0.012829
vt 0.703596 0.012826
vt 0.703449 0.008513
vt 0.989375 0.008515
vt 0.696509 0.039200
vt 0.990391 0.039016
vt 0.990536 0.043330
vt 0.696654 0.043514
vt 0.696792 0.034893
vt 0.990674 0.034709
vt 0.696646 0.030579
vt 0.990528 0.030395
vt 0.989376 0.021449
vt 0.703450 0.021446
vt 0.703303 0.017133
vt 0.989229 0.017135
vt 0.989522 0.012829
vt 0.703596 0.012826
vt 0.703449 0.008513
vt 0.989375 0.008515
vt 0.696509 0.039200
vt 0.990391 0.039016
vt 0.990536 0.043330
vt 0.696654 0.043514
vt 0.696792 0.034893
vt 0.990674 0.034709
vt 0.696646 0.030579
vt 0.990528 0.030395
vt 0.989376 0.021449
vt 0.703450 0.021446
vt 0.703303 0.017133
vt 0.989229 0.017135
vt 0.989522 0.012829
vt 0.703596 0.012826
vt 0.703449 0.008513
vt 0.989375 0.008515
vt 0.696509 0.039200
vt 0.990391 0.039016
vt 0.990536 0.043330
vt 0.696654 0.043514
vt 0.696792 0.034893
vt 0.990674 0.034709
vt 0.696646 0.030579
vt 0.990528 0.030395
vt 0.989376 0.021449
vt 0.703450 0.021446
vt 0.703303 0.017133
vt 0.989229 0.017135
vt 0.989522 0.012829
vt 0.703596 0.012826
vt 0.703449 0.008513
vt 0.989375 0.008515
vt 0.696509 0.039200
vt 0.990391 0.039016
vt 0.990536 0.043330
vt 0.696654 0.043514
vt 0.696792 0.034893
vt 0.990674 0.034709
vt 0.696646 0.030579
vt 0.990528 0.030395
vt 0.989376 0.021449
vt 0.703450 0.021446
vt 0.703303 0.017133
vt 0.989229 0.017135
vt 0.989522 0.012829
vt 0.703596 0.012826
vt 0.703449 0.008513
vt 0.989375 0.008515
vt 0.696509 0.039200
vt 0.990391 0.039016
vt 0.990536 0.043330
vt 0.696654 0.043514
vt 0.696792 0.034893
vt 0.990674 0.034709
vt 0.696646 0.030579
vt 0.990528 0.030395
vt 0.989376 0.021449
vt 0.703450 0.021446
vt 0.703303 0.017133
vt 0.989229 0.017135
vt 0.989522 0.012829
vt 0.703596 0.012826
vt 0.703449 0.008513
vt 0.989375 0.008515
vt 0.696509 0.039200
vt 0.990391 0.039016
vt 0.990536 0.043330
vt 0.696654 0.043514
vt 0.696792 0.034893
vt 0.990674 0.034709
vt 0.696646 0.030579
vt 0.990528 0.030395
vt 0.989376 0.021449
vt 0.703450 0.021446
vt 0.703303 0.017133
vt 0.989229 0.017135
vt 0.989522 0.012829
vt 0.703596 0.012826
vt 0.703449 0.008513
vt 0.989375 0.008515
vt 0.696509 0.039200
vt 0.990391 0.039016
vt 0.990536 0.043330
vt 0.696654 0.043514
vt 0.696792 0.034893
vt 0.990674 0.034709
vt 0.696646 0.030579
vt 0.990528 0.030395
vt 0.989376 0.021449
vt 0.989229 0.017135
vt 0.703303 0.017133
vt 0.703450 0.021446
vt 0.989522 0.012829
vt 0.989375 0.008515
vt 0.703449 0.008513
vt 0.703596 0.012826
vt 0.696509 0.039200
vt 0.696654 0.043514
vt 0.990536 0.043330
vt 0.990391 0.039016
vt 0.696792 0.034893
vt 0.990674 0.034709
vt 0.696646 0.030579
vt 0.990528 0.030395
vt 0.989376 0.021449
vt 0.989229 0.017135
vt 0.703303 0.017133
vt 0.703450 0.021446
vt 0.989522 0.012829
vt 0.989375 0.008515
vt 0.703449 0.008513
vt 0.703596 0.012826
vt 0.696509 0.039200
vt 0.696654 0.043514
vt 0.990536 0.043330
vt 0.990391 0.039016
vt 0.696792 0.034893
vt 0.990674 0.034709
vt 0.696646 0.030579
vt 0.990528 0.030395
vt 0.989376 0.021449
vt 0.989229 0.017135
vt 0.703303 0.017133
vt 0.703450 0.021446
vt 0.989522 0.012829
vt 0.989375 0.008515
vt 0.703449 0.008513
vt 0.703596 0.012826
vt 0.696509 0.039200
vt 0.696654 0.043514
vt 0.990536 0.043330
vt 0.990391 0.039016
vt 0.696792 0.034893
vt 0.990674 0.034709
vt 0.696646 0.030579
vt 0.990528 0.030395
vt 0.989376 0.021449
vt 0.989229 0.017135
vt 0.703303 0.017133
vt 0.703450 0.021446
vt 0.989522 0.012829
vt 0.989375 0.008515
vt 0.703449 0.008513
vt 0.703596 0.012826
vt 0.696509 0.039200
vt 0.696654 0.043514
vt 0.990536 0.043330
vt 0.990391 0.039016
vt 0.696792 0.034893
vt 0.990674 0.034709
vt 0.696646 0.030579
vt 0.990528 0.030395
vt 0.989376 0.021449
vt 0.989229 0.017135
vt 0.703303 0.017133
vt 0.703450 0.021446
vt 0.989522 0.012829
vt 0.989375 0.008515
vt 0.703449 0.008513
vt 0.703596 0.012826
vt 0.696509 0.039200
vt 0.696654 0.043514
vt 0.990536 0.043330
vt 0.990391 0.039016
vt 0.696792 0.034893
vt 0.990674 0.034709
vt 0.696646 0.030579
vt 0.990528 0.030395
vt 0.989376 0.021449
vt 0.989229 0.017135
vt 0.703303 0.017133
vt 0.703450 0.021446
vt 0.989522 0.012829
vt 0.989375 0.008515
vt 0.703449 0.008513
vt 0.703596 0.012826
vt 0.696509 0.039200
vt 0.696654 0.043514
vt 0.990536 0.043330
vt 0.990391 0.039016
vt 0.696792 0.034893
vt 0.990674 0.034709
vt 0.696646 0.030579
vt 0.990528 0.030395
vt 0.989376 0.021449
vt 0.989229 0.017135
vt 0.703303 0.017133
vt 0.703450 0.021446
vt 0.989522 0.012829
vt 0.989375 0.008515
vt 0.703449 0.008513
vt 0.703596 0.012826
vt 0.696509 0.039200
vt 0.696654 0.043514
vt 0.990536 0.043330
vt 0.990391 0.039016
vt 0.696792 0.034893
vt 0.990674 0.034709
vt 0.696646 0.030579
vt 0.990528 0.030395
vt 0.989376 0.021449
vt 0.989229 0.017135
vt 0.703303 0.017133
vt 0.703450 0.021446
vt 0.989522 0.012829
vt 0.989375 0.008515
vt 0.703449 0.008513
vt 0.703596 0.012826
vt 0.696509 0.039200
vt 0.696654 0.043514
vt 0.990536 0.043330
vt 0.990391 0.039016
vt 0.696792 0.034893
vt 0.990674 0.034709
vt 0.696646 0.030579
vt 0.990528 0.030395
vt 0.079953 0.212869
vt 0.084440 0.228229
vt 0.070776 0.228895
vt 0.067998 0.219489
vt 0.034840 0.200772
vt 0.050310 0.196602
vt 0.050839 0.210310
vt 0.041388 0.212817
vt 0.022513 0.245566
vt 0.018026 0.230205
vt 0.031691 0.229539
vt 0.034468 0.238945
vt 0.067627 0.257662
vt 0.052156 0.261832
vt 0.051628 0.248124
vt 0.061079 0.245617
vt 0.082228 0.211104
vt 0.084497 0.209614
vt 0.090014 0.228628
vt 0.087321 0.228544
vt 0.067555 0.200345
vt 0.068971 0.197778
vt 0.050609 0.193716
vt 0.050680 0.190991
vt 0.033074 0.198468
vt 0.031605 0.196196
vt 0.022125 0.213045
vt 0.019577 0.211597
vt 0.015146 0.229891
vt 0.012453 0.229807
vt 0.020238 0.247331
vt 0.017970 0.248821
vt 0.034911 0.258090
vt 0.033495 0.260657
vt 0.051857 0.264719
vt 0.051786 0.267444
vt 0.069392 0.259967
vt 0.070862 0.262239
vt 0.080342 0.245390
vt 0.082890 0.246838
vt 0.070651 0.145376
vt 0.073059 0.136389
vt 0.085394 0.136393
vt 0.081336 0.151540
vt 0.046200 0.151895
vt 0.055188 0.154304
vt 0.055183 0.166639
vt 0.040037 0.162581
vt 0.039680 0.127445
vt 0.037272 0.136433
vt 0.024937 0.136428
vt 0.028995 0.121282
vt 0.064131 0.120926
vt 0.055143 0.118518
vt 0.055148 0.106182
vt 0.070294 0.110241
vt 0.117721 0.149431
vt 0.122724 0.149431
vt 0.122054 0.151933
vt 0.120223 0.153765
vt 0.117721 0.154435
vt 0.115219 0.153765
vt 0.113387 0.151933
vt 0.112717 0.149431
vt 0.113387 0.146929
vt 0.115219 0.145098
vt 0.117721 0.144427
vt 0.120223 0.145098
vt 0.122054 0.146929
vt 0.129841 0.240931
vt 0.127309 0.248157
vt 0.109321 0.240917
vt 0.111269 0.235358
vt 0.124130 0.255123
vt 0.106875 0.246276
vt 0.120330 0.261770
vt 0.103952 0.251390
vt 0.115940 0.268044
vt 0.100575 0.256216
vt 0.125477 0.181163
vt 0.128401 0.188240
vt 0.110162 0.194821
vt 0.107913 0.189377
vt 0.130669 0.195553
vt 0.111907 0.200447
vt 0.132262 0.203043
vt 0.113132 0.206208
vt 0.133166 0.210646
vt 0.113828 0.212057
vt 0.133375 0.218300
vt 0.113988 0.217946
vt 0.132887 0.225940
vt 0.113613 0.223824
vt 0.131706 0.233505
vt 0.112704 0.229645
vt 0.067382 0.228469
vt 0.065344 0.221637
vt 0.066006 0.203160
vt 0.057277 0.218896
vt 0.058553 0.216529
vt 0.050461 0.213725
vt 0.043489 0.215543
vt 0.024911 0.214630
vt 0.040469 0.223456
vt 0.038139 0.222110
vt 0.035084 0.229966
vt 0.037123 0.236797
vt 0.036460 0.255274
vt 0.045190 0.239538
vt 0.043914 0.241905
vt 0.052005 0.244710
vt 0.058977 0.242891
vt 0.077555 0.243805
vt 0.061997 0.234978
vt 0.064327 0.236324
vt 0.059409 0.138869
vt 0.060070 0.136403
vt 0.088522 0.136410
vt 0.084053 0.153088
vt 0.057624 0.140668
vt 0.064131 0.151938
vt 0.071843 0.165296
vt 0.070262 0.162559
vt 0.055173 0.141315
vt 0.055166 0.169766
vt 0.052707 0.140654
vt 0.038488 0.165298
vt 0.050908 0.138869
vt 0.039638 0.145376
vt 0.026280 0.153088
vt 0.029017 0.151507
vt 0.050261 0.136418
vt 0.021809 0.136411
vt 0.050922 0.133952
vt 0.026278 0.119733
vt 0.052707 0.132153
vt 0.046200 0.120883
vt 0.038488 0.107525
vt 0.040069 0.110263
vt 0.055158 0.131507
vt 0.055165 0.103055
vt 0.057623 0.132167
vt 0.071843 0.107523
vt 0.059423 0.133952
vt 0.070693 0.127445
vt 0.084051 0.119733
vt 0.081314 0.121314
vt 0.067912 0.214359
vt 0.078380 0.212758
vt 0.060917 0.212122
vt 0.055165 0.207663
vt 0.051272 0.197936
vt 0.063396 0.207931
vt 0.083155 0.229151
vt 0.073415 0.233285
vt 0.072837 0.241107
vt 0.067762 0.256044
vt 0.066166 0.245655
vt 0.068657 0.238830
vt 0.034555 0.244075
vt 0.024087 0.245676
vt 0.041550 0.246312
vt 0.047302 0.250771
vt 0.051194 0.260498
vt 0.039071 0.250504
vt 0.036301 0.212779
vt 0.034705 0.202390
vt 0.033810 0.219604
vt 0.029052 0.225149
vt 0.019311 0.229283
vt 0.029630 0.217327
vt 0.091287 0.136410
vt 0.086448 0.154471
vt 0.073226 0.167691
vt 0.055166 0.172532
vt 0.037105 0.167693
vt 0.023885 0.154471
vt 0.019044 0.136411
vt 0.023883 0.118350
vt 0.037105 0.105130
vt 0.055165 0.100289
vt 0.073226 0.105128
vt 0.086446 0.118350
vt 0.119484 0.108146
vt 0.122073 0.108220
vt 0.121354 0.133203
vt 0.118764 0.133129
vt 0.124663 0.108295
vt 0.123943 0.133277
vt 0.127253 0.108369
vt 0.126533 0.133352
vt 0.129843 0.108443
vt 0.129123 0.133426
vt 0.132433 0.108518
vt 0.131713 0.133501
vt 0.135022 0.108592
vt 0.134302 0.133575
vt 0.137612 0.108667
vt 0.136892 0.133650
vt 0.140201 0.108741
vt 0.139481 0.133724
vt 0.142790 0.108816
vt 0.142070 0.133799
vt 0.111716 0.107923
vt 0.114305 0.107997
vt 0.113586 0.132980
vt 0.110996 0.132905
vt 0.116895 0.108072
vt 0.116175 0.133055
vt 0.079953 0.212869
vt 0.067998 0.219489
vt 0.070776 0.228895
vt 0.084440 0.228229
vt 0.034840 0.200772
vt 0.041388 0.212817
vt 0.050839 0.210310
vt 0.050310 0.196602
vt 0.022513 0.245566
vt 0.034468 0.238945
vt 0.031691 0.229539
vt 0.018026 0.230205
vt 0.067627 0.257662
vt 0.061079 0.245617
vt 0.051628 0.248124
vt 0.052156 0.261832
vt 0.082228 0.211104
vt 0.087321 0.228544
vt 0.090014 0.228628
vt 0.084497 0.209614
vt 0.067555 0.200345
vt 0.068971 0.197778
vt 0.050609 0.193716
vt 0.050680 0.190991
vt 0.033074 0.198468
vt 0.031605 0.196196
vt 0.022125 0.213045
vt 0.019577 0.211597
vt 0.015146 0.229891
vt 0.012453 0.229807
vt 0.020238 0.247331
vt 0.017970 0.248821
vt 0.034911 0.258090
vt 0.033495 0.260657
vt 0.051857 0.264719
vt 0.051786 0.267444
vt 0.069392 0.259967
vt 0.070862 0.262239
vt 0.080342 0.245390
vt 0.082890 0.246838
vt 0.070651 0.145376
vt 0.081336 0.151540
vt 0.085394 0.136393
vt 0.073059 0.136389
vt 0.046200 0.151895
vt 0.040037 0.162581
vt 0.055183 0.166639
vt 0.055188 0.154304
vt 0.039680 0.127445
vt 0.028995 0.121282
vt 0.024937 0.136428
vt 0.037272 0.136433
vt 0.064131 0.120926
vt 0.070294 0.110241
vt 0.055148 0.106182
vt 0.055143 0.118518
vt 0.117721 0.149431
vt 0.122054 0.151933
vt 0.122724 0.149431
vt 0.120223 0.153765
vt 0.117721 0.154435
vt 0.115219 0.153765
vt 0.113387 0.151933
vt 0.112717 0.149431
vt 0.113387 0.146929
vt 0.115219 0.145098
vt 0.117721 0.144427
vt 0.120223 0.145098
vt 0.122054 0.146929
vt 0.129841 0.240931
vt 0.127309 0.248157
vt 0.124130 0.255123
vt 0.120330 0.261770
vt 0.115940 0.268044
vt 0.125477 0.181163
vt 0.128401 0.188240
vt 0.130669 0.195553
vt 0.132262 0.203043
vt 0.133166 0.210646
vt 0.133375 0.218300
vt 0.132887 0.225940
vt 0.131706 0.233505
vt 0.067382 0.228469
vt 0.065344 0.221637
vt 0.066006 0.203160
vt 0.058553 0.216529
vt 0.057277 0.218896
vt 0.050461 0.213725
vt 0.043489 0.215543
vt 0.024911 0.214630
vt 0.038139 0.222110
vt 0.040469 0.223456
vt 0.035084 0.229966
vt 0.037123 0.236797
vt 0.036460 0.255274
vt 0.043914 0.241905
vt 0.045190 0.239538
vt 0.052005 0.244710
vt 0.058977 0.242891
vt 0.077555 0.243805
vt 0.064327 0.236324
vt 0.061997 0.234978
vt 0.059409 0.138869
vt 0.060070 0.136403
vt 0.088522 0.136410
vt 0.084053 0.153088
vt 0.057624 0.140668
vt 0.064131 0.151938
vt 0.070262 0.162559
vt 0.071843 0.165296
vt 0.055173 0.141315
vt 0.055166 0.169766
vt 0.052707 0.140654
vt 0.038488 0.165298
vt 0.050908 0.138869
vt 0.039638 0.145376
vt 0.029017 0.151507
vt 0.026280 0.153088
vt 0.050261 0.136418
vt 0.021809 0.136411
vt 0.050922 0.133952
vt 0.026278 0.119733
vt 0.052707 0.132153
vt 0.046200 0.120883
vt 0.040069 0.110263
vt 0.038488 0.107525
vt 0.055158 0.131507
vt 0.055165 0.103055
vt 0.057623 0.132167
vt 0.071843 0.107523
vt 0.059423 0.133952
vt 0.070693 0.127445
vt 0.081314 0.121314
vt 0.084051 0.119733
vt 0.078380 0.212758
vt 0.067912 0.214359
vt 0.060917 0.212122
vt 0.055165 0.207663
vt 0.051272 0.197936
vt 0.063396 0.207931
vt 0.073415 0.233285
vt 0.083155 0.229151
vt 0.072837 0.241107
vt 0.067762 0.256044
vt 0.066166 0.245655
vt 0.068657 0.238830
vt 0.024087 0.245676
vt 0.034555 0.244075
vt 0.041550 0.246312
vt 0.047302 0.250771
vt 0.051194 0.260498
vt 0.039071 0.250504
vt 0.034705 0.202390
vt 0.036301 0.212779
vt 0.033810 0.219604
vt 0.029052 0.225149
vt 0.019311 0.229283
vt 0.029630 0.217327
vt 0.086448 0.154471
vt 0.091287 0.136410
vt 0.073226 0.167691
vt 0.055166 0.172532
vt 0.037105 0.167693
vt 0.023885 0.154471
vt 0.019044 0.136411
vt 0.023883 0.118350
vt 0.037105 0.105130
vt 0.055165 0.100289
vt 0.073226 0.105128
vt 0.086446 0.118350
vt 0.119484 0.108146
vt 0.118764 0.133129
vt 0.121354 0.133203
vt 0.122073 0.108220
vt 0.123943 0.133277
vt 0.124663 0.108295
vt 0.126533 0.133352
vt 0.127253 0.108369
vt 0.129123 0.133426
vt 0.129843 0.108443
vt 0.131713 0.133501
vt 0.132433 0.108518
vt 0.134302 0.133575
vt 0.135022 0.108592
vt 0.136892 0.133650
vt 0.137612 0.108667
vt 0.139481 0.133724
vt 0.140201 0.108741
vt 0.142070 0.133799
vt 0.142790 0.108816
vt 0.111716 0.107923
vt 0.110996 0.132905
vt 0.113586 0.132980
vt 0.114305 0.107997
vt 0.116175 0.133055
vt 0.116895 0.108072
vt 0.174701 0.267376
vt 0.179229 0.259534
vt 0.183757 0.267376
vt 0.170174 0.259534
vt 0.165646 0.267376
vt 0.170174 0.275218
vt 0.179229 0.275218
vt 0.151074 0.290291
vt 0.142019 0.290314
vt 0.142006 0.285303
vt 0.151061 0.285279
vt 0.132964 0.290338
vt 0.132951 0.285326
vt 0.123909 0.290361
vt 0.123896 0.285349
vt 0.114854 0.290384
vt 0.114841 0.285373
vt 0.105798 0.290408
vt 0.105785 0.285396
vt 0.160130 0.290267
vt 0.160116 0.285256
vt 0.168775 0.242982
vt 0.164247 0.250824
vt 0.159720 0.242982
vt 0.155192 0.250824
vt 0.150665 0.242982
vt 0.155192 0.235140
vt 0.164247 0.235140
vt 0.174701 0.267376
vt 0.183757 0.267376
vt 0.179229 0.259534
vt 0.170174 0.259534
vt 0.165646 0.267376
vt 0.170174 0.275218
vt 0.179229 0.275218
vt 0.151074 0.290291
vt 0.151061 0.285279
vt 0.142006 0.285303
vt 0.142019 0.290314
vt 0.132951 0.285326
vt 0.132964 0.290338
vt 0.123896 0.285349
vt 0.123909 0.290361
vt 0.114841 0.285373
vt 0.114854 0.290384
vt 0.105785 0.285396
vt 0.105798 0.290408
vt 0.160130 0.290267
vt 0.160116 0.285256
vt 0.168775 0.242982
vt 0.159720 0.242982
vt 0.164247 0.250824
vt 0.155192 0.250824
vt 0.150665 0.242982
vt 0.155192 0.235140
vt 0.164247 0.235140
vt 0.490015 0.566754
vt 0.482710 0.565469
vt 0.484461 0.561064
vt 0.489821 0.561867
vt 0.476559 0.561307
vt 0.480026 0.557996
vt 0.472488 0.554947
vt 0.477322 0.553478
vt 0.488666 0.550768
vt 0.489548 0.559461
vt 0.485335 0.558820
vt 0.481846 0.556298
vt 0.479809 0.552364
vt 0.664213 0.555627
vt 0.660734 0.559989
vt 0.658665 0.557661
vt 0.661133 0.554345
vt 0.655971 0.562746
vt 0.655004 0.559851
vt 0.650529 0.563507
vt 0.650730 0.560307
vt 0.652020 0.551277
vt 0.658890 0.552996
vt 0.657072 0.555898
vt 0.654296 0.557666
vt 0.651075 0.558021
vt 0.648079 0.556910
vt 0.481231 0.569076
vt 0.489961 0.570794
vt 0.473882 0.564139
vt 0.468657 0.556812
vt 0.663193 0.563040
vt 0.667851 0.557837
vt 0.657266 0.566439
vt 0.650479 0.567573
vt 0.496398 0.554980
vt 0.497529 0.550716
vt 0.494898 0.560224
vt 0.646745 0.558917
vt 0.493541 0.558104
vt 0.645951 0.554499
vt 0.645070 0.551209
vt 0.499971 0.551263
vt 0.498544 0.556316
vt 0.643905 0.555792
vt 0.642764 0.551834
vt 0.489623 0.573973
vt 0.480031 0.571920
vt 0.471814 0.566447
vt 0.466064 0.558914
vt 0.670207 0.560211
vt 0.665060 0.565537
vt 0.658339 0.569358
vt 0.650809 0.570779
vt 0.490015 0.566754
vt 0.489821 0.561867
vt 0.484461 0.561064
vt 0.482710 0.565469
vt 0.480026 0.557996
vt 0.476559 0.561307
vt 0.477322 0.553478
vt 0.472488 0.554947
vt 0.488666 0.550768
vt 0.485335 0.558820
vt 0.489548 0.559461
vt 0.481846 0.556298
vt 0.479809 0.552364
vt 0.664213 0.555627
vt 0.661133 0.554345
vt 0.658665 0.557661
vt 0.660734 0.559989
vt 0.655004 0.559851
vt 0.655971 0.562746
vt 0.650730 0.560307
vt 0.650529 0.563507
vt 0.652020 0.551277
vt 0.657072 0.555898
vt 0.658890 0.552996
vt 0.654296 0.557666
vt 0.651075 0.558021
vt 0.648079 0.556910
vt 0.481231 0.569076
vt 0.489961 0.570794
vt 0.473882 0.564139
vt 0.468657 0.556812
vt 0.663193 0.563040
vt 0.667851 0.557837
vt 0.657266 0.566439
vt 0.650479 0.567573
vt 0.496398 0.554980
vt 0.497529 0.550716
vt 0.646745 0.558917
vt 0.494898 0.560224
vt 0.493541 0.558104
vt 0.645951 0.554499
vt 0.645070 0.551209
vt 0.499971 0.551263
vt 0.498544 0.556316
vt 0.643905 0.555792
vt 0.642764 0.551834
vt 0.490015 0.566754
vt 0.489821 0.561867
vt 0.484461 0.561064
vt 0.482710 0.565469
vt 0.480026 0.557996
vt 0.476559 0.561307
vt 0.485335 0.558820
vt 0.489548 0.559461
vt 0.481846 0.556298
vt 0.658665 0.557661
vt 0.660734 0.559989
vt 0.655004 0.559851
vt 0.655971 0.562746
vt 0.650730 0.560307
vt 0.650529 0.563507
vt 0.657072 0.555898
vt 0.654296 0.557666
vt 0.651075 0.558021
vt 0.648079 0.556910
vt 0.481231 0.569076
vt 0.489961 0.570794
vt 0.473882 0.564139
vt 0.663193 0.563040
vt 0.657266 0.566439
vt 0.650479 0.567573
vt 0.496398 0.554980
vt 0.646745 0.558917
vt 0.494898 0.560224
vt 0.493541 0.558104
vt 0.645951 0.554499
vt 0.498544 0.556316
vt 0.643905 0.555792
vt 0.480031 0.571920
vt 0.489623 0.573973
vt 0.471814 0.566447
vt 0.665060 0.565537
vt 0.658339 0.569358
vt 0.650809 0.570779
vt 0.490015 0.566754
vt 0.482710 0.565469
vt 0.484461 0.561064
vt 0.489821 0.561867
vt 0.476559 0.561307
vt 0.480026 0.557996
vt 0.489548 0.559461
vt 0.485335 0.558820
vt 0.481846 0.556298
vt 0.660734 0.559989
vt 0.658665 0.557661
vt 0.655971 0.562746
vt 0.655004 0.559851
vt 0.650529 0.563507
vt 0.650730 0.560307
vt 0.657072 0.555898
vt 0.654296 0.557666
vt 0.651075 0.558021
vt 0.648079 0.556910
vt 0.481231 0.569076
vt 0.489961 0.570794
vt 0.473882 0.564139
vt 0.663193 0.563040
vt 0.657266 0.566439
vt 0.650479 0.567573
vt 0.496398 0.554980
vt 0.494898 0.560224
vt 0.646745 0.558917
vt 0.493541 0.558104
vt 0.645951 0.554499
vt 0.498544 0.556316
vt 0.643905 0.555792
vt 0.387951 0.413743
vt 0.392228 0.413743
vt 0.392228 0.423980
vt 0.387951 0.423980
vt 0.396505 0.413743
vt 0.396505 0.423980
vt 0.400783 0.413743
vt 0.400783 0.423980
vt 0.405060 0.413743
vt 0.405060 0.423980
vt 0.370842 0.413743
vt 0.375119 0.413743
vt 0.375119 0.423980
vt 0.370842 0.423980
vt 0.379396 0.413743
vt 0.379396 0.423980
vt 0.383674 0.413743
vt 0.383674 0.423980
vt 0.362571 0.139453
vt 0.360478 0.137966
vt 0.363362 0.137310
vt 0.460838 0.138280
vt 0.462573 0.139075
vt 0.460385 0.140484
vt 0.353557 0.160338
vt 0.353104 0.162542
vt 0.351369 0.161747
vt 0.453463 0.162855
vt 0.450579 0.163511
vt 0.451370 0.161367
vt 0.411294 0.139972
vt 0.412005 0.137714
vt 0.355649 0.098917
vt 0.358546 0.098559
vt 0.402647 0.160849
vt 0.401936 0.163107
vt 0.458291 0.201903
vt 0.455394 0.202261
vt 0.360186 0.139119
vt 0.351082 0.160213
vt 0.462860 0.140609
vt 0.453755 0.161702
vt 0.470313 0.101504
vt 0.472385 0.102046
vt 0.343631 0.199320
vt 0.341558 0.198778
vt 0.453774 0.131404
vt 0.461976 0.099369
vt 0.420985 0.130952
vt 0.412445 0.096430
vt 0.421401 0.096538
vt 0.446747 0.203303
vt 0.442745 0.170071
vt 0.401496 0.204391
vt 0.410868 0.170111
vt 0.410445 0.204501
vt 0.403073 0.130710
vt 0.403496 0.096320
vt 0.371196 0.130749
vt 0.367194 0.097518
vt 0.360169 0.169418
vt 0.351968 0.201454
vt 0.392956 0.169869
vt 0.392541 0.204282
vt 0.510158 0.248194
vt 0.465394 0.248219
vt 0.465374 0.212648
vt 0.510543 0.213808
vt 0.603304 0.143732
vt 0.560734 0.145983
vt 0.558945 0.112156
vt 0.601515 0.109905
vt 0.499446 0.156402
vt 0.494154 0.159061
vt 0.470748 0.148957
vt 0.490341 0.177495
vt 0.488646 0.171821
vt 0.465240 0.161717
vt 0.323597 0.123327
vt 0.348700 0.139104
vt 0.325293 0.129002
vt 0.343193 0.151865
vt 0.314493 0.144421
vt 0.319785 0.141763
vt 0.574382 0.258983
vt 0.544006 0.256093
vt 0.547385 0.252863
vt 0.572314 0.254910
vt 0.546126 0.230017
vt 0.548478 0.234477
vt 0.576973 0.233735
vt 0.573520 0.236936
vt 0.522525 0.131363
vt 0.492177 0.129464
vt 0.495353 0.126135
vt 0.519691 0.126922
vt 0.493184 0.104791
vt 0.495508 0.108536
vt 0.522070 0.104779
vt 0.518867 0.108107
vt 0.566714 0.248749
vt 0.568349 0.243956
vt 0.552164 0.241894
vt 0.553176 0.247819
vt 0.501603 0.113942
vt 0.499997 0.119023
vt 0.515224 0.119799
vt 0.513205 0.113185
vt 0.396392 0.142574
vt 0.375152 0.142371
vt 0.389964 0.158070
vt 0.368599 0.157841
vt 0.445461 0.143036
vt 0.424039 0.142805
vt 0.438784 0.158503
vt 0.417570 0.158300
vt 0.514163 0.245468
vt 0.538779 0.250177
vt 0.516294 0.222061
vt 0.542150 0.231557
vt 0.526574 0.129568
vt 0.554108 0.138243
vt 0.527833 0.110789
vt 0.555058 0.114885
vt 0.547692 0.130403
vt 0.548428 0.120089
vt 0.533313 0.117793
vt 0.531684 0.126609
vt 0.522021 0.231423
vt 0.519371 0.242119
vt 0.533669 0.243451
vt 0.536320 0.234854
vt 0.362571 0.139453
vt 0.363362 0.137310
vt 0.360478 0.137966
vt 0.460838 0.138280
vt 0.460385 0.140484
vt 0.462573 0.139075
vt 0.353557 0.160338
vt 0.351369 0.161747
vt 0.353104 0.162542
vt 0.453463 0.162855
vt 0.451370 0.161367
vt 0.450579 0.163511
vt 0.412005 0.137714
vt 0.411294 0.139972
vt 0.401936 0.163107
vt 0.402647 0.160849
vt 0.360186 0.139119
vt 0.351082 0.160213
vt 0.453755 0.161702
vt 0.462860 0.140609
vt 0.453774 0.131404
vt 0.420985 0.130952
vt 0.442745 0.170071
vt 0.410868 0.170111
vt 0.403073 0.130710
vt 0.371196 0.130749
vt 0.360169 0.169418
vt 0.392956 0.169869
vt 0.510158 0.248194
vt 0.510543 0.213808
vt 0.558945 0.112156
vt 0.560734 0.145983
vt 0.470748 0.148957
vt 0.494154 0.159061
vt 0.488646 0.171821
vt 0.465240 0.161717
vt 0.325293 0.129002
vt 0.348700 0.139104
vt 0.343193 0.151865
vt 0.319785 0.141763
vt 0.572314 0.254910
vt 0.547385 0.252863
vt 0.544006 0.256093
vt 0.548478 0.234477
vt 0.546126 0.230017
vt 0.573520 0.236936
vt 0.522525 0.131363
vt 0.519691 0.126922
vt 0.495353 0.126135
vt 0.495508 0.108536
vt 0.518867 0.108107
vt 0.522070 0.104779
vt 0.566714 0.248749
vt 0.568349 0.243956
vt 0.552164 0.241894
vt 0.553176 0.247819
vt 0.501603 0.113942
vt 0.499997 0.119023
vt 0.515224 0.119799
vt 0.513205 0.113185
vt 0.375152 0.142371
vt 0.396392 0.142574
vt 0.389964 0.158070
vt 0.368599 0.157841
vt 0.424039 0.142805
vt 0.445461 0.143036
vt 0.438784 0.158503
vt 0.417570 0.158300
vt 0.538779 0.250177
vt 0.514163 0.245468
vt 0.516294 0.222061
vt 0.542150 0.231557
vt 0.554108 0.138243
vt 0.526574 0.129568
vt 0.527833 0.110789
vt 0.555058 0.114885
vt 0.547692 0.130403
vt 0.548428 0.120089
vt 0.533313 0.117793
vt 0.531684 0.126609
vt 0.522021 0.231423
vt 0.519371 0.242119
vt 0.533669 0.243451
vt 0.536320 0.234854
vt 0.490015 0.566754
vt 0.489821 0.561867
vt 0.484461 0.561064
vt 0.482710 0.565469
vt 0.480026 0.557996
vt 0.476559 0.561307
vt 0.477322 0.553478
vt 0.472488 0.554947
vt 0.488666 0.550768
vt 0.485335 0.558820
vt 0.489548 0.559461
vt 0.481846 0.556298
vt 0.479809 0.552364
vt 0.664213 0.555627
vt 0.661133 0.554345
vt 0.658665 0.557661
vt 0.660734 0.559989
vt 0.655004 0.559851
vt 0.655971 0.562746
vt 0.650730 0.560307
vt 0.650529 0.563507
vt 0.652020 0.551277
vt 0.657072 0.555898
vt 0.658890 0.552996
vt 0.654296 0.557666
vt 0.651075 0.558021
vt 0.648079 0.556910
vt 0.481231 0.569076
vt 0.489961 0.570794
vt 0.473882 0.564139
vt 0.468657 0.556812
vt 0.663193 0.563040
vt 0.667851 0.557837
vt 0.657266 0.566439
vt 0.650479 0.567573
vt 0.496398 0.554980
vt 0.497529 0.550716
vt 0.646745 0.558917
vt 0.494898 0.560224
vt 0.493541 0.558104
vt 0.645951 0.554499
vt 0.645070 0.551209
vt 0.499971 0.551263
vt 0.498544 0.556316
vt 0.643905 0.555792
vt 0.642764 0.551834
vt 0.480031 0.571920
vt 0.489623 0.573973
vt 0.471814 0.566447
vt 0.466064 0.558914
vt 0.665060 0.565537
vt 0.670207 0.560211
vt 0.658339 0.569358
vt 0.650809 0.570779
vt 0.490015 0.566754
vt 0.482710 0.565469
vt 0.484461 0.561064
vt 0.489821 0.561867
vt 0.476559 0.561307
vt 0.480026 0.557996
vt 0.472488 0.554947
vt 0.477322 0.553478
vt 0.488666 0.550768
vt 0.489548 0.559461
vt 0.485335 0.558820
vt 0.481846 0.556298
vt 0.479809 0.552364
vt 0.664213 0.555627
vt 0.660734 0.559989
vt 0.658665 0.557661
vt 0.661133 0.554345
vt 0.655971 0.562746
vt 0.655004 0.559851
vt 0.650529 0.563507
vt 0.650730 0.560307
vt 0.652020 0.551277
vt 0.658890 0.552996
vt 0.657072 0.555898
vt 0.654296 0.557666
vt 0.651075 0.558021
vt 0.648079 0.556910
vt 0.481231 0.569076
vt 0.489961 0.570794
vt 0.473882 0.564139
vt 0.468657 0.556812
vt 0.663193 0.563040
vt 0.667851 0.557837
vt 0.657266 0.566439
vt 0.650479 0.567573
vt 0.496398 0.554980
vt 0.497529 0.550716
vt 0.494898 0.560224
vt 0.646745 0.558917
vt 0.493541 0.558104
vt 0.645951 0.554499
vt 0.645070 0.551209
vt 0.499971 0.551263
vt 0.498544 0.556316
vt 0.643905 0.555792
vt 0.642764 0.551834
vt 0.490015 0.566754
vt 0.482710 0.565469
vt 0.484461 0.561064
vt 0.489821 0.561867
vt 0.476559 0.561307
vt 0.480026 0.557996
vt 0.489548 0.559461
vt 0.485335 0.558820
vt 0.481846 0.556298
vt 0.660734 0.559989
vt 0.658665 0.557661
vt 0.655971 0.562746
vt 0.655004 0.559851
vt 0.650529 0.563507
vt 0.650730 0.560307
vt 0.657072 0.555898
vt 0.654296 0.557666
vt 0.651075 0.558021
vt 0.648079 0.556910
vt 0.481231 0.569076
vt 0.489961 0.570794
vt 0.473882 0.564139
vt 0.663193 0.563040
vt 0.657266 0.566439
vt 0.650479 0.567573
vt 0.496398 0.554980
vt 0.494898 0.560224
vt 0.646745 0.558917
vt 0.493541 0.558104
vt 0.645951 0.554499
vt 0.498544 0.556316
vt 0.643905 0.555792
vt 0.489623 0.573973
vt 0.480031 0.571920
vt 0.471814 0.566447
vt 0.665060 0.565537
vt 0.658339 0.569358
vt 0.650809 0.570779
vt 0.490015 0.566754
vt 0.489821 0.561867
vt 0.484461 0.561064
vt 0.482710 0.565469
vt 0.480026 0.557996
vt 0.476559 0.561307
vt 0.485335 0.558820
vt 0.489548 0.559461
vt 0.481846 0.556298
vt 0.658665 0.557661
vt 0.660734 0.559989
vt 0.655004 0.559851
vt 0.655971 0.562746
vt 0.650730 0.560307
vt 0.650529 0.563507
vt 0.657072 0.555898
vt 0.654296 0.557666
vt 0.651075 0.558021
vt 0.648079 0.556910
vt 0.481231 0.569076
vt 0.489961 0.570794
vt 0.473882 0.564139
vt 0.663193 0.563040
vt 0.657266 0.566439
vt 0.650479 0.567573
vt 0.496398 0.554980
vt 0.646745 0.558917
vt 0.494898 0.560224
vt 0.493541 0.558104
vt 0.645951 0.554499
vt 0.498544 0.556316
vt 0.643905 0.555792
vt 0.387951 0.413743
vt 0.387951 0.423980
vt 0.392228 0.423980
vt 0.392228 0.413743
vt 0.396505 0.423980
vt 0.396505 0.413743
vt 0.400783 0.423980
vt 0.400783 0.413743
vt 0.405060 0.423980
vt 0.405060 0.413743
vt 0.370842 0.413743
vt 0.370842 0.423980
vt 0.375119 0.423980
vt 0.375119 0.413743
vt 0.379396 0.423980
vt 0.379396 0.413743
vt 0.383674 0.423980
vt 0.383674 0.413743
vt 0.362571 0.139453
vt 0.363362 0.137310
vt 0.360478 0.137966
vt 0.460838 0.138280
vt 0.460385 0.140484
vt 0.462573 0.139075
vt 0.353557 0.160338
vt 0.351369 0.161747
vt 0.353104 0.162542
vt 0.453463 0.162855
vt 0.451370 0.161367
vt 0.450579 0.163511
vt 0.412005 0.137714
vt 0.411294 0.139972
vt 0.358546 0.098559
vt 0.355649 0.098917
vt 0.401936 0.163107
vt 0.402647 0.160849
vt 0.455394 0.202261
vt 0.458291 0.201903
vt 0.360186 0.139119
vt 0.351082 0.160213
vt 0.453755 0.161702
vt 0.462860 0.140609
vt 0.470313 0.101504
vt 0.472385 0.102046
vt 0.343631 0.199320
vt 0.341558 0.198778
vt 0.461976 0.099369
vt 0.453774 0.131404
vt 0.420985 0.130952
vt 0.421401 0.096538
vt 0.412445 0.096430
vt 0.442745 0.170071
vt 0.446747 0.203303
vt 0.401496 0.204391
vt 0.410445 0.204501
vt 0.410868 0.170111
vt 0.403496 0.096320
vt 0.403073 0.130710
vt 0.371196 0.130749
vt 0.367194 0.097518
vt 0.351968 0.201454
vt 0.360169 0.169418
vt 0.392956 0.169869
vt 0.392541 0.204282
vt 0.510158 0.248194
vt 0.510543 0.213808
vt 0.465374 0.212648
vt 0.465394 0.248219
vt 0.603304 0.143732
vt 0.601515 0.109905
vt 0.558945 0.112156
vt 0.560734 0.145983
vt 0.470748 0.148957
vt 0.494154 0.159061
vt 0.499446 0.156402
vt 0.488646 0.171821
vt 0.490341 0.177495
vt 0.465240 0.161717
vt 0.323597 0.123327
vt 0.325293 0.129002
vt 0.348700 0.139104
vt 0.343193 0.151865
vt 0.319785 0.141763
vt 0.314493 0.144421
vt 0.574382 0.258983
vt 0.572314 0.254910
vt 0.547385 0.252863
vt 0.544006 0.256093
vt 0.548478 0.234477
vt 0.546126 0.230017
vt 0.573520 0.236936
vt 0.576973 0.233735
vt 0.522525 0.131363
vt 0.519691 0.126922
vt 0.495353 0.126135
vt 0.492177 0.129464
vt 0.495508 0.108536
vt 0.493184 0.104791
vt 0.518867 0.108107
vt 0.522070 0.104779
vt 0.566714 0.248749
vt 0.568349 0.243956
vt 0.552164 0.241894
vt 0.553176 0.247819
vt 0.501603 0.113942
vt 0.499997 0.119023
vt 0.515224 0.119799
vt 0.513205 0.113185
vt 0.375152 0.142371
vt 0.396392 0.142574
vt 0.389964 0.158070
vt 0.368599 0.157841
vt 0.424039 0.142805
vt 0.445461 0.143036
vt 0.438784 0.158503
vt 0.417570 0.158300
vt 0.538779 0.250177
vt 0.514163 0.245468
vt 0.516294 0.222061
vt 0.542150 0.231557
vt 0.554108 0.138243
vt 0.526574 0.129568
vt 0.527833 0.110789
vt 0.555058 0.114885
vt 0.547692 0.130403
vt 0.548428 0.120089
vt 0.533313 0.117793
vt 0.531684 0.126609
vt 0.522021 0.231423
vt 0.519371 0.242119
vt 0.533669 0.243451
vt 0.536320 0.234854
vt 0.362571 0.139453
vt 0.360478 0.137966
vt 0.363362 0.137310
vt 0.460838 0.138280
vt 0.462573 0.139075
vt 0.460385 0.140484
vt 0.353557 0.160338
vt 0.353104 0.162542
vt 0.351369 0.161747
vt 0.453463 0.162855
vt 0.450579 0.163511
vt 0.451370 0.161367
vt 0.411294 0.139972
vt 0.412005 0.137714
vt 0.402647 0.160849
vt 0.401936 0.163107
vt 0.360186 0.139119
vt 0.351082 0.160213
vt 0.462860 0.140609
vt 0.453755 0.161702
vt 0.453774 0.131404
vt 0.420985 0.130952
vt 0.442745 0.170071
vt 0.410868 0.170111
vt 0.403073 0.130710
vt 0.371196 0.130749
vt 0.360169 0.169418
vt 0.392956 0.169869
vt 0.510158 0.248194
vt 0.510543 0.213808
vt 0.560734 0.145983
vt 0.558945 0.112156
vt 0.494154 0.159061
vt 0.470748 0.148957
vt 0.488646 0.171821
vt 0.465240 0.161717
vt 0.348700 0.139104
vt 0.325293 0.129002
vt 0.343193 0.151865
vt 0.319785 0.141763
vt 0.544006 0.256093
vt 0.547385 0.252863
vt 0.572314 0.254910
vt 0.546126 0.230017
vt 0.548478 0.234477
vt 0.573520 0.236936
vt 0.522525 0.131363
vt 0.495353 0.126135
vt 0.519691 0.126922
vt 0.495508 0.108536
vt 0.522070 0.104779
vt 0.518867 0.108107
vt 0.566714 0.248749
vt 0.568349 0.243956
vt 0.552164 0.241894
vt 0.553176 0.247819
vt 0.501603 0.113942
vt 0.499997 0.119023
vt 0.515224 0.119799
vt 0.513205 0.113185
vt 0.396392 0.142574
vt 0.375152 0.142371
vt 0.389964 0.158070
vt 0.368599 0.157841
vt 0.445461 0.143036
vt 0.424039 0.142805
vt 0.438784 0.158503
vt 0.417570 0.158300
vt 0.514163 0.245468
vt 0.538779 0.250177
vt 0.516294 0.222061
vt 0.542150 0.231557
vt 0.526574 0.129568
vt 0.554108 0.138243
vt 0.527833 0.110789
vt 0.555058 0.114885
vt 0.547692 0.130403
vt 0.548428 0.120089
vt 0.533313 0.117793
vt 0.531684 0.126609
vt 0.522021 0.231423
vt 0.519371 0.242119
vt 0.533669 0.243451
vt 0.536320 0.234854
vt 0.885143 0.361287
vt 0.891908 0.355125
vt 0.897726 0.362188
vt 0.905299 0.357052
vt 0.910052 0.364871
vt 0.918279 0.360865
vt 0.921871 0.369280
vt 0.930584 0.366486
vt 0.932942 0.375327
vt 0.941964 0.373802
vt 0.943040 0.382888
vt 0.952186 0.382662
vt 0.951958 0.391809
vt 0.961043 0.392887
vt 0.959516 0.401908
vt 0.968355 0.404268
vt 0.965559 0.412979
vt 0.973972 0.416573
vt 0.969965 0.424798
vt 0.977780 0.429552
vt 0.972644 0.437122
vt 0.979703 0.442940
vt 0.973542 0.449703
vt 0.790553 0.442940
vt 0.797616 0.437122
vt 0.796715 0.449706
vt 0.792479 0.429548
vt 0.800298 0.424794
vt 0.796291 0.416566
vt 0.804707 0.412973
vt 0.801912 0.404258
vt 0.810754 0.401900
vt 0.809228 0.392876
vt 0.818316 0.391800
vt 0.818089 0.382651
vt 0.827237 0.382879
vt 0.828315 0.373792
vt 0.837338 0.375319
vt 0.839698 0.366478
vt 0.848411 0.369274
vt 0.852005 0.360859
vt 0.860232 0.364866
vt 0.864987 0.357048
vt 0.872560 0.362186
vt 0.878379 0.355124
vt 0.896793 0.368671
vt 0.873570 0.369219
vt 0.918919 0.375743
vt 0.938750 0.387837
vt 0.953538 0.405748
vt 0.963681 0.426642
vt 0.966438 0.449702
vt 0.807116 0.426796
vt 0.803266 0.449706
vt 0.816265 0.405441
vt 0.831891 0.388250
vt 0.851132 0.375233
vt 0.964546 0.449564
vt 0.960409 0.442397
vt 0.942153 0.449699
vt 0.940219 0.433527
vt 0.952133 0.442396
vt 0.947994 0.449563
vt 0.951862 0.406638
vt 0.944505 0.402847
vt 0.952256 0.414906
vt 0.945294 0.419381
vt 0.933106 0.418876
vt 0.937938 0.415590
vt 0.922735 0.406316
vt 0.937543 0.407322
vt 0.917972 0.377391
vt 0.909733 0.378181
vt 0.922776 0.384131
vt 0.919341 0.391662
vt 0.908828 0.397836
vt 0.911102 0.392452
vt 0.893311 0.392877
vt 0.906297 0.385712
vt 0.881332 0.374192
vt 0.873645 0.371120
vt 0.882516 0.382384
vt 0.877026 0.393262
vt 0.876013 0.387506
vt 0.861290 0.397480
vt 0.868325 0.384434
vt 0.867142 0.376241
vt 0.833071 0.389731
vt 0.830358 0.397551
vt 0.841202 0.388171
vt 0.846618 0.394431
vt 0.847797 0.406609
vt 0.843904 0.402252
vt 0.836840 0.418665
vt 0.835773 0.403812
vt 0.808944 0.427289
vt 0.810877 0.435338
vt 0.814948 0.421590
vt 0.822886 0.423940
vt 0.830424 0.433640
vt 0.824819 0.431990
vt 0.827724 0.449707
vt 0.818815 0.437689
vt 0.878368 0.569046
vt 0.891849 0.568592
vt 0.885545 0.573101
vt 0.899738 0.572175
vt 0.905535 0.567261
vt 0.918754 0.563386
vt 0.913646 0.569487
vt 0.928069 0.564678
vt 0.932522 0.557908
vt 0.944557 0.549945
vt 0.941341 0.557613
vt 0.953896 0.548589
vt 0.956291 0.540627
vt 0.965959 0.528941
vt 0.965121 0.537677
vt 0.975075 0.523826
vt 0.974380 0.514793
vt 0.979200 0.499478
vt 0.981851 0.508398
vt 0.986116 0.491456
vt 0.981830 0.483075
vt 0.978410 0.469728
vt 0.985431 0.473003
vt 0.790986 0.473003
vt 0.797306 0.471381
vt 0.792363 0.481523
vt 0.791664 0.495750
vt 0.787131 0.488580
vt 0.788777 0.504654
vt 0.794764 0.509991
vt 0.800927 0.522216
vt 0.794064 0.518397
vt 0.801319 0.530724
vt 0.808223 0.533539
vt 0.817475 0.543063
vt 0.809994 0.541479
vt 0.820567 0.551321
vt 0.828098 0.551946
vt 0.839785 0.558180
vt 0.832226 0.558928
vt 0.844667 0.564957
vt 0.851845 0.563624
vt 0.864598 0.566752
vt 0.857478 0.569325
vt 0.871496 0.572324
vt 0.884109 0.576069
vt 0.877949 0.573087
vt 0.891958 0.572837
vt 0.886748 0.575250
vt 0.898531 0.575342
vt 0.906138 0.571316
vt 0.901135 0.574219
vt 0.912947 0.572768
vt 0.920108 0.567697
vt 0.915408 0.571389
vt 0.927750 0.568360
vt 0.934380 0.561827
vt 0.930138 0.566335
vt 0.941677 0.561128
vt 0.947107 0.553767
vt 0.943668 0.558917
vt 0.954642 0.552219
vt 0.959308 0.543987
vt 0.956413 0.549647
vt 0.966493 0.541138
vt 0.969983 0.531914
vt 0.967973 0.538301
vt 0.977279 0.527341
vt 0.978710 0.516948
vt 0.978054 0.523865
vt 0.984603 0.511237
vt 0.984121 0.500911
vt 0.984824 0.507868
vt 0.989437 0.494017
vt 0.986874 0.483124
vt 0.989148 0.490275
vt 0.989660 0.474345
vt 0.979988 0.466345
vt 0.987009 0.469620
vt 0.790204 0.469958
vt 0.796524 0.468336
vt 0.788204 0.480227
vt 0.788058 0.473258
vt 0.784067 0.486587
vt 0.787076 0.496082
vt 0.784598 0.489909
vt 0.785105 0.503705
vt 0.790761 0.511288
vt 0.786878 0.506482
vt 0.790662 0.518349
vt 0.797185 0.524185
vt 0.792643 0.520469
vt 0.797983 0.531109
vt 0.805004 0.535896
vt 0.800187 0.532875
vt 0.806871 0.542379
vt 0.814484 0.546125
vt 0.809204 0.543837
vt 0.817390 0.552721
vt 0.825740 0.555192
vt 0.820148 0.553752
vt 0.829543 0.560760
vt 0.837825 0.561806
vt 0.832214 0.561336
vt 0.842146 0.567039
vt 0.850412 0.567273
vt 0.844862 0.567322
vt 0.855345 0.571701
vt 0.863618 0.570916
vt 0.858015 0.571712
vt 0.869461 0.575139
vt 0.872355 0.574655
vt 0.865824 0.559891
vt 0.891379 0.562238
vt 0.916161 0.556549
vt 0.940463 0.544469
vt 0.959324 0.524615
vt 0.971814 0.497808
vt 0.972831 0.471186
vt 0.801351 0.473387
vt 0.798652 0.495072
vt 0.806378 0.519099
vt 0.822067 0.537906
vt 0.842499 0.552620
vt 0.966039 0.478265
vt 0.971136 0.471158
vt 0.942309 0.476698
vt 0.946866 0.474754
vt 0.955113 0.479650
vt 0.942682 0.492205
vt 0.948538 0.527190
vt 0.957588 0.523530
vt 0.957722 0.513146
vt 0.948814 0.508371
vt 0.939814 0.511503
vt 0.934654 0.507770
vt 0.940611 0.521249
vt 0.922909 0.521887
vt 0.906660 0.552839
vt 0.915434 0.554832
vt 0.921250 0.547258
vt 0.917389 0.538349
vt 0.908467 0.535539
vt 0.906480 0.529552
vt 0.903676 0.543833
vt 0.888929 0.534822
vt 0.866041 0.558135
vt 0.874492 0.554813
vt 0.875869 0.545552
vt 0.869926 0.538767
vt 0.871294 0.532791
vt 0.861818 0.543336
vt 0.854006 0.528583
vt 0.859800 0.552254
vt 0.821072 0.528346
vt 0.823251 0.536601
vt 0.832124 0.538095
vt 0.837960 0.531109
vt 0.836437 0.522566
vt 0.840500 0.518322
vt 0.827447 0.522110
vt 0.828894 0.506091
vt 0.804124 0.487631
vt 0.800400 0.494908
vt 0.806475 0.501422
vt 0.814975 0.499423
vt 0.818496 0.492311
vt 0.823955 0.491225
vt 0.811893 0.487341
vt 0.820319 0.476756
vt 0.824154 0.475777
vt 0.827769 0.489952
vt 0.832627 0.503745
vt 0.843258 0.514985
vt 0.855934 0.524292
vt 0.871913 0.528291
vt 0.888384 0.529962
vt 0.904654 0.525261
vt 0.919813 0.518043
vt 0.930742 0.505330
vt 0.938297 0.491173
vt 0.938530 0.476718
vt 0.956233 0.474499
vt 0.963881 0.473827
vt 0.968621 0.469071
vt 0.948830 0.470812
vt 0.953737 0.515452
vt 0.948507 0.512416
vt 0.943496 0.513978
vt 0.944160 0.519239
vt 0.949003 0.522779
vt 0.953839 0.520967
vt 0.909976 0.539605
vt 0.907598 0.544197
vt 0.909407 0.549671
vt 0.914010 0.550895
vt 0.916947 0.546718
vt 0.914765 0.541315
vt 0.866792 0.554220
vt 0.871249 0.552224
vt 0.872215 0.546669
vt 0.869152 0.542888
vt 0.864893 0.545575
vt 0.863628 0.550995
vt 0.834367 0.530189
vt 0.833713 0.525559
vt 0.828800 0.525549
vt 0.824912 0.529323
vt 0.825915 0.533676
vt 0.830721 0.534276
vt 0.807613 0.497656
vt 0.812806 0.496712
vt 0.814864 0.493034
vt 0.810954 0.490352
vt 0.806045 0.490595
vt 0.804169 0.494346
vt 0.603733 0.746029
vt 0.603107 0.742377
vt 0.607654 0.741710
vt 0.608246 0.745043
vt 0.604818 0.749928
vt 0.609175 0.748516
vt 0.606309 0.753658
vt 0.610433 0.751840
vt 0.608029 0.756863
vt 0.611875 0.754751
vt 0.622628 0.777626
vt 0.626753 0.776673
vt 0.623122 0.779464
vt 0.627147 0.779482
vt 0.622963 0.780900
vt 0.626922 0.781821
vt 0.622329 0.782211
vt 0.626137 0.784096
vt 0.620907 0.783499
vt 0.624351 0.786684
vt 0.596847 0.793680
vt 0.599033 0.797792
vt 0.593554 0.795522
vt 0.596067 0.799506
vt 0.590167 0.797921
vt 0.593082 0.801619
vt 0.587068 0.800697
vt 0.590351 0.804033
vt 0.584559 0.803560
vt 0.588082 0.806517
vt 0.569215 0.827150
vt 0.572513 0.830035
vt 0.567604 0.828837
vt 0.570648 0.832008
vt 0.565777 0.829974
vt 0.568809 0.833633
vt 0.572066 0.720200
vt 0.568556 0.720914
vt 0.567858 0.716441
vt 0.571151 0.715866
vt 0.596317 0.712964
vt 0.596744 0.708737
vt 0.598219 0.713091
vt 0.599542 0.709276
vt 0.599529 0.713706
vt 0.601688 0.710252
vt 0.600564 0.714731
vt 0.603586 0.711737
vt 0.601323 0.716495
vt 0.605452 0.714272
vt 0.565335 0.721270
vt 0.564732 0.716869
vt 0.604633 0.893025
vt 0.604416 0.889619
vt 0.597869 0.899137
vt 0.599197 0.746329
vt 0.605563 0.896570
vt 0.600337 0.751436
vt 0.606972 0.899954
vt 0.602559 0.756161
vt 0.608865 0.902794
vt 0.627613 0.922626
vt 0.614469 0.922336
vt 0.618195 0.777228
vt 0.628829 0.924848
vt 0.628745 0.926865
vt 0.618537 0.779606
vt 0.627666 0.928571
vt 0.616969 0.781424
vt 0.625402 0.929706
vt 0.598699 0.935344
vt 0.587617 0.931964
vt 0.591721 0.791215
vt 0.595527 0.936603
vt 0.592443 0.938583
vt 0.587139 0.794050
vt 0.589660 0.940969
vt 0.583255 0.797861
vt 0.587544 0.943646
vt 0.574475 0.967604
vt 0.570556 0.954908
vt 0.567388 0.822215
vt 0.572738 0.969448
vt 0.570620 0.969992
vt 0.564639 0.823693
vt 0.569818 0.725114
vt 0.565382 0.725626
vt 0.576600 0.869893
vt 0.573315 0.870815
vt 0.570233 0.879211
vt 0.601256 0.858191
vt 0.597009 0.870624
vt 0.594541 0.717048
vt 0.603744 0.857721
vt 0.605636 0.858424
vt 0.596901 0.717487
vt 0.606926 0.859977
vt 0.598117 0.719554
vt 0.607305 0.862481
vt 0.570198 0.871066
vt 0.570357 0.908323
vt 0.592689 0.754022
vt 0.607209 0.776253
vt 0.582032 0.787360
vt 0.564846 0.809576
vt 0.564957 0.733543
vt 0.590194 0.727162
vt 0.564741 0.763468
vt 0.885143 0.361287
vt 0.897726 0.362188
vt 0.891908 0.355125
vt 0.905299 0.357052
vt 0.910052 0.364871
vt 0.921871 0.369280
vt 0.918279 0.360865
vt 0.930584 0.366486
vt 0.932942 0.375327
vt 0.943040 0.382888
vt 0.941964 0.373802
vt 0.952186 0.382662
vt 0.951958 0.391809
vt 0.959516 0.401908
vt 0.961043 0.392887
vt 0.968355 0.404268
vt 0.965559 0.412979
vt 0.969965 0.424798
vt 0.973972 0.416573
vt 0.977780 0.429552
vt 0.972644 0.437122
vt 0.979703 0.442940
vt 0.790553 0.442940
vt 0.797616 0.437122
vt 0.800298 0.424794
vt 0.792479 0.429548
vt 0.796291 0.416566
vt 0.804707 0.412973
vt 0.810754 0.401900
vt 0.801912 0.404258
vt 0.809228 0.392876
vt 0.818316 0.391800
vt 0.827237 0.382879
vt 0.818089 0.382651
vt 0.828315 0.373792
vt 0.837338 0.375319
vt 0.848411 0.369274
vt 0.839698 0.366478
vt 0.852005 0.360859
vt 0.860232 0.364866
vt 0.872560 0.362186
vt 0.864987 0.357048
vt 0.878379 0.355124
vt 0.873570 0.369219
vt 0.896793 0.368671
vt 0.918919 0.375743
vt 0.938750 0.387837
vt 0.953538 0.405748
vt 0.963681 0.426642
vt 0.807116 0.426796
vt 0.816265 0.405441
vt 0.831891 0.388250
vt 0.851132 0.375233
vt 0.960409 0.442397
vt 0.952133 0.442396
vt 0.940219 0.433527
vt 0.944505 0.402847
vt 0.951862 0.406638
vt 0.952256 0.414906
vt 0.945294 0.419381
vt 0.937938 0.415590
vt 0.933106 0.418876
vt 0.937543 0.407322
vt 0.922735 0.406316
vt 0.909733 0.378181
vt 0.917972 0.377391
vt 0.922776 0.384131
vt 0.919341 0.391662
vt 0.911102 0.392452
vt 0.908828 0.397836
vt 0.906297 0.385712
vt 0.893311 0.392877
vt 0.873645 0.371120
vt 0.881332 0.374192
vt 0.882516 0.382384
vt 0.876013 0.387506
vt 0.877026 0.393262
vt 0.868325 0.384434
vt 0.861290 0.397480
vt 0.867142 0.376241
vt 0.830358 0.397551
vt 0.833071 0.389731
vt 0.841202 0.388171
vt 0.846618 0.394431
vt 0.843904 0.402252
vt 0.847797 0.406609
vt 0.835773 0.403812
vt 0.836840 0.418665
vt 0.810877 0.435338
vt 0.808944 0.427289
vt 0.814948 0.421590
vt 0.822886 0.423940
vt 0.824819 0.431990
vt 0.830424 0.433640
vt 0.818815 0.437689
vt 0.878368 0.569046
vt 0.885545 0.573101
vt 0.891849 0.568592
vt 0.899738 0.572175
vt 0.905535 0.567261
vt 0.913646 0.569487
vt 0.918754 0.563386
vt 0.928069 0.564678
vt 0.932522 0.557908
vt 0.941341 0.557613
vt 0.944557 0.549945
vt 0.953896 0.548589
vt 0.956291 0.540627
vt 0.965121 0.537677
vt 0.965959 0.528941
vt 0.975075 0.523826
vt 0.974380 0.514793
vt 0.981851 0.508398
vt 0.979200 0.499478
vt 0.986116 0.491456
vt 0.981830 0.483075
vt 0.985431 0.473003
vt 0.790986 0.473003
vt 0.792363 0.481523
vt 0.787131 0.488580
vt 0.791664 0.495750
vt 0.788777 0.504654
vt 0.794764 0.509991
vt 0.794064 0.518397
vt 0.800927 0.522216
vt 0.801319 0.530724
vt 0.808223 0.533539
vt 0.809994 0.541479
vt 0.817475 0.543063
vt 0.820567 0.551321
vt 0.828098 0.551946
vt 0.832226 0.558928
vt 0.839785 0.558180
vt 0.844667 0.564957
vt 0.851845 0.563624
vt 0.857478 0.569325
vt 0.864598 0.566752
vt 0.871496 0.572324
vt 0.884109 0.576069
vt 0.877949 0.573087
vt 0.891958 0.572837
vt 0.886748 0.575250
vt 0.898531 0.575342
vt 0.906138 0.571316
vt 0.901135 0.574219
vt 0.912947 0.572768
vt 0.920108 0.567697
vt 0.915408 0.571389
vt 0.927750 0.568360
vt 0.934380 0.561827
vt 0.930138 0.566335
vt 0.941677 0.561128
vt 0.947107 0.553767
vt 0.943668 0.558917
vt 0.954642 0.552219
vt 0.959308 0.543987
vt 0.956413 0.549647
vt 0.966493 0.541138
vt 0.969983 0.531914
vt 0.967973 0.538301
vt 0.977279 0.527341
vt 0.978710 0.516948
vt 0.978054 0.523865
vt 0.984603 0.511237
vt 0.984121 0.500911
vt 0.984824 0.507868
vt 0.989437 0.494017
vt 0.986874 0.483124
vt 0.989148 0.490275
vt 0.989660 0.474345
vt 0.987009 0.469620
vt 0.790204 0.469958
vt 0.788204 0.480227
vt 0.788058 0.473258
vt 0.784067 0.486587
vt 0.787076 0.496082
vt 0.784598 0.489909
vt 0.785105 0.503705
vt 0.790761 0.511288
vt 0.786878 0.506482
vt 0.790662 0.518349
vt 0.797185 0.524185
vt 0.792643 0.520469
vt 0.797983 0.531109
vt 0.805004 0.535896
vt 0.800187 0.532875
vt 0.806871 0.542379
vt 0.814484 0.546125
vt 0.809204 0.543837
vt 0.817390 0.552721
vt 0.825740 0.555192
vt 0.820148 0.553752
vt 0.829543 0.560760
vt 0.837825 0.561806
vt 0.832214 0.561336
vt 0.842146 0.567039
vt 0.850412 0.567273
vt 0.844862 0.567322
vt 0.855345 0.571701
vt 0.863618 0.570916
vt 0.858015 0.571712
vt 0.869461 0.575139
vt 0.872355 0.574655
vt 0.891379 0.562238
vt 0.865824 0.559891
vt 0.916161 0.556549
vt 0.940463 0.544469
vt 0.959324 0.524615
vt 0.971814 0.497808
vt 0.798652 0.495072
vt 0.806378 0.519099
vt 0.822067 0.537906
vt 0.842499 0.552620
vt 0.966039 0.478265
vt 0.942682 0.492205
vt 0.955113 0.479650
vt 0.957588 0.523530
vt 0.948538 0.527190
vt 0.957722 0.513146
vt 0.948814 0.508371
vt 0.934654 0.507770
vt 0.939814 0.511503
vt 0.922909 0.521887
vt 0.940611 0.521249
vt 0.915434 0.554832
vt 0.906660 0.552839
vt 0.921250 0.547258
vt 0.917389 0.538349
vt 0.906480 0.529552
vt 0.908467 0.535539
vt 0.888929 0.534822
vt 0.903676 0.543833
vt 0.874492 0.554813
vt 0.866041 0.558135
vt 0.875869 0.545552
vt 0.871294 0.532791
vt 0.869926 0.538767
vt 0.854006 0.528583
vt 0.861818 0.543336
vt 0.859800 0.552254
vt 0.823251 0.536601
vt 0.821072 0.528346
vt 0.832124 0.538095
vt 0.837960 0.531109
vt 0.840500 0.518322
vt 0.836437 0.522566
vt 0.828894 0.506091
vt 0.827447 0.522110
vt 0.800400 0.494908
vt 0.804124 0.487631
vt 0.806475 0.501422
vt 0.814975 0.499423
vt 0.823955 0.491225
vt 0.818496 0.492311
vt 0.811893 0.487341
vt 0.827769 0.489952
vt 0.832627 0.503745
vt 0.843258 0.514985
vt 0.855934 0.524292
vt 0.871913 0.528291
vt 0.888384 0.529962
vt 0.904654 0.525261
vt 0.919813 0.518043
vt 0.930742 0.505330
vt 0.938297 0.491173
vt 0.956233 0.474499
vt 0.963881 0.473827
vt 0.953737 0.515452
vt 0.948507 0.512416
vt 0.943496 0.513978
vt 0.944160 0.519239
vt 0.949003 0.522779
vt 0.953839 0.520967
vt 0.909976 0.539605
vt 0.907598 0.544197
vt 0.909407 0.549671
vt 0.914010 0.550895
vt 0.916947 0.546718
vt 0.914765 0.541315
vt 0.866792 0.554220
vt 0.871249 0.552224
vt 0.872215 0.546669
vt 0.869152 0.542888
vt 0.864893 0.545575
vt 0.863628 0.550995
vt 0.834367 0.530189
vt 0.833713 0.525559
vt 0.828800 0.525549
vt 0.824912 0.529323
vt 0.825915 0.533676
vt 0.830721 0.534276
vt 0.807613 0.497656
vt 0.812806 0.496712
vt 0.814864 0.493034
vt 0.810954 0.490352
vt 0.806045 0.490595
vt 0.804169 0.494346
vt 0.603733 0.746029
vt 0.608246 0.745043
vt 0.607654 0.741710
vt 0.603107 0.742377
vt 0.604818 0.749928
vt 0.609175 0.748516
vt 0.606309 0.753658
vt 0.610433 0.751840
vt 0.608029 0.756863
vt 0.611875 0.754751
vt 0.622628 0.777626
vt 0.626753 0.776673
vt 0.623122 0.779464
vt 0.627147 0.779482
vt 0.622963 0.780900
vt 0.626922 0.781821
vt 0.622329 0.782211
vt 0.626137 0.784096
vt 0.620907 0.783499
vt 0.624351 0.786684
vt 0.596847 0.793680
vt 0.599033 0.797792
vt 0.593554 0.795522
vt 0.596067 0.799506
vt 0.590167 0.797921
vt 0.593082 0.801619
vt 0.587068 0.800697
vt 0.590351 0.804033
vt 0.584559 0.803560
vt 0.588082 0.806517
vt 0.569215 0.827150
vt 0.572513 0.830035
vt 0.567604 0.828837
vt 0.570648 0.832008
vt 0.572066 0.720200
vt 0.571151 0.715866
vt 0.567858 0.716441
vt 0.568556 0.720914
vt 0.596317 0.712964
vt 0.596744 0.708737
vt 0.598219 0.713091
vt 0.599542 0.709276
vt 0.599529 0.713706
vt 0.601688 0.710252
vt 0.600564 0.714731
vt 0.603586 0.711737
vt 0.601323 0.716495
vt 0.605452 0.714272
vt 0.604633 0.893025
vt 0.597869 0.899137
vt 0.604416 0.889619
vt 0.599197 0.746329
vt 0.605563 0.896570
vt 0.600337 0.751436
vt 0.606972 0.899954
vt 0.602559 0.756161
vt 0.608865 0.902794
vt 0.627613 0.922626
vt 0.614469 0.922336
vt 0.618195 0.777228
vt 0.628829 0.924848
vt 0.628745 0.926865
vt 0.618537 0.779606
vt 0.627666 0.928571
vt 0.616969 0.781424
vt 0.625402 0.929706
vt 0.598699 0.935344
vt 0.587617 0.931964
vt 0.591721 0.791215
vt 0.595527 0.936603
vt 0.592443 0.938583
vt 0.587139 0.794050
vt 0.589660 0.940969
vt 0.583255 0.797861
vt 0.587544 0.943646
vt 0.574475 0.967604
vt 0.567388 0.822215
vt 0.572738 0.969448
vt 0.569818 0.725114
vt 0.576600 0.869893
vt 0.573315 0.870815
vt 0.601256 0.858191
vt 0.597009 0.870624
vt 0.594541 0.717048
vt 0.603744 0.857721
vt 0.605636 0.858424
vt 0.596901 0.717487
vt 0.606926 0.859977
vt 0.598117 0.719554
vt 0.607305 0.862481
vt 0.592689 0.754022
vt 0.607209 0.776253
vt 0.582032 0.787360
vt 0.590194 0.727162
vt 0.054062 0.066701
vt 0.037885 0.066701
vt 0.037885 0.060481
vt 0.054062 0.060481
vt 0.037885 0.053824
vt 0.054062 0.053824
vt 0.037885 0.047364
vt 0.054062 0.047364
vt 0.054062 0.072944
vt 0.037885 0.072944
vt 0.022948 0.066702
vt 0.022948 0.060481
vt 0.022947 0.053824
vt 0.022947 0.047364
vt 0.022948 0.072945
vt 0.009333 0.066702
vt 0.009332 0.060481
vt 0.009332 0.053824
vt 0.009333 0.047364
vt 0.009333 0.072945
vt 0.009333 0.016407
vt 0.023472 0.016408
vt 0.023471 0.022539
vt 0.009332 0.022538
vt 0.023471 0.028797
vt 0.009332 0.028735
vt 0.023471 0.035015
vt 0.009333 0.035077
vt 0.009333 0.010237
vt 0.023472 0.010238
vt 0.040545 0.016408
vt 0.040545 0.022539
vt 0.040545 0.028797
vt 0.040545 0.035015
vt 0.040545 0.010238
vt 0.057914 0.016408
vt 0.057914 0.022539
vt 0.057914 0.028797
vt 0.057914 0.035015
vt 0.057914 0.010238
vt 0.249157 0.022538
vt 0.249157 0.016407
vt 0.270389 0.016407
vt 0.270390 0.022538
vt 0.249157 0.028797
vt 0.270390 0.028797
vt 0.270390 0.035014
vt 0.249157 0.035014
vt 0.249157 0.010237
vt 0.270389 0.010237
vt 0.461674 0.022538
vt 0.440493 0.022538
vt 0.440493 0.016406
vt 0.461674 0.016406
vt 0.461674 0.028796
vt 0.440493 0.028796
vt 0.461674 0.035014
vt 0.440493 0.035014
vt 0.440493 0.010237
vt 0.461674 0.010237
vt 0.482192 0.022538
vt 0.482192 0.016406
vt 0.482192 0.028796
vt 0.482192 0.035014
vt 0.482192 0.010236
vt 0.502425 0.022537
vt 0.502425 0.016406
vt 0.502425 0.028796
vt 0.502426 0.035013
vt 0.502425 0.010236
vt 0.522563 0.022537
vt 0.522563 0.016406
vt 0.522563 0.028796
vt 0.522563 0.035013
vt 0.522563 0.010236
vt 0.542768 0.022537
vt 0.542768 0.016406
vt 0.542768 0.028796
vt 0.542768 0.035013
vt 0.542768 0.010236
vt 0.563229 0.022537
vt 0.563229 0.016406
vt 0.563229 0.028796
vt 0.563230 0.035013
vt 0.563229 0.010236
vt 0.584173 0.022537
vt 0.584172 0.016406
vt 0.584173 0.028795
vt 0.584173 0.035013
vt 0.584172 0.010236
vt 0.604726 0.022536
vt 0.604726 0.016405
vt 0.604726 0.028795
vt 0.604726 0.035012
vt 0.604725 0.010235
vt 0.555212 0.060481
vt 0.575289 0.060481
vt 0.575289 0.066701
vt 0.555212 0.066701
vt 0.555212 0.053823
vt 0.575289 0.053824
vt 0.555213 0.047364
vt 0.575289 0.047364
vt 0.575289 0.072944
vt 0.555212 0.072944
vt 0.535318 0.060481
vt 0.535318 0.066701
vt 0.535318 0.053823
vt 0.535318 0.047364
vt 0.535318 0.072944
vt 0.515385 0.060481
vt 0.515385 0.066701
vt 0.515385 0.053823
vt 0.515385 0.047364
vt 0.515385 0.072944
vt 0.495343 0.060481
vt 0.495343 0.066701
vt 0.495343 0.053823
vt 0.495343 0.047364
vt 0.495343 0.072944
vt 0.474999 0.060481
vt 0.474999 0.066701
vt 0.474999 0.053823
vt 0.474999 0.047364
vt 0.474999 0.072944
vt 0.454029 0.060481
vt 0.454029 0.066701
vt 0.454029 0.053823
vt 0.454029 0.047364
vt 0.454029 0.072944
vt 0.431594 0.066701
vt 0.431594 0.060481
vt 0.431594 0.053823
vt 0.431594 0.047364
vt 0.431594 0.072944
vt 0.252547 0.066701
vt 0.230152 0.066701
vt 0.230152 0.060481
vt 0.252547 0.060481
vt 0.230151 0.053824
vt 0.252547 0.053824
vt 0.230151 0.047364
vt 0.252547 0.047364
vt 0.230152 0.072944
vt 0.252547 0.072944
vt 0.079122 0.016408
vt 0.079122 0.022539
vt 0.100444 0.016408
vt 0.100444 0.022539
vt 0.121688 0.016407
vt 0.121688 0.022539
vt 0.142935 0.016407
vt 0.142935 0.022539
vt 0.164190 0.016407
vt 0.164190 0.022538
vt 0.185438 0.016407
vt 0.185438 0.022538
vt 0.206682 0.016407
vt 0.206682 0.022538
vt 0.227921 0.016407
vt 0.227921 0.022538
vt 0.419105 0.022538
vt 0.419105 0.016407
vt 0.397815 0.022538
vt 0.397815 0.016407
vt 0.376555 0.022538
vt 0.376555 0.016407
vt 0.355312 0.022538
vt 0.355312 0.016407
vt 0.334079 0.022538
vt 0.334079 0.016407
vt 0.312849 0.022538
vt 0.312849 0.016407
vt 0.291620 0.022538
vt 0.291620 0.016407
vt 0.079122 0.028797
vt 0.100444 0.028797
vt 0.121688 0.028797
vt 0.142935 0.028797
vt 0.164190 0.028797
vt 0.185438 0.028797
vt 0.206682 0.028797
vt 0.227921 0.028797
vt 0.419105 0.028796
vt 0.397815 0.028796
vt 0.376555 0.028797
vt 0.355312 0.028797
vt 0.334079 0.028797
vt 0.312849 0.028797
vt 0.291620 0.028797
vt 0.079122 0.035015
vt 0.100444 0.035015
vt 0.121688 0.035015
vt 0.142935 0.035014
vt 0.164190 0.035014
vt 0.185438 0.035014
vt 0.206682 0.035014
vt 0.227921 0.035014
vt 0.419105 0.035014
vt 0.397815 0.035014
vt 0.376555 0.035014
vt 0.355312 0.035014
vt 0.334079 0.035014
vt 0.312849 0.035014
vt 0.291620 0.035014
vt 0.079122 0.010238
vt 0.100444 0.010238
vt 0.121688 0.010237
vt 0.142935 0.010237
vt 0.164190 0.010237
vt 0.185438 0.010237
vt 0.206682 0.010237
vt 0.227921 0.010237
vt 0.419105 0.010237
vt 0.397815 0.010237
vt 0.376555 0.010237
vt 0.355312 0.010237
vt 0.334079 0.010237
vt 0.312849 0.010237
vt 0.291620 0.010237
vt 0.073465 0.060481
vt 0.073465 0.066701
vt 0.095875 0.060481
vt 0.095875 0.066701
vt 0.118237 0.060481
vt 0.118237 0.066701
vt 0.140610 0.060481
vt 0.140610 0.066701
vt 0.163004 0.060481
vt 0.163004 0.066701
vt 0.185398 0.060481
vt 0.185398 0.066701
vt 0.207797 0.060481
vt 0.207797 0.066701
vt 0.409106 0.060481
vt 0.409106 0.066701
vt 0.386774 0.060481
vt 0.386773 0.066701
vt 0.364437 0.060481
vt 0.364437 0.066701
vt 0.342083 0.060481
vt 0.342083 0.066701
vt 0.319713 0.060481
vt 0.319713 0.066701
vt 0.297332 0.060481
vt 0.297332 0.066701
vt 0.274942 0.060481
vt 0.274942 0.066701
vt 0.073465 0.053824
vt 0.095875 0.053824
vt 0.118237 0.053824
vt 0.140610 0.053824
vt 0.163004 0.053824
vt 0.185398 0.053824
vt 0.207797 0.053824
vt 0.409106 0.053823
vt 0.386774 0.053824
vt 0.364437 0.053824
vt 0.342083 0.053824
vt 0.319713 0.053824
vt 0.297332 0.053824
vt 0.274942 0.053824
vt 0.073465 0.047364
vt 0.095875 0.047364
vt 0.118237 0.047364
vt 0.140610 0.047364
vt 0.163004 0.047364
vt 0.185398 0.047364
vt 0.207797 0.047364
vt 0.409106 0.047364
vt 0.386773 0.047364
vt 0.364437 0.047364
vt 0.342083 0.047364
vt 0.319713 0.047364
vt 0.297332 0.047364
vt 0.274942 0.047364
vt 0.073465 0.072944
vt 0.095875 0.072944
vt 0.118237 0.072944
vt 0.140610 0.072944
vt 0.163004 0.072944
vt 0.185398 0.072944
vt 0.207797 0.072944
vt 0.409106 0.072944
vt 0.386774 0.072944
vt 0.364437 0.072944
vt 0.342083 0.072944
vt 0.319713 0.072944
vt 0.297332 0.072944
vt 0.274942 0.072944
vt 0.946383 0.349177
vt 0.951188 0.351288
vt 0.954066 0.350100
vt 0.957545 0.347848
vt 0.962675 0.348401
vt 0.965061 0.346459
vt 0.967718 0.343264
vt 0.972902 0.342443
vt 0.974680 0.339888
vt 0.976390 0.336112
vt 0.981004 0.333804
vt 0.981962 0.330880
vt 0.982470 0.326756
vt 0.986386 0.323262
vt 0.986501 0.320151
vt 0.985898 0.316050
vt 0.988531 0.311614
vt 0.987756 0.308637
vt 0.985954 0.304893
vt 0.987360 0.299836
vt 0.985775 0.297157
vt 0.983050 0.294034
vt 0.982868 0.288878
vt 0.980606 0.286792
vt 0.977066 0.284616
vt 0.975515 0.279603
vt 0.972733 0.278206
vt 0.968752 0.277051
vt 0.965811 0.272813
vt 0.962780 0.272281
vt 0.958626 0.272365
vt 0.954611 0.268985
vt 0.951515 0.269314
vt 0.947542 0.270495
vt 0.942776 0.268519
vt 0.939939 0.269710
vt 0.936490 0.272027
vt 0.931285 0.271355
vt 0.928858 0.273305
vt 0.926155 0.276447
vt 0.921077 0.277361
vt 0.919334 0.279897
vt 0.917685 0.283711
vt 0.912943 0.285959
vt 0.911956 0.288912
vt 0.911380 0.293016
vt 0.907603 0.296531
vt 0.907508 0.299606
vt 0.908182 0.303706
vt 0.905408 0.308162
vt 0.906175 0.311179
vt 0.907909 0.314943
vt 0.906631 0.319942
vt 0.908214 0.322581
vt 0.910998 0.325665
vt 0.911073 0.330913
vt 0.913349 0.333037
vt 0.916843 0.335266
vt 0.918471 0.340162
vt 0.921229 0.341526
vt 0.925239 0.342616
vt 0.928139 0.346990
vt 0.931202 0.347546
vt 0.935347 0.347532
vt 0.939364 0.350771
vt 0.942421 0.350428
vt 0.896574 0.494478
vt 0.889970 0.494479
vt 0.889970 0.425447
vt 0.896574 0.425447
vt 0.883366 0.494479
vt 0.883366 0.425447
vt 0.876762 0.494479
vt 0.876762 0.425447
vt 0.870158 0.494478
vt 0.870158 0.425447
vt 0.889970 0.425447
vt 0.889970 0.494479
vt 0.883366 0.425447
vt 0.883366 0.494479
vt 0.876762 0.425447
vt 0.876762 0.494479
vt 0.341363 0.397200
vt 0.348600 0.400198
vt 0.347415 0.401382
vt 0.341363 0.398875
vt 0.351597 0.407435
vt 0.349922 0.407435
vt 0.348599 0.414671
vt 0.347415 0.413487
vt 0.341363 0.417669
vt 0.341363 0.415994
vt 0.334126 0.414671
vt 0.335310 0.413487
vt 0.331128 0.407434
vt 0.332803 0.407434
vt 0.334126 0.400198
vt 0.335310 0.401382
vt 0.341363 0.400781
vt 0.346067 0.402730
vt 0.341363 0.407435
vt 0.348016 0.407435
vt 0.346067 0.412139
vt 0.341363 0.414088
vt 0.336658 0.412139
vt 0.334709 0.407435
vt 0.336658 0.402730
vt 0.341363 0.397200
vt 0.341363 0.398875
vt 0.347415 0.401382
vt 0.348600 0.400198
vt 0.349922 0.407435
vt 0.351597 0.407435
vt 0.347415 0.413487
vt 0.348599 0.414671
vt 0.341363 0.415994
vt 0.341363 0.417669
vt 0.335310 0.413487
vt 0.334126 0.414671
vt 0.332803 0.407434
vt 0.331128 0.407434
vt 0.335310 0.401382
vt 0.334126 0.400198
vt 0.341363 0.400781
vt 0.341363 0.407435
vt 0.346067 0.402730
vt 0.348016 0.407435
vt 0.346067 0.412139
vt 0.341363 0.414088
vt 0.336658 0.412139
vt 0.334709 0.407435
vt 0.336658 0.402730
vn 0.0000 -0.8660 0.5000
vn -1.0000 0.0000 -0.0000
vn 1.0000 0.0000 0.0000
vn -0.0000 0.3609 -0.9326
vn -0.4915 0.4427 -0.7500
vn -0.0000 0.9531 -0.3027
vn -0.6878 0.5492 -0.4746
vn -0.7522 0.6341 -0.1790
vn -0.6557 0.7372 0.1631
vn -0.3786 0.8211 0.4272
vn 0.0000 0.8518 0.5239
vn -0.5000 0.2622 0.8254
vn 0.0000 0.3027 0.9531
vn -0.8660 0.1514 0.4765
vn -0.9996 0.0086 0.0271
vn -0.9233 -0.1163 -0.3661
vn -0.6242 -0.2763 -0.7308
vn 0.0000 -0.3260 -0.9454
vn -0.9227 -0.1190 -0.3666
vn -0.6754 -0.2780 -0.6830
vn -0.6840 -0.2545 -0.6836
vn -0.8568 -0.1634 -0.4891
vn -0.8544 -0.1573 -0.4953
vn -0.3348 -0.2852 -0.8981
vn -0.3393 -0.3074 -0.8891
vn 0.0000 -0.3312 -0.9436
vn 0.0000 -0.3027 -0.9531
vn -0.2522 -0.3862 -0.8873
vn -0.0000 -0.4185 -0.9082
vn -0.2423 -0.4413 -0.8640
vn 0.0000 -0.4815 -0.8765
vn -0.2170 -0.4376 -0.8726
vn 0.0000 -0.5157 -0.8568
vn 0.0000 -0.4474 -0.8944
vn -0.6460 -0.7610 0.0604
vn -0.6653 -0.7442 0.0591
vn 0.0000 -0.9969 0.0791
vn -0.9233 -0.3829 0.0304
vn -0.9326 -0.3599 0.0286
vn -0.9996 0.0283 -0.0022
vn -0.9981 0.0615 -0.0049
vn -0.8660 0.4984 -0.0396
vn -0.8490 0.5267 -0.0418
vn -0.5000 0.8633 -0.0685
vn -0.4830 0.8729 -0.0693
vn 0.0000 0.9969 -0.0791
vn -0.9640 0.1766 -0.1988
vn -0.9755 0.1462 -0.1645
vn -0.9992 -0.0260 0.0292
vn -0.7488 0.4402 -0.4956
vn -0.7945 0.4033 -0.4540
vn -0.0000 0.6641 -0.7476
vn -0.0000 -0.6641 0.7476
vn -0.7488 -0.4402 0.4956
vn -0.7467 -0.4417 0.4973
vn -0.9640 -0.1766 0.1988
vn -0.9553 -0.1964 0.2211
vn 0.0000 0.9474 -0.3200
vn -0.0036 0.9470 -0.3213
vn 0.0000 0.9463 -0.3233
vn -0.0000 0.9476 -0.3194
vn -0.4925 0.4357 0.7534
vn 0.0000 0.4778 0.8785
vn 0.0000 0.1514 0.9885
vn -0.4925 0.1092 0.8634
vn -0.8531 0.3205 0.4117
vn -0.8531 -0.0059 0.5217
vn -0.9851 0.1632 -0.0550
vn -0.9851 -0.1632 0.0550
vn -0.8531 0.0059 -0.5217
vn -0.8531 -0.3205 -0.4117
vn -0.4925 -0.1092 -0.8634
vn -0.4925 -0.4357 -0.7534
vn 0.0000 -0.1514 -0.9885
vn -0.0000 -0.4778 -0.8785
vn 0.0000 -0.9476 0.3194
vn -0.5000 0.2766 0.8207
vn -0.0000 0.3194 0.9476
vn -0.0000 0.4697 0.8828
vn -0.4933 0.4274 0.7576
vn -0.0000 0.3180 0.9481
vn -0.5002 0.2765 0.8206
vn -0.4935 0.1180 0.8617
vn 0.0000 0.1593 0.9872
vn -0.8660 0.1597 0.4738
vn -0.8544 0.3121 0.4154
vn -0.8544 0.0030 0.5196
vn -0.9866 0.1546 -0.0521
vn -0.9866 -0.1546 0.0521
vn -0.8660 -0.1597 -0.4738
vn -0.8544 -0.0030 -0.5196
vn -0.8544 -0.3121 -0.4154
vn -0.5000 -0.2766 -0.8207
vn -0.4933 -0.1183 -0.8618
vn -0.4933 -0.4274 -0.7576
vn -0.0000 -0.3194 -0.9476
vn -0.0000 -0.1605 -0.9870
vn 0.0000 -0.4697 -0.8828
vn -0.4319 0.7869 0.4407
vn -0.7015 0.4263 0.5711
vn -0.0158 0.4354 0.9001
vn 0.0007 0.5363 0.8440
vn -0.6111 0.7910 0.0284
vn -0.9097 0.3390 0.2397
vn -0.6533 0.7027 -0.2817
vn -0.9703 0.2370 -0.0482
vn -0.6166 0.5881 -0.5234
vn -0.9551 0.1405 -0.2608
vn -0.4638 0.3799 -0.8003
vn -0.7705 -0.0448 -0.6358
vn 0.0536 -0.1264 -0.9905
vn 0.1032 -0.3025 -0.9475
vn 0.7532 0.1699 0.6354
vn 0.5303 0.0009 0.8478
vn 0.9598 -0.0558 0.2752
vn 0.6901 -0.4231 0.5871
vn 0.9833 -0.1752 0.0503
vn 0.6998 -0.6484 0.2996
vn 0.9859 -0.1651 -0.0272
vn 0.6966 -0.7167 0.0333
vn 0.8900 -0.2286 -0.3945
vn 0.6864 -0.6191 -0.3815
vn -0.6893 0.2914 0.6633
vn 0.0004 0.4076 0.9131
vn -0.0082 0.4103 0.9119
vn -0.7131 0.3094 0.6291
vn -0.9473 0.1196 0.2972
vn -0.9530 0.1502 0.2631
vn -0.9996 -0.0116 0.0271
vn -0.9994 0.0311 0.0182
vn -0.9747 -0.1237 -0.1864
vn -0.9826 -0.0703 -0.1719
vn -0.8282 -0.2928 -0.4779
vn -0.8388 -0.2475 -0.4849
vn 0.0004 -0.5178 -0.8555
vn -0.0130 -0.4845 -0.8747
vn 0.6896 0.2931 0.6623
vn 0.7073 0.2738 0.6517
vn 0.9473 0.1217 0.2963
vn 0.9545 0.1058 0.2788
vn 0.9996 -0.0102 0.0273
vn 0.9996 -0.0016 0.0288
vn 0.9747 -0.1239 -0.1861
vn 0.9841 -0.0995 -0.1472
vn 0.8279 -0.2930 -0.4783
vn 0.8333 -0.2919 -0.4694
vn -0.0000 0.4297 -0.9030
vn 0.0000 -0.3061 -0.9520
vn 0.0000 0.7499 -0.6616
vn 0.0000 0.9240 -0.3824
vn 0.0000 1.0000 0.0030
vn -0.0000 0.8841 0.4673
vn 0.0000 0.4649 0.8853
vn 0.0000 -0.9351 -0.3544
vn 0.0000 -0.9958 0.0920
vn 0.0000 -0.9083 0.4182
vn -0.0000 -0.6607 0.7507
vn -0.0000 -0.1824 0.9832
vn 0.0000 0.7071 0.7071
vn 0.0000 0.8660 0.5000
vn 0.0000 1.0000 -0.0000
vn 0.0000 0.8660 -0.5000
vn 0.0000 0.5000 -0.8660
vn 0.0000 0.0000 -1.0000
vn 0.0000 -0.2588 -0.9659
vn 0.0000 -0.6088 -0.7933
vn 0.0000 -0.7071 -0.7071
vn 0.0000 -0.9659 -0.2588
vn 0.0000 -1.0000 0.0000
vn 0.0000 -0.5000 0.8660
vn 0.0000 -0.0000 1.0000
vn 0.0000 0.3827 0.9239
vn 0.0000 0.2139 0.9769
vn 0.0000 -0.7391 -0.6736
vn 0.0000 -0.5000 -0.8660
vn 0.0000 0.5000 0.8660
vn 0.5272 0.7359 0.4249
vn 0.5271 0.4092 0.7448
vn 0.5271 0.4059 0.7466
vn 0.5272 0.8498 -0.0000
vn 0.5272 0.7359 -0.4249
vn 0.5272 0.4249 -0.7359
vn 0.5272 -0.0000 -0.8498
vn 0.5271 -0.4437 -0.7248
vn 0.5271 -0.4404 -0.7268
vn -0.5272 0.7359 0.4249
vn -0.5271 0.4059 0.7466
vn -0.5271 0.4092 0.7448
vn -0.5272 0.8498 -0.0000
vn -0.5272 0.7359 -0.4249
vn -0.5272 0.4249 -0.7359
vn -0.5272 0.0000 -0.8497
vn -0.5271 -0.4404 -0.7268
vn -0.5271 -0.4437 -0.7248
vn 0.5089 0.1841 0.8409
vn 0.5089 -0.6362 -0.5799
vn -0.5089 0.1841 0.8409
vn -0.5089 -0.6362 -0.5799
vn -0.4913 0.0956 0.8657
vn 0.0000 0.1376 0.9905
vn -0.8509 -0.0193 0.5249
vn -0.9826 -0.1762 0.0594
vn -0.8509 -0.3331 -0.4062
vn -0.4913 -0.4479 -0.7470
vn 0.0000 -0.4900 -0.8717
vn -0.4786 -0.0096 0.8780
vn -0.0000 0.0313 0.9995
vn -0.8289 -0.1215 0.5460
vn -0.9572 -0.2744 0.0925
vn -0.8289 -0.4272 -0.3610
vn -0.4786 -0.5391 -0.6930
vn -0.0000 -0.5801 -0.8146
vn -0.4907 0.0900 0.8666
vn -0.0000 0.1320 0.9913
vn -0.8500 -0.0247 0.5262
vn -0.9815 -0.1815 0.0612
vn -0.8500 -0.3382 -0.4039
vn -0.4907 -0.4529 -0.7443
vn 0.0000 -0.4949 -0.8689
vn -0.7463 0.6419 0.1761
vn -0.6260 0.7782 0.0512
vn -0.0063 0.9922 0.1242
vn 0.0526 0.9883 0.1433
vn -0.9629 0.2420 0.1197
vn -0.9195 0.3899 -0.0502
vn -0.9973 -0.0067 0.0736
vn -0.9937 0.0203 -0.1098
vn -0.9663 -0.2550 0.0362
vn -0.9239 -0.3610 -0.1272
vn -0.7540 -0.6566 -0.0200
vn -0.6225 -0.7717 -0.1304
vn 0.0659 -0.9907 -0.1191
vn 0.0057 -0.9896 -0.1434
vn 0.7557 -0.6217 -0.2058
vn 0.6233 -0.7675 -0.1499
vn 0.9497 -0.2362 -0.2057
vn 0.9201 -0.3681 -0.1342
vn 0.9823 0.0236 -0.1858
vn 0.9959 0.0087 -0.0906
vn 0.9484 0.2824 -0.1443
vn 0.9232 0.3840 -0.0140
vn 0.7501 0.6598 -0.0452
vn 0.6214 0.7791 0.0825
vn -0.7513 0.6228 0.2183
vn -0.0472 0.9914 0.1224
vn -0.9501 0.2331 0.2074
vn -0.9836 -0.0245 0.1787
vn -0.9502 -0.2800 0.1368
vn -0.7520 -0.6578 0.0433
vn -0.0487 -0.9880 -0.1466
vn 0.7407 -0.6385 -0.2092
vn 0.9537 -0.2360 -0.1866
vn 0.9872 0.0217 -0.1581
vn 0.9533 0.2780 -0.1183
vn 0.7400 0.6718 -0.0333
vn -0.5857 0.7842 -0.2051
vn -0.0212 0.9740 -0.2255
vn -0.8880 0.4105 -0.2071
vn -0.9707 0.0321 -0.2383
vn -0.8882 -0.3411 -0.3078
vn -0.5861 -0.7016 -0.4052
vn -0.0219 -0.8788 -0.4766
vn 0.5467 -0.6958 -0.4659
vn 0.8560 -0.3307 -0.3973
vn 0.9416 0.0455 -0.3336
vn 0.8563 0.4248 -0.2937
vn 0.5472 0.7947 -0.2625
vn -0.7172 0.5302 -0.4522
vn -0.6472 0.6031 -0.4662
vn -0.0963 0.6696 -0.7365
vn -0.0995 0.6619 -0.7429
vn -0.9354 0.3145 -0.1616
vn -0.9061 0.3986 -0.1419
vn -0.9901 0.1239 0.0655
vn -0.9740 0.1719 0.1476
vn -0.9473 -0.0935 0.3063
vn -0.9036 -0.0790 0.4210
vn -0.6757 -0.4117 0.6115
vn -0.6384 -0.3760 0.6716
vn 0.0367 -0.6677 0.7435
vn -0.0880 -0.6424 0.7613
vn 0.6988 -0.5443 0.4641
vn 0.5356 -0.6629 0.5232
vn 0.9313 -0.3271 0.1603
vn 0.8726 -0.4644 0.1515
vn 0.9880 -0.1352 -0.0745
vn 0.9630 -0.2046 -0.1754
vn 0.9434 0.0904 -0.3192
vn 0.8789 0.0957 -0.4674
vn 0.6491 0.4240 -0.6315
vn 0.5411 0.4413 -0.7158
vn -0.5719 0.2493 -0.7815
vn -0.0050 0.3495 -0.9369
vn -0.8781 0.0339 -0.4772
vn -0.9622 -0.2047 -0.1796
vn -0.8781 -0.4688 0.0958
vn -0.5718 -0.7423 0.3493
vn -0.0049 -0.8831 0.4692
vn 0.5622 -0.7568 0.3333
vn 0.8675 -0.4922 0.0725
vn 0.9512 -0.2321 -0.2034
vn 0.8674 0.0071 -0.4975
vn 0.5621 0.2310 -0.7942
vn -0.3442 0.4699 -0.8129
vn -0.0451 0.5678 -0.8219
vn -0.0534 0.1342 -0.9895
vn -0.4964 0.2910 -0.8179
vn -0.5377 0.1133 -0.8355
vn -0.4964 -0.0627 -0.8658
vn -0.3442 -0.2365 -0.9086
vn -0.0451 -0.3285 -0.9434
vn 0.2588 -0.2382 -0.9361
vn 0.4178 -0.0613 -0.9065
vn 0.4614 0.1192 -0.8791
vn 0.4178 0.3005 -0.8574
vn 0.2588 0.4788 -0.8389
vn -0.3020 -0.4273 -0.8522
vn -0.0000 -0.3724 -0.9281
vn 0.0000 -0.7520 -0.6592
vn -0.4577 -0.5357 -0.7096
vn -0.5003 -0.6511 -0.5708
vn -0.4577 -0.7736 -0.4381
vn -0.3020 -0.9008 -0.3120
vn 0.0000 -0.9689 -0.2476
vn 0.3020 -0.9008 -0.3120
vn 0.4577 -0.7736 -0.4381
vn 0.5002 -0.6511 -0.5708
vn 0.4577 -0.5357 -0.7096
vn 0.3020 -0.4273 -0.8522
vn -0.0000 0.9914 -0.1305
vn 0.0000 0.7071 -0.7071
vn 0.0000 0.2588 -0.9659
vn 0.0000 -0.0197 -0.9998
vn -0.0001 -0.0394 -0.9992
vn -0.0000 -0.0394 -0.9992
vn -0.0000 -0.9914 -0.1305
vn 0.0000 -0.8660 -0.5000
vn -0.0000 0.0197 -0.9998
vn -0.0000 0.0394 -0.9992
vn 0.0000 -0.9858 -0.1677
vn 0.0000 -0.9880 -0.1545
vn -0.0000 -0.9900 -0.1412
vn -0.0000 -0.4921 0.8705
vn -0.0000 -0.3555 0.9347
vn 0.0000 0.3555 0.9347
vn 0.0000 0.4921 0.8705
vn -0.0000 0.9900 -0.1412
vn -0.0000 0.9880 -0.1545
vn -0.0000 0.9858 -0.1677
vn 0.5598 -0.8200 -0.1197
vn 0.5458 -0.8295 -0.1183
vn 0.6886 -0.7140 -0.1264
vn 0.6960 -0.7069 -0.1257
vn 0.7060 -0.2525 0.6617
vn 0.7067 -0.2519 0.6611
vn 0.6883 -0.3532 0.6336
vn 0.6855 -0.3537 0.6364
vn -0.6905 -0.7142 -0.1147
vn -0.6979 -0.7077 -0.1099
vn -0.5564 -0.8177 -0.1479
vn -0.5256 -0.8362 -0.1567
vn -0.6885 -0.3564 0.6317
vn -0.6864 -0.3579 0.6330
vn -0.7059 -0.2497 0.6628
vn -0.7068 -0.2493 0.6621
vn -0.7075 -0.0006 0.7067
vn -0.7075 -0.0008 0.7068
vn 0.6991 -0.7048 -0.1204
vn 0.6993 -0.7046 -0.1204
vn -0.6991 -0.7049 -0.1200
vn -0.6994 -0.7046 -0.1199
vn 0.7075 0.0008 0.7068
vn 0.7075 0.0006 0.7067
vn 0.6905 0.7142 -0.1147
vn 0.6979 0.7077 -0.1099
vn 0.5564 0.8177 -0.1479
vn 0.5256 0.8362 -0.1567
vn 0.6885 0.3564 0.6317
vn 0.6864 0.3579 0.6330
vn 0.7059 0.2497 0.6628
vn 0.7068 0.2493 0.6621
vn -0.5598 0.8200 -0.1197
vn -0.5458 0.8295 -0.1183
vn -0.6886 0.7140 -0.1264
vn -0.6960 0.7069 -0.1257
vn -0.7060 0.2525 0.6617
vn -0.7067 0.2519 0.6611
vn -0.6883 0.3532 0.6336
vn -0.6855 0.3537 0.6364
vn 0.6991 0.7049 -0.1200
vn 0.6994 0.7046 -0.1199
vn -0.6991 0.7048 -0.1204
vn -0.6993 0.7046 -0.1204
vn 0.0000 -0.9476 0.3196
vn 0.0012 -0.9474 0.3200
vn 0.0000 -0.9472 0.3207
vn -0.4984 0.2748 0.8222
vn -0.0000 0.3107 0.9505
vn 0.0000 0.3149 0.9491
vn 0.0000 0.5827 -0.8127
vn -0.2920 0.6077 -0.7386
vn -0.5058 0.6759 -0.5360
vn -0.5841 0.7692 -0.2592
vn -0.5058 0.8625 0.0175
vn -0.2920 0.9307 0.2201
vn -0.0000 0.9557 0.2942
vn 0.0000 0.7148 -0.6993
vn -0.2172 0.7334 -0.6441
vn -0.3762 0.7842 -0.4935
vn -0.4344 0.8536 -0.2877
vn -0.3762 0.9229 -0.0819
vn -0.2172 0.9737 0.0688
vn 0.0000 0.9923 0.1239
vn -0.5000 0.8207 -0.2766
vn -0.8660 0.4738 -0.1597
vn -0.8660 -0.4738 0.1597
vn -0.5000 -0.8207 0.2766
vn 0.0350 0.9836 0.1771
vn 0.0000 0.9848 0.1736
vn 0.0000 0.9397 -0.3420
vn 0.0404 0.9389 -0.3418
vn 0.0200 0.7619 0.6474
vn 0.0000 0.7660 0.6428
vn -0.0004 0.3357 0.9420
vn 0.0000 0.3420 0.9397
vn -0.0209 -0.1790 0.9836
vn 0.0000 -0.1736 0.9848
vn -0.0357 -0.6447 0.7636
vn 0.0000 -0.6428 0.7660
vn -0.0411 -0.9389 0.3417
vn 0.0000 -0.9397 0.3420
vn -0.0357 -0.9847 -0.1705
vn 0.0000 -0.9848 -0.1737
vn -0.0208 -0.7694 -0.6384
vn 0.0000 -0.7660 -0.6428
vn -0.0004 -0.3483 -0.9374
vn -0.0000 -0.3420 -0.9397
vn 0.0200 0.1676 -0.9857
vn -0.0000 0.1736 -0.9848
vn 0.0349 0.6396 -0.7679
vn 0.0000 0.6428 -0.7660
vn 0.1551 0.9283 -0.3379
vn 0.1339 0.9738 0.1837
vn 0.0762 0.7532 0.6533
vn -0.0019 0.3305 0.9438
vn -0.0793 -0.1778 0.9809
vn -0.1357 -0.6371 0.7587
vn -0.1563 -0.9281 0.3378
vn -0.1358 -0.9758 -0.1717
vn -0.0794 -0.7667 -0.6371
vn -0.0019 -0.3534 -0.9355
vn 0.0763 0.1571 -0.9846
vn 0.1339 0.6278 -0.7667
vn 0.2432 0.9512 0.1900
vn 0.2815 0.9017 -0.3282
vn 0.1389 0.7423 0.6556
vn -0.0025 0.3340 0.9426
vn -0.1426 -0.1620 0.9764
vn -0.2444 -0.6132 0.7512
vn -0.2815 -0.9017 0.3282
vn -0.2444 -0.9526 -0.1813
vn -0.1426 -0.7517 -0.6439
vn -0.0025 -0.3501 -0.9367
vn 0.1389 0.1472 -0.9793
vn 0.2432 0.6065 -0.7570
vn 0.3477 0.9149 0.2052
vn 0.4032 0.8599 -0.3130
vn 0.1975 0.7198 0.6655
vn -0.0050 0.3315 0.9435
vn -0.2047 -0.1433 0.9683
vn -0.3494 -0.5782 0.7373
vn -0.4021 -0.8604 0.3131
vn -0.3495 -0.9168 -0.1931
vn -0.2048 -0.7321 -0.6497
vn -0.0050 -0.3526 -0.9358
vn 0.1975 0.1236 -0.9725
vn 0.3478 0.5689 -0.7452
vn 0.5059 0.8106 -0.2950
vn 0.4373 0.8726 0.2175
vn 0.2504 0.6984 0.6705
vn -0.0033 0.3365 0.9417
vn -0.2551 -0.1144 0.9601
vn -0.4384 -0.5337 0.7232
vn -0.5052 -0.8110 0.2952
vn -0.4383 -0.8737 -0.2110
vn -0.2551 -0.7048 -0.6619
vn -0.0033 -0.3476 -0.9377
vn 0.2503 0.1041 -0.9626
vn 0.4372 0.5287 -0.7276
vn 0.4384 0.8737 0.2110
vn 0.5052 0.8110 -0.2952
vn 0.2551 0.7048 0.6620
vn 0.0033 0.3475 0.9377
vn -0.2504 -0.1041 0.9625
vn -0.4373 -0.5286 0.7276
vn -0.5059 -0.8106 0.2951
vn -0.4372 -0.8727 -0.2175
vn -0.2503 -0.6984 -0.6705
vn 0.0033 -0.3365 -0.9417
vn 0.2551 0.1145 -0.9601
vn 0.4383 0.5337 -0.7232
vn 0.4021 0.8604 -0.3132
vn 0.3494 0.9168 0.1931
vn 0.2047 0.7321 0.6497
vn 0.0050 0.3525 0.9358
vn -0.1975 -0.1237 0.9725
vn -0.3477 -0.5689 0.7453
vn -0.4032 -0.8599 0.3130
vn -0.3478 -0.9148 -0.2052
vn -0.1975 -0.7198 -0.6655
vn 0.0050 -0.3314 -0.9435
vn 0.2048 0.1433 -0.9683
vn 0.3495 0.5782 -0.7373
vn 0.2444 0.9526 0.1813
vn 0.1426 0.7517 0.6439
vn 0.0025 0.3501 0.9367
vn -0.1389 -0.1472 0.9793
vn -0.2432 -0.6065 0.7570
vn -0.2432 -0.9512 -0.1900
vn -0.1389 -0.7423 -0.6556
vn 0.0025 -0.3340 -0.9426
vn 0.1426 0.1620 -0.9764
vn 0.2444 0.6132 -0.7512
vn 0.1357 0.9758 0.1717
vn 0.1563 0.9281 -0.3378
vn 0.0793 0.7667 0.6371
vn 0.0019 0.3534 0.9355
vn -0.0762 -0.1571 0.9846
vn -0.1339 -0.6279 0.7667
vn -0.1551 -0.9283 0.3379
vn -0.1339 -0.9738 -0.1838
vn -0.0763 -0.7532 -0.6533
vn 0.0018 -0.3306 -0.9438
vn 0.0794 0.1778 -0.9809
vn 0.1358 0.6371 -0.7587
vn 0.0411 0.9389 -0.3417
vn 0.0357 0.9847 0.1706
vn 0.0209 0.7694 0.6384
vn 0.0004 0.3483 0.9374
vn -0.0200 -0.1676 0.9857
vn -0.0350 -0.6396 0.7679
vn -0.0404 -0.9389 0.3417
vn -0.0349 -0.9836 -0.1772
vn -0.0200 -0.7619 -0.6473
vn 0.0004 -0.3357 -0.9420
vn 0.0208 0.1790 -0.9836
vn 0.0357 0.6447 -0.7636
vn 0.0000 0.9848 0.1737
vn 0.0000 -0.1737 0.9848
vn -0.0000 0.1737 -0.9848
vn -0.4661 0.0852 -0.8806
vn -0.0000 0.0454 -0.9990
vn -0.8073 0.1942 -0.5573
vn -0.9322 0.3431 -0.1156
vn -0.8073 0.4919 0.3261
vn -0.4661 0.6009 0.6494
vn 0.0000 0.6408 0.7677
vn -0.6370 -0.2462 -0.7305
vn -0.8148 -0.1852 -0.5494
vn 0.0000 0.8978 -0.4403
vn -0.0000 0.6610 -0.7504
vn -0.3620 0.6162 -0.6995
vn -0.3702 0.8352 -0.4067
vn 0.0000 0.1972 -0.9804
vn -0.3620 0.1839 -0.9139
vn -0.3620 -0.2977 -0.8833
vn -0.0000 -0.7504 -0.6610
vn -0.3620 -0.6995 -0.6162
vn -0.0000 -0.9804 -0.1972
vn -0.3620 -0.9139 -0.1839
vn 0.0000 -0.9812 0.1929
vn -0.3702 -0.9110 0.1818
vn -0.9114 0.3680 -0.1843
vn -0.9007 0.2871 -0.3259
vn -0.9007 0.0857 -0.4258
vn -0.9007 -0.1387 -0.4116
vn -0.9007 -0.3259 -0.2871
vn -0.9007 -0.4258 -0.0857
vn -0.9114 -0.4045 0.0760
vn -0.3827 0.2951 0.8755
vn -0.0000 0.6577 0.7533
vn -0.3416 0.6033 0.7206
vn -0.3416 0.9388 0.0441
vn -0.0000 0.9977 0.0676
vn -0.9239 0.1222 0.3626
vn -0.8756 0.4328 0.2146
vn -0.8756 -0.2146 0.4328
vn 0.0000 -0.7533 0.6577
vn -0.3416 -0.7206 0.6033
vn -0.3416 -0.0441 0.9388
vn 0.0000 -0.0676 0.9977
vn 0.1808 0.9242 -0.3364
vn 0.1808 0.9686 0.1708
vn -0.1808 0.9686 0.1708
vn -0.1808 0.9242 -0.3364
vn 0.1808 0.7534 0.6322
vn -0.1808 0.7534 0.6322
vn 0.1808 0.3364 0.9242
vn -0.1808 0.3364 0.9242
vn 0.1808 -0.1708 0.9686
vn -0.1808 -0.1708 0.9686
vn 0.1808 -0.6322 0.7534
vn -0.1808 -0.6322 0.7534
vn 0.1808 -0.9242 0.3364
vn -0.1808 -0.9242 0.3364
vn 0.1808 -0.9686 -0.1708
vn -0.1808 -0.9686 -0.1708
vn 0.1808 -0.7534 -0.6322
vn -0.1808 -0.7534 -0.6322
vn 0.1808 -0.3364 -0.9242
vn -0.1808 -0.3364 -0.9242
vn 0.1808 0.1708 -0.9686
vn -0.1808 0.1708 -0.9686
vn 0.1808 0.6322 -0.7534
vn -0.1808 0.6322 -0.7534
vn 0.1708 0.9703 0.1711
vn 0.1708 0.9259 -0.3370
vn -0.1708 0.9259 -0.3370
vn -0.1708 0.9703 0.1711
vn 0.1708 0.7548 0.6333
vn -0.1708 0.7548 0.6333
vn 0.1708 0.3370 0.9259
vn -0.1708 0.3370 0.9259
vn 0.1708 -0.1711 0.9703
vn -0.1708 -0.1711 0.9703
vn 0.1708 -0.6333 0.7548
vn -0.1708 -0.6333 0.7548
vn 0.1708 -0.9259 0.3370
vn -0.1708 -0.9259 0.3370
vn 0.0000 -0.9848 -0.1736
vn 0.1708 -0.9703 -0.1711
vn -0.1708 -0.9703 -0.1711
vn 0.0000 -0.7661 -0.6428
vn 0.1708 -0.7548 -0.6333
vn -0.1708 -0.7548 -0.6333
vn 0.1708 -0.3370 -0.9259
vn -0.1708 -0.3370 -0.9259
vn 0.1708 0.1711 -0.9703
vn -0.1708 0.1711 -0.9703
vn 0.1708 0.6333 -0.7548
vn 0.0000 0.6428 -0.7661
vn -0.1708 0.6333 -0.7548
vn 0.0000 -0.9531 0.3027
vn -0.9808 0.0591 0.1859
vn -0.7071 0.2141 0.6739
vn -0.7617 0.1962 0.6176
vn -0.9906 0.0414 0.1305
vn -0.0003 0.9843 0.1766
vn -0.0003 0.9830 0.1836
vn 0.0000 0.9841 0.1773
vn 0.0000 0.9830 0.1837
vn 0.0000 0.9852 0.1713
vn -0.0000 0.6085 0.7936
vn 0.0001 0.6235 0.7818
vn 0.0001 0.0000 1.0000
vn -0.0000 0.9190 0.3942
vn 0.0000 0.9273 0.3744
vn 0.0000 0.9998 -0.0206
vn 0.0000 0.9190 -0.3942
vn 0.0000 0.9103 -0.4141
vn 0.0000 0.6085 -0.7936
vn 0.0001 0.5925 -0.8056
vn 0.0001 -0.0000 -1.0000
vn 0.0000 -0.6085 -0.7936
vn 0.0001 -0.5925 -0.8056
vn 0.0000 -0.9190 -0.3942
vn 0.0000 -0.9102 -0.4141
vn 0.0000 -0.9998 -0.0206
vn 0.0000 -0.9190 0.3942
vn 0.0000 -0.9273 0.3744
vn 0.0000 -0.6085 0.7936
vn 0.0001 -0.6235 0.7818
vn -0.9853 0.0000 0.1711
vn -0.7071 -0.2141 -0.6739
vn -0.6089 0.1972 0.7684
vn -0.5827 -0.6328 0.5099
vn 0.0000 -0.6706 0.7418
vn -0.0000 0.1656 0.9862
vn -0.8896 0.2719 0.3669
vn -0.8053 -0.5627 0.1865
vn -0.9368 0.3204 0.1406
vn -0.8182 -0.5685 0.0857
vn -0.7313 -0.6727 -0.1123
vn -0.6836 -0.6728 0.2830
vn -0.8756 0.2469 0.4151
vn -0.9586 0.2820 0.0408
vn -0.9009 0.3396 0.2704
vn -0.8051 0.3035 0.5096
vn -0.6678 -0.6312 0.3944
vn -0.7736 -0.6016 0.1990
vn -0.6290 -0.5632 -0.5359
vn -0.8392 0.3961 -0.3727
vn -0.4490 0.5403 -0.7117
vn -0.3027 -0.3922 -0.8686
vn -0.0000 -0.5168 -0.8561
vn 0.2590 -0.3162 -0.9126
vn 0.1981 0.5984 -0.7763
vn 0.0000 0.6668 -0.7453
vn -0.0000 0.7286 0.6849
vn -0.3541 0.7412 0.5703
vn -0.5594 0.7655 0.3178
vn -0.5680 0.8161 0.1069
vn -0.5096 0.8500 0.1331
vn -0.4978 0.8187 0.2861
vn -0.4686 0.8311 0.2995
vn -0.5099 0.8439 0.1665
vn -0.4592 0.8881 -0.0188
vn -0.2881 0.9349 -0.2072
vn 0.0812 0.9587 -0.2728
vn 0.0000 0.9698 -0.2438
vn -0.0000 0.9573 0.2890
vn -0.0331 0.9632 0.2668
vn -0.1008 0.9799 0.1721
vn -0.0842 0.9950 0.0536
vn -0.0800 0.9942 0.0724
vn -0.2546 0.9500 0.1810
vn -0.2651 0.9530 0.1468
vn -0.1506 0.9774 0.1485
vn -0.2461 0.9620 0.1185
vn -0.1730 0.9836 0.0507
vn -0.0061 0.9993 0.0371
vn 0.0000 0.9939 0.1103
vn -0.0270 0.9898 0.1399
vn 0.1008 0.9913 0.0841
vn 0.2390 0.9707 0.0241
vn 0.3445 0.9376 0.0473
vn 0.2482 0.9681 0.0355
vn -0.0782 0.9849 0.1546
vn -0.0812 0.9795 0.1845
vn 0.0000 1.0000 0.0049
vn 0.0000 0.9792 0.2031
vn -0.0000 0.9781 0.2080
vn -0.0000 0.9698 0.2438
vn -0.0000 0.9999 0.0115
vn 0.3800 0.9032 0.1996
vn 0.0000 0.9025 0.4306
vn 0.4910 0.8626 -0.1220
vn 0.0000 0.9505 -0.3108
vn 0.6093 0.7921 0.0380
vn 0.4841 0.8707 0.0866
vn 0.7156 -0.6845 0.1392
vn -0.0000 -0.8409 0.5412
vn 0.0000 0.3460 0.9382
vn 0.8799 0.3772 0.2889
vn 0.8146 -0.5354 -0.2232
vn 0.9175 0.3217 -0.2338
vn -0.0000 0.5211 -0.8535
vn -0.0000 -0.7640 -0.6452
vn 0.8152 -0.5781 -0.0353
vn 0.9538 0.3002 0.0149
vn 0.8195 -0.5689 -0.0694
vn 0.9337 0.3565 0.0324
vn -0.0865 -0.9960 0.0199
vn -0.0752 -0.9972 -0.0024
vn 0.1741 -0.9813 -0.0817
vn 0.2437 -0.9628 -0.1165
vn 0.2496 -0.9592 -0.1326
vn -0.2616 -0.9624 -0.0730
vn -0.0229 -0.9992 -0.0312
vn -0.0671 -0.9977 -0.0026
vn 0.3040 -0.9506 -0.0634
vn -0.0578 -0.9889 -0.1371
vn 0.1257 -0.9818 -0.1425
vn -0.0245 -0.9637 -0.2658
vn 0.1038 -0.9829 -0.1520
vn 0.0276 -0.9310 -0.3639
vn 0.1075 -0.9190 -0.3794
vn 0.0000 -0.9856 -0.1688
vn 0.0000 -0.9972 0.0743
vn -0.2253 -0.9741 -0.0184
vn -0.0000 -0.9566 -0.2914
vn 0.0000 -0.9874 -0.1583
vn 0.0000 -0.9927 -0.1202
vn 0.0000 -1.0000 -0.0063
vn -0.0000 -0.9834 -0.1813
vn 0.0000 -0.0320 -0.9995
vn -0.0000 -0.4614 -0.8872
vn 0.0001 -0.4436 -0.8962
vn 0.0001 -0.0290 -0.9996
vn 0.0000 -0.8366 -0.5478
vn 0.0000 -0.8245 -0.5658
vn 0.0000 -0.9810 -0.1939
vn -0.0000 -0.9735 0.2286
vn 0.0000 -0.9782 0.2077
vn -0.0000 -0.7370 0.6759
vn 0.0000 -0.7498 0.6617
vn 0.0000 -0.3207 0.9472
vn 0.0001 -0.3244 0.9459
vn -0.9852 -0.0244 0.1694
vn -0.9853 -0.0297 0.1685
vn -0.9852 -0.0251 0.1693
vn -0.9852 -0.0246 0.1694
vn 0.0000 -0.1196 0.9928
vn 0.0001 -0.1196 0.9928
vn 0.0001 0.1196 -0.9928
vn 0.0000 0.1196 -0.9928
vn -0.9852 -0.0205 0.1701
vn -0.7945 0.4610 -0.3952
vn -0.7931 0.4357 -0.4256
vn -0.1368 0.6162 -0.7756
vn -0.1307 0.6582 -0.7415
vn -0.9830 -0.0091 0.1834
vn -0.9848 0.0000 0.1736
vn -0.5966 -0.4704 0.6502
vn -0.5997 -0.4357 0.6712
vn 0.1306 -0.6589 0.7408
vn 0.1368 -0.6162 0.7756
vn 0.7830 -0.4703 0.4070
vn 0.7931 -0.4357 0.4256
vn 0.9864 -0.0091 -0.1640
vn 0.9848 -0.0000 -0.1736
vn 0.6114 0.4609 -0.6433
vn 0.5997 0.4357 -0.6712
vn -0.7862 0.5345 -0.3101
vn -0.1105 0.7709 -0.6272
vn -0.9817 -0.0204 0.1894
vn -0.6044 -0.5549 0.5717
vn 0.1106 -0.7709 0.6272
vn 0.7634 -0.5550 0.3304
vn 0.9873 -0.0203 -0.1578
vn 0.6327 0.5346 -0.5602
vn -0.7647 0.6188 -0.1798
vn -0.0778 0.8942 -0.4408
vn -0.9821 -0.0259 0.1865
vn -0.6262 -0.6445 0.4387
vn 0.0779 -0.8938 0.4416
vn 0.7385 -0.6445 0.1981
vn 0.9867 -0.0260 -0.1606
vn 0.6571 0.6187 -0.4305
vn -0.7378 0.6735 -0.0453
vn -0.0432 0.9687 -0.2446
vn -0.9835 -0.0219 0.1797
vn -0.6542 -0.6954 0.2973
vn 0.0433 -0.9685 0.2454
vn 0.7164 -0.6954 0.0556
vn 0.9856 -0.0220 -0.1675
vn 0.6778 0.6735 -0.2948
vn -0.7154 0.6964 0.0568
vn -0.0170 0.9952 -0.0961
vn -0.9844 -0.0144 0.1751
vn -0.6771 -0.7107 0.1908
vn 0.0171 -0.9951 0.0970
vn 0.7015 -0.7107 -0.0522
vn 0.9850 -0.0145 -0.1721
vn 0.6917 0.6964 -0.1915
vn 0.0082 0.9989 0.0463
vn -0.7013 0.6954 0.1571
vn -0.9848 -0.0210 0.1727
vn -0.6923 -0.7164 0.0871
vn -0.0084 -0.9988 -0.0474
vn 0.6803 -0.7164 -0.1549
vn 0.9844 -0.0210 -0.1745
vn 0.7127 0.6954 -0.0923
vn -0.6807 0.6742 0.2865
vn 0.0411 0.9716 0.2330
vn -0.9856 -0.0247 0.1671
vn -0.7136 -0.6989 -0.0472
vn -0.0411 -0.9717 -0.2328
vn 0.6544 -0.6989 -0.2885
vn 0.9833 -0.0246 -0.1801
vn 0.7376 0.6742 0.0365
vn -0.6574 0.6167 0.4330
vn 0.0784 0.8921 0.4449
vn -0.9867 -0.0272 0.1600
vn -0.7383 -0.6439 -0.2009
vn -0.0785 -0.8921 -0.4449
vn 0.6251 -0.6439 -0.4413
vn 0.9820 -0.0272 -0.1871
vn 0.7659 0.6167 0.1820
vn -0.6317 0.5312 0.5647
vn 0.1116 0.7657 0.6335
vn -0.9873 -0.0199 0.1579
vn -0.7643 -0.5511 -0.3348
vn -0.1117 -0.7657 -0.6335
vn 0.6037 -0.5510 -0.5761
vn 0.9817 -0.0199 -0.1894
vn 0.7867 0.5311 0.3147
vn -0.6108 0.4589 0.6452
vn 0.1311 0.6552 0.7440
vn -0.9864 -0.0086 0.1643
vn -0.7836 -0.4678 -0.4088
vn -0.1311 -0.6556 -0.7437
vn 0.5966 -0.4678 -0.6521
vn 0.9831 -0.0087 -0.1830
vn 0.7946 0.4590 0.3973
vn -0.5995 0.4347 0.6720
vn 0.1369 0.6148 0.7767
vn -0.9848 0.0000 0.1737
vn -0.7932 -0.4347 -0.4264
vn -0.1370 -0.6148 -0.7767
vn 0.5995 -0.4347 -0.6720
vn 0.7932 0.4347 0.4264
vn -0.0000 -0.9987 -0.0509
vn 0.0000 -0.0509 0.9987
vn -0.6209 -0.0399 0.7829
vn -0.9914 -0.0067 0.1309
vn -0.9899 -0.0072 0.1417
vn -0.9442 -0.0168 0.3288
vn -0.0000 0.0509 -0.9987
vn 0.4915 0.4427 -0.7500
vn 0.6878 0.5492 -0.4746
vn 0.7522 0.6341 -0.1790
vn 0.6557 0.7372 0.1631
vn 0.3786 0.8211 0.4272
vn 0.5000 0.2622 0.8254
vn 0.8660 0.1514 0.4765
vn 0.9996 0.0086 0.0271
vn 0.9233 -0.1163 -0.3661
vn 0.6242 -0.2763 -0.7308
vn 0.9227 -0.1190 -0.3666
vn 0.6840 -0.2545 -0.6836
vn 0.6754 -0.2780 -0.6830
vn 0.8568 -0.1634 -0.4891
vn 0.8544 -0.1573 -0.4953
vn 0.3348 -0.2852 -0.8981
vn 0.3393 -0.3074 -0.8891
vn 0.2522 -0.3862 -0.8873
vn 0.2423 -0.4413 -0.8640
vn 0.2170 -0.4376 -0.8726
vn 0.6460 -0.7610 0.0604
vn 0.6653 -0.7442 0.0591
vn 0.9233 -0.3829 0.0304
vn 0.9326 -0.3599 0.0286
vn 0.9996 0.0283 -0.0022
vn 0.9981 0.0615 -0.0049
vn 0.8660 0.4984 -0.0396
vn 0.8490 0.5267 -0.0418
vn 0.5000 0.8633 -0.0685
vn 0.4830 0.8729 -0.0693
vn 0.9992 -0.0260 0.0292
vn 0.9755 0.1462 -0.1645
vn 0.9640 0.1766 -0.1988
vn 0.7945 0.4033 -0.4540
vn 0.7488 0.4402 -0.4956
vn 0.7467 -0.4417 0.4973
vn 0.7488 -0.4402 0.4956
vn 0.9640 -0.1766 0.1988
vn 0.9553 -0.1964 0.2211
vn 0.0036 0.9470 -0.3213
vn 0.4925 0.4357 0.7534
vn 0.4925 0.1092 0.8634
vn 0.8531 0.3205 0.4117
vn 0.8531 -0.0059 0.5217
vn 0.9851 0.1632 -0.0550
vn 0.9851 -0.1632 0.0550
vn 0.8531 0.0059 -0.5217
vn 0.8531 -0.3205 -0.4117
vn 0.4925 -0.1092 -0.8634
vn 0.4925 -0.4357 -0.7534
vn 0.5000 0.2766 0.8207
vn 0.4933 0.4274 0.7576
vn 0.4935 0.1180 0.8617
vn 0.5002 0.2765 0.8206
vn 0.8660 0.1597 0.4738
vn 0.8544 0.3121 0.4154
vn 0.8544 0.0030 0.5196
vn 0.9866 0.1546 -0.0521
vn 0.9866 -0.1546 0.0521
vn 0.8660 -0.1597 -0.4738
vn 0.8544 -0.0030 -0.5196
vn 0.8544 -0.3121 -0.4154
vn 0.5000 -0.2766 -0.8207
vn 0.4933 -0.1183 -0.8618
vn 0.4933 -0.4274 -0.7576
vn 0.4319 0.7869 0.4407
vn -0.0007 0.5363 0.8440
vn 0.0158 0.4354 0.9001
vn 0.7015 0.4263 0.5711
vn 0.6111 0.7910 0.0284
vn 0.9097 0.3390 0.2397
vn 0.6533 0.7027 -0.2817
vn 0.9703 0.2370 -0.0482
vn 0.6166 0.5881 -0.5234
vn 0.9551 0.1405 -0.2608
vn 0.7705 -0.0448 -0.6358
vn 0.4638 0.3799 -0.8003
vn -0.1032 -0.3025 -0.9475
vn -0.0536 -0.1264 -0.9905
vn -0.5303 0.0009 0.8478
vn -0.7532 0.1699 0.6354
vn -0.9598 -0.0558 0.2752
vn -0.6901 -0.4231 0.5871
vn -0.6998 -0.6484 0.2996
vn -0.9833 -0.1752 0.0503
vn -0.6966 -0.7167 0.0333
vn -0.9859 -0.1651 -0.0272
vn -0.6864 -0.6191 -0.3815
vn -0.8900 -0.2286 -0.3945
vn 0.6893 0.2914 0.6633
vn 0.7131 0.3094 0.6291
vn 0.0082 0.4103 0.9119
vn -0.0004 0.4076 0.9131
vn 0.9473 0.1196 0.2972
vn 0.9530 0.1502 0.2631
vn 0.9996 -0.0116 0.0271
vn 0.9994 0.0311 0.0182
vn 0.9747 -0.1237 -0.1864
vn 0.9826 -0.0703 -0.1719
vn 0.8282 -0.2928 -0.4779
vn 0.8388 -0.2475 -0.4849
vn -0.0003 -0.5178 -0.8555
vn 0.0130 -0.4845 -0.8747
vn -0.7073 0.2738 0.6517
vn -0.6896 0.2931 0.6623
vn -0.9545 0.1058 0.2788
vn -0.9473 0.1217 0.2963
vn -0.9996 -0.0016 0.0288
vn -0.9996 -0.0102 0.0273
vn -0.9841 -0.0995 -0.1472
vn -0.9747 -0.1239 -0.1861
vn -0.8333 -0.2919 -0.4694
vn -0.8279 -0.2930 -0.4783
vn 0.0000 -0.6088 -0.7934
vn -0.5272 -0.0000 -0.8498
vn 0.5272 0.0000 -0.8497
vn 0.4913 0.0956 0.8657
vn 0.8509 -0.0193 0.5249
vn 0.9826 -0.1762 0.0594
vn 0.8509 -0.3331 -0.4062
vn 0.4913 -0.4479 -0.7470
vn 0.4786 -0.0096 0.8780
vn 0.8289 -0.1215 0.5460
vn 0.9572 -0.2744 0.0925
vn 0.8289 -0.4272 -0.3610
vn 0.4786 -0.5391 -0.6930
vn 0.4907 0.0900 0.8666
vn 0.8500 -0.0247 0.5262
vn 0.9815 -0.1815 0.0612
vn 0.8500 -0.3382 -0.4039
vn 0.4907 -0.4529 -0.7443
vn 0.7463 0.6419 0.1761
vn -0.0526 0.9883 0.1433
vn 0.0063 0.9922 0.1242
vn 0.6260 0.7782 0.0512
vn 0.9629 0.2420 0.1197
vn 0.9195 0.3899 -0.0502
vn 0.9973 -0.0067 0.0736
vn 0.9937 0.0203 -0.1098
vn 0.9663 -0.2550 0.0362
vn 0.9239 -0.3610 -0.1272
vn 0.7540 -0.6566 -0.0200
vn 0.6225 -0.7717 -0.1304
vn -0.0659 -0.9907 -0.1191
vn -0.0057 -0.9896 -0.1434
vn -0.7557 -0.6217 -0.2058
vn -0.6233 -0.7675 -0.1499
vn -0.9497 -0.2362 -0.2057
vn -0.9201 -0.3681 -0.1342
vn -0.9823 0.0236 -0.1858
vn -0.9959 0.0087 -0.0906
vn -0.9484 0.2824 -0.1443
vn -0.9232 0.3840 -0.0140
vn -0.7501 0.6598 -0.0452
vn -0.6214 0.7791 0.0825
vn 0.7513 0.6228 0.2183
vn 0.0472 0.9914 0.1224
vn 0.9501 0.2331 0.2074
vn 0.9836 -0.0245 0.1787
vn 0.9502 -0.2800 0.1368
vn 0.7520 -0.6578 0.0433
vn 0.0487 -0.9880 -0.1466
vn -0.7407 -0.6385 -0.2092
vn -0.9537 -0.2360 -0.1866
vn -0.9872 0.0217 -0.1581
vn -0.9533 0.2780 -0.1183
vn -0.7400 0.6718 -0.0333
vn 0.5857 0.7842 -0.2051
vn 0.0212 0.9740 -0.2255
vn 0.8880 0.4105 -0.2070
vn 0.9707 0.0321 -0.2383
vn 0.8882 -0.3411 -0.3078
vn 0.5861 -0.7016 -0.4052
vn 0.0219 -0.8788 -0.4766
vn -0.5467 -0.6958 -0.4659
vn -0.8560 -0.3307 -0.3973
vn -0.9416 0.0455 -0.3336
vn -0.8563 0.4248 -0.2937
vn -0.5472 0.7947 -0.2625
vn 0.7172 0.5302 -0.4522
vn 0.0995 0.6619 -0.7429
vn 0.0963 0.6696 -0.7365
vn 0.6472 0.6031 -0.4662
vn 0.9354 0.3145 -0.1616
vn 0.9061 0.3986 -0.1419
vn 0.9901 0.1239 0.0655
vn 0.9740 0.1719 0.1476
vn 0.9473 -0.0935 0.3063
vn 0.9036 -0.0790 0.4210
vn 0.6757 -0.4117 0.6115
vn 0.6384 -0.3760 0.6716
vn -0.0367 -0.6677 0.7435
vn 0.0880 -0.6424 0.7613
vn -0.6988 -0.5443 0.4641
vn -0.5356 -0.6629 0.5232
vn -0.9313 -0.3271 0.1603
vn -0.8726 -0.4644 0.1515
vn -0.9880 -0.1352 -0.0745
vn -0.9630 -0.2046 -0.1754
vn -0.9434 0.0904 -0.3192
vn -0.8789 0.0957 -0.4674
vn -0.6491 0.4240 -0.6315
vn -0.5411 0.4413 -0.7158
vn 0.5719 0.2493 -0.7815
vn 0.0050 0.3495 -0.9369
vn 0.8781 0.0339 -0.4772
vn 0.9622 -0.2047 -0.1796
vn 0.8781 -0.4688 0.0958
vn 0.5718 -0.7423 0.3493
vn 0.0049 -0.8831 0.4692
vn -0.5622 -0.7568 0.3333
vn -0.8675 -0.4922 0.0725
vn -0.9512 -0.2321 -0.2034
vn -0.8674 0.0071 -0.4975
vn -0.5621 0.2310 -0.7942
vn 0.3442 0.4699 -0.8129
vn 0.0534 0.1342 -0.9895
vn 0.0451 0.5678 -0.8219
vn 0.4964 0.2910 -0.8179
vn 0.5377 0.1133 -0.8355
vn 0.4964 -0.0627 -0.8658
vn 0.3442 -0.2365 -0.9086
vn 0.0451 -0.3285 -0.9434
vn -0.2588 -0.2382 -0.9361
vn -0.4178 -0.0613 -0.9065
vn -0.4614 0.1192 -0.8791
vn -0.4178 0.3005 -0.8574
vn -0.2588 0.4788 -0.8389
vn 0.5003 -0.6511 -0.5708
vn -0.5002 -0.6511 -0.5708
vn 0.0001 -0.0394 -0.9992
vn -0.5598 -0.8200 -0.1197
vn -0.6960 -0.7069 -0.1257
vn -0.6886 -0.7140 -0.1264
vn -0.5458 -0.8295 -0.1183
vn -0.7060 -0.2525 0.6617
vn -0.6855 -0.3537 0.6364
vn -0.6883 -0.3532 0.6336
vn -0.7067 -0.2519 0.6611
vn 0.6905 -0.7142 -0.1147
vn 0.5256 -0.8362 -0.1567
vn 0.5564 -0.8177 -0.1479
vn 0.6979 -0.7077 -0.1099
vn 0.6885 -0.3564 0.6317
vn 0.7068 -0.2493 0.6621
vn 0.7059 -0.2497 0.6628
vn 0.6864 -0.3579 0.6331
vn 0.7075 -0.0008 0.7068
vn 0.7075 -0.0006 0.7067
vn -0.6993 -0.7046 -0.1204
vn -0.6991 -0.7048 -0.1204
vn 0.6991 -0.7049 -0.1200
vn 0.6994 -0.7046 -0.1199
vn -0.7075 0.0008 0.7068
vn -0.7075 0.0006 0.7067
vn -0.6905 0.7142 -0.1147
vn -0.5256 0.8362 -0.1567
vn -0.5564 0.8177 -0.1479
vn -0.6979 0.7077 -0.1099
vn -0.6885 0.3564 0.6317
vn -0.7068 0.2493 0.6621
vn -0.7059 0.2497 0.6628
vn -0.6864 0.3579 0.6330
vn 0.5598 0.8200 -0.1197
vn 0.6960 0.7069 -0.1257
vn 0.6886 0.7140 -0.1264
vn 0.5458 0.8295 -0.1183
vn 0.7060 0.2525 0.6617
vn 0.6855 0.3537 0.6364
vn 0.6883 0.3532 0.6336
vn 0.7067 0.2519 0.6611
vn -0.6991 0.7049 -0.1200
vn -0.6994 0.7046 -0.1199
vn 0.6993 0.7046 -0.1204
vn 0.6991 0.7048 -0.1204
vn -0.0012 -0.9474 0.3200
vn 0.4984 0.2748 0.8222
vn 0.2920 0.6077 -0.7386
vn 0.5058 0.6759 -0.5360
vn 0.5841 0.7692 -0.2592
vn 0.5058 0.8625 0.0175
vn 0.2920 0.9307 0.2201
vn 0.2172 0.7334 -0.6441
vn 0.3762 0.7842 -0.4935
vn 0.4344 0.8536 -0.2877
vn 0.3762 0.9229 -0.0819
vn 0.2172 0.9737 0.0688
vn 0.5000 0.8207 -0.2766
vn 0.8660 0.4738 -0.1597
vn 0.8660 -0.4738 0.1597
vn 0.5000 -0.8207 0.2766
vn -0.0350 0.9836 0.1771
vn -0.0404 0.9389 -0.3418
vn -0.0200 0.7619 0.6474
vn 0.0004 0.3357 0.9420
vn 0.0209 -0.1790 0.9836
vn 0.0357 -0.6447 0.7636
vn 0.0411 -0.9389 0.3417
vn 0.0357 -0.9847 -0.1705
vn 0.0208 -0.7694 -0.6384
vn 0.0004 -0.3483 -0.9374
vn -0.0200 0.1676 -0.9857
vn -0.0349 0.6396 -0.7679
vn -0.1339 0.9738 0.1837
vn -0.1551 0.9283 -0.3379
vn -0.0762 0.7532 0.6533
vn 0.0019 0.3305 0.9438
vn 0.0793 -0.1778 0.9809
vn 0.1357 -0.6371 0.7587
vn 0.1563 -0.9281 0.3378
vn 0.1358 -0.9758 -0.1717
vn 0.0794 -0.7667 -0.6371
vn 0.0019 -0.3534 -0.9355
vn -0.0763 0.1571 -0.9846
vn -0.1339 0.6278 -0.7667
vn -0.2432 0.9512 0.1900
vn -0.2815 0.9017 -0.3282
vn -0.1389 0.7423 0.6556
vn 0.0025 0.3340 0.9426
vn 0.1426 -0.1620 0.9764
vn 0.2444 -0.6132 0.7512
vn 0.2815 -0.9017 0.3282
vn 0.2444 -0.9526 -0.1813
vn 0.1426 -0.7517 -0.6439
vn 0.0025 -0.3501 -0.9367
vn -0.1389 0.1472 -0.9793
vn -0.2432 0.6065 -0.7570
vn -0.3477 0.9149 0.2052
vn -0.4032 0.8599 -0.3130
vn -0.1975 0.7198 0.6655
vn 0.0050 0.3315 0.9435
vn 0.2047 -0.1433 0.9683
vn 0.3494 -0.5782 0.7373
vn 0.4021 -0.8604 0.3131
vn 0.3495 -0.9168 -0.1931
vn 0.2048 -0.7321 -0.6497
vn 0.0050 -0.3526 -0.9358
vn -0.1975 0.1236 -0.9725
vn -0.3478 0.5689 -0.7452
vn -0.4373 0.8726 0.2175
vn -0.5059 0.8106 -0.2950
vn -0.2504 0.6984 0.6705
vn 0.0033 0.3365 0.9417
vn 0.2551 -0.1144 0.9601
vn 0.4384 -0.5337 0.7232
vn 0.5052 -0.8110 0.2952
vn 0.4383 -0.8737 -0.2110
vn 0.2551 -0.7048 -0.6619
vn 0.0033 -0.3476 -0.9377
vn -0.2503 0.1041 -0.9626
vn -0.4372 0.5287 -0.7276
vn -0.4384 0.8737 0.2110
vn -0.5052 0.8110 -0.2952
vn -0.2551 0.7048 0.6620
vn -0.0033 0.3475 0.9377
vn 0.2504 -0.1041 0.9625
vn 0.4373 -0.5286 0.7276
vn 0.5059 -0.8106 0.2951
vn 0.4372 -0.8727 -0.2175
vn 0.2503 -0.6984 -0.6705
vn -0.0033 -0.3365 -0.9417
vn -0.2551 0.1145 -0.9601
vn -0.4383 0.5337 -0.7232
vn -0.3494 0.9168 0.1931
vn -0.4021 0.8604 -0.3132
vn -0.2047 0.7321 0.6497
vn -0.0050 0.3525 0.9358
vn 0.1975 -0.1237 0.9725
vn 0.3477 -0.5689 0.7453
vn 0.4032 -0.8599 0.3130
vn 0.3478 -0.9148 -0.2052
vn 0.1975 -0.7198 -0.6655
vn -0.0050 -0.3314 -0.9435
vn -0.2048 0.1433 -0.9683
vn -0.3495 0.5782 -0.7373
vn -0.2444 0.9526 0.1813
vn -0.1426 0.7517 0.6439
vn -0.0025 0.3501 0.9367
vn 0.1389 -0.1472 0.9793
vn 0.2432 -0.6065 0.7570
vn 0.2432 -0.9512 -0.1900
vn 0.1389 -0.7423 -0.6556
vn -0.0025 -0.3340 -0.9426
vn -0.1426 0.1620 -0.9764
vn -0.2444 0.6132 -0.7512
vn -0.1357 0.9758 0.1717
vn -0.1563 0.9281 -0.3378
vn -0.0793 0.7667 0.6371
vn -0.0019 0.3534 0.9355
vn 0.0762 -0.1571 0.9846
vn 0.1339 -0.6279 0.7667
vn 0.1551 -0.9283 0.3379
vn 0.1339 -0.9738 -0.1838
vn 0.0763 -0.7532 -0.6533
vn -0.0019 -0.3306 -0.9438
vn -0.0794 0.1778 -0.9809
vn -0.1358 0.6371 -0.7587
vn -0.0357 0.9847 0.1706
vn -0.0411 0.9389 -0.3417
vn -0.0209 0.7694 0.6384
vn -0.0004 0.3483 0.9374
vn 0.0200 -0.1676 0.9857
vn 0.0350 -0.6396 0.7679
vn 0.0404 -0.9389 0.3417
vn 0.0349 -0.9836 -0.1772
vn 0.0200 -0.7619 -0.6473
vn -0.0004 -0.3357 -0.9420
vn -0.0208 0.1790 -0.9836
vn -0.0357 0.6447 -0.7636
vn 0.4661 0.0852 -0.8806
vn 0.8073 0.1942 -0.5573
vn 0.9322 0.3431 -0.1156
vn 0.8073 0.4919 0.3261
vn 0.4661 0.6009 0.6494
vn 0.6370 -0.2462 -0.7305
vn 0.8148 -0.1852 -0.5494
vn 0.3702 0.8352 -0.4067
vn 0.3620 0.6162 -0.6995
vn 0.3620 0.1839 -0.9139
vn 0.3620 -0.2977 -0.8833
vn 0.3620 -0.6995 -0.6162
vn 0.3620 -0.9139 -0.1839
vn 0.3702 -0.9110 0.1818
vn 0.9114 0.3680 -0.1843
vn 0.9007 0.2871 -0.3259
vn 0.9007 0.0857 -0.4258
vn 0.9007 -0.1387 -0.4116
vn 0.9007 -0.3259 -0.2871
vn 0.9007 -0.4258 -0.0857
vn 0.9114 -0.4045 0.0760
vn 0.3827 0.2951 0.8755
vn 0.3416 0.6033 0.7206
vn 0.3416 0.9388 0.0441
vn 0.8756 0.4328 0.2146
vn 0.9239 0.1222 0.3626
vn 0.8756 -0.2146 0.4328
vn 0.3416 -0.7206 0.6033
vn 0.3416 -0.0441 0.9388
vn 0.9808 0.0591 0.1860
vn 0.9906 0.0414 0.1305
vn 0.7617 0.1962 0.6176
vn 0.7071 0.2141 0.6739
vn 0.0003 0.9843 0.1766
vn 0.0003 0.9830 0.1836
vn 0.9808 0.0591 0.1859
vn -0.0001 0.0000 1.0000
vn -0.0001 0.6235 0.7818
vn -0.0001 0.5925 -0.8056
vn -0.0001 0.0000 -1.0000
vn -0.0001 -0.5925 -0.8056
vn -0.0001 -0.6235 0.7818
vn 0.9853 0.0000 0.1711
vn 0.7071 -0.2141 -0.6739
vn 0.6089 0.1972 0.7684
vn 0.5827 -0.6328 0.5099
vn 0.8896 0.2719 0.3669
vn 0.8053 -0.5627 0.1865
vn 0.9368 0.3204 0.1406
vn 0.8182 -0.5685 0.0857
vn 0.7313 -0.6727 -0.1123
vn 0.9586 0.2820 0.0408
vn 0.8756 0.2469 0.4151
vn 0.6836 -0.6728 0.2830
vn 0.9009 0.3396 0.2704
vn 0.7736 -0.6016 0.1990
vn 0.6678 -0.6312 0.3944
vn 0.8051 0.3035 0.5096
vn 0.6290 -0.5632 -0.5359
vn 0.8392 0.3961 -0.3727
vn 0.4490 0.5403 -0.7117
vn 0.3027 -0.3922 -0.8686
vn -0.1981 0.5984 -0.7763
vn -0.2590 -0.3162 -0.9126
vn 0.3541 0.7412 0.5703
vn 0.5594 0.7655 0.3178
vn 0.5680 0.8161 0.1069
vn 0.5096 0.8500 0.1331
vn 0.4978 0.8187 0.2861
vn 0.4686 0.8311 0.2995
vn 0.5099 0.8439 0.1665
vn 0.4592 0.8881 -0.0188
vn 0.2881 0.9349 -0.2072
vn -0.0812 0.9587 -0.2728
vn 0.0331 0.9632 0.2668
vn 0.1008 0.9799 0.1721
vn 0.0842 0.9950 0.0536
vn 0.0800 0.9942 0.0724
vn 0.2651 0.9530 0.1468
vn 0.2546 0.9500 0.1810
vn 0.1506 0.9774 0.1485
vn 0.2461 0.9620 0.1185
vn 0.1730 0.9836 0.0507
vn 0.0061 0.9993 0.0371
vn 0.0270 0.9898 0.1399
vn -0.1008 0.9913 0.0841
vn -0.2390 0.9707 0.0241
vn -0.3445 0.9376 0.0473
vn -0.2482 0.9681 0.0355
vn 0.0782 0.9849 0.1546
vn 0.0812 0.9795 0.1845
vn -0.3800 0.9032 0.1996
vn -0.4910 0.8626 -0.1220
vn -0.6093 0.7921 0.0380
vn -0.4841 0.8707 0.0866
vn -0.7156 -0.6845 0.1392
vn -0.8799 0.3772 0.2889
vn -0.8146 -0.5354 -0.2232
vn -0.9175 0.3217 -0.2338
vn -0.8152 -0.5781 -0.0353
vn -0.9538 0.3002 0.0149
vn -0.8195 -0.5689 -0.0694
vn -0.9337 0.3565 0.0324
vn 0.0865 -0.9960 0.0199
vn -0.2437 -0.9628 -0.1165
vn -0.1741 -0.9813 -0.0817
vn 0.0752 -0.9972 -0.0024
vn -0.2496 -0.9592 -0.1326
vn 0.0229 -0.9992 -0.0312
vn 0.2616 -0.9624 -0.0730
vn 0.0671 -0.9977 -0.0026
vn -0.3040 -0.9506 -0.0634
vn -0.1257 -0.9818 -0.1425
vn 0.0578 -0.9889 -0.1371
vn 0.0245 -0.9637 -0.2658
vn -0.1038 -0.9829 -0.1520
vn -0.0276 -0.9310 -0.3639
vn -0.1075 -0.9190 -0.3794
vn 0.2253 -0.9741 -0.0184
vn -0.0001 -0.0290 -0.9996
vn -0.0001 -0.4436 -0.8962
vn -0.0001 -0.3244 0.9459
vn 0.9852 -0.0244 0.1694
vn 0.9852 -0.0251 0.1693
vn 0.9853 -0.0297 0.1685
vn 0.9852 -0.0246 0.1694
vn -0.0001 -0.1196 0.9928
vn -0.0001 0.1196 -0.9928
vn 0.9852 -0.0205 0.1701
vn 0.7945 0.4610 -0.3952
vn 0.1307 0.6582 -0.7415
vn 0.1368 0.6162 -0.7756
vn 0.7931 0.4357 -0.4256
vn 0.9830 -0.0091 0.1834
vn 0.9848 0.0000 0.1736
vn 0.5966 -0.4704 0.6502
vn 0.5997 -0.4357 0.6712
vn -0.1306 -0.6589 0.7408
vn -0.1368 -0.6162 0.7756
vn -0.7830 -0.4703 0.4070
vn -0.7931 -0.4357 0.4256
vn -0.9864 -0.0091 -0.1640
vn -0.9848 -0.0000 -0.1736
vn -0.6114 0.4609 -0.6433
vn -0.5997 0.4357 -0.6712
vn 0.7862 0.5345 -0.3101
vn 0.1105 0.7710 -0.6272
vn 0.9817 -0.0204 0.1894
vn 0.6044 -0.5549 0.5717
vn -0.1106 -0.7709 0.6272
vn -0.7634 -0.5550 0.3304
vn -0.9873 -0.0203 -0.1578
vn -0.6327 0.5346 -0.5602
vn 0.7647 0.6188 -0.1798
vn 0.0778 0.8942 -0.4408
vn 0.9821 -0.0259 0.1865
vn 0.6262 -0.6445 0.4387
vn -0.0779 -0.8938 0.4416
vn -0.7385 -0.6445 0.1981
vn -0.9867 -0.0260 -0.1606
vn -0.6571 0.6187 -0.4305
vn 0.7378 0.6735 -0.0453
vn 0.0432 0.9687 -0.2446
vn 0.9835 -0.0219 0.1797
vn 0.6542 -0.6954 0.2973
vn -0.0433 -0.9685 0.2454
vn -0.7164 -0.6954 0.0556
vn -0.9856 -0.0220 -0.1675
vn -0.6778 0.6735 -0.2948
vn 0.7154 0.6964 0.0568
vn 0.0170 0.9952 -0.0961
vn 0.9844 -0.0144 0.1751
vn 0.6771 -0.7107 0.1908
vn -0.0171 -0.9951 0.0970
vn -0.7015 -0.7107 -0.0522
vn -0.9850 -0.0145 -0.1721
vn -0.6917 0.6964 -0.1915
vn 0.7013 0.6954 0.1571
vn -0.0082 0.9989 0.0463
vn 0.9848 -0.0210 0.1727
vn 0.6923 -0.7164 0.0871
vn 0.0084 -0.9988 -0.0474
vn -0.6803 -0.7164 -0.1549
vn -0.9844 -0.0210 -0.1745
vn -0.7127 0.6954 -0.0923
vn 0.6807 0.6742 0.2865
vn -0.0411 0.9716 0.2330
vn 0.9856 -0.0247 0.1671
vn 0.7136 -0.6989 -0.0472
vn 0.0411 -0.9717 -0.2328
vn -0.6544 -0.6989 -0.2885
vn -0.9833 -0.0246 -0.1801
vn -0.7376 0.6742 0.0365
vn 0.6574 0.6167 0.4330
vn -0.0784 0.8921 0.4449
vn 0.9867 -0.0272 0.1600
vn 0.7383 -0.6439 -0.2009
vn 0.0784 -0.8921 -0.4449
vn -0.6251 -0.6439 -0.4413
vn -0.9820 -0.0272 -0.1871
vn -0.7659 0.6167 0.1820
vn 0.6317 0.5312 0.5647
vn -0.1116 0.7657 0.6335
vn 0.9873 -0.0199 0.1579
vn 0.7643 -0.5511 -0.3348
vn 0.1117 -0.7657 -0.6335
vn -0.6037 -0.5510 -0.5761
vn -0.9817 -0.0199 -0.1894
vn -0.7867 0.5311 0.3147
vn 0.6108 0.4589 0.6452
vn -0.1311 0.6552 0.7440
vn 0.9864 -0.0086 0.1643
vn 0.7836 -0.4678 -0.4088
vn 0.1311 -0.6556 -0.7437
vn -0.5966 -0.4678 -0.6521
vn -0.9831 -0.0087 -0.1830
vn -0.7946 0.4590 0.3973
vn 0.5995 0.4347 0.6720
vn -0.1370 0.6148 0.7767
vn 0.9848 0.0000 0.1737
vn 0.7932 -0.4347 -0.4264
vn 0.1370 -0.6148 -0.7767
vn -0.5995 -0.4347 -0.6720
vn -0.7932 0.4347 0.4264
vn 0.6209 -0.0399 0.7829
vn 0.9914 -0.0067 0.1309
vn 0.9899 -0.0072 0.1417
vn 0.9442 -0.0168 0.3288
vn -0.4950 0.8550 -0.1546
vn -0.4950 0.8689 0.0000
vn 0.0000 0.9840 -0.1780
vn -0.8604 0.5014 -0.0907
vn -0.8604 0.5096 0.0000
vn -0.9662 0.2537 -0.0459
vn -0.9662 0.2578 0.0000
vn -0.8243 -0.5571 0.1007
vn -0.8243 -0.5661 0.0000
vn -0.4951 0.8144 -0.3028
vn -0.0000 0.9373 -0.3485
vn -0.8605 0.4775 -0.1775
vn -0.9662 0.2417 -0.0899
vn -0.8243 -0.5307 0.1973
vn -0.4952 0.7498 -0.4389
vn -0.0000 0.8630 -0.5052
vn -0.8606 0.4395 -0.2573
vn -0.9662 0.2226 -0.1303
vn -0.8243 -0.4887 0.2860
vn -0.4952 0.6642 -0.5600
vn -0.0000 0.7645 -0.6446
vn -0.8607 0.3893 -0.3282
vn -0.9662 0.1972 -0.1663
vn -0.8242 -0.4329 0.3650
vn -0.4952 0.5600 -0.6642
vn 0.0000 0.6446 -0.7645
vn -0.8607 0.3282 -0.3893
vn -0.9662 0.1663 -0.1972
vn -0.8242 -0.3650 0.4329
vn -0.4952 0.4389 -0.7498
vn 0.0000 0.5052 -0.8630
vn -0.8606 0.2573 -0.4395
vn -0.9662 0.1303 -0.2226
vn -0.8243 -0.2860 0.4887
vn -0.4951 0.3028 -0.8144
vn -0.0000 0.3485 -0.9373
vn -0.8605 0.1775 -0.4775
vn -0.9662 0.0899 -0.2417
vn -0.8243 -0.1973 0.5307
vn -0.4950 0.1546 -0.8550
vn -0.0000 0.1780 -0.9840
vn -0.8604 0.0907 -0.5014
vn -0.9662 0.0459 -0.2537
vn -0.8243 -0.1007 0.5571
vn -0.4950 0.0000 -0.8689
vn -0.8604 0.0000 -0.5096
vn -0.9662 0.0000 -0.2579
vn -0.8243 -0.0000 0.5661
vn -0.4950 -0.1546 -0.8550
vn 0.0000 -0.1780 -0.9840
vn -0.8604 -0.0907 -0.5014
vn -0.9662 -0.0459 -0.2537
vn -0.8243 0.1007 0.5571
vn -0.4951 -0.3028 -0.8144
vn -0.0000 -0.3485 -0.9373
vn -0.8605 -0.1775 -0.4775
vn -0.9662 -0.0899 -0.2417
vn -0.8243 0.1973 0.5307
vn -0.4952 -0.4389 -0.7498
vn -0.0000 -0.5052 -0.8630
vn -0.8606 -0.2573 -0.4395
vn -0.9662 -0.1303 -0.2226
vn -0.8243 0.2860 0.4887
vn -0.4952 -0.5600 -0.6642
vn -0.0000 -0.6446 -0.7645
vn -0.8607 -0.3282 -0.3893
vn -0.9662 -0.1663 -0.1972
vn -0.8242 0.3650 0.4329
vn -0.4952 -0.6642 -0.5600
vn 0.0000 -0.7645 -0.6446
vn -0.8607 -0.3893 -0.3282
vn -0.9662 -0.1972 -0.1663
vn -0.8242 0.4329 0.3650
vn -0.4952 -0.7498 -0.4389
vn 0.0000 -0.8630 -0.5052
vn -0.8606 -0.4395 -0.2573
vn -0.9662 -0.2226 -0.1303
vn -0.8243 0.4886 0.2860
vn -0.4951 -0.8144 -0.3028
vn -0.0000 -0.9373 -0.3485
vn -0.8605 -0.4775 -0.1775
vn -0.9662 -0.2417 -0.0899
vn -0.8243 0.5307 0.1973
vn -0.4950 -0.8550 -0.1546
vn 0.0000 -0.9840 -0.1780
vn -0.8604 -0.5014 -0.0907
vn -0.9662 -0.2537 -0.0459
vn -0.8243 0.5571 0.1007
vn -0.4950 -0.8689 -0.0000
vn -0.8604 -0.5096 -0.0000
vn -0.9662 -0.2579 -0.0000
vn -0.8243 0.5661 -0.0000
vn -0.9778 -0.2060 0.0373
vn -0.9778 -0.2093 0.0000
vn -0.9778 -0.1964 0.0730
vn -0.9777 -0.1811 0.1060
vn -0.9777 -0.1606 0.1354
vn -0.9777 -0.1354 0.1606
vn -0.9777 -0.1060 0.1811
vn -0.9778 -0.0730 0.1964
vn -0.9778 -0.0373 0.2060
vn -0.9778 0.0000 0.2093
vn -0.9778 0.0373 0.2060
vn -0.9778 0.0730 0.1964
vn -0.9777 0.1060 0.1811
vn -0.9777 0.1354 0.1606
vn -0.9777 0.1606 0.1354
vn -0.9777 0.1811 0.1060
vn -0.9778 0.1964 0.0730
vn -0.9778 0.2060 0.0373
vn -0.9778 0.2093 0.0000
vn -0.7451 -0.6563 0.1187
vn -0.7451 -0.6670 0.0000
vn -0.7449 -0.6253 0.2325
vn -0.7447 -0.5760 0.3371
vn -0.7446 -0.5104 0.4303
vn -0.7446 -0.4303 0.5104
vn -0.7447 -0.3371 0.5760
vn -0.7449 -0.2325 0.6253
vn -0.7451 -0.1187 0.6563
vn -0.7451 -0.0000 0.6670
vn -0.7451 0.1187 0.6563
vn -0.7449 0.2325 0.6253
vn -0.7447 0.3371 0.5760
vn -0.7446 0.4303 0.5104
vn -0.7446 0.5104 0.4303
vn -0.7447 0.5760 0.3371
vn -0.7449 0.6253 0.2325
vn -0.7451 0.6563 0.1187
vn -0.7451 0.6670 0.0000
vn -0.0000 -0.9840 0.1779
vn 0.0000 -0.9373 0.3485
vn -0.0000 -0.8630 0.5052
vn 0.0000 -0.7645 0.6446
vn 0.0000 -0.6446 0.7645
vn -0.0000 -0.5052 0.8630
vn -0.0000 -0.3485 0.9373
vn -0.0000 -0.1779 0.9840
vn 0.0000 0.1779 0.9840
vn 0.0000 0.3485 0.9373
vn -0.0000 0.5052 0.8630
vn 0.0000 0.6446 0.7645
vn -0.0000 0.7645 0.6446
vn 0.0000 0.8630 0.5052
vn 0.0000 0.9373 0.3485
vn -0.0000 0.9840 0.1779
vn 0.4950 0.8550 -0.1546
vn 0.4950 0.8689 -0.0000
vn 0.8604 0.5014 -0.0907
vn 0.8604 0.5096 -0.0000
vn 0.9662 0.2537 -0.0459
vn 0.9662 0.2579 -0.0000
vn 0.8243 -0.5571 0.1007
vn 0.8243 -0.5661 -0.0000
vn 0.4951 0.8144 -0.3028
vn 0.8605 0.4775 -0.1775
vn 0.9662 0.2417 -0.0899
vn 0.8243 -0.5307 0.1973
vn 0.4952 0.7498 -0.4389
vn 0.8606 0.4395 -0.2573
vn 0.9662 0.2226 -0.1303
vn 0.8243 -0.4886 0.2860
vn 0.4952 0.6642 -0.5600
vn 0.8607 0.3893 -0.3282
vn 0.9662 0.1972 -0.1663
vn 0.8242 -0.4329 0.3650
vn 0.4952 0.5600 -0.6642
vn 0.8607 0.3282 -0.3893
vn 0.9662 0.1663 -0.1972
vn 0.8242 -0.3650 0.4329
vn 0.4952 0.4389 -0.7498
vn 0.8606 0.2573 -0.4395
vn 0.9662 0.1303 -0.2226
vn 0.8243 -0.2860 0.4887
vn 0.4951 0.3028 -0.8144
vn 0.8605 0.1775 -0.4775
vn 0.9662 0.0899 -0.2417
vn 0.8243 -0.1973 0.5307
vn 0.4950 0.1546 -0.8550
vn 0.8604 0.0907 -0.5014
vn 0.9662 0.0459 -0.2537
vn 0.8243 -0.1007 0.5571
vn 0.4950 0.0000 -0.8689
vn 0.8604 0.0000 -0.5096
vn 0.9662 0.0000 -0.2579
vn 0.8243 -0.0000 0.5661
vn 0.4950 -0.1546 -0.8550
vn 0.8604 -0.0907 -0.5014
vn 0.9662 -0.0459 -0.2537
vn 0.8243 0.1007 0.5571
vn 0.4951 -0.3028 -0.8144
vn 0.8605 -0.1775 -0.4775
vn 0.9662 -0.0899 -0.2417
vn 0.8243 0.1973 0.5307
vn 0.4952 -0.4389 -0.7498
vn 0.8606 -0.2573 -0.4395
vn 0.9662 -0.1303 -0.2226
vn 0.8243 0.2860 0.4887
vn 0.4952 -0.5600 -0.6642
vn 0.8607 -0.3282 -0.3893
vn 0.9662 -0.1663 -0.1972
vn 0.8242 0.3650 0.4329
vn 0.4952 -0.6642 -0.5600
vn 0.8607 -0.3893 -0.3282
vn 0.9662 -0.1972 -0.1663
vn 0.8242 0.4329 0.3650
vn 0.4952 -0.7498 -0.4389
vn 0.8606 -0.4395 -0.2573
vn 0.9662 -0.2226 -0.1303
vn 0.8243 0.4886 0.2860
vn 0.4951 -0.8144 -0.3028
vn 0.8605 -0.4775 -0.1775
vn 0.9662 -0.2417 -0.0899
vn 0.8243 0.5307 0.1973
vn 0.4950 -0.8550 -0.1546
vn 0.8604 -0.5014 -0.0907
vn 0.9662 -0.2537 -0.0459
vn 0.8243 0.5571 0.1007
vn 0.4950 -0.8689 -0.0000
vn 0.8604 -0.5096 -0.0000
vn 0.9662 -0.2579 -0.0000
vn 0.8243 0.5661 0.0000
vn 0.9778 -0.2093 -0.0000
vn 0.9778 -0.2060 0.0373
vn 0.9778 -0.1964 0.0730
vn 0.9777 -0.1811 0.1060
vn 0.9777 -0.1606 0.1354
vn 0.9777 -0.1354 0.1606
vn 0.9777 -0.1060 0.1811
vn 0.9778 -0.0730 0.1964
vn 0.9778 -0.0373 0.2060
vn 0.9778 -0.0000 0.2093
vn 0.9778 0.0373 0.2060
vn 0.9778 0.0730 0.1964
vn 0.9777 0.1060 0.1811
vn 0.9777 0.1354 0.1606
vn 0.9777 0.1606 0.1354
vn 0.9777 0.1811 0.1060
vn 0.9778 0.1964 0.0730
vn 0.9778 0.2060 0.0373
vn 0.9778 0.2093 0.0000
vn 0.7451 -0.6670 -0.0000
vn 0.7451 -0.6563 0.1187
vn 0.7449 -0.6253 0.2325
vn 0.7447 -0.5760 0.3371
vn 0.7446 -0.5104 0.4303
vn 0.7446 -0.4303 0.5104
vn 0.7447 -0.3371 0.5760
vn 0.7449 -0.2325 0.6253
vn 0.7451 -0.1187 0.6563
vn 0.7451 -0.0000 0.6670
vn 0.7451 0.1187 0.6563
vn 0.7449 0.2325 0.6253
vn 0.7447 0.3371 0.5760
vn 0.7446 0.4303 0.5104
vn 0.7446 0.5104 0.4303
vn 0.7447 0.5760 0.3371
vn 0.7449 0.6253 0.2325
vn 0.7451 0.6563 0.1187
vn 0.7451 0.6670 0.0000
vn -0.4950 0.8550 0.1546
vn -0.0000 0.9840 0.1780
vn -0.8604 0.5014 0.0907
vn -0.9662 0.2537 0.0459
vn -0.8243 -0.5571 -0.1007
vn -0.4951 0.8144 0.3028
vn -0.8605 0.4775 0.1775
vn -0.9662 0.2417 0.0899
vn -0.8243 -0.5307 -0.1973
vn -0.4952 0.7498 0.4389
vn -0.8606 0.4395 0.2573
vn -0.9662 0.2226 0.1303
vn -0.8243 -0.4886 -0.2860
vn -0.4952 0.6642 0.5600
vn -0.8607 0.3893 0.3282
vn -0.9662 0.1972 0.1663
vn -0.8242 -0.4329 -0.3650
vn -0.4952 0.5600 0.6642
vn -0.8607 0.3282 0.3893
vn -0.9662 0.1663 0.1972
vn -0.8242 -0.3650 -0.4329
vn -0.4952 0.4389 0.7498
vn -0.8606 0.2573 0.4395
vn -0.9662 0.1303 0.2226
vn -0.8243 -0.2860 -0.4887
vn -0.4951 0.3028 0.8144
vn -0.8605 0.1775 0.4775
vn -0.9662 0.0899 0.2417
vn -0.8243 -0.1973 -0.5307
vn -0.4950 0.1546 0.8550
vn 0.0000 0.1780 0.9840
vn -0.8604 0.0907 0.5015
vn -0.9662 0.0459 0.2537
vn -0.8243 -0.1007 -0.5571
vn -0.4950 0.0000 0.8689
vn -0.8604 -0.0000 0.5096
vn -0.9662 0.0000 0.2578
vn -0.8243 -0.0000 -0.5661
vn -0.4950 -0.1546 0.8550
vn 0.0000 -0.1780 0.9840
vn -0.8604 -0.0907 0.5014
vn -0.9662 -0.0459 0.2537
vn -0.8243 0.1007 -0.5571
vn -0.4951 -0.3028 0.8144
vn -0.8605 -0.1775 0.4775
vn -0.9662 -0.0899 0.2417
vn -0.8243 0.1973 -0.5307
vn -0.4952 -0.4389 0.7498
vn -0.8606 -0.2573 0.4395
vn -0.9662 -0.1303 0.2226
vn -0.8243 0.2860 -0.4887
vn -0.4952 -0.5600 0.6642
vn -0.8607 -0.3282 0.3893
vn -0.9662 -0.1663 0.1972
vn -0.8242 0.3650 -0.4329
vn -0.4952 -0.6642 0.5600
vn -0.8607 -0.3893 0.3282
vn -0.9662 -0.1972 0.1663
vn -0.8242 0.4329 -0.3650
vn -0.4952 -0.7498 0.4389
vn -0.8606 -0.4395 0.2573
vn -0.9662 -0.2226 0.1303
vn -0.8243 0.4886 -0.2860
vn -0.4951 -0.8144 0.3028
vn -0.8605 -0.4775 0.1775
vn -0.9662 -0.2417 0.0899
vn -0.8243 0.5307 -0.1973
vn -0.4950 -0.8550 0.1546
vn -0.0000 -0.9840 0.1780
vn -0.8604 -0.5014 0.0907
vn -0.9662 -0.2537 0.0459
vn -0.8243 0.5571 -0.1007
vn -0.9778 -0.2060 -0.0373
vn -0.9778 -0.1964 -0.0730
vn -0.9777 -0.1811 -0.1060
vn -0.9777 -0.1606 -0.1354
vn -0.9777 -0.1354 -0.1606
vn -0.9777 -0.1060 -0.1811
vn -0.9778 -0.0730 -0.1964
vn -0.9778 -0.0373 -0.2060
vn -0.9778 0.0000 -0.2093
vn -0.9778 0.0373 -0.2060
vn -0.9778 0.0730 -0.1964
vn -0.9777 0.1060 -0.1811
vn -0.9777 0.1354 -0.1606
vn -0.9777 0.1606 -0.1354
vn -0.9777 0.1811 -0.1060
vn -0.9778 0.1964 -0.0730
vn -0.9778 0.2060 -0.0373
vn -0.7451 -0.6563 -0.1187
vn -0.7449 -0.6253 -0.2325
vn -0.7447 -0.5760 -0.3371
vn -0.7446 -0.5104 -0.4303
vn -0.7446 -0.4303 -0.5104
vn -0.7447 -0.3371 -0.5760
vn -0.7449 -0.2325 -0.6253
vn -0.7451 -0.1187 -0.6563
vn -0.7451 0.0000 -0.6670
vn -0.7451 0.1187 -0.6563
vn -0.7449 0.2325 -0.6253
vn -0.7447 0.3371 -0.5760
vn -0.7446 0.4303 -0.5104
vn -0.7446 0.5104 -0.4303
vn -0.7447 0.5760 -0.3371
vn -0.7449 0.6253 -0.2325
vn -0.7451 0.6563 -0.1187
vn -0.0000 -0.9840 -0.1779
vn -0.0000 -0.1779 -0.9840
vn 0.0000 0.1779 -0.9840
vn 0.0000 0.9840 -0.1779
vn 0.4950 0.8550 0.1546
vn 0.8604 0.5014 0.0907
vn 0.9662 0.2537 0.0459
vn 0.8243 -0.5571 -0.1007
vn 0.4951 0.8144 0.3028
vn 0.8605 0.4775 0.1775
vn 0.9662 0.2417 0.0899
vn 0.8243 -0.5307 -0.1973
vn 0.4952 0.7498 0.4389
vn 0.8606 0.4395 0.2573
vn 0.9662 0.2226 0.1303
vn 0.8243 -0.4886 -0.2860
vn 0.4952 0.6642 0.5600
vn 0.8607 0.3893 0.3282
vn 0.9662 0.1972 0.1663
vn 0.8242 -0.4329 -0.3650
vn 0.4952 0.5600 0.6642
vn 0.8607 0.3282 0.3893
vn 0.9662 0.1663 0.1972
vn 0.8242 -0.3650 -0.4329
vn 0.4952 0.4389 0.7498
vn 0.8606 0.2573 0.4395
vn 0.9662 0.1303 0.2226
vn 0.8243 -0.2860 -0.4887
vn 0.4951 0.3028 0.8144
vn 0.8605 0.1775 0.4775
vn 0.9662 0.0899 0.2417
vn 0.8243 -0.1973 -0.5307
vn 0.4950 0.1546 0.8550
vn 0.8604 0.0907 0.5015
vn 0.9662 0.0459 0.2537
vn 0.8243 -0.1007 -0.5571
vn 0.4950 -0.0000 0.8689
vn 0.8604 -0.0000 0.5096
vn 0.9662 -0.0000 0.2578
vn 0.8243 -0.0000 -0.5661
vn 0.4950 -0.1546 0.8550
vn 0.8604 -0.0907 0.5015
vn 0.9662 -0.0459 0.2537
vn 0.8243 0.1007 -0.5571
vn 0.4951 -0.3028 0.8144
vn 0.8605 -0.1775 0.4775
vn 0.9662 -0.0899 0.2417
vn 0.8243 0.1973 -0.5307
vn 0.4952 -0.4389 0.7498
vn 0.8606 -0.2573 0.4395
vn 0.9662 -0.1303 0.2226
vn 0.8243 0.2860 -0.4887
vn 0.4952 -0.5600 0.6642
vn 0.8607 -0.3282 0.3893
vn 0.9662 -0.1663 0.1972
vn 0.8242 0.3650 -0.4329
vn 0.4952 -0.6642 0.5600
vn 0.8607 -0.3893 0.3282
vn 0.9662 -0.1972 0.1663
vn 0.8242 0.4329 -0.3650
vn 0.4952 -0.7498 0.4389
vn 0.8606 -0.4395 0.2573
vn 0.9662 -0.2226 0.1303
vn 0.8243 0.4886 -0.2860
vn 0.4951 -0.8144 0.3028
vn 0.8605 -0.4775 0.1775
vn 0.9662 -0.2417 0.0899
vn 0.8243 0.5307 -0.1973
vn 0.4950 -0.8550 0.1546
vn 0.8604 -0.5014 0.0907
vn 0.9662 -0.2537 0.0459
vn 0.8243 0.5571 -0.1007
vn 0.9778 -0.2060 -0.0373
vn 0.9778 -0.1964 -0.0730
vn 0.9777 -0.1811 -0.1060
vn 0.9777 -0.1606 -0.1354
vn 0.9777 -0.1354 -0.1606
vn 0.9777 -0.1060 -0.1811
vn 0.9778 -0.0730 -0.1964
vn 0.9778 -0.0373 -0.2060
vn 0.9778 0.0000 -0.2093
vn 0.9778 0.0373 -0.2060
vn 0.9778 0.0730 -0.1964
vn 0.9777 0.1060 -0.1811
vn 0.9777 0.1354 -0.1606
vn 0.9777 0.1606 -0.1354
vn 0.9777 0.1811 -0.1060
vn 0.9778 0.1964 -0.0730
vn 0.9778 0.2060 -0.0373
vn 0.7451 -0.6563 -0.1187
vn 0.7449 -0.6253 -0.2325
vn 0.7447 -0.5760 -0.3371
vn 0.7446 -0.5104 -0.4303
vn 0.7446 -0.4303 -0.5104
vn 0.7447 -0.3371 -0.5760
vn 0.7449 -0.2325 -0.6253
vn 0.7451 -0.1187 -0.6563
vn 0.7451 0.0000 -0.6670
vn 0.7451 0.1187 -0.6563
vn 0.7449 0.2325 -0.6253
vn 0.7447 0.3371 -0.5760
vn 0.7446 0.4303 -0.5104
vn 0.7446 0.5104 -0.4303
vn 0.7447 0.5760 -0.3371
vn 0.7449 0.6253 -0.2325
vn 0.7451 0.6563 -0.1187
vn 0.0375 0.9980 -0.0504
vn -0.0375 0.9983 -0.0452
vn -0.8733 -0.4801 0.0827
vn -0.8545 -0.5127 0.0830
vn 0.8733 -0.4858 -0.0364
vn 0.8545 -0.5183 -0.0336
vn -0.8732 -0.3154 0.3717
vn -0.8549 -0.3394 0.3923
vn 0.0365 0.7310 -0.6814
vn -0.0365 0.7343 -0.6779
vn 0.8549 -0.4166 0.3091
vn 0.8731 -0.3943 0.2867
vn 0.0375 0.7413 0.6701
vn -0.0375 0.7379 0.6739
vn -0.8733 -0.3980 -0.2810
vn -0.8545 -0.4212 -0.3039
vn 0.8733 -0.3178 -0.3693
vn 0.8545 -0.3427 -0.3902
vn -0.8731 -0.4858 0.0398
vn -0.8549 -0.5174 0.0374
vn 0.0365 0.9987 0.0350
vn -0.0365 0.9985 0.0399
vn 0.8549 -0.5132 -0.0761
vn 0.8731 -0.4815 -0.0761
vn 0.0375 0.0504 0.9980
vn -0.0375 0.0452 0.9983
vn -0.8733 -0.0827 -0.4801
vn -0.8545 -0.0830 -0.5127
vn 0.8733 0.0364 -0.4858
vn 0.8545 0.0336 -0.5183
vn -0.8732 -0.3717 -0.3154
vn -0.8549 -0.3923 -0.3394
vn 0.0365 0.6814 0.7310
vn -0.0365 0.6779 0.7343
vn 0.8549 -0.3091 -0.4166
vn 0.8731 -0.2867 -0.3943
vn 0.0375 -0.6701 0.7413
vn -0.0375 -0.6739 0.7379
vn -0.8733 0.2810 -0.3980
vn -0.8545 0.3039 -0.4212
vn 0.8733 0.3693 -0.3178
vn 0.8545 0.3902 -0.3427
vn -0.8731 -0.0398 -0.4858
vn -0.8549 -0.0374 -0.5174
vn 0.0365 -0.0350 0.9987
vn -0.0365 -0.0399 0.9985
vn 0.8549 0.0761 -0.5132
vn 0.8732 0.0761 -0.4815
vn 0.0375 -0.9980 0.0504
vn -0.0375 -0.9983 0.0452
vn -0.8733 0.4801 -0.0827
vn -0.8545 0.5127 -0.0830
vn 0.8733 0.4858 0.0364
vn 0.8545 0.5183 0.0336
vn -0.8732 0.3154 -0.3717
vn -0.8549 0.3394 -0.3923
vn 0.0365 -0.7310 0.6814
vn -0.0365 -0.7343 0.6779
vn 0.8549 0.4166 -0.3091
vn 0.8731 0.3943 -0.2867
vn 0.0375 -0.7413 -0.6701
vn -0.0375 -0.7379 -0.6739
vn -0.8733 0.3980 0.2810
vn -0.8545 0.4212 0.3039
vn 0.8733 0.3178 0.3693
vn 0.8545 0.3427 0.3902
vn -0.8731 0.4858 -0.0398
vn -0.8549 0.5174 -0.0374
vn 0.0365 -0.9987 -0.0350
vn -0.0365 -0.9985 -0.0399
vn 0.8549 0.5132 0.0761
vn 0.8731 0.4815 0.0761
vn 0.0375 -0.0504 -0.9980
vn -0.0375 -0.0452 -0.9983
vn -0.8733 0.0827 0.4801
vn -0.8545 0.0830 0.5127
vn 0.8733 -0.0364 0.4858
vn 0.8545 -0.0336 0.5183
vn -0.8731 0.3717 0.3154
vn -0.8549 0.3923 0.3394
vn 0.0365 -0.6814 -0.7310
vn -0.0365 -0.6779 -0.7343
vn 0.8549 0.3091 0.4166
vn 0.8731 0.2867 0.3943
vn 0.0375 0.6701 -0.7413
vn -0.0375 0.6739 -0.7379
vn -0.8733 -0.2810 0.3980
vn -0.8545 -0.3039 0.4212
vn 0.8733 -0.3693 0.3178
vn 0.8545 -0.3902 0.3427
vn -0.8732 0.0398 0.4858
vn -0.8549 0.0374 0.5174
vn 0.0365 0.0350 -0.9987
vn -0.0365 0.0399 -0.9985
vn 0.8549 -0.0761 0.5132
vn 0.8732 -0.0761 0.4815
vn -0.0375 0.9413 0.3354
vn 0.8545 -0.5054 -0.1196
vn 0.8733 -0.4752 -0.1074
vn 0.0375 0.9396 0.3402
vn -0.8733 -0.4349 -0.2196
vn -0.8545 -0.4660 -0.2294
vn 0.8731 -0.4336 0.2227
vn 0.0365 0.9378 -0.3453
vn -0.0365 0.9361 -0.3498
vn 0.8549 -0.4637 0.2326
vn -0.8549 -0.5032 0.1261
vn -0.8731 -0.4740 0.1140
vn -0.0375 0.4285 0.9028
vn 0.8545 -0.2729 -0.4419
vn 0.8733 -0.2601 -0.4119
vn 0.0375 0.4238 0.9050
vn -0.8733 -0.1523 -0.4628
vn -0.8545 -0.1673 -0.4917
vn 0.8731 -0.4641 -0.1491
vn 0.0365 0.9073 0.4189
vn -0.0365 0.9093 0.4145
vn 0.8549 -0.4924 -0.1634
vn -0.8549 -0.4450 -0.2667
vn -0.8731 -0.4157 -0.2545
vn -0.0375 -0.3354 0.9413
vn 0.8545 0.1196 -0.5054
vn 0.8733 0.1074 -0.4752
vn 0.0375 -0.3402 0.9396
vn -0.8733 0.2196 -0.4349
vn -0.8545 0.2294 -0.4660
vn 0.8731 -0.2227 -0.4336
vn 0.0365 0.3453 0.9378
vn -0.0365 0.3499 0.9361
vn 0.8549 -0.2326 -0.4637
vn -0.8549 -0.1261 -0.5032
vn -0.8731 -0.1140 -0.4739
vn -0.0375 -0.9028 0.4284
vn 0.8545 0.4419 -0.2729
vn 0.8733 0.4119 -0.2601
vn 0.0375 -0.9050 0.4238
vn -0.8733 0.4628 -0.1523
vn -0.8545 0.4917 -0.1673
vn 0.8731 0.1491 -0.4641
vn 0.0365 -0.4189 0.9073
vn -0.0365 -0.4145 0.9093
vn 0.8549 0.1634 -0.4924
vn -0.8549 0.2667 -0.4450
vn -0.8731 0.2545 -0.4157
vn -0.0375 -0.9413 -0.3354
vn 0.8545 0.5054 0.1196
vn 0.8733 0.4752 0.1074
vn 0.0375 -0.9396 -0.3402
vn -0.8733 0.4349 0.2196
vn -0.8545 0.4660 0.2294
vn 0.8731 0.4336 -0.2227
vn 0.0365 -0.9378 0.3453
vn -0.0365 -0.9361 0.3499
vn 0.8549 0.4637 -0.2326
vn -0.8549 0.5032 -0.1261
vn -0.8731 0.4739 -0.1140
vn -0.0375 -0.4285 -0.9028
vn 0.8545 0.2728 0.4419
vn 0.8733 0.2601 0.4120
vn 0.0375 -0.4238 -0.9050
vn -0.8733 0.1523 0.4628
vn -0.8545 0.1673 0.4917
vn 0.8732 0.4641 0.1491
vn 0.0365 -0.9073 -0.4189
vn -0.0365 -0.9093 -0.4145
vn 0.8549 0.4924 0.1634
vn -0.8549 0.4450 0.2666
vn -0.8732 0.4157 0.2545
vn -0.0375 0.3354 -0.9413
vn 0.8545 -0.1196 0.5054
vn 0.8733 -0.1074 0.4752
vn 0.0375 0.3402 -0.9396
vn -0.8733 -0.2196 0.4349
vn -0.8545 -0.2294 0.4660
vn 0.8731 0.2227 0.4336
vn 0.0365 -0.3453 -0.9378
vn -0.0365 -0.3499 -0.9361
vn 0.8549 0.2326 0.4637
vn -0.8549 0.1261 0.5032
vn -0.8732 0.1140 0.4739
vn -0.0375 0.9028 -0.4285
vn 0.8545 -0.4419 0.2729
vn 0.8733 -0.4120 0.2601
vn 0.0375 0.9050 -0.4238
vn -0.8733 -0.4628 0.1523
vn -0.8545 -0.4917 0.1673
vn 0.8732 -0.1491 0.4641
vn 0.0365 0.4189 -0.9073
vn -0.0365 0.4145 -0.9093
vn 0.8549 -0.1634 0.4924
vn -0.8549 -0.2666 0.4450
vn -0.8731 -0.2545 0.4157
vn 0.3817 0.4621 0.8005
vn 0.3817 0.0000 0.9243
vn 0.3817 0.8005 0.4621
vn 0.3817 0.9243 0.0000
vn 0.3817 0.8005 -0.4622
vn 0.3817 0.4622 -0.8005
vn 0.3817 0.0000 -0.9243
vn 0.3817 -0.4621 -0.8005
vn 0.3817 -0.8005 -0.4622
vn 0.3817 -0.9243 -0.0000
vn 0.3817 -0.8005 0.4621
vn 0.3817 -0.4622 0.8005
vn 0.1760 0.4922 0.8525
vn 0.1760 -0.0000 0.9844
vn 0.1760 -0.4922 0.8525
vn 0.1760 -0.8525 0.4922
vn 0.1760 -0.9844 0.0000
vn 0.1760 -0.8525 -0.4922
vn 0.1760 -0.4922 -0.8525
vn 0.1760 0.0000 -0.9844
vn 0.1760 0.4922 -0.8525
vn 0.1760 0.8525 -0.4922
vn 0.1760 0.9844 -0.0000
vn 0.1760 0.8525 0.4922
vn -0.0052 0.7071 0.7071
vn -0.0054 0.8660 0.5000
vn -0.0052 0.9659 0.2588
vn 0.0011 -0.9659 -0.2588
vn 0.0011 -0.8660 -0.5000
vn 0.0011 -0.7071 -0.7071
vn 0.0011 0.2588 -0.9659
vn 0.0011 0.5000 -0.8660
vn 0.0011 0.7071 -0.7071
vn -0.0052 -0.7071 0.7071
vn -0.0054 -0.5000 0.8660
vn -0.0052 -0.2588 0.9659
vn -0.0052 -0.7071 -0.7071
vn -0.0054 -0.8660 -0.5000
vn -0.0052 -0.9659 -0.2588
vn 0.0011 0.9659 0.2588
vn 0.0011 0.8660 0.5000
vn 0.0011 0.7071 0.7071
vn -0.0052 0.7071 -0.7071
vn -0.0054 0.5000 -0.8660
vn -0.0052 0.2588 -0.9659
vn 0.0011 -0.2588 0.9659
vn 0.0011 -0.5000 0.8660
vn 0.0011 -0.7071 0.7071
vn -0.3817 0.4621 0.8005
vn -0.3817 0.0000 0.9243
vn -0.3817 0.8005 0.4621
vn -0.3817 0.9243 0.0000
vn -0.3817 0.8005 -0.4621
vn -0.3817 0.4622 -0.8005
vn -0.3817 0.0000 -0.9243
vn -0.3817 -0.4621 -0.8005
vn -0.3817 -0.8005 -0.4622
vn -0.3817 -0.9243 -0.0000
vn -0.3817 -0.8005 0.4621
vn -0.3817 -0.4622 0.8005
vn -0.3817 -0.8005 -0.4621
vn -0.1760 0.4922 0.8525
vn -0.1760 -0.0000 0.9844
vn -0.1760 -0.4922 0.8525
vn -0.1760 -0.8525 0.4922
vn -0.1760 -0.9844 0.0000
vn -0.1760 -0.8525 -0.4922
vn -0.1760 -0.4922 -0.8525
vn -0.1760 0.0000 -0.9844
vn -0.1760 0.4922 -0.8525
vn -0.1760 0.8525 -0.4922
vn -0.1760 0.9844 -0.0000
vn -0.1760 0.8525 0.4922
vn 0.0052 0.7071 0.7071
vn 0.0054 0.8660 0.5000
vn 0.0052 0.9659 0.2588
vn -0.0011 -0.9659 -0.2588
vn -0.0011 -0.8660 -0.5000
vn -0.0011 -0.7071 -0.7071
vn -0.0011 0.2588 -0.9659
vn -0.0011 0.5000 -0.8660
vn -0.0011 0.7071 -0.7071
vn 0.0052 -0.7071 0.7071
vn 0.0054 -0.5000 0.8660
vn 0.0052 -0.2588 0.9659
vn 0.0052 -0.7071 -0.7071
vn 0.0054 -0.8660 -0.5000
vn 0.0052 -0.9659 -0.2588
vn -0.0011 0.9659 0.2588
vn -0.0011 0.8660 0.5000
vn -0.0011 0.7071 0.7071
vn 0.0052 0.7071 -0.7071
vn 0.0054 0.5000 -0.8660
vn 0.0052 0.2588 -0.9659
vn -0.0011 -0.2588 0.9659
vn -0.0011 -0.5000 0.8660
vn -0.0011 -0.7071 0.7071
vn 0.3817 0.8005 -0.4621
vn 0.3817 0.4621 -0.8005
vn -0.4951 -0.4389 -0.7498
vn -0.8243 0.2860 0.4886
vn -0.4951 -0.7498 -0.4389
vn -0.8243 0.4887 0.2860
vn 0.9662 0.2578 -0.0000
vn 0.4951 0.7498 -0.4389
vn 0.8243 -0.4887 0.2860
vn 0.8244 -0.0000 0.5661
vn 0.4951 -0.4389 -0.7498
vn 0.8243 0.2860 0.4886
vn 0.4951 -0.7498 -0.4389
vn 0.8243 0.4887 0.2860
vn -0.4951 0.7498 0.4389
vn -0.8243 -0.4887 -0.2860
vn -0.8604 0.0907 0.5014
vn -0.9662 0.0000 0.2579
vn -0.8243 0.4887 -0.2860
vn 0.4951 0.7498 0.4389
vn 0.8243 -0.4887 -0.2860
vn 0.8604 0.0907 0.5014
vn 0.9662 0.0000 0.2579
vn 0.8604 -0.0907 0.5014
vn 0.4951 -0.7498 0.4389
vn 0.8243 0.4887 -0.2860
vn 0.8732 -0.3942 0.2867
vn 0.8731 0.0761 -0.4815
vn 0.8549 0.4167 -0.3091
vn 0.8732 0.3942 -0.2867
vn 0.8732 0.4815 0.0761
vn -0.8732 0.3717 0.3154
vn -0.8731 0.0398 0.4858
vn 0.8731 -0.0761 0.4815
vn 0.8733 -0.4752 -0.1073
vn 0.8732 -0.4336 0.2227
vn -0.0365 0.9361 -0.3499
vn -0.8731 -0.4739 0.1140
vn -0.0375 0.4284 0.9028
vn 0.8732 -0.4641 -0.1491
vn -0.8549 -0.4450 -0.2666
vn -0.8732 -0.4157 -0.2545
vn 0.8733 0.1073 -0.4752
vn 0.8732 -0.2227 -0.4336
vn -0.0375 -0.9028 0.4285
vn 0.8545 0.4420 -0.2729
vn 0.8732 0.1491 -0.4641
vn -0.8549 0.2666 -0.4450
vn -0.8732 0.2545 -0.4157
vn -0.8731 0.4740 -0.1140
vn 0.8733 0.2601 0.4119
vn 0.8732 0.2227 0.4336
vn -0.8731 0.1140 0.4739
vn -0.8732 -0.2545 0.4157
vn 0.3817 0.4622 0.8005
vn 0.3816 0.8005 -0.4622
vn 0.3816 -0.8005 -0.4622
vn -0.3817 0.4622 0.8005
vn -0.3817 0.8005 0.4622
vn -0.3816 0.8005 -0.4622
vn -0.3817 0.4621 -0.8005
vn -0.3816 -0.8005 -0.4622
vn -0.3620 -0.8448 -0.3940
vn -0.7071 -0.6409 -0.2988
vn -0.7042 -0.4777 -0.5252
vn -0.3696 -0.6175 -0.6943
vn -0.3620 -0.9286 0.0812
vn -0.7071 -0.7044 0.0616
vn -0.3620 -0.7636 0.5347
vn -0.7071 -0.5792 0.4056
vn -0.3620 0.3940 -0.8448
vn -0.7071 0.2988 -0.6409
vn -0.7071 0.5792 -0.4056
vn -0.3620 0.7636 -0.5347
vn -0.3620 -0.0812 -0.9286
vn -0.7071 -0.0616 -0.7044
vn -0.3708 -0.4212 -0.8277
vn -0.7030 -0.3155 -0.6373
vn -0.4611 0.5090 0.7269
vn -0.4611 0.8042 0.3750
vn -0.4611 0.8840 -0.0773
vn -0.4611 0.7269 -0.5090
vn -0.4611 -0.7269 0.5090
vn -0.4611 -0.3750 0.8042
vn -0.4611 0.0773 0.8840
vn -0.3756 -0.7592 0.5316
vn -0.3756 -0.3917 0.8399
vn -0.3756 0.0808 0.9232
vn -0.3756 0.5316 0.7592
vn -0.3756 0.8399 0.3917
vn -0.3756 0.9232 -0.0808
vn -0.3756 0.7592 -0.5316
vn 0.0000 -0.6666 -0.7454
vn 0.0000 -0.9063 -0.4226
vn 0.0000 -0.9962 0.0872
vn -0.0000 -0.8192 0.5736
vn 0.0000 0.8192 -0.5736
vn 0.0000 0.4226 -0.9063
vn 0.0000 -0.0872 -0.9962
vn 0.0000 -0.4510 -0.8925
vn 0.3620 -0.8448 -0.3940
vn 0.3696 -0.6175 -0.6943
vn 0.7042 -0.4777 -0.5252
vn 0.7071 -0.6409 -0.2988
vn 0.3620 -0.9286 0.0812
vn 0.7071 -0.7044 0.0616
vn 0.3620 -0.7636 0.5347
vn 0.7071 -0.5792 0.4056
vn 0.3620 0.3940 -0.8448
vn 0.3620 0.7636 -0.5347
vn 0.7071 0.5792 -0.4056
vn 0.7071 0.2988 -0.6409
vn 0.3620 -0.0812 -0.9286
vn 0.7071 -0.0616 -0.7044
vn 0.3708 -0.4212 -0.8277
vn 0.7030 -0.3155 -0.6373
vn 0.4611 0.5090 0.7269
vn 0.4611 0.8042 0.3750
vn 0.4611 0.8840 -0.0773
vn 0.4611 0.7269 -0.5090
vn 0.4611 -0.7269 0.5090
vn 0.4611 -0.3750 0.8042
vn 0.4611 0.0773 0.8840
vn 0.3756 -0.7592 0.5316
vn 0.3756 -0.3917 0.8399
vn 0.3756 0.0808 0.9232
vn 0.3756 0.5316 0.7592
vn 0.3756 0.8399 0.3917
vn 0.3756 0.9232 -0.0808
vn 0.3756 0.7592 -0.5316
vn -0.3620 0.0812 0.9286
vn -0.3696 0.4413 0.8178
vn -0.7042 0.3301 0.6285
vn -0.7071 0.0616 0.7044
vn -0.3620 -0.3940 0.8448
vn -0.7071 -0.2988 0.6409
vn -0.3620 0.9286 -0.0812
vn -0.7071 0.7044 -0.0616
vn -0.3620 0.8448 0.3939
vn -0.7071 0.6409 0.2988
vn -0.3708 0.6337 0.6789
vn -0.7030 0.4910 0.5144
vn -0.4611 -0.5090 -0.7269
vn -0.4611 -0.0773 -0.8840
vn -0.4611 0.3750 -0.8042
vn -0.4611 -0.8840 0.0773
vn -0.4611 -0.8042 -0.3750
vn -0.3756 -0.9232 0.0808
vn -0.3756 -0.8399 -0.3917
vn -0.3757 -0.5316 -0.7592
vn -0.3757 -0.0808 -0.9232
vn -0.3756 0.3917 -0.8399
vn -0.0000 0.0872 0.9962
vn 0.0000 0.4724 0.8814
vn -0.0000 -0.4226 0.9063
vn 0.0000 0.9962 -0.0872
vn 0.0000 0.9063 0.4226
vn 0.0000 0.6844 0.7291
vn 0.3620 0.0812 0.9286
vn 0.7071 0.0616 0.7044
vn 0.7042 0.3301 0.6285
vn 0.3696 0.4413 0.8178
vn 0.3620 -0.3940 0.8448
vn 0.7071 -0.2988 0.6409
vn 0.3620 0.9286 -0.0812
vn 0.7071 0.7044 -0.0616
vn 0.3620 0.8448 0.3939
vn 0.7071 0.6409 0.2988
vn 0.3708 0.6337 0.6789
vn 0.7030 0.4910 0.5144
vn 0.4611 -0.5090 -0.7269
vn 0.4611 -0.0773 -0.8840
vn 0.4611 0.3750 -0.8042
vn 0.4611 -0.8840 0.0773
vn 0.4611 -0.8042 -0.3750
vn 0.3756 -0.9232 0.0808
vn 0.3756 -0.8399 -0.3917
vn 0.3757 -0.5316 -0.7592
vn 0.3757 -0.0808 -0.9232
vn 0.3756 0.3917 -0.8399
vn 0.0000 -0.5736 -0.8191
vn 0.0000 0.5736 0.8192
vn 0.8921 -0.3813 0.2423
vn 0.3870 -0.5721 0.7231
vn 0.3744 -0.8973 0.2340
vn 0.3998 -0.8222 -0.4051
vn 0.4088 -0.1162 -0.9052
vn 0.9298 -0.2185 -0.2963
vn 0.9298 0.2185 0.2963
vn 0.3998 0.8222 0.4051
vn 0.4088 0.1162 0.9052
vn 0.3870 0.5721 -0.7231
vn 0.3744 0.8973 -0.2340
vn 0.8921 0.3813 -0.2423
vn 0.9387 -0.3449 0.0000
vn 0.4199 -0.9076 0.0000
vn -0.0000 -0.6435 0.7654
vn 0.0000 -0.9608 0.2774
vn 0.9387 0.3449 -0.0000
vn 0.4199 0.9076 -0.0000
vn -0.0000 0.6435 -0.7654
vn 0.0000 0.9608 -0.2773
vn 0.0000 -0.8968 -0.4424
vn -0.0000 -0.1321 -0.9912
vn 0.0000 0.8968 0.4424
vn -0.0000 0.1321 0.9912
vn 0.0000 0.3796 -0.9251
vn -0.0000 -0.3796 0.9251
vn 0.0000 -0.9901 0.1400
vn -1.0000 -0.0037 0.0091
vn 0.0000 0.9874 0.1580
vn 0.0000 0.9901 -0.1400
vn -1.0000 0.0037 -0.0091
vn 0.0000 -0.9874 -0.1580
vn 0.0069 -0.3794 0.9252
vn 0.0079 -0.3790 0.9254
vn 0.0075 -0.3792 0.9253
vn 0.0065 -0.3796 0.9251
vn 0.0119 -0.9999 0.0000
vn -0.0087 0.3788 -0.9254
vn -0.0044 0.3769 -0.9262
vn -0.0061 0.3777 -0.9259
vn -0.0104 0.3796 -0.9251
vn 0.0052 1.0000 0.0000
vn 0.0006 0.3801 -0.9250
vn -0.0017 0.3811 -0.9245
vn -0.0008 0.3807 -0.9247
vn 0.0015 0.3796 -0.9251
vn 0.0034 -0.3806 0.9247
vn -0.0022 -0.3831 0.9237
vn 0.0000 -0.3821 0.9241
vn 0.0057 -0.3796 0.9251
vn -0.8921 -0.3813 0.2423
vn -0.3744 -0.8973 0.2340
vn -0.3870 -0.5721 0.7231
vn -0.3998 -0.8222 -0.4051
vn -0.9298 -0.2185 -0.2963
vn -0.4088 -0.1162 -0.9052
vn -0.9298 0.2185 0.2963
vn -0.4088 0.1162 0.9052
vn -0.3998 0.8222 0.4051
vn -0.3870 0.5721 -0.7231
vn -0.8921 0.3813 -0.2423
vn -0.3744 0.8973 -0.2340
vn -0.4199 -0.9076 0.0000
vn -0.9387 -0.3449 0.0000
vn -0.4199 0.9076 -0.0000
vn -0.9387 0.3449 -0.0000
vn 1.0000 -0.0037 0.0091
vn 1.0000 0.0037 -0.0091
vn -0.0069 -0.3794 0.9252
vn -0.0065 -0.3796 0.9251
vn -0.0075 -0.3792 0.9253
vn -0.0079 -0.3790 0.9254
vn -0.0119 -0.9999 0.0000
vn 0.0087 0.3788 -0.9254
vn 0.0104 0.3796 -0.9251
vn 0.0061 0.3777 -0.9259
vn 0.0044 0.3769 -0.9262
vn -0.0052 1.0000 0.0000
vn -0.0006 0.3801 -0.9250
vn -0.0015 0.3796 -0.9251
vn 0.0008 0.3807 -0.9247
vn 0.0017 0.3811 -0.9245
vn -0.0034 -0.3806 0.9247
vn -0.0057 -0.3796 0.9251
vn 0.0022 -0.3831 0.9237
vn 0.3620 0.8448 0.3940
vn 0.3696 0.6175 0.6943
vn 0.7042 0.4777 0.5252
vn 0.3708 0.4212 0.8277
vn 0.7030 0.3155 0.6373
vn 0.3756 -0.0808 -0.9232
vn 0.3756 -0.5316 -0.7592
vn 0.0000 0.6666 0.7454
vn 0.0000 0.4510 0.8925
vn -0.3620 0.8448 0.3940
vn -0.7042 0.4777 0.5252
vn -0.3696 0.6175 0.6943
vn -0.3708 0.4212 0.8277
vn -0.7030 0.3155 0.6373
vn -0.3756 -0.0808 -0.9232
vn -0.3756 -0.5316 -0.7592
vn 0.7042 -0.3301 -0.6285
vn 0.3696 -0.4413 -0.8178
vn 0.3620 0.3939 -0.8448
vn 0.3708 -0.6337 -0.6789
vn 0.7030 -0.4910 -0.5144
vn 0.3757 0.0808 0.9232
vn 0.3757 -0.3917 0.8399
vn 0.0000 -0.4724 -0.8814
vn 0.0000 -0.6844 -0.7291
vn -0.3696 -0.4413 -0.8178
vn -0.7042 -0.3301 -0.6285
vn -0.3620 0.3939 -0.8448
vn -0.3708 -0.6337 -0.6789
vn -0.7030 -0.4910 -0.5144
vn -0.3757 0.0808 0.9232
vn -0.3757 -0.3917 0.8399
vn 0.0000 0.5736 0.8191
vn 0.0000 -0.5736 -0.8192
vn -0.3998 0.8222 0.4052
vn 0.0000 0.9608 -0.2774
vn -0.0000 0.1320 0.9912
vn -0.0069 0.3794 -0.9252
vn -0.0065 0.3796 -0.9251
vn -0.0075 0.3792 -0.9253
vn -0.0079 0.3790 -0.9254
vn -0.0119 0.9999 -0.0000
vn 0.0087 -0.3788 0.9254
vn 0.0104 -0.3796 0.9251
vn 0.0061 -0.3777 0.9259
vn 0.0044 -0.3769 0.9262
vn -0.0052 -1.0000 -0.0000
vn -0.0006 -0.3801 0.9250
vn -0.0015 -0.3796 0.9251
vn 0.0008 -0.3807 0.9247
vn 0.0017 -0.3811 0.9245
vn -0.0034 0.3806 -0.9247
vn -0.0057 0.3796 -0.9251
vn -0.0000 0.3822 -0.9241
vn 0.0022 0.3831 -0.9237
vn 0.3998 0.8222 0.4052
vn 0.9386 -0.3449 0.0000
vn 0.0069 0.3794 -0.9252
vn 0.0079 0.3790 -0.9254
vn 0.0075 0.3792 -0.9253
vn 0.0065 0.3796 -0.9251
vn 0.0119 0.9999 0.0000
vn -0.0087 -0.3788 0.9254
vn -0.0044 -0.3769 0.9262
vn -0.0061 -0.3777 0.9259
vn -0.0104 -0.3796 0.9251
vn 0.0052 -1.0000 -0.0000
vn 0.0006 -0.3801 0.9250
vn -0.0017 -0.3811 0.9245
vn -0.0008 -0.3807 0.9247
vn 0.0015 -0.3796 0.9251
vn 0.0034 0.3806 -0.9247
vn -0.0022 0.3831 -0.9237
vn 0.0057 0.3796 -0.9251
vn 0.0000 -0.6734 0.7393
vn 0.0000 0.7718 0.6359
vn 0.0000 -0.5614 0.8276
vn 0.0000 0.8544 0.5196
vn 0.0000 -0.4379 0.8990
vn 0.0000 0.9197 0.3927
vn 0.0000 -0.3055 0.9522
vn 0.0000 0.9662 0.2578
vn 0.0000 -0.1668 0.9860
vn 0.0000 0.9930 0.1177
vn 0.0000 -0.0248 0.9997
vn 0.0000 0.9997 -0.0248
vn 0.0000 0.1177 0.9930
vn 0.0000 0.9860 -0.1668
vn 0.0000 0.2578 0.9662
vn 0.0000 0.9522 -0.3055
vn 0.0000 0.3927 0.9197
vn 0.0000 0.8990 -0.4379
vn 0.0000 0.5196 0.8544
vn 0.0000 0.8276 -0.5614
vn 0.0000 0.6359 0.7718
vn 0.0000 0.7393 -0.6734
vn 0.0000 -0.7393 -0.6734
vn 0.0000 -0.6359 0.7718
vn 0.0000 -0.8276 -0.5614
vn 0.0000 -0.5196 0.8544
vn 0.0000 -0.8990 -0.4379
vn 0.0000 -0.3927 0.9197
vn 0.0000 -0.9522 -0.3055
vn 0.0000 -0.2578 0.9662
vn 0.0000 -0.9860 -0.1668
vn 0.0000 -0.1177 0.9930
vn 0.0000 -0.9997 -0.0248
vn 0.0000 0.0248 0.9997
vn 0.0000 -0.9930 0.1177
vn 0.0000 -0.9931 0.1177
vn 0.0000 0.1668 0.9860
vn 0.0000 -0.9662 0.2578
vn 0.0000 0.3055 0.9522
vn 0.0000 -0.9197 0.3927
vn 0.0000 0.4379 0.8990
vn 0.0000 -0.8544 0.5196
vn 0.0000 0.5614 0.8276
vn 0.0000 -0.7718 0.6359
vn 0.0000 0.6734 0.7393
vn 0.0000 0.9595 -0.2817
vn 0.0000 0.8413 -0.5406
vn 0.0000 0.6549 -0.7557
vn 0.0000 0.4154 -0.9096
vn 0.0000 0.1423 -0.9898
vn 0.0000 -0.1423 -0.9898
vn 0.0000 -0.4154 -0.9096
vn 0.0000 -0.6549 -0.7557
vn 0.0000 -0.8413 -0.5406
vn 0.0000 -0.9595 -0.2817
vn 0.0000 -0.8701 -0.4929
vn 0.0000 0.8701 -0.4929
vn 0.0000 -0.5408 0.8411
vn 0.0000 0.4580 0.8889
vn 0.0000 0.9989 0.0478
vn 0.0000 0.5408 -0.8411
vn 0.0000 -0.4580 -0.8889
vn 0.0000 -0.9989 -0.0478
vn 0.0000 0.8143 0.5805
vn 0.0000 0.9098 -0.4150
vn 0.0000 0.0955 -0.9954
vn 0.0000 -0.8143 -0.5805
vn 0.0000 -0.9098 0.4150
vn 0.0000 -0.0955 0.9954
vn 0.0000 -0.3710 -0.9286
vn 0.0000 -0.9897 -0.1430
vn 0.0000 -0.6187 0.7856
vn 0.0000 0.3710 0.9286
vn 0.0000 0.9897 0.1430
vn 0.0000 0.6187 -0.7856
vn 0.0000 -0.9448 0.3278
vn 0.0000 -0.1885 0.9821
vn 0.0000 0.7562 0.6543
vn 0.0000 0.9448 -0.3278
vn 0.0000 0.1885 -0.9821
vn 0.0000 -0.7562 -0.6543
vn 0.0000 -0.2839 -0.9589
vn 0.0000 -0.9723 -0.2336
vn 0.0000 -0.6884 0.7253
vn 0.0000 0.2839 0.9589
vn 0.0000 0.9723 0.2336
vn 0.0000 0.6884 -0.7253
vn 0.0000 -0.1552 0.9879
vn 0.0000 0.0255 0.9997
vn 0.0000 -0.3158 0.9488
vn 0.0000 -0.4679 0.8838
vn 0.0000 -0.6196 0.7849
vn 0.0000 -0.5850 0.8111
vn 0.0000 -0.5850 0.8110
vn 0.0000 -0.2235 0.9747
vn 0.0000 0.3022 0.9533
vn 0.0000 0.7442 0.6680
vn -0.0000 0.9454 0.3259
vn -0.0000 0.9454 0.3260
vn -0.0000 0.9586 0.2846
vn 0.0000 0.8916 0.4529
vn 0.0000 0.8048 0.5936
vn 0.0000 0.6960 0.7181
vn 0.0000 0.5550 0.8318
vn 0.0000 0.5906 0.8070
vn -0.0000 0.8633 0.5046
vn 0.0000 -0.9380 -0.3467
vn 0.0000 -0.9851 -0.1719
vn 0.0000 -0.9521 -0.3057
vn 0.0000 -0.9961 0.0887
vn 0.0000 -0.8132 0.5820
vn 0.0000 -0.8132 0.5819
vn 0.0000 -0.4053 0.9142
vn 0.0000 -0.0179 0.9998
vn -0.7341 0.0443 0.6775
vn -0.7804 -0.0912 0.6186
vn -0.7626 -0.0460 0.6452
vn -0.7873 -0.2051 0.5814
vn -0.7880 -0.2017 0.5817
vn -0.7718 -0.2920 0.5648
vn -0.7663 -0.3382 0.5463
vn -0.7421 -0.4287 0.5154
vn -0.8206 -0.3134 0.4778
vn -0.8272 -0.3183 0.4631
vn -0.8897 -0.0749 0.4504
vn -0.9127 0.1323 0.3865
vn -0.9119 0.1360 0.3871
vn -0.9031 0.2956 0.3115
vn -0.8344 0.5111 0.2061
vn -0.8226 0.5279 0.2115
vn -0.7386 0.6533 0.1662
vn -0.7662 0.5955 0.2413
vn -0.7836 0.5565 0.2762
vn -0.7901 0.4867 0.3727
vn -0.7907 0.4882 0.3693
vn -0.7746 0.4444 0.4500
vn -0.7690 0.4131 0.4879
vn -0.7446 0.3561 0.5646
vn -0.8225 0.3560 0.4436
vn -0.8309 0.3411 0.4396
vn -0.8921 0.4032 0.2038
vn -0.9079 0.4191 0.0000
vn -0.9182 0.3961 -0.0000
vn -0.7815 -0.6239 0.0000
vn -0.7733 -0.6257 -0.1025
vn -0.7683 -0.6211 -0.1546
vn -0.7946 -0.6071 0.0000
vn -0.7447 -0.6199 -0.2471
vn -0.8219 -0.5495 -0.1502
vn -0.8288 -0.5366 -0.1583
vn -0.8898 -0.4514 0.0676
vn -0.9123 -0.3276 0.2455
vn -0.9115 -0.3263 0.2504
vn -0.9024 -0.2059 0.3786
vn -0.8319 -0.0378 0.5537
vn -0.8201 -0.0384 0.5709
vn 0.0000 -0.6734 -0.7393
vn 0.0000 0.7718 -0.6359
vn 0.0000 -0.5614 -0.8276
vn 0.0000 0.8544 -0.5196
vn 0.0000 -0.4379 -0.8990
vn 0.0000 0.9197 -0.3927
vn 0.0000 -0.3055 -0.9522
vn 0.0000 0.9662 -0.2578
vn 0.0000 -0.1668 -0.9860
vn 0.0000 0.9930 -0.1177
vn 0.0000 -0.0248 -0.9997
vn 0.0000 0.9997 0.0248
vn 0.0000 0.1177 -0.9930
vn 0.0000 0.9860 0.1668
vn 0.0000 0.2578 -0.9662
vn 0.0000 0.9522 0.3055
vn 0.0000 0.3927 -0.9197
vn 0.0000 0.8990 0.4379
vn 0.0000 0.5196 -0.8544
vn 0.0000 0.8276 0.5614
vn 0.0000 0.6359 -0.7718
vn 0.0000 0.7393 0.6734
vn 0.0000 -0.7393 0.6734
vn 0.0000 -0.6359 -0.7718
vn 0.0000 -0.8276 0.5614
vn 0.0000 -0.5196 -0.8544
vn 0.0000 -0.8990 0.4379
vn 0.0000 -0.3927 -0.9197
vn 0.0000 -0.9522 0.3055
vn 0.0000 -0.2578 -0.9662
vn 0.0000 -0.9860 0.1668
vn 0.0000 -0.1177 -0.9930
vn 0.0000 -0.9997 0.0248
vn 0.0000 0.0248 -0.9997
vn 0.0000 -0.9930 -0.1177
vn 0.0000 0.1668 -0.9860
vn 0.0000 -0.9662 -0.2578
vn 0.0000 0.3055 -0.9522
vn 0.0000 -0.9197 -0.3927
vn 0.0000 0.4379 -0.8990
vn 0.0000 -0.8544 -0.5196
vn 0.0000 0.5614 -0.8276
vn 0.0000 -0.7718 -0.6359
vn 0.0000 0.6734 -0.7393
vn 0.0000 0.9595 0.2817
vn 0.0000 0.8413 0.5406
vn 0.0000 0.6549 0.7557
vn 0.0000 0.4154 0.9096
vn 0.0000 0.1423 0.9898
vn 0.0000 -0.1423 0.9898
vn 0.0000 -0.4154 0.9096
vn 0.0000 -0.6549 0.7557
vn 0.0000 -0.8413 0.5406
vn 0.0000 -0.9595 0.2817
vn 0.0000 -0.8701 0.4929
vn 0.0000 0.8701 0.4929
vn 0.0000 -0.5408 -0.8411
vn 0.0000 0.4580 -0.8889
vn 0.0000 0.9989 -0.0478
vn 0.0000 0.5408 0.8411
vn 0.0000 -0.4580 0.8889
vn 0.0000 -0.9989 0.0478
vn 0.0000 0.8143 -0.5805
vn 0.0000 0.9098 0.4150
vn 0.0000 0.0955 0.9954
vn 0.0000 -0.8143 0.5805
vn 0.0000 -0.9098 -0.4150
vn 0.0000 -0.0955 -0.9954
vn 0.0000 -0.3710 0.9286
vn 0.0000 -0.9897 0.1430
vn 0.0000 -0.6187 -0.7856
vn 0.0000 0.3710 -0.9286
vn 0.0000 0.9897 -0.1430
vn 0.0000 0.6187 0.7856
vn 0.0000 -0.9448 -0.3278
vn 0.0000 -0.1885 -0.9821
vn 0.0000 0.7562 -0.6543
vn 0.0000 0.9448 0.3278
vn 0.0000 0.1885 0.9821
vn 0.0000 -0.7562 0.6543
vn 0.0000 -0.2839 0.9589
vn 0.0000 -0.9723 0.2336
vn 0.0000 -0.6884 -0.7253
vn 0.0000 0.2839 -0.9589
vn 0.0000 0.9723 -0.2336
vn 0.0000 0.6884 0.7253
vn 0.0000 -0.1552 -0.9879
vn 0.0000 0.0255 -0.9997
vn 0.0000 -0.3158 -0.9488
vn 0.0000 -0.4679 -0.8838
vn 0.0000 -0.6196 -0.7849
vn 0.0000 -0.5850 -0.8111
vn 0.0000 -0.2235 -0.9747
vn 0.0000 0.3022 -0.9533
vn 0.0000 0.7442 -0.6680
vn -0.0000 0.9454 -0.3259
vn -0.0000 0.9586 -0.2846
vn 0.0000 0.8916 -0.4529
vn 0.0000 0.8048 -0.5936
vn 0.0000 0.6960 -0.7181
vn 0.0000 0.5550 -0.8318
vn 0.0000 0.5906 -0.8070
vn 0.0000 0.8633 -0.5046
vn 0.0000 -0.9380 0.3467
vn 0.0000 -0.9851 0.1719
vn 0.0000 -0.9521 0.3057
vn 0.0000 -0.9961 -0.0887
vn 0.0000 -0.8132 -0.5820
vn 0.0000 -0.8132 -0.5819
vn 0.0000 -0.4053 -0.9142
vn 0.0000 -0.0179 -0.9998
vn -0.7341 0.0443 -0.6775
vn -0.7626 -0.0460 -0.6452
vn -0.7804 -0.0912 -0.6186
vn -0.7880 -0.2017 -0.5817
vn -0.7873 -0.2051 -0.5814
vn -0.7663 -0.3382 -0.5463
vn -0.7718 -0.2920 -0.5648
vn -0.7421 -0.4287 -0.5154
vn -0.8272 -0.3183 -0.4631
vn -0.8206 -0.3134 -0.4778
vn -0.8897 -0.0749 -0.4504
vn -0.9119 0.1360 -0.3871
vn -0.9127 0.1323 -0.3865
vn -0.8344 0.5111 -0.2061
vn -0.9031 0.2956 -0.3115
vn -0.8225 0.5279 -0.2115
vn -0.7662 0.5955 -0.2413
vn -0.7386 0.6533 -0.1662
vn -0.7836 0.5565 -0.2762
vn -0.7907 0.4882 -0.3693
vn -0.7901 0.4867 -0.3727
vn -0.7690 0.4131 -0.4879
vn -0.7746 0.4444 -0.4500
vn -0.7446 0.3561 -0.5646
vn -0.8309 0.3411 -0.4396
vn -0.8225 0.3560 -0.4436
vn -0.8921 0.4032 -0.2038
vn -0.7683 -0.6211 0.1546
vn -0.7733 -0.6257 0.1025
vn -0.7447 -0.6199 0.2471
vn -0.8288 -0.5366 0.1583
vn -0.8218 -0.5495 0.1502
vn -0.8898 -0.4514 -0.0676
vn -0.9115 -0.3263 -0.2504
vn -0.9123 -0.3276 -0.2455
vn -0.8319 -0.0378 -0.5537
vn -0.9024 -0.2059 -0.3786
vn -0.8201 -0.0384 -0.5709
vn -1.0000 0.0022 -0.0057
vn -1.0000 -0.0001 -0.0001
vn -1.0000 0.0022 -0.0055
vn 0.0002 -0.9237 -0.3831
vn 0.0002 -0.7821 -0.6231
vn 0.0002 -0.9235 -0.3835
vn 1.0000 -0.0022 0.0055
vn 1.0000 0.0001 0.0001
vn 1.0000 -0.0022 0.0057
vn -0.0002 0.9261 0.3772
vn -0.0002 0.7873 0.6165
vn -0.0002 0.7873 0.6166
vn -0.0002 0.9263 0.3769
vn 0.0001 -0.4380 -0.8990
vn -0.0001 0.4392 0.8984
vn -1.0000 0.0000 -0.0001
vn 0.0001 -0.0014 -1.0000
vn 1.0000 0.0000 0.0001
vn -0.0001 0.0014 1.0000
vn 0.0000 0.4750 -0.8800
vn 0.0001 0.4750 -0.8800
vn -0.0000 -0.4797 0.8774
vn -0.0001 -0.4797 0.8774
vn 0.0000 0.8654 -0.5011
vn -0.0000 -0.8631 0.5051
vn -1.0000 -0.0000 -0.0052
vn -1.0000 -0.0000 -0.0062
vn -0.0000 0.9919 -0.1268
vn -0.0000 0.9918 -0.1277
vn 1.0000 0.0000 0.0062
vn 1.0000 0.0000 0.0052
vn 0.0000 -0.9905 0.1376
vn 0.0000 -0.9906 0.1367
vn -0.9999 -0.0010 -0.0114
vn -0.9999 -0.0009 -0.0114
vn -0.0009 0.9999 -0.0139
vn -0.0008 0.9999 -0.0139
vn -0.0010 0.9999 -0.0139
vn 0.9999 0.0010 0.0114
vn 0.9999 0.0009 0.0114
vn 0.0009 -0.9999 0.0136
vn 0.0008 -0.9999 0.0136
vn 0.0010 -0.9999 0.0136
vn -1.0000 -0.0027 -0.0006
vn -1.0000 -0.0021 -0.0059
vn -0.0028 0.9738 0.2273
vn -0.0021 0.9987 0.0504
vn 1.0000 0.0027 0.0006
vn 1.0000 0.0021 0.0058
vn 1.0000 0.0022 0.0058
vn 1.0000 0.0027 0.0007
vn 0.0028 -0.9738 -0.2272
vn 0.0021 -0.9987 -0.0506
vn -1.0000 -0.0026 -0.0013
vn -0.0029 0.8982 0.4395
vn 1.0000 0.0026 0.0012
vn 1.0000 0.0026 0.0013
vn 0.0029 -0.8982 -0.4395
vn -1.0000 -0.0023 -0.0018
vn -0.0029 0.7801 0.6257
vn 1.0000 0.0023 0.0018
vn 0.0029 -0.7801 -0.6257
vn -1.0000 -0.0018 -0.0023
vn -1.0000 -0.0019 -0.0023
vn -0.0030 0.6257 0.7801
vn 1.0000 0.0018 0.0023
vn 1.0000 0.0019 0.0023
vn 0.0030 -0.6257 -0.7801
vn -1.0000 -0.0013 -0.0027
vn -0.0030 0.4395 0.8982
vn -0.0031 0.4395 0.8982
vn 1.0000 0.0013 0.0027
vn 0.0030 -0.4395 -0.8982
vn 0.0031 -0.4395 -0.8982
vn -1.0000 -0.0007 -0.0030
vn -0.0031 0.2272 0.9738
vn 1.0000 0.0007 0.0030
vn 0.0031 -0.2272 -0.9738
vn -1.0000 0.0000 -0.0031
vn -0.0032 0.0000 1.0000
vn 1.0000 0.0000 0.0031
vn 0.0032 0.0000 -1.0000
vn -1.0000 0.0007 -0.0031
vn -0.0032 -0.2272 0.9738
vn 1.0000 -0.0007 0.0031
vn 0.0032 0.2272 -0.9738
vn -1.0000 0.0014 -0.0029
vn -0.0033 -0.4395 0.8982
vn 1.0000 -0.0014 0.0029
vn 0.0033 0.4395 -0.8982
vn -1.0000 0.0021 -0.0026
vn -0.0033 -0.6257 0.7801
vn 1.0000 -0.0021 0.0026
vn 0.0033 0.6257 -0.7801
vn -1.0000 0.0026 -0.0021
vn -0.0034 -0.7801 0.6257
vn 1.0000 -0.0026 0.0021
vn 0.0034 0.7801 -0.6257
vn -1.0000 0.0031 -0.0015
vn -0.0034 -0.8982 0.4395
vn -0.0035 -0.8982 0.4395
vn 1.0000 -0.0031 0.0015
vn 0.0034 0.8982 -0.4395
vn 0.0035 0.8982 -0.4395
vn -1.0000 0.0034 -0.0008
vn -1.0000 0.0033 -0.0008
vn -0.0035 -0.9738 0.2272
vn 1.0000 -0.0034 0.0007
vn 1.0000 -0.0033 0.0008
vn 0.0035 0.9738 -0.2273
vn -1.0000 0.0033 -0.0089
vn -1.0000 0.0033 -0.0087
vn -0.0021 -1.0000 -0.0076
vn -0.0020 -1.0000 -0.0076
vn 1.0000 -0.0033 0.0087
vn 1.0000 -0.0033 0.0090
vn 0.0021 1.0000 0.0069
vn 0.0020 1.0000 0.0069
vn -0.9999 0.0032 -0.0135
vn -0.9999 0.0033 -0.0138
vn -0.0002 -0.9774 -0.2112
vn -0.0003 -0.9774 -0.2113
vn 0.9999 -0.0033 0.0138
vn 0.9999 -0.0032 0.0135
vn 0.0002 0.9775 0.2107
vn 0.0003 0.9776 0.2106
vn -0.9999 0.0033 -0.0098
vn -0.9999 0.0034 -0.0098
vn 0.0005 -0.9566 -0.2914
vn 0.9999 -0.0034 0.0098
vn 0.9999 -0.0033 0.0098
vn -0.0005 0.9566 0.2915
vn -0.9999 -0.0001 -0.0114
vn -0.9999 -0.0002 -0.0114
vn -0.9999 -0.0003 -0.0114
vn -0.9999 -0.0004 -0.0114
vn -0.9999 -0.0005 -0.0114
vn -0.9999 -0.0006 -0.0114
vn -0.9999 -0.0007 -0.0114
vn -0.9999 -0.0008 -0.0114
vn -0.9999 -0.0017 -0.0114
vn -0.9999 -0.0016 -0.0114
vn -0.9999 -0.0015 -0.0114
vn -0.9999 -0.0014 -0.0114
vn -0.9999 -0.0013 -0.0114
vn -0.9999 -0.0012 -0.0114
vn -0.9999 -0.0011 -0.0114
vn -0.0001 0.9999 -0.0139
vn -0.0002 0.9999 -0.0139
vn -0.0003 0.9999 -0.0139
vn -0.0004 0.9999 -0.0139
vn -0.0005 0.9999 -0.0139
vn -0.0006 0.9999 -0.0139
vn -0.0007 0.9999 -0.0139
vn -0.0016 0.9999 -0.0139
vn -0.0015 0.9999 -0.0139
vn -0.0014 0.9999 -0.0139
vn -0.0013 0.9999 -0.0139
vn -0.0012 0.9999 -0.0139
vn -0.0011 0.9999 -0.0139
vn 0.9999 0.0001 0.0114
vn 0.9999 0.0002 0.0114
vn 0.9999 0.0003 0.0114
vn 0.9999 0.0004 0.0114
vn 0.9999 0.0005 0.0114
vn 0.9999 0.0006 0.0114
vn 0.9999 0.0007 0.0114
vn 0.9999 0.0008 0.0114
vn 0.9999 0.0017 0.0114
vn 0.9999 0.0016 0.0114
vn 0.9999 0.0015 0.0114
vn 0.9999 0.0014 0.0114
vn 0.9999 0.0013 0.0114
vn 0.9999 0.0012 0.0114
vn 0.9999 0.0011 0.0114
vn 0.0001 -0.9999 0.0136
vn 0.0002 -0.9999 0.0136
vn 0.0003 -0.9999 0.0136
vn 0.0004 -0.9999 0.0136
vn 0.0005 -0.9999 0.0136
vn 0.0006 -0.9999 0.0136
vn 0.0007 -0.9999 0.0136
vn 0.0016 -0.9999 0.0136
vn 0.0015 -0.9999 0.0136
vn 0.0014 -0.9999 0.0136
vn 0.0013 -0.9999 0.0136
vn 0.0012 -0.9999 0.0136
vn 0.0011 -0.9999 0.0136
vn -0.9999 0.0042 -0.0104
vn -0.9999 0.0042 -0.0103
vn -0.9999 0.0038 -0.0096
vn -0.9999 0.0038 -0.0097
vn -0.9999 0.0037 -0.0097
vn -0.9999 0.0036 -0.0097
vn -0.9999 0.0035 -0.0097
vn -0.9999 0.0035 -0.0098
vn -0.9999 0.0028 -0.0100
vn -0.9999 0.0029 -0.0099
vn -0.9999 0.0030 -0.0099
vn -0.9999 0.0031 -0.0099
vn -0.9999 0.0032 -0.0098
vn 0.0003 -0.9505 -0.3106
vn 0.0003 -0.9506 -0.3103
vn 0.0003 -0.9566 -0.2914
vn 0.0004 -0.9566 -0.2914
vn 0.0008 -0.9566 -0.2914
vn 0.0007 -0.9566 -0.2914
vn 0.0006 -0.9566 -0.2914
vn 0.9999 -0.0042 0.0104
vn 0.9999 -0.0042 0.0103
vn 0.9999 -0.0038 0.0096
vn 0.9999 -0.0038 0.0097
vn 0.9999 -0.0037 0.0097
vn 0.9999 -0.0036 0.0097
vn 0.9999 -0.0035 0.0097
vn 0.9999 -0.0035 0.0098
vn 0.9999 -0.0028 0.0100
vn 0.9999 -0.0028 0.0099
vn 0.9999 -0.0029 0.0099
vn 0.9999 -0.0030 0.0099
vn 0.9999 -0.0031 0.0099
vn 0.9999 -0.0032 0.0098
vn -0.0003 0.9505 0.3108
vn -0.0003 0.9506 0.3105
vn -0.0003 0.9566 0.2915
vn -0.0004 0.9566 0.2915
vn -0.0008 0.9566 0.2915
vn -0.0007 0.9566 0.2915
vn -0.0006 0.9566 0.2915
vn 0.0000 -0.7092 0.7050
vn 0.0000 0.8791 0.4767
vn 0.0000 -0.4818 0.8763
vn 0.0000 0.9778 0.2097
vn 0.0000 -0.2155 0.9765
vn 0.0000 0.9972 -0.0743
vn 0.0000 0.0684 0.9977
vn 0.0000 0.9359 -0.3522
vn 0.0000 0.3467 0.9380
vn 0.0000 0.7988 -0.6016
vn 0.0000 0.5969 0.8023
vn 0.0000 0.5969 -0.8023
vn 0.0000 0.7988 0.6016
vn 0.0000 0.3467 -0.9380
vn 0.0000 0.9359 0.3522
vn 0.0000 0.0684 -0.9977
vn 0.0000 0.9972 0.0743
vn 0.0000 -0.2155 -0.9765
vn 0.0000 0.9778 -0.2097
vn 0.0000 -0.4818 -0.8763
vn 0.0000 0.8791 -0.4767
vn 0.0000 -0.7092 -0.7050
vn 0.0000 0.7092 -0.7050
vn 0.0000 -0.8791 -0.4767
vn 0.0000 0.4818 -0.8763
vn 0.0000 -0.9778 -0.2097
vn 0.0000 0.2155 -0.9765
vn 0.0000 -0.0684 -0.9977
vn 0.0000 -0.9359 0.3522
vn 0.0000 -0.3467 -0.9380
vn 0.0000 -0.7988 0.6016
vn 0.0000 -0.5969 -0.8023
vn 0.0000 -0.5969 0.8023
vn 0.0000 -0.7988 -0.6016
vn 0.0000 -0.3467 0.9380
vn 0.0000 -0.9359 -0.3522
vn 0.0000 -0.0684 0.9977
vn 0.0000 -0.9972 -0.0743
vn 0.0000 0.2155 0.9765
vn 0.0000 -0.9778 0.2097
vn 0.0000 0.4818 0.8763
vn 0.0000 -0.8791 0.4767
vn 0.0000 0.7092 0.7050
vn -0.7071 0.2258 0.6701
vn -0.7071 -0.2258 -0.6701
vn 0.7071 0.2258 0.6701
vn 0.7071 -0.2258 -0.6701
vn -0.4327 0.6375 -0.6375
vn -0.4327 0.9016 0.0000
vn -0.4327 0.0000 -0.9016
vn -0.4327 -0.6375 -0.6375
vn -0.4327 -0.9016 0.0000
vn 0.0000 -0.7071 0.7071
vn -0.4327 -0.6375 0.6375
vn -0.4327 -0.0000 0.9016
vn -0.4327 0.6375 0.6375
vn -0.9373 0.3485 0.0000
vn -0.9373 0.2464 -0.2464
vn -0.9373 -0.0000 -0.3485
vn -0.9373 -0.2464 -0.2464
vn -0.9373 -0.3485 0.0000
vn -0.9373 -0.2464 0.2464
vn -0.9373 0.0000 0.3485
vn -0.9373 0.2464 0.2464
vn 0.4327 -0.9016 -0.0000
vn 0.4327 -0.6375 0.6375
vn 0.4327 -0.0000 0.9016
vn 0.4327 0.6375 0.6375
vn 0.4327 0.9016 -0.0000
vn 0.4327 0.6375 -0.6375
vn 0.4327 -0.0000 -0.9016
vn 0.4327 -0.6375 -0.6375
vn 0.9373 -0.3485 0.0000
vn 0.9373 -0.2464 0.2464
vn 0.9373 0.0000 0.3485
vn 0.9373 0.2464 0.2464
vn 0.9373 0.3485 -0.0000
vn 0.9373 0.2464 -0.2464
vn 0.9373 -0.0000 -0.3485
vn 0.9373 -0.2464 -0.2464
usemtl base_bike
s off
f 177/1/1 199/2/1 183/3/1
f 184/4/1 178/5/1 200/6/1
f 179/7/1 181/8/1 183/3/1
f 183/3/1 199/2/1 179/7/1
f 179/7/1 201/9/1 181/8/1
f 182/10/1 202/11/1 178/5/1
f 178/5/1 184/4/1 182/10/1
f 182/10/1 180/12/1 202/11/1
f 1275/13/1 1276/14/1 1280/15/1
f 1277/16/1 1278/17/1 1281/18/1
f 1279/19/1 1280/15/1 1276/14/1
f 1276/14/1 1283/20/1 1279/19/1
f 1279/19/1 1283/20/1 1284/21/1
f 1286/22/1 1277/16/1 1281/18/1
f 1281/18/1 1282/23/1 1286/22/1
f 1286/22/1 1282/23/1 1285/24/1
f 5612/25/2 5613/26/2 5614/27/2
f 5615/28/2 5616/29/2 5614/27/2
f 5616/29/2 5617/30/2 5618/31/2
f 5619/32/2 5620/33/2 5618/31/2
f 5620/33/2 5621/34/2 5622/35/2
f 5623/36/2 5624/37/2 5622/35/2
f 5624/37/2 5625/38/2 5626/39/2
f 5627/40/2 5628/41/2 5626/39/2
f 5628/41/2 5629/42/2 5630/43/2
f 5631/44/2 5632/45/2 5630/43/2
f 5632/45/2 5633/46/2 5634/47/2
f 5635/48/2 5636/49/2 5634/47/2
f 5636/49/2 5637/50/2 5638/51/2
f 5639/52/2 5640/53/2 5638/51/2
f 5640/53/2 5641/54/2 5642/55/2
f 5643/56/2 5644/57/2 5642/55/2
f 5644/57/2 5645/58/2 5646/59/2
f 5647/60/2 5648/61/2 5646/59/2
f 5648/61/2 5649/62/2 5650/63/2
f 5651/64/2 5652/65/2 5650/63/2
f 5652/65/2 5653/66/2 5654/67/2
f 5655/68/2 5612/25/2 5654/67/2
f 5616/29/2 5618/31/2 5656/69/2
f 5656/69/2 5614/27/2 5616/29/2
f 5620/33/2 5622/35/2 5656/69/2
f 5656/69/2 5618/31/2 5620/33/2
f 5624/37/2 5626/39/2 5656/69/2
f 5656/69/2 5622/35/2 5624/37/2
f 5628/41/2 5630/43/2 5656/69/2
f 5656/69/2 5626/39/2 5628/41/2
f 5632/45/2 5634/47/2 5656/69/2
f 5656/69/2 5630/43/2 5632/45/2
f 5636/49/2 5638/51/2 5656/69/2
f 5656/69/2 5634/47/2 5636/49/2
f 5640/53/2 5642/55/2 5656/69/2
f 5656/69/2 5638/51/2 5640/53/2
f 5644/57/2 5646/59/2 5656/69/2
f 5656/69/2 5642/55/2 5644/57/2
f 5648/61/2 5650/63/2 5656/69/2
f 5656/69/2 5646/59/2 5648/61/2
f 5652/65/2 5654/67/2 5656/69/2
f 5656/69/2 5650/63/2 5652/65/2
f 5612/25/2 5614/27/2 5656/69/2
f 5656/69/2 5654/67/2 5612/25/2
f 5659/70/3 5658/71/3 5657/72/3
f 5660/73/3 5658/71/3 5661/74/3
f 5661/74/3 5663/75/3 5662/76/3
f 5664/77/3 5663/75/3 5665/78/3
f 5665/78/3 5667/79/3 5666/80/3
f 5668/81/3 5667/79/3 5669/82/3
f 5669/82/3 5671/83/3 5670/84/3
f 5672/85/3 5671/83/3 5673/86/3
f 5673/86/3 5675/87/3 5674/88/3
f 5676/89/3 5675/87/3 5677/90/3
f 5677/90/3 5679/91/3 5678/92/3
f 5680/93/3 5679/91/3 5681/94/3
f 5681/94/3 5683/95/3 5682/96/3
f 5684/97/3 5683/95/3 5685/98/3
f 5685/98/3 5687/99/3 5686/100/3
f 5688/101/3 5687/99/3 5689/102/3
f 5689/102/3 5691/103/3 5690/104/3
f 5692/105/3 5691/103/3 5693/106/3
f 5693/106/3 5695/107/3 5694/108/3
f 5696/109/3 5695/107/3 5697/110/3
f 5697/110/3 5699/111/3 5698/112/3
f 5700/113/3 5699/111/3 5659/70/3
f 5661/74/3 5658/71/3 5701/114/3
f 5701/114/3 5663/75/3 5661/74/3
f 5665/78/3 5663/75/3 5701/114/3
f 5701/114/3 5667/79/3 5665/78/3
f 5669/82/3 5667/79/3 5701/114/3
f 5701/114/3 5671/83/3 5669/82/3
f 5673/86/3 5671/83/3 5701/114/3
f 5701/114/3 5675/87/3 5673/86/3
f 5677/90/3 5675/87/3 5701/114/3
f 5701/114/3 5679/91/3 5677/90/3
f 5681/94/3 5679/91/3 5701/114/3
f 5701/114/3 5683/95/3 5681/94/3
f 5685/98/3 5683/95/3 5701/114/3
f 5701/114/3 5687/99/3 5685/98/3
f 5689/102/3 5687/99/3 5701/114/3
f 5701/114/3 5691/103/3 5689/102/3
f 5693/106/3 5691/103/3 5701/114/3
f 5701/114/3 5695/107/3 5693/106/3
f 5697/110/3 5695/107/3 5701/114/3
f 5701/114/3 5699/111/3 5697/110/3
f 5659/70/3 5699/111/3 5701/114/3
f 5701/114/3 5658/71/3 5659/70/3
s 1
f 1074/115/4 1/116/5 1076/117/6
f 1/116/5 2/118/7 1076/117/6
f 2/118/7 3/119/8 1076/117/6
f 3/119/8 4/120/9 1076/117/6
f 4/120/9 5/121/10 1076/117/6
f 5/121/10 1081/122/11 1076/117/6
f 5/123/10 21/124/12 1083/125/13
f 1083/125/13 1081/126/11 5/123/10
f 4/127/9 20/128/14 21/124/12
f 21/124/12 5/123/10 4/127/9
f 3/129/8 19/130/15 20/128/14
f 20/128/14 4/127/9 3/129/8
f 2/131/7 18/132/16 19/130/15
f 19/130/15 3/129/8 2/131/7
f 2/131/7 1/133/5 37/134/17
f 37/134/17 18/132/16 2/131/7
f 1/133/5 1074/135/4 1088/136/18
f 1088/136/18 37/134/17 1/133/5
f 22/137/19 14/138/16 13/139/20
f 13/139/20 12/140/21 22/137/19
f 22/137/19 23/141/15 15/142/15
f 15/142/15 14/138/16 22/137/19
f 23/141/15 24/143/14 16/144/14
f 16/144/14 15/142/15 23/141/15
f 24/143/14 25/145/12 17/146/12
f 17/146/12 16/144/14 24/143/14
f 25/145/12 1099/147/13 1100/148/13
f 1100/148/13 17/146/12 25/145/12
f 13/139/20 14/138/16 18/132/16
f 18/132/16 37/134/17 13/139/20
f 14/138/16 15/142/15 19/130/15
f 19/130/15 18/132/16 14/138/16
f 15/142/15 16/144/14 20/128/14
f 20/128/14 19/130/15 15/142/15
f 16/144/14 17/146/12 21/124/12
f 21/124/12 20/128/14 16/144/14
f 17/146/12 1100/148/13 1083/125/13
f 1083/125/13 21/124/12 17/146/12
f 12/140/21 11/149/22 22/137/19
f 11/149/22 26/150/15 23/141/15
f 23/141/15 22/137/19 11/149/22
f 26/150/15 27/151/14 24/143/14
f 24/143/14 23/141/15 26/150/15
f 27/151/14 28/152/12 25/145/12
f 25/145/12 24/143/14 27/151/14
f 28/152/12 1105/153/13 1099/147/13
f 1099/147/13 25/145/12 28/152/12
f 10/154/23 9/155/15 26/150/15
f 26/150/15 11/149/22 10/154/23
f 9/155/15 8/156/14 27/151/14
f 27/151/14 26/150/15 9/155/15
f 8/156/14 7/157/12 28/152/12
f 28/152/12 27/151/14 8/156/14
f 7/157/12 6/158/13 1105/153/13
f 1105/153/13 28/152/12 7/157/12
f 32/159/24 33/160/25 30/161/26
f 30/161/26 29/162/27 32/159/24
f 34/163/28 31/164/29 30/161/26
f 30/161/26 33/160/25 34/163/28
f 35/165/30 38/166/31 31/164/29
f 31/164/29 34/163/28 35/165/30
f 36/167/32 1115/168/33 38/166/31
f 38/166/31 35/165/30 36/167/32
f 11/149/22 33/160/25 32/159/24
f 32/159/24 10/154/23 11/149/22
f 12/140/21 34/163/28 33/160/25
f 33/160/25 11/149/22 12/140/21
f 13/139/20 35/165/30 34/163/28
f 34/163/28 12/140/21 13/139/20
f 37/134/17 36/167/32 35/165/30
f 35/165/30 13/139/20 37/134/17
f 36/167/32 37/134/17 1088/136/18
f 1088/136/18 39/169/34 36/167/32
f 1115/168/33 36/167/32 39/169/34
f 41/170/35 47/171/36 1118/172/37
f 1118/172/37 40/173/37 41/170/35
f 42/174/38 48/175/39 47/171/36
f 47/171/36 41/170/35 42/174/38
f 43/176/40 49/177/41 48/175/39
f 48/175/39 42/174/38 43/176/40
f 44/178/42 50/179/43 49/177/41
f 49/177/41 43/176/40 44/178/42
f 45/180/44 51/181/45 50/179/43
f 50/179/43 44/178/42 45/180/44
f 46/182/46 1127/183/46 51/181/45
f 51/181/45 45/180/44 46/182/46
f 52/184/2 53/185/47 61/186/48
f 61/186/48 60/187/49 52/184/2
f 53/185/47 54/188/50 62/189/51
f 62/189/51 61/186/48 53/185/47
f 54/188/50 55/190/52 1134/191/52
f 1134/191/52 62/189/51 54/188/50
f 56/192/53 57/193/54 59/194/55
f 59/194/55 1137/195/53 56/192/53
f 58/196/56 63/197/57 59/194/55
f 59/194/55 57/193/54 58/196/56
f 58/196/56 52/184/2 60/187/49
f 60/187/49 63/197/57 58/196/56
f 64/198/58 65/199/59 1141/200/60
f 64/198/58 66/201/61 65/199/59
f 64/198/58 67/202/61 66/201/61
f 64/198/58 68/203/61 67/202/61
f 64/198/58 69/204/61 68/203/61
f 64/198/58 70/205/61 69/204/61
f 91/206/62 89/207/63 1148/208/64
f 1148/208/64 90/209/65 91/206/62
f 93/210/66 91/206/62 90/209/65
f 90/209/65 92/211/67 93/210/66
f 95/212/68 93/210/66 92/211/67
f 92/211/67 94/213/69 95/212/68
f 97/214/70 95/212/68 94/213/69
f 94/213/69 96/215/71 97/214/70
f 99/216/72 97/214/70 96/215/71
f 96/215/71 98/217/73 99/216/72
f 1157/218/74 99/216/72 98/217/73
f 98/217/73 100/219/75 1157/218/74
f 1158/220/76 71/221/76 1160/222/76
f 71/221/76 72/223/76 1160/222/76
f 72/223/76 73/224/76 1160/222/76
f 73/224/76 74/225/76 1160/222/76
f 74/225/76 75/226/76 1160/222/76
f 75/226/76 1165/227/76 1160/222/76
f 71/228/77 1158/229/78 76/230/79
f 76/230/79 78/231/80 71/228/77
f 1141/232/81 65/233/82 77/234/83
f 77/234/83 1167/235/84 1141/232/81
f 72/236/85 71/228/77 78/231/80
f 78/231/80 80/237/86 72/236/85
f 65/233/82 66/238/85 79/239/87
f 79/239/87 77/234/83 65/233/82
f 73/240/2 72/236/85 80/237/86
f 80/237/86 82/241/88 73/240/2
f 66/238/85 67/242/2 81/243/89
f 81/243/89 79/239/87 66/238/85
f 74/244/90 73/240/2 82/241/88
f 82/241/88 84/245/91 74/244/90
f 67/242/2 68/246/90 83/247/92
f 83/247/92 81/243/89 67/242/2
f 75/248/93 74/244/90 84/245/91
f 84/245/91 86/249/94 75/248/93
f 68/246/90 69/250/93 85/251/95
f 85/251/95 83/247/92 68/246/90
f 1165/252/96 75/248/93 86/249/94
f 86/249/94 88/253/97 1165/252/96
f 69/250/93 70/254/96 87/255/98
f 87/255/98 85/251/95 69/250/93
f 78/231/80 76/230/79 89/207/63
f 89/207/63 91/206/62 78/231/80
f 1167/235/84 77/234/83 90/209/65
f 90/209/65 1148/208/64 1167/235/84
f 80/237/86 78/231/80 91/206/62
f 91/206/62 93/210/66 80/237/86
f 77/234/83 79/239/87 92/211/67
f 92/211/67 90/209/65 77/234/83
f 82/241/88 80/237/86 93/210/66
f 93/210/66 95/212/68 82/241/88
f 79/239/87 81/243/89 94/213/69
f 94/213/69 92/211/67 79/239/87
f 84/245/91 82/241/88 95/212/68
f 95/212/68 97/214/70 84/245/91
f 81/243/89 83/247/92 96/215/71
f 96/215/71 94/213/69 81/243/89
f 86/249/94 84/245/91 97/214/70
f 97/214/70 99/216/72 86/249/94
f 83/247/92 85/251/95 98/217/73
f 98/217/73 96/215/71 83/247/92
f 88/253/97 86/249/94 99/216/72
f 99/216/72 1157/218/74 88/253/97
f 85/251/95 87/255/98 100/219/75
f 100/219/75 98/217/73 85/251/95
f 141/256/99 133/257/100 134/258/101
f 134/258/101 142/259/102 141/256/99
f 140/260/103 132/261/104 133/257/100
f 133/257/100 141/256/99 140/260/103
f 139/262/105 131/263/106 132/261/104
f 132/261/104 140/260/103 139/262/105
f 138/264/107 135/265/108 131/263/106
f 131/263/106 139/262/105 138/264/107
f 138/264/107 137/266/109 130/267/110
f 130/267/110 135/265/108 138/264/107
f 137/266/109 143/268/111 136/269/112
f 136/269/112 130/267/110 137/266/109
f 134/258/101 125/270/113 148/271/114
f 148/271/114 142/259/102 134/258/101
f 126/272/115 147/273/116 148/271/114
f 148/271/114 125/270/113 126/272/115
f 126/272/115 127/274/117 146/275/118
f 146/275/118 147/273/116 126/272/115
f 127/274/117 128/276/119 145/277/120
f 145/277/120 146/275/118 127/274/117
f 128/276/119 129/278/121 144/279/122
f 144/279/122 145/277/120 128/276/119
f 129/278/121 136/280/112 143/281/111
f 143/281/111 144/279/122 129/278/121
f 104/282/123 105/283/124 122/284/125
f 122/284/125 121/285/126 104/282/123
f 103/286/127 104/282/123 121/285/126
f 121/285/126 120/287/128 103/286/127
f 102/288/129 103/286/127 120/287/128
f 120/287/128 119/289/130 102/288/129
f 106/290/131 102/288/129 119/289/130
f 119/289/130 123/291/132 106/290/131
f 101/292/133 106/290/131 123/291/132
f 123/291/132 118/293/134 101/292/133
f 112/294/135 101/292/133 118/293/134
f 118/293/134 124/295/136 112/294/135
f 105/283/124 107/296/137 113/297/138
f 113/297/138 122/284/125 105/283/124
f 107/296/137 108/298/139 114/299/140
f 114/299/140 113/297/138 107/296/137
f 108/298/139 109/300/141 115/301/142
f 115/301/142 114/299/140 108/298/139
f 109/300/141 110/302/143 116/303/144
f 116/303/144 115/301/142 109/300/141
f 110/302/143 111/304/145 117/305/146
f 117/305/146 116/303/144 110/302/143
f 111/304/145 112/306/135 124/307/136
f 124/307/136 117/305/146 111/304/145
f 121/285/126 122/284/125 134/258/101
f 134/258/101 133/257/100 121/285/126
f 120/287/128 121/285/126 133/257/100
f 133/257/100 132/261/104 120/287/128
f 119/289/130 120/287/128 132/261/104
f 132/261/104 131/263/106 119/289/130
f 123/291/132 119/289/130 131/263/106
f 131/263/106 135/265/108 123/291/132
f 118/293/134 123/291/132 135/265/108
f 135/265/108 130/267/110 118/293/134
f 124/295/136 118/293/134 130/267/110
f 130/267/110 136/269/112 124/295/136
f 122/284/125 113/297/138 125/270/113
f 125/270/113 134/258/101 122/284/125
f 113/297/138 114/299/140 126/272/115
f 126/272/115 125/270/113 113/297/138
f 114/299/140 115/301/142 127/274/117
f 127/274/117 126/272/115 114/299/140
f 115/301/142 116/303/144 128/276/119
f 128/276/119 127/274/117 115/301/142
f 116/303/144 117/305/146 129/278/121
f 129/278/121 128/276/119 116/303/144
f 117/305/146 124/307/136 136/280/112
f 136/280/112 129/278/121 117/305/146
f 137/266/109 203/308/147 1225/309/148
f 1225/309/148 143/268/111 137/266/109
f 138/264/107 204/310/149 203/308/147
f 203/308/147 137/266/109 138/264/107
f 139/262/105 1226/311/150 204/310/149
f 204/310/149 138/264/107 139/262/105
f 139/262/105 140/260/103 1227/312/151
f 1227/312/151 1226/311/150 139/262/105
f 140/260/103 141/256/99 205/313/152
f 205/313/152 1227/312/151 140/260/103
f 141/256/99 142/259/102 1228/314/153
f 1228/314/153 205/313/152 141/256/99
f 144/279/122 143/281/111 1225/315/148
f 1225/315/148 1229/316/154 144/279/122
f 145/277/120 144/279/122 1229/316/154
f 1229/316/154 1230/317/155 145/277/120
f 146/275/118 145/277/120 1230/317/155
f 1230/317/155 1231/318/156 146/275/118
f 146/275/118 1231/318/156 1232/319/157
f 1232/319/157 147/273/116 146/275/118
f 147/273/116 1232/319/157 206/320/158
f 206/320/158 148/271/114 147/273/116
f 148/271/114 206/320/158 1228/314/153
f 1228/314/153 142/259/102 148/271/114
f 170/321/3 171/322/3 150/323/3
f 150/323/3 185/324/3 170/321/3
f 171/322/3 172/325/3 151/326/3
f 151/326/3 150/323/3 171/322/3
f 172/325/3 173/327/3 152/328/3
f 152/328/3 151/326/3 172/325/3
f 173/327/3 174/329/3 153/330/3
f 153/330/3 152/328/3 173/327/3
f 174/329/3 175/331/3 154/332/3
f 154/332/3 153/330/3 174/329/3
f 175/331/3 176/333/3 155/334/3
f 155/334/3 154/332/3 175/331/3
f 149/335/159 186/336/160 157/337/160
f 157/337/160 156/338/159 149/335/159
f 186/336/160 187/339/161 158/340/161
f 158/340/161 157/337/160 186/336/160
f 187/339/161 188/341/162 159/342/162
f 159/342/162 158/340/161 187/339/161
f 188/341/162 189/343/163 160/344/163
f 160/344/163 159/342/162 188/341/162
f 189/343/163 190/345/164 161/346/164
f 161/346/164 160/344/163 189/343/163
f 190/345/164 191/347/165 162/348/165
f 162/348/165 161/346/164 190/345/164
f 192/349/2 193/350/2 164/351/2
f 164/351/2 163/352/2 192/349/2
f 193/350/2 194/353/2 165/354/2
f 165/354/2 164/351/2 193/350/2
f 194/353/2 195/355/2 166/356/2
f 166/356/2 165/354/2 194/353/2
f 195/355/2 196/357/2 167/358/2
f 167/358/2 166/356/2 195/355/2
f 196/357/2 197/359/2 168/360/2
f 168/360/2 167/358/2 196/357/2
f 197/359/2 198/361/2 169/362/2
f 169/362/2 168/360/2 197/359/2
f 163/363/166 164/364/167 171/365/167
f 171/365/167 170/366/166 163/363/166
f 164/364/168 165/367/169 172/368/169
f 172/368/169 171/365/168 164/364/168
f 165/367/169 166/369/1 173/370/1
f 173/370/1 172/368/169 165/367/169
f 166/369/1 167/371/170 174/372/170
f 174/372/170 173/370/1 166/369/1
f 167/371/170 168/373/171 175/374/171
f 175/374/171 174/372/170 167/371/170
f 168/373/171 169/375/172 176/376/172
f 176/376/172 175/374/171 168/373/171
f 170/321/3 185/324/3 177/377/3
f 177/377/3 183/378/3 170/321/3
f 155/334/3 176/333/3 184/379/3
f 184/379/3 200/380/3 155/334/3
f 149/335/173 156/338/173 179/381/173
f 179/381/173 199/382/173 149/335/173
f 162/348/174 191/347/174 178/383/174
f 178/383/174 202/384/174 162/348/174
f 192/349/2 163/352/2 181/385/2
f 181/385/2 201/386/2 192/349/2
f 169/362/2 198/361/2 180/387/2
f 180/387/2 182/388/2 169/362/2
f 163/363/166 170/366/166 183/3/175
f 183/3/175 181/8/175 163/363/166
f 176/376/172 169/375/172 182/10/176
f 182/10/176 184/4/176 176/376/172
f 150/323/177 186/336/177 149/335/178
f 149/335/178 185/324/179 150/323/177
f 151/326/180 187/339/180 186/336/177
f 186/336/177 150/323/177 151/326/180
f 152/328/181 188/341/181 187/339/180
f 187/339/180 151/326/180 152/328/181
f 153/330/182 189/343/182 188/341/181
f 188/341/181 152/328/181 153/330/182
f 154/332/183 190/345/183 189/343/182
f 189/343/182 153/330/182 154/332/183
f 155/334/184 191/347/185 190/345/183
f 190/345/183 154/332/183 155/334/184
f 157/337/186 193/350/186 192/349/187
f 192/349/187 156/338/188 157/337/186
f 158/340/189 194/353/189 193/350/186
f 193/350/186 157/337/186 158/340/189
f 159/342/190 195/355/190 194/353/189
f 194/353/189 158/340/189 159/342/190
f 160/344/191 196/357/191 195/355/190
f 195/355/190 159/342/190 160/344/191
f 161/346/192 197/359/192 196/357/191
f 196/357/191 160/344/191 161/346/192
f 162/348/193 198/361/194 197/359/192
f 197/359/192 161/346/192 162/348/193
f 185/324/179 149/335/178 199/382/195
f 199/382/195 177/377/195 185/324/179
f 191/347/185 155/334/184 200/380/196
f 200/380/196 178/383/196 191/347/185
f 156/338/188 192/349/187 201/386/197
f 201/386/197 179/381/197 156/338/188
f 198/361/194 162/348/193 202/384/198
f 202/384/198 180/387/198 198/361/194
f 207/389/61 209/390/61 208/391/61
f 207/389/61 210/392/61 209/390/61
f 207/389/61 211/393/61 210/392/61
f 207/389/61 212/394/61 211/393/61
f 207/389/61 213/395/61 212/394/61
f 207/389/61 214/396/61 213/395/61
f 209/397/77 222/398/199 1293/399/200
f 1293/399/200 208/400/78 209/397/77
f 210/401/85 223/402/201 222/398/199
f 222/398/199 209/397/77 210/401/85
f 211/403/2 224/404/202 223/402/201
f 223/402/201 210/401/85 211/403/2
f 212/405/90 225/406/203 224/404/202
f 224/404/202 211/403/2 212/405/90
f 213/407/93 226/408/204 225/406/203
f 225/406/203 212/405/90 213/407/93
f 214/409/96 1298/410/205 226/408/204
f 226/408/204 213/407/93 214/409/96
f 1299/411/76 215/412/76 221/413/76
f 215/412/76 216/414/76 221/413/76
f 216/414/76 217/415/76 221/413/76
f 217/415/76 218/416/76 221/413/76
f 218/416/76 219/417/76 221/413/76
f 219/417/76 220/418/76 221/413/76
f 227/419/206 1306/420/207 1293/399/200
f 1293/399/200 222/398/199 227/419/206
f 228/421/208 227/419/206 222/398/199
f 222/398/199 223/402/201 228/421/208
f 229/422/209 228/421/208 223/402/201
f 223/402/201 224/404/202 229/422/209
f 230/423/210 229/422/209 224/404/202
f 224/404/202 225/406/203 230/423/210
f 231/424/211 230/423/210 225/406/203
f 225/406/203 226/408/204 231/424/211
f 232/425/212 231/424/211 226/408/204
f 226/408/204 1298/410/205 232/425/212
f 215/426/213 1299/427/214 1306/420/207
f 1306/420/207 227/419/206 215/426/213
f 216/428/215 215/426/213 227/419/206
f 227/419/206 228/421/208 216/428/215
f 217/429/216 216/428/215 228/421/208
f 228/421/208 229/422/209 217/429/216
f 218/430/217 217/429/216 229/422/209
f 229/422/209 230/423/210 218/430/217
f 219/431/218 218/430/217 230/423/210
f 230/423/210 231/424/211 219/431/218
f 220/432/219 219/431/218 231/424/211
f 231/424/211 232/425/212 220/432/219
f 246/433/220 234/434/221 233/435/222
f 233/435/222 245/436/223 246/433/220
f 247/437/224 235/438/225 234/434/221
f 234/434/221 246/433/220 247/437/224
f 248/439/226 236/440/227 235/438/225
f 235/438/225 247/437/224 248/439/226
f 249/441/228 237/442/229 236/440/227
f 236/440/227 248/439/226 249/441/228
f 250/443/230 238/444/231 237/442/229
f 237/442/229 249/441/228 250/443/230
f 251/445/232 239/446/233 238/444/231
f 238/444/231 250/443/230 251/445/232
f 252/447/234 240/448/235 239/449/233
f 239/449/233 251/450/232 252/447/234
f 253/451/236 241/452/237 240/448/235
f 240/448/235 252/447/234 253/451/236
f 254/453/238 242/454/239 241/452/237
f 241/452/237 253/451/236 254/453/238
f 255/455/240 243/456/241 242/454/239
f 242/454/239 254/453/238 255/455/240
f 256/457/242 244/458/243 243/456/241
f 243/456/241 255/455/240 256/457/242
f 245/436/223 233/435/222 244/458/243
f 244/458/243 256/457/242 245/436/223
f 258/459/244 246/433/220 245/436/223
f 245/436/223 257/460/245 258/459/244
f 259/461/246 247/437/224 246/433/220
f 246/433/220 258/459/244 259/461/246
f 260/462/247 248/439/226 247/437/224
f 247/437/224 259/461/246 260/462/247
f 261/463/248 249/441/228 248/439/226
f 248/439/226 260/462/247 261/463/248
f 262/464/249 250/443/230 249/441/228
f 249/441/228 261/463/248 262/464/249
f 263/465/250 251/445/232 250/443/230
f 250/443/230 262/464/249 263/465/250
f 264/466/251 252/447/234 251/450/232
f 251/450/232 263/467/250 264/466/251
f 265/468/252 253/451/236 252/447/234
f 252/447/234 264/466/251 265/468/252
f 266/469/253 254/453/238 253/451/236
f 253/451/236 265/468/252 266/469/253
f 267/470/254 255/455/240 254/453/238
f 254/453/238 266/469/253 267/470/254
f 268/471/255 256/457/242 255/455/240
f 255/455/240 267/470/254 268/471/255
f 257/460/245 245/436/223 256/457/242
f 256/457/242 268/471/255 257/460/245
f 270/472/256 258/459/244 257/460/245
f 257/460/245 269/473/257 270/472/256
f 271/474/258 259/461/246 258/459/244
f 258/459/244 270/472/256 271/474/258
f 272/475/259 260/462/247 259/461/246
f 259/461/246 271/474/258 272/475/259
f 273/476/260 261/463/248 260/462/247
f 260/462/247 272/475/259 273/476/260
f 274/477/261 262/464/249 261/463/248
f 261/463/248 273/476/260 274/477/261
f 275/478/262 263/465/250 262/464/249
f 262/464/249 274/477/261 275/478/262
f 276/479/263 264/466/251 263/467/250
f 263/467/250 275/480/262 276/479/263
f 277/481/264 265/468/252 264/466/251
f 264/466/251 276/479/263 277/481/264
f 278/482/265 266/469/253 265/468/252
f 265/468/252 277/481/264 278/482/265
f 279/483/266 267/470/254 266/469/253
f 266/469/253 278/482/265 279/483/266
f 280/484/267 268/471/255 267/470/254
f 267/470/254 279/483/266 280/484/267
f 269/473/257 257/460/245 268/471/255
f 268/471/255 280/484/267 269/473/257
f 294/485/268 282/486/269 281/487/270
f 281/487/270 293/488/271 294/485/268
f 295/489/272 283/490/273 282/486/269
f 282/486/269 294/485/268 295/489/272
f 296/491/274 284/492/275 283/490/273
f 283/490/273 295/489/272 296/491/274
f 297/493/276 285/494/277 284/492/275
f 284/492/275 296/491/274 297/493/276
f 298/495/278 286/496/279 285/494/277
f 285/494/277 297/493/276 298/495/278
f 299/497/280 287/498/281 286/496/279
f 286/496/279 298/495/278 299/497/280
f 300/499/282 288/500/283 287/501/281
f 287/501/281 299/502/280 300/499/282
f 301/503/284 289/504/285 288/500/283
f 288/500/283 300/499/282 301/503/284
f 302/505/286 290/506/287 289/504/285
f 289/504/285 301/503/284 302/505/286
f 303/507/288 291/508/289 290/506/287
f 290/506/287 302/505/286 303/507/288
f 304/509/290 292/510/291 291/508/289
f 291/508/289 303/507/288 304/509/290
f 293/488/271 281/487/270 292/510/291
f 292/510/291 304/509/290 293/488/271
f 306/511/292 294/485/268 293/488/271
f 293/488/271 305/512/293 306/511/292
f 307/513/294 295/489/272 294/485/268
f 294/485/268 306/511/292 307/513/294
f 308/514/295 296/491/274 295/489/272
f 295/489/272 307/513/294 308/514/295
f 309/515/296 297/493/276 296/491/274
f 296/491/274 308/514/295 309/515/296
f 310/516/297 298/495/278 297/493/276
f 297/493/276 309/515/296 310/516/297
f 311/517/298 299/497/280 298/495/278
f 298/495/278 310/516/297 311/517/298
f 312/518/299 300/499/282 299/502/280
f 299/502/280 311/519/298 312/518/299
f 313/520/300 301/503/284 300/499/282
f 300/499/282 312/518/299 313/520/300
f 314/521/301 302/505/286 301/503/284
f 301/503/284 313/520/300 314/521/301
f 315/522/302 303/507/288 302/505/286
f 302/505/286 314/521/301 315/522/302
f 316/523/303 304/509/290 303/507/288
f 303/507/288 315/522/302 316/523/303
f 305/512/293 293/488/271 304/509/290
f 304/509/290 316/523/303 305/512/293
f 320/524/304 319/525/305 317/526/306
f 321/527/307 320/524/304 317/526/306
f 322/528/308 321/527/307 317/526/306
f 323/529/309 322/528/308 317/526/306
f 324/530/310 323/529/309 317/526/306
f 325/531/311 324/530/310 317/526/306
f 326/532/312 325/531/311 317/526/306
f 327/533/313 326/532/312 317/526/306
f 328/534/314 327/533/313 317/526/306
f 329/535/315 328/534/314 317/526/306
f 330/536/316 329/535/315 317/526/306
f 319/525/305 330/536/316 317/526/306
f 332/537/317 331/538/318 318/539/319
f 333/540/320 332/537/317 318/539/319
f 334/541/321 333/540/320 318/539/319
f 335/542/322 334/541/321 318/539/319
f 336/543/323 335/542/322 318/539/319
f 337/544/324 336/543/323 318/539/319
f 338/545/325 337/544/324 318/539/319
f 339/546/326 338/545/325 318/539/319
f 340/547/327 339/546/326 318/539/319
f 341/548/328 340/547/327 318/539/319
f 342/549/329 341/548/328 318/539/319
f 331/538/318 342/549/329 318/539/319
f 269/550/257 319/525/305 320/524/304
f 320/524/304 270/551/256 269/550/257
f 270/551/256 320/524/304 321/527/307
f 321/527/307 271/552/258 270/551/256
f 271/552/258 321/527/307 322/528/308
f 322/528/308 272/553/259 271/552/258
f 272/553/259 322/528/308 323/529/309
f 323/529/309 273/554/260 272/553/259
f 273/554/260 323/529/309 324/530/310
f 324/530/310 274/555/261 273/554/260
f 274/555/261 324/530/310 325/531/311
f 325/531/311 275/556/262 274/555/261
f 275/556/262 325/531/311 326/532/312
f 326/532/312 276/557/263 275/556/262
f 276/557/263 326/532/312 327/533/313
f 327/533/313 277/558/264 276/557/263
f 277/558/264 327/533/313 328/534/314
f 328/534/314 278/559/265 277/558/264
f 278/559/265 328/534/314 329/535/315
f 329/535/315 279/560/266 278/559/265
f 279/560/266 329/535/315 330/536/316
f 330/536/316 280/561/267 279/560/266
f 280/561/267 330/536/316 319/525/305
f 319/525/305 269/550/257 280/561/267
f 305/562/293 331/538/318 332/537/317
f 332/537/317 306/563/292 305/562/293
f 306/563/292 332/537/317 333/540/320
f 333/540/320 307/564/294 306/563/292
f 307/564/294 333/540/320 334/541/321
f 334/541/321 308/565/295 307/564/294
f 308/565/295 334/541/321 335/542/322
f 335/542/322 309/566/296 308/565/295
f 309/566/296 335/542/322 336/543/323
f 336/543/323 310/567/297 309/566/296
f 310/567/297 336/543/323 337/544/324
f 337/544/324 311/568/298 310/567/297
f 311/568/298 337/544/324 338/545/325
f 338/545/325 312/569/299 311/568/298
f 312/569/299 338/545/325 339/546/326
f 339/546/326 313/570/300 312/569/299
f 313/570/300 339/546/326 340/547/327
f 340/547/327 314/571/301 313/570/300
f 314/571/301 340/547/327 341/548/328
f 341/548/328 315/572/302 314/571/301
f 315/572/302 341/548/328 342/549/329
f 342/549/329 316/573/303 315/572/302
f 316/573/303 342/549/329 331/538/318
f 331/538/318 305/562/293 316/573/303
f 343/574/3 344/575/3 345/576/3
f 345/576/3 346/577/3 343/574/3
f 344/575/3 347/578/3 348/579/3
f 348/579/3 345/576/3 344/575/3
f 347/578/3 349/580/3 350/581/3
f 350/581/3 348/579/3 347/578/3
f 351/582/2 352/583/2 353/584/2
f 353/584/2 354/585/2 351/582/2
f 352/583/2 355/586/2 356/587/2
f 356/587/2 353/584/2 352/583/2
f 355/586/2 357/588/2 358/589/2
f 358/589/2 356/587/2 355/586/2
f 354/590/330 353/591/162 344/592/162
f 344/592/162 343/593/330 354/590/330
f 353/591/162 356/594/331 347/595/331
f 347/595/331 344/592/162 353/591/162
f 356/594/332 358/596/332 349/597/332
f 349/597/332 347/595/332 356/594/332
f 343/574/3 346/577/3 362/598/3
f 362/598/3 361/599/3 343/574/3
f 351/582/2 354/585/2 359/600/2
f 359/600/2 360/601/2 351/582/2
f 354/590/330 343/593/330 361/602/161
f 361/602/161 359/603/161 354/590/330
f 360/604/333 359/603/164 361/602/164
f 361/602/164 362/605/333 360/604/333
f 346/577/3 345/576/3 363/606/3
f 363/606/3 364/607/3 346/577/3
f 345/576/3 348/579/3 365/608/3
f 365/608/3 363/606/3 345/576/3
f 350/581/3 371/609/3 365/608/3
f 365/608/3 348/579/3 350/581/3
f 352/583/2 351/582/2 366/610/2
f 366/610/2 367/611/2 352/583/2
f 355/586/2 352/583/2 367/611/2
f 367/611/2 368/612/2 355/586/2
f 362/598/3 346/577/3 364/607/3
f 364/607/3 370/613/3 362/598/3
f 351/582/2 360/601/2 369/614/2
f 369/614/2 366/610/2 351/582/2
f 362/605/333 370/615/334 404/616/335
f 360/604/333 362/605/333 404/616/335
f 404/616/335 403/617/335 369/618/335
f 360/604/333 404/616/335 369/618/335
f 357/588/2 355/586/2 368/612/2
f 368/612/2 396/619/2 357/588/2
f 372/620/3 375/621/3 374/622/3
f 374/622/3 373/623/3 372/620/3
f 373/623/3 374/622/3 377/624/3
f 377/624/3 376/625/3 373/623/3
f 376/625/3 377/624/3 350/581/3
f 350/581/3 349/580/3 376/625/3
f 378/626/2 381/627/2 380/628/2
f 380/628/2 379/629/2 378/626/2
f 379/629/2 380/628/2 383/630/2
f 383/630/2 382/631/2 379/629/2
f 382/631/2 383/630/2 358/589/2
f 358/589/2 357/588/2 382/631/2
f 381/632/336 372/633/336 373/634/337
f 373/634/337 380/635/337 381/632/336
f 380/635/337 373/634/337 376/636/167
f 376/636/167 383/637/167 380/635/337
f 383/637/165 376/636/165 349/597/165
f 349/597/165 358/596/165 383/637/165
f 372/620/3 385/638/3 384/639/3
f 384/639/3 375/621/3 372/620/3
f 378/626/2 387/640/2 386/641/2
f 386/641/2 381/627/2 378/626/2
f 381/632/336 386/642/169 385/643/169
f 385/643/169 372/633/336 381/632/336
f 387/644/338 384/645/338 385/643/164
f 385/643/164 386/642/164 387/644/338
f 375/621/3 389/646/3 388/647/3
f 388/647/3 374/622/3 375/621/3
f 374/622/3 388/647/3 390/648/3
f 390/648/3 377/624/3 374/622/3
f 350/581/3 377/624/3 390/648/3
f 390/648/3 371/609/3 350/581/3
f 379/629/2 392/649/2 391/650/2
f 391/650/2 378/626/2 379/629/2
f 382/631/2 393/651/2 392/649/2
f 392/649/2 379/629/2 382/631/2
f 384/639/3 394/652/3 389/646/3
f 389/646/3 375/621/3 384/639/3
f 378/626/2 391/650/2 395/653/2
f 395/653/2 387/640/2 378/626/2
f 387/644/338 395/654/339 413/655/339
f 413/655/339 412/656/339 394/657/339
f 387/644/338 413/655/339 394/657/339
f 387/644/338 394/657/339 384/645/338
f 357/588/2 396/619/2 393/651/2
f 393/651/2 382/631/2 357/588/2
f 403/658/340 404/659/340 398/660/341
f 398/660/341 400/661/341 403/658/340
f 400/661/341 398/660/341 397/662/342
f 397/662/342 401/663/342 400/661/341
f 401/663/343 397/662/343 399/664/344
f 399/664/344 402/665/344 401/663/343
f 402/665/344 399/664/344 405/666/171
f 405/666/171 414/667/171 402/665/344
f 414/667/171 405/666/171 408/668/345
f 408/668/345 411/669/345 414/667/171
f 411/669/345 408/668/345 406/670/346
f 406/670/346 410/671/346 411/669/345
f 410/671/347 406/670/347 407/672/348
f 407/672/348 409/673/348 410/671/347
f 409/673/348 407/672/348 412/674/349
f 412/674/349 413/675/349 409/673/348
f 363/606/350 397/662/351 398/660/352
f 398/660/352 364/607/353 363/606/350
f 365/608/354 399/664/355 397/662/356
f 397/662/356 363/606/357 365/608/354
f 366/610/358 400/676/359 401/677/360
f 401/677/360 367/611/361 366/610/358
f 367/611/362 401/677/363 402/678/364
f 402/678/364 368/612/365 367/611/362
f 368/612/365 402/678/364 414/679/366
f 414/679/366 396/619/367 368/612/365
f 364/607/353 398/660/352 404/659/368
f 404/659/368 370/613/369 364/607/353
f 369/614/370 403/680/371 400/676/359
f 400/676/359 366/610/358 369/614/370
f 371/609/372 405/666/373 399/664/355
f 399/664/355 365/608/354 371/609/372
f 389/646/374 407/672/375 406/670/376
f 406/670/376 388/647/377 389/646/374
f 388/647/378 406/670/379 408/668/380
f 408/668/380 390/648/381 388/647/378
f 390/648/381 408/668/380 405/666/373
f 405/666/373 371/609/372 390/648/381
f 392/649/382 410/681/383 409/682/384
f 409/682/384 391/650/385 392/649/382
f 393/651/386 411/683/387 410/681/388
f 410/681/388 392/649/389 393/651/386
f 394/652/390 412/674/391 407/672/375
f 407/672/375 389/646/374 394/652/390
f 391/650/385 409/682/384 413/684/392
f 413/684/392 395/653/393 391/650/385
f 396/619/367 414/679/366 411/683/387
f 411/683/387 393/651/386 396/619/367
f 415/685/2 416/686/2 428/687/2
f 428/687/2 427/688/2 415/685/2
f 416/686/2 417/689/2 429/690/2
f 429/690/2 428/687/2 416/686/2
f 417/689/2 418/691/2 430/692/2
f 430/692/2 429/690/2 417/689/2
f 418/691/2 419/693/2 431/694/2
f 431/694/2 430/692/2 418/691/2
f 419/693/2 420/695/2 432/696/2
f 432/696/2 431/694/2 419/693/2
f 420/695/2 421/697/2 433/698/2
f 433/698/2 432/696/2 420/695/2
f 421/697/2 422/699/2 434/700/2
f 434/700/2 433/698/2 421/697/2
f 422/699/2 423/701/2 435/702/2
f 435/702/2 434/700/2 422/699/2
f 423/701/2 424/703/2 436/704/2
f 436/704/2 435/702/2 423/701/2
f 424/705/2 425/706/2 437/707/2
f 437/707/2 436/708/2 424/705/2
f 425/706/2 426/709/2 438/710/2
f 438/710/2 437/707/2 425/706/2
f 426/709/2 415/685/2 427/688/2
f 427/688/2 438/710/2 426/709/2
f 427/688/171 428/687/176 440/711/176
f 440/711/176 439/712/171 427/688/171
f 428/687/176 429/690/160 441/713/160
f 441/713/160 440/711/176 428/687/176
f 429/690/160 430/692/161 442/714/161
f 442/714/161 441/713/160 429/690/160
f 430/692/161 431/694/162 443/715/162
f 443/715/162 442/714/161 430/692/161
f 431/694/162 432/696/163 444/716/163
f 444/716/163 443/715/162 431/694/162
f 432/696/163 433/698/164 445/717/164
f 445/717/164 444/716/163 432/696/163
f 433/698/164 434/700/175 446/718/175
f 446/718/175 445/717/164 433/698/164
f 434/700/175 435/702/337 447/719/337
f 447/719/337 446/718/175 434/700/175
f 435/702/337 436/704/169 448/720/169
f 448/720/169 447/719/337 435/702/337
f 436/708/169 437/707/1 449/721/1
f 449/721/1 448/722/169 436/708/169
f 437/707/1 438/710/170 450/723/170
f 450/723/170 449/721/1 437/707/1
f 438/710/170 427/688/171 439/712/171
f 439/712/171 450/723/170 438/710/170
f 416/686/176 415/685/171 451/724/171
f 451/724/171 1529/725/176 416/686/176
f 417/689/160 416/686/176 1529/725/176
f 1529/725/176 452/726/160 417/689/160
f 418/691/161 417/689/160 452/726/160
f 452/726/160 453/727/161 418/691/161
f 419/693/162 418/691/161 453/727/161
f 453/727/161 1530/728/162 419/693/162
f 420/695/163 419/693/162 1530/728/162
f 1530/728/162 454/729/163 420/695/163
f 421/697/164 420/695/163 454/729/163
f 454/729/163 1531/730/164 421/697/164
f 422/699/175 421/697/164 1531/730/164
f 1531/730/164 1532/731/175 422/699/175
f 423/701/337 422/699/175 1532/731/175
f 1532/731/175 455/732/337 423/701/337
f 424/703/169 423/701/337 455/732/337
f 455/732/337 456/733/169 424/703/169
f 425/706/1 424/705/169 456/734/169
f 456/734/169 1533/735/1 425/706/1
f 426/709/170 425/706/1 1533/735/1
f 1533/735/1 457/736/170 426/709/170
f 415/685/171 426/709/170 457/736/170
f 457/736/170 451/724/171 415/685/171
f 458/737/394 459/738/76 1535/739/76
f 458/737/394 460/740/76 459/738/76
f 458/737/394 461/741/76 460/740/76
f 458/737/394 462/742/76 461/741/76
f 458/737/394 463/743/395 462/742/76
f 458/737/394 5768/744/396 463/743/395
f 1535/745/96 459/746/93 465/747/93
f 465/747/93 464/748/96 1535/745/96
f 459/746/93 460/749/90 466/750/90
f 466/750/90 465/747/93 459/746/93
f 460/749/90 461/751/2 467/752/2
f 467/752/2 466/750/90 460/749/90
f 461/751/2 462/753/85 468/754/85
f 468/754/85 467/752/2 461/751/2
f 462/753/85 463/755/397 469/756/77
f 469/756/77 468/754/85 462/753/85
f 463/755/397 5768/757/398 470/758/399
f 470/758/399 469/756/77 463/755/397
f 464/748/400 465/747/401 472/759/401
f 472/759/401 471/760/400 464/748/400
f 465/747/401 466/750/402 473/761/402
f 473/761/402 472/759/401 465/747/401
f 466/750/402 467/752/403 474/762/403
f 474/762/403 473/761/402 466/750/402
f 467/752/403 468/754/404 475/763/404
f 475/763/404 474/762/403 467/752/403
f 468/754/404 469/756/405 476/764/405
f 476/764/405 475/763/404 468/754/404
f 469/756/405 470/758/406 477/765/406
f 477/765/406 476/764/405 469/756/405
f 1550/766/76 478/767/76 1552/768/76
f 1550/766/76 479/769/76 478/767/76
f 1550/766/76 480/770/76 479/769/76
f 1550/766/76 481/771/76 480/770/76
f 1550/766/76 482/772/76 481/771/76
f 1550/766/76 641/773/76 482/772/76
f 1557/774/61 483/775/61 489/776/61
f 489/776/61 488/777/61 1557/774/61
f 483/775/61 484/778/61 490/779/61
f 490/779/61 489/776/61 483/775/61
f 484/778/61 485/780/61 491/781/61
f 491/781/61 490/779/61 484/778/61
f 485/780/61 486/782/61 492/783/61
f 492/783/61 491/781/61 485/780/61
f 486/782/61 487/784/61 493/785/61
f 493/785/61 492/783/61 486/782/61
f 487/784/61 1568/786/61 642/787/61
f 642/787/61 493/785/61 487/784/61
f 643/788/61 1569/789/407 649/790/408
f 643/788/61 649/790/408 650/791/409
f 643/788/61 650/791/409 651/792/410
f 643/788/61 651/792/410 652/793/411
f 643/788/61 652/793/411 653/794/412
f 643/788/61 653/794/412 654/795/413
f 1575/796/61 494/797/414 500/798/414
f 500/798/414 499/799/61 1575/796/61
f 494/797/414 495/800/415 501/801/415
f 501/801/415 500/798/414 494/797/414
f 495/800/415 496/802/2 502/803/2
f 502/803/2 501/801/415 495/800/415
f 496/802/2 497/804/416 503/805/416
f 503/805/416 502/803/2 496/802/2
f 497/804/416 498/806/417 504/807/417
f 504/807/417 503/805/416 497/804/416
f 498/806/417 1586/808/76 1587/809/76
f 1587/809/76 504/807/417 498/806/417
f 510/810/418 1591/811/419 1588/812/420
f 1588/812/420 509/813/421 510/810/418
f 511/814/422 505/815/423 1591/811/419
f 1591/811/419 510/810/418 511/814/422
f 512/816/424 506/817/425 505/815/423
f 505/815/423 511/814/422 512/816/424
f 513/818/426 1595/819/427 506/817/425
f 506/817/425 512/816/424 513/818/426
f 514/820/428 1597/821/429 1595/819/427
f 1595/819/427 513/818/426 514/820/428
f 515/822/430 1599/823/431 1597/821/429
f 1597/821/429 514/820/428 515/822/430
f 516/824/432 1601/825/433 1599/826/431
f 1599/826/431 515/827/430 516/824/432
f 517/828/434 507/829/435 1601/825/433
f 1601/825/433 516/824/432 517/828/434
f 518/830/436 1604/831/437 507/829/435
f 507/829/435 517/828/434 518/830/436
f 519/832/438 508/833/439 1604/831/437
f 1604/831/437 518/830/436 519/832/438
f 520/834/440 1607/835/441 508/833/439
f 508/833/439 519/832/438 520/834/440
f 509/813/421 1588/812/420 1607/835/441
f 1607/835/441 520/834/440 509/813/421
f 509/813/421 521/836/442 522/837/443
f 522/837/443 510/810/418 509/813/421
f 510/810/418 522/837/443 523/838/444
f 523/838/444 511/814/422 510/810/418
f 511/814/422 523/838/444 524/839/445
f 524/839/445 512/816/424 511/814/422
f 512/816/424 524/839/445 525/840/446
f 525/840/446 513/818/426 512/816/424
f 513/818/426 525/840/446 526/841/447
f 526/841/447 514/820/428 513/818/426
f 514/820/428 526/841/447 527/842/448
f 527/842/448 515/822/430 514/820/428
f 515/827/430 527/843/448 528/844/449
f 528/844/449 516/824/432 515/827/430
f 516/824/432 528/844/449 529/845/450
f 529/845/450 517/828/434 516/824/432
f 517/828/434 529/845/450 530/846/451
f 530/846/451 518/830/436 517/828/434
f 518/830/436 530/846/451 531/847/452
f 531/847/452 519/832/438 518/830/436
f 519/832/438 531/847/452 532/848/453
f 532/848/453 520/834/440 519/832/438
f 520/834/440 532/848/453 521/836/442
f 521/836/442 509/813/421 520/834/440
f 534/849/454 522/837/443 521/836/442
f 521/836/442 533/850/455 534/849/454
f 535/851/456 523/838/444 522/837/443
f 522/837/443 534/849/454 535/851/456
f 536/852/457 524/839/445 523/838/444
f 523/838/444 535/851/456 536/852/457
f 537/853/458 525/840/446 524/839/445
f 524/839/445 536/852/457 537/853/458
f 538/854/459 526/841/447 525/840/446
f 525/840/446 537/853/458 538/854/459
f 539/855/460 527/842/448 526/841/447
f 526/841/447 538/854/459 539/855/460
f 540/856/461 528/844/449 527/843/448
f 527/843/448 539/857/460 540/856/461
f 541/858/462 529/845/450 528/844/449
f 528/844/449 540/856/461 541/858/462
f 542/859/463 530/846/451 529/845/450
f 529/845/450 541/858/462 542/859/463
f 543/860/464 531/847/452 530/846/451
f 530/846/451 542/859/463 543/860/464
f 544/861/465 532/848/453 531/847/452
f 531/847/452 543/860/464 544/861/465
f 533/850/455 521/836/442 532/848/453
f 532/848/453 544/861/465 533/850/455
f 546/862/466 534/849/454 533/850/455
f 533/850/455 545/863/467 546/862/466
f 547/864/468 535/851/456 534/849/454
f 534/849/454 546/862/466 547/864/468
f 548/865/469 536/852/457 535/851/456
f 535/851/456 547/864/468 548/865/469
f 549/866/470 537/853/458 536/852/457
f 536/852/457 548/865/469 549/866/470
f 550/867/471 538/854/459 537/853/458
f 537/853/458 549/866/470 550/867/471
f 551/868/472 539/855/460 538/854/459
f 538/854/459 550/867/471 551/868/472
f 552/869/473 540/856/461 539/857/460
f 539/857/460 551/870/472 552/869/473
f 553/871/474 541/858/462 540/856/461
f 540/856/461 552/869/473 553/871/474
f 554/872/475 542/859/463 541/858/462
f 541/858/462 553/871/474 554/872/475
f 555/873/476 543/860/464 542/859/463
f 542/859/463 554/872/475 555/873/476
f 556/874/477 544/861/465 543/860/464
f 543/860/464 555/873/476 556/874/477
f 545/863/467 533/850/455 544/861/465
f 544/861/465 556/874/477 545/863/467
f 545/863/467 557/875/478 558/876/479
f 558/876/479 546/862/466 545/863/467
f 546/862/466 558/876/479 559/877/480
f 559/877/480 547/864/468 546/862/466
f 547/864/468 559/877/480 560/878/481
f 560/878/481 548/865/469 547/864/468
f 548/865/469 560/878/481 561/879/482
f 561/879/482 549/866/470 548/865/469
f 549/866/470 561/879/482 562/880/483
f 562/880/483 550/867/471 549/866/470
f 550/867/471 562/880/483 563/881/484
f 563/881/484 551/868/472 550/867/471
f 551/870/472 563/882/484 564/883/485
f 564/883/485 552/869/473 551/870/472
f 552/869/473 564/883/485 565/884/486
f 565/884/486 553/871/474 552/869/473
f 553/871/474 565/884/486 566/885/487
f 566/885/487 554/872/475 553/871/474
f 554/872/475 566/885/487 567/886/488
f 567/886/488 555/873/476 554/872/475
f 555/873/476 567/886/488 568/887/489
f 568/887/489 556/874/477 555/873/476
f 556/874/477 568/887/489 557/875/478
f 557/875/478 545/863/467 556/874/477
f 570/888/490 558/876/479 557/875/478
f 557/875/478 569/889/491 570/888/490
f 571/890/492 559/877/480 558/876/479
f 558/876/479 570/888/490 571/890/492
f 572/891/493 560/878/481 559/877/480
f 559/877/480 571/890/492 572/891/493
f 573/892/494 561/879/482 560/878/481
f 560/878/481 572/891/493 573/892/494
f 574/893/495 562/880/483 561/879/482
f 561/879/482 573/892/494 574/893/495
f 575/894/496 563/881/484 562/880/483
f 562/880/483 574/893/495 575/894/496
f 576/895/497 564/883/485 563/882/484
f 563/882/484 575/896/496 576/895/497
f 577/897/498 565/884/486 564/883/485
f 564/883/485 576/895/497 577/897/498
f 578/898/499 566/885/487 565/884/486
f 565/884/486 577/897/498 578/898/499
f 579/899/500 567/886/488 566/885/487
f 566/885/487 578/898/499 579/899/500
f 580/900/501 568/887/489 567/886/488
f 567/886/488 579/899/500 580/900/501
f 569/889/491 557/875/478 568/887/489
f 568/887/489 580/900/501 569/889/491
f 569/889/491 581/901/502 582/902/503
f 582/902/503 570/888/490 569/889/491
f 570/888/490 582/902/503 583/903/504
f 583/903/504 571/890/492 570/888/490
f 571/890/492 583/903/504 584/904/505
f 584/904/505 572/891/493 571/890/492
f 572/891/493 584/904/505 585/905/506
f 585/905/506 573/892/494 572/891/493
f 573/892/494 585/905/506 586/906/507
f 586/906/507 574/893/495 573/892/494
f 574/893/495 586/906/507 587/907/508
f 587/907/508 575/894/496 574/893/495
f 575/896/496 587/908/508 588/909/509
f 588/909/509 576/895/497 575/896/496
f 576/895/497 588/909/509 589/910/510
f 589/910/510 577/897/498 576/895/497
f 577/897/498 589/910/510 590/911/511
f 590/911/511 578/898/499 577/897/498
f 578/898/499 590/911/511 591/912/512
f 591/912/512 579/899/500 578/898/499
f 579/899/500 591/912/512 592/913/513
f 592/913/513 580/900/501 579/899/500
f 580/900/501 592/913/513 581/901/502
f 581/901/502 569/889/491 580/900/501
f 594/914/514 582/902/503 581/901/502
f 581/901/502 593/915/455 594/914/514
f 595/916/515 583/903/504 582/902/503
f 582/902/503 594/914/514 595/916/515
f 596/917/516 584/904/505 583/903/504
f 583/903/504 595/916/515 596/917/516
f 597/918/517 585/905/506 584/904/505
f 584/904/505 596/917/516 597/918/517
f 598/919/518 586/906/507 585/905/506
f 585/905/506 597/918/517 598/919/518
f 599/920/460 587/907/508 586/906/507
f 586/906/507 598/919/518 599/920/460
f 600/921/519 588/909/509 587/908/508
f 587/908/508 599/922/460 600/921/519
f 601/923/520 589/910/510 588/909/509
f 588/909/509 600/921/519 601/923/520
f 602/924/521 590/911/511 589/910/510
f 589/910/510 601/923/520 602/924/521
f 603/925/522 591/912/512 590/911/511
f 590/911/511 602/924/521 603/925/522
f 604/926/523 592/913/513 591/912/512
f 591/912/512 603/925/522 604/926/523
f 593/915/455 581/901/502 592/913/513
f 592/913/513 604/926/523 593/915/455
f 606/927/524 594/914/514 593/915/455
f 593/915/455 605/928/525 606/927/524
f 607/929/526 595/916/515 594/914/514
f 594/914/514 606/927/524 607/929/526
f 608/930/527 596/917/516 595/916/515
f 595/916/515 607/929/526 608/930/527
f 609/931/528 597/918/517 596/917/516
f 596/917/516 608/930/527 609/931/528
f 610/932/529 598/919/518 597/918/517
f 597/918/517 609/931/528 610/932/529
f 611/933/530 599/920/460 598/919/518
f 598/919/518 610/932/529 611/933/530
f 612/934/531 600/921/519 599/922/460
f 599/922/460 611/935/530 612/934/531
f 613/936/532 601/923/520 600/921/519
f 600/921/519 612/934/531 613/936/532
f 614/937/533 602/924/521 601/923/520
f 601/923/520 613/936/532 614/937/533
f 615/938/534 603/925/522 602/924/521
f 602/924/521 614/937/533 615/938/534
f 616/939/535 604/926/523 603/925/522
f 603/925/522 615/938/534 616/939/535
f 605/928/525 593/915/455 604/926/523
f 604/926/523 616/939/535 605/928/525
f 605/928/525 617/940/536 618/941/537
f 618/941/537 606/927/524 605/928/525
f 606/927/524 618/941/537 619/942/538
f 619/942/538 607/929/526 606/927/524
f 607/929/526 619/942/538 620/943/539
f 620/943/539 608/930/527 607/929/526
f 608/930/527 620/943/539 621/944/540
f 621/944/540 609/931/528 608/930/527
f 609/931/528 621/944/540 622/945/541
f 622/945/541 610/932/529 609/931/528
f 610/932/529 622/945/541 623/946/542
f 623/946/542 611/933/530 610/932/529
f 611/935/530 623/947/542 624/948/543
f 624/948/543 612/934/531 611/935/530
f 612/934/531 624/948/543 625/949/544
f 625/949/544 613/936/532 612/934/531
f 613/936/532 625/949/544 626/950/545
f 626/950/545 614/937/533 613/936/532
f 614/937/533 626/950/545 627/951/546
f 627/951/546 615/938/534 614/937/533
f 615/938/534 627/951/546 628/952/547
f 628/952/547 616/939/535 615/938/534
f 616/939/535 628/952/547 617/940/536
f 617/940/536 605/928/525 616/939/535
f 684/953/420 685/954/548 618/941/537
f 618/941/537 617/940/536 684/953/420
f 685/954/548 686/955/423 619/942/538
f 619/942/538 618/941/537 685/954/548
f 686/955/423 687/956/425 620/943/539
f 620/943/539 619/942/538 686/955/423
f 687/956/425 688/957/549 621/944/540
f 621/944/540 620/943/539 687/956/425
f 688/957/549 689/958/429 622/945/541
f 622/945/541 621/944/540 688/957/549
f 689/958/429 690/959/431 623/946/542
f 623/946/542 622/945/541 689/958/429
f 690/960/431 691/961/433 624/948/543
f 624/948/543 623/947/542 690/960/431
f 691/961/433 692/962/435 625/949/544
f 625/949/544 624/948/543 691/961/433
f 692/962/435 693/963/437 626/950/545
f 626/950/545 625/949/544 692/962/435
f 693/963/437 694/964/550 627/951/546
f 627/951/546 626/950/545 693/963/437
f 694/964/550 695/965/441 628/952/547
f 628/952/547 627/951/546 694/964/550
f 695/965/441 684/953/420 617/940/536
f 617/940/536 628/952/547 695/965/441
f 488/966/96 489/967/93 644/968/551
f 644/968/551 1729/969/552 488/966/96
f 489/967/93 490/970/90 645/971/553
f 645/971/553 644/968/551 489/967/93
f 490/970/90 491/972/2 646/973/554
f 646/973/554 645/971/553 490/970/90
f 491/972/2 492/974/85 647/975/555
f 647/975/555 646/973/554 491/972/2
f 492/974/85 493/976/77 648/977/556
f 648/977/556 647/975/555 492/974/85
f 493/976/77 642/978/78 1734/979/557
f 1734/979/557 648/977/556 493/976/77
f 1569/789/407 1729/969/552 644/968/551
f 644/968/551 649/790/408 1569/789/407
f 649/790/408 644/968/551 645/971/553
f 645/971/553 650/791/409 649/790/408
f 650/791/409 645/971/553 646/973/554
f 646/973/554 651/792/410 650/791/409
f 651/792/410 646/973/554 647/975/555
f 647/975/555 652/793/411 651/792/410
f 652/793/411 647/975/555 648/977/556
f 648/977/556 653/794/412 652/793/411
f 653/794/412 648/977/556 1734/979/557
f 1734/979/557 654/795/413 653/794/412
f 1735/980/96 655/981/558 656/982/558
f 656/982/558 1738/983/96 1735/980/96
f 478/984/559 479/985/90 484/986/90
f 484/986/90 483/987/559 478/984/559
f 479/985/90 480/988/2 485/989/2
f 485/989/2 484/986/90 479/985/90
f 480/988/2 481/990/85 486/991/85
f 486/991/85 485/989/2 480/988/2
f 481/990/85 482/992/77 487/993/77
f 487/993/77 486/991/85 481/990/85
f 1568/994/78 487/993/77 482/992/77
f 482/992/77 641/995/78 1568/994/78
f 1552/768/76 478/767/76 655/996/76
f 655/996/76 1735/997/76 1552/768/76
f 483/987/559 656/982/558 655/981/558
f 655/981/558 478/984/559 483/987/559
f 483/775/61 1557/774/61 1738/998/61
f 1738/998/61 656/999/61 483/775/61
f 1739/1000/560 1740/1001/561 660/1002/562
f 660/1002/562 659/1003/563 1739/1000/560
f 1740/1001/561 1743/1004/564 661/1005/565
f 661/1005/565 660/1002/562 1740/1001/561
f 1743/1004/564 1745/1006/96 662/1007/566
f 662/1007/566 661/1005/565 1743/1004/564
f 1745/1006/96 1747/1008/567 663/1009/568
f 663/1009/568 662/1007/566 1745/1006/96
f 1747/1008/567 657/1010/569 664/1011/570
f 664/1011/570 663/1009/568 1747/1008/567
f 657/1010/569 658/1012/571 665/1013/572
f 665/1013/572 664/1011/570 657/1010/569
f 671/1014/573 672/1015/574 666/1016/2
f 672/1015/574 673/1017/575 666/1016/2
f 673/1017/575 674/1018/576 666/1016/2
f 674/1018/576 675/1019/577 666/1016/2
f 675/1019/577 676/1020/578 666/1016/2
f 676/1020/578 677/1021/579 666/1016/2
f 681/1022/580 670/1023/78 678/1024/581
f 678/1024/581 679/1025/582 681/1022/580
f 1739/1000/560 659/1003/563 680/1026/583
f 680/1026/583 1762/1027/584 1739/1000/560
f 671/1014/573 666/1016/2 668/1028/585
f 668/1028/585 667/1029/586 671/1014/573
f 666/1016/2 677/1021/579 683/1030/587
f 683/1030/587 668/1028/585 666/1016/2
f 665/1013/572 658/1012/571 1766/1031/588
f 1766/1031/588 669/1032/589 665/1013/572
f 681/1022/580 682/1033/590 1769/1034/591
f 1769/1034/591 670/1023/78 681/1022/580
f 667/1035/586 679/1025/582 680/1026/583
f 669/1036/589 682/1033/590 683/1037/587
f 660/1002/562 672/1038/574 671/1039/573
f 671/1039/573 659/1003/563 660/1002/562
f 661/1005/565 673/1040/575 672/1038/574
f 672/1038/574 660/1002/562 661/1005/565
f 662/1007/566 674/1041/576 673/1040/575
f 673/1040/575 661/1005/565 662/1007/566
f 663/1009/568 675/1042/577 674/1041/576
f 674/1041/576 662/1007/566 663/1009/568
f 664/1011/570 676/1043/578 675/1042/577
f 675/1042/577 663/1009/568 664/1011/570
f 665/1013/572 677/1044/579 676/1043/578
f 676/1043/578 664/1011/570 665/1013/572
f 678/1024/581 1762/1027/584 680/1026/583
f 680/1026/583 679/1025/582 678/1024/581
f 679/1025/582 667/1035/586 668/1045/585
f 668/1045/585 681/1022/580 679/1025/582
f 681/1022/580 668/1045/585 683/1037/587
f 683/1037/587 682/1033/590 681/1022/580
f 682/1033/590 669/1036/589 1766/1046/588
f 1766/1046/588 1769/1034/591 682/1033/590
f 659/1003/563 671/1039/573 667/1035/586
f 667/1035/586 680/1026/583 659/1003/563
f 677/1044/579 665/1013/572 669/1032/589
f 669/1032/589 683/1047/587 677/1044/579
f 767/1048/592 744/1049/593 745/1050/594
f 745/1050/594 766/1051/595 767/1048/592
f 744/1049/593 746/1052/596 747/1053/597
f 747/1053/597 745/1050/594 744/1049/593
f 746/1052/596 748/1054/598 749/1055/599
f 749/1055/599 747/1053/597 746/1052/596
f 748/1054/598 750/1056/600 751/1057/601
f 751/1057/601 749/1055/599 748/1054/598
f 750/1056/600 752/1058/602 753/1059/603
f 753/1059/603 751/1057/601 750/1056/600
f 752/1058/602 754/1060/604 755/1061/605
f 755/1061/605 753/1059/603 752/1058/602
f 754/1062/604 756/1063/606 757/1064/607
f 757/1064/607 755/1065/605 754/1062/604
f 756/1063/606 758/1066/608 759/1067/609
f 759/1067/609 757/1064/607 756/1063/606
f 758/1066/608 760/1068/610 761/1069/611
f 761/1069/611 759/1067/609 758/1066/608
f 760/1068/610 762/1070/612 763/1071/613
f 763/1071/613 761/1069/611 760/1068/610
f 762/1070/612 764/1072/614 765/1073/615
f 765/1073/615 763/1071/613 762/1070/612
f 764/1072/614 767/1048/592 766/1051/595
f 766/1051/595 765/1073/615 764/1072/614
f 629/1074/2 630/1075/2 697/1076/2
f 697/1076/2 696/1077/2 629/1074/2
f 630/1075/2 631/1078/2 698/1079/2
f 698/1079/2 697/1076/2 630/1075/2
f 631/1078/2 632/1080/2 699/1081/2
f 699/1081/2 698/1079/2 631/1078/2
f 632/1080/2 633/1082/2 700/1083/2
f 700/1083/2 699/1081/2 632/1080/2
f 633/1082/2 634/1084/2 701/1085/2
f 701/1085/2 700/1083/2 633/1082/2
f 634/1084/2 635/1086/2 702/1087/2
f 702/1087/2 701/1085/2 634/1084/2
f 635/1088/2 636/1089/2 703/1090/2
f 703/1090/2 702/1091/2 635/1088/2
f 636/1089/2 637/1092/2 704/1093/2
f 704/1093/2 703/1090/2 636/1089/2
f 637/1092/2 638/1094/2 705/1095/2
f 705/1095/2 704/1093/2 637/1092/2
f 638/1094/2 639/1096/2 706/1097/2
f 706/1097/2 705/1095/2 638/1094/2
f 639/1096/2 640/1098/2 707/1099/2
f 707/1099/2 706/1097/2 639/1096/2
f 640/1098/2 629/1074/2 696/1077/2
f 696/1077/2 707/1099/2 640/1098/2
f 685/1100/3 684/1101/3 709/1102/3
f 709/1102/3 708/1103/3 685/1100/3
f 684/1101/3 695/1104/3 710/1105/3
f 710/1105/3 709/1102/3 684/1101/3
f 695/1104/3 694/1106/3 711/1107/3
f 711/1107/3 710/1105/3 695/1104/3
f 694/1106/3 693/1108/3 712/1109/3
f 712/1109/3 711/1107/3 694/1106/3
f 693/1108/3 692/1110/3 713/1111/3
f 713/1111/3 712/1109/3 693/1108/3
f 692/1110/3 691/1112/3 714/1113/3
f 714/1113/3 713/1111/3 692/1110/3
f 691/1112/3 690/1114/3 715/1115/3
f 715/1115/3 714/1113/3 691/1112/3
f 690/1116/3 689/1117/3 716/1118/3
f 716/1118/3 715/1119/3 690/1116/3
f 689/1117/3 688/1120/3 717/1121/3
f 717/1121/3 716/1118/3 689/1117/3
f 688/1120/3 687/1122/3 718/1123/3
f 718/1123/3 717/1121/3 688/1120/3
f 687/1122/3 686/1124/3 719/1125/3
f 719/1125/3 718/1123/3 687/1122/3
f 686/1124/3 685/1100/3 708/1103/3
f 708/1103/3 719/1125/3 686/1124/3
f 696/1077/420 697/1076/419 720/1126/616
f 720/1126/616 743/1127/617 696/1077/420
f 708/1103/419 709/1102/420 742/1128/618
f 742/1128/618 721/1129/619 708/1103/419
f 697/1076/419 698/1079/423 722/1130/620
f 722/1130/620 720/1126/616 697/1076/419
f 719/1125/423 708/1103/419 721/1129/619
f 721/1129/619 723/1131/621 719/1125/423
f 698/1079/423 699/1081/425 724/1132/622
f 724/1132/622 722/1130/620 698/1079/423
f 718/1123/425 719/1125/423 723/1131/621
f 723/1131/621 725/1133/623 718/1123/425
f 699/1081/425 700/1083/549 726/1134/624
f 726/1134/624 724/1132/622 699/1081/425
f 717/1121/427 718/1123/425 725/1133/623
f 725/1133/623 727/1135/625 717/1121/427
f 700/1083/549 701/1085/429 728/1136/626
f 728/1136/626 726/1134/624 700/1083/549
f 716/1118/429 717/1121/427 727/1135/625
f 727/1135/625 729/1137/627 716/1118/429
f 701/1085/429 702/1087/431 730/1138/628
f 730/1138/628 728/1136/626 701/1085/429
f 715/1119/431 716/1118/429 729/1137/627
f 729/1137/627 731/1139/629 715/1119/431
f 702/1091/431 703/1090/630 732/1140/631
f 732/1140/631 730/1141/628 702/1091/431
f 714/1113/630 715/1115/431 731/1142/629
f 731/1142/629 733/1143/632 714/1113/630
f 703/1090/630 704/1093/633 734/1144/634
f 734/1144/634 732/1140/631 703/1090/630
f 713/1111/435 714/1113/630 733/1143/632
f 733/1143/632 735/1145/635 713/1111/435
f 704/1093/633 705/1095/437 736/1146/636
f 736/1146/636 734/1144/634 704/1093/633
f 712/1109/437 713/1111/435 735/1145/635
f 735/1145/635 737/1147/637 712/1109/437
f 705/1095/437 706/1097/439 738/1148/638
f 738/1148/638 736/1146/636 705/1095/437
f 711/1107/439 712/1109/437 737/1147/637
f 737/1147/637 739/1149/639 711/1107/439
f 706/1097/439 707/1099/441 740/1150/640
f 740/1150/640 738/1148/638 706/1097/439
f 710/1105/641 711/1107/439 739/1149/639
f 739/1149/639 741/1151/642 710/1105/641
f 707/1099/441 696/1077/420 743/1127/617
f 743/1127/617 740/1150/640 707/1099/441
f 709/1102/420 710/1105/641 741/1151/642
f 741/1151/642 742/1128/618 709/1102/420
f 743/1127/617 720/1126/616 744/1049/593
f 744/1049/593 767/1048/592 743/1127/617
f 721/1129/619 742/1128/618 766/1051/595
f 766/1051/595 745/1050/594 721/1129/619
f 720/1126/616 722/1130/620 746/1052/596
f 746/1052/596 744/1049/593 720/1126/616
f 723/1131/621 721/1129/619 745/1050/594
f 745/1050/594 747/1053/597 723/1131/621
f 722/1130/620 724/1132/622 748/1054/598
f 748/1054/598 746/1052/596 722/1130/620
f 725/1133/623 723/1131/621 747/1053/597
f 747/1053/597 749/1055/599 725/1133/623
f 724/1132/622 726/1134/624 750/1056/600
f 750/1056/600 748/1054/598 724/1132/622
f 727/1135/625 725/1133/623 749/1055/599
f 749/1055/599 751/1057/601 727/1135/625
f 726/1134/624 728/1136/626 752/1058/602
f 752/1058/602 750/1056/600 726/1134/624
f 729/1137/627 727/1135/625 751/1057/601
f 751/1057/601 753/1059/603 729/1137/627
f 728/1136/626 730/1138/628 754/1060/604
f 754/1060/604 752/1058/602 728/1136/626
f 731/1139/629 729/1137/627 753/1059/603
f 753/1059/603 755/1061/605 731/1139/629
f 730/1141/628 732/1140/631 756/1063/606
f 756/1063/606 754/1062/604 730/1141/628
f 733/1143/632 731/1142/629 755/1065/605
f 755/1065/605 757/1064/607 733/1143/632
f 732/1140/631 734/1144/634 758/1066/608
f 758/1066/608 756/1063/606 732/1140/631
f 735/1145/635 733/1143/632 757/1064/607
f 757/1064/607 759/1067/609 735/1145/635
f 734/1144/634 736/1146/636 760/1068/610
f 760/1068/610 758/1066/608 734/1144/634
f 737/1147/637 735/1145/635 759/1067/609
f 759/1067/609 761/1069/611 737/1147/637
f 736/1146/636 738/1148/638 762/1070/612
f 762/1070/612 760/1068/610 736/1146/636
f 739/1149/639 737/1147/637 761/1069/611
f 761/1069/611 763/1071/613 739/1149/639
f 738/1148/638 740/1150/640 764/1072/614
f 764/1072/614 762/1070/612 738/1148/638
f 741/1151/642 739/1149/639 763/1071/613
f 763/1071/613 765/1073/615 741/1151/642
f 740/1150/640 743/1127/617 767/1048/592
f 767/1048/592 764/1072/614 740/1150/640
f 742/1128/618 741/1151/642 765/1073/615
f 765/1073/615 766/1051/595 742/1128/618
f 630/1152/419 629/1153/420 768/1154/420
f 768/1154/420 769/1155/419 630/1152/419
f 631/1156/423 630/1152/419 769/1155/419
f 769/1155/419 770/1157/423 631/1156/423
f 632/1158/425 631/1156/423 770/1157/423
f 770/1157/423 771/1159/425 632/1158/425
f 633/1160/427 632/1158/425 771/1159/425
f 771/1159/425 772/1161/427 633/1160/427
f 634/1162/429 633/1160/427 772/1161/427
f 772/1161/427 773/1163/429 634/1162/429
f 635/1164/431 634/1162/429 773/1163/429
f 773/1163/429 774/1165/431 635/1164/431
f 636/1166/630 635/1164/431 774/1165/431
f 774/1165/431 775/1167/630 636/1166/630
f 637/1168/435 636/1166/630 775/1167/630
f 775/1167/630 776/1169/435 637/1168/435
f 638/1170/437 637/1168/435 776/1169/435
f 776/1169/435 777/1171/437 638/1170/437
f 639/1172/550 638/1170/437 777/1171/437
f 777/1171/437 778/1173/439 639/1172/550
f 640/1174/441 639/1172/550 778/1173/439
f 778/1173/439 779/1175/441 640/1174/441
f 629/1153/420 640/1174/441 779/1175/441
f 779/1175/441 768/1154/420 629/1153/420
f 769/1155/2 768/1154/2 780/1176/2
f 770/1157/2 769/1155/2 780/1176/2
f 771/1159/2 770/1157/2 780/1176/2
f 772/1161/2 771/1159/2 780/1176/2
f 773/1163/2 772/1161/2 780/1176/2
f 774/1165/2 773/1163/2 780/1176/2
f 775/1167/2 774/1165/2 780/1176/2
f 776/1169/2 775/1167/2 780/1176/2
f 777/1171/2 776/1169/2 780/1176/2
f 778/1173/2 777/1171/2 780/1176/2
f 779/1175/2 778/1173/2 780/1176/2
f 768/1154/2 779/1175/2 780/1176/2
f 471/760/96 472/759/93 781/1177/93
f 781/1177/93 1868/1178/96 471/760/96
f 472/759/93 473/761/90 782/1179/90
f 782/1179/90 781/1177/93 472/759/93
f 473/761/90 474/762/2 783/1180/2
f 783/1180/2 782/1179/90 473/761/90
f 474/762/2 475/763/85 784/1181/85
f 784/1181/85 783/1180/2 474/762/2
f 475/763/85 476/764/77 785/1182/77
f 785/1182/77 784/1181/85 475/763/85
f 476/764/77 477/765/78 786/1183/78
f 786/1183/78 785/1182/77 476/764/77
f 787/1184/643 789/1185/643 788/1186/643
f 787/1184/643 790/1187/643 789/1185/643
f 788/1188/644 789/1189/645 792/1190/646
f 792/1190/646 791/1191/647 788/1188/644
f 789/1189/645 790/1192/13 793/1193/13
f 793/1193/13 792/1190/646 789/1189/645
f 791/1194/648 792/1195/649 794/1196/650
f 792/1195/649 793/1197/651 794/1196/650
f 787/1184/643 788/1186/643 795/1198/643
f 795/1198/643 1878/1199/643 787/1184/643
f 788/1188/644 791/1191/647 796/1200/2
f 796/1200/2 795/1201/2 788/1188/644
f 791/1194/648 794/1196/650 797/1202/652
f 797/1202/652 796/1203/652 791/1194/648
f 798/1204/171 799/1205/653 809/1206/654
f 809/1206/654 808/1207/655 798/1204/171
f 799/1205/653 800/1208/656 810/1209/657
f 810/1209/657 809/1206/654 799/1205/653
f 800/1208/656 801/1210/161 811/1211/658
f 811/1211/658 810/1209/657 800/1208/656
f 801/1210/161 802/1212/659 812/1213/660
f 812/1213/660 811/1211/658 801/1210/161
f 802/1212/659 1885/1214/661 813/1215/662
f 813/1215/662 812/1213/660 802/1212/659
f 1885/1214/661 1887/1216/164 814/1217/663
f 814/1217/663 813/1215/662 1885/1214/661
f 1887/1216/164 803/1218/664 815/1219/665
f 815/1219/665 814/1217/663 1887/1216/164
f 803/1218/664 804/1220/666 816/1221/667
f 816/1221/667 815/1219/665 803/1218/664
f 804/1220/666 805/1222/169 817/1223/668
f 817/1223/668 816/1221/667 804/1220/666
f 805/1224/169 806/1225/669 818/1226/670
f 818/1226/670 817/1227/668 805/1224/169
f 806/1225/669 807/1228/671 819/1229/672
f 819/1229/672 818/1226/670 806/1225/669
f 807/1228/671 798/1204/171 808/1207/655
f 808/1207/655 819/1229/672 807/1228/671
f 808/1230/673 809/1231/673 820/1232/673
f 809/1231/673 810/1233/673 820/1232/673
f 810/1233/673 811/1234/673 820/1232/673
f 811/1234/673 812/1235/673 820/1232/673
f 812/1235/673 813/1236/673 820/1232/673
f 813/1236/673 814/1237/673 820/1232/673
f 814/1237/673 815/1238/673 820/1232/673
f 815/1238/673 816/1239/673 820/1232/673
f 816/1239/673 817/1240/673 820/1232/673
f 817/1240/673 818/1241/673 820/1232/673
f 818/1241/673 819/1242/673 820/1232/673
f 819/1242/673 808/1230/673 820/1232/673
f 821/1243/27 822/1244/674 827/1245/674
f 827/1245/674 826/1246/27 821/1243/27
f 822/1244/674 823/1247/2 828/1248/2
f 828/1248/2 827/1245/674 822/1244/674
f 823/1247/2 824/1249/645 829/1250/645
f 829/1250/645 828/1248/2 823/1247/2
f 824/1249/645 825/1251/13 830/1252/13
f 830/1252/13 829/1250/645 824/1249/645
f 826/1253/6 827/1254/6 831/1255/6
f 827/1254/6 828/1256/6 831/1255/6
f 828/1256/6 829/1257/6 831/1255/6
f 829/1257/6 830/1258/6 831/1255/6
f 840/1259/675 839/1260/676 838/1261/677
f 838/1261/677 832/1262/678 840/1259/675
f 842/1263/679 841/1264/680 839/1260/676
f 839/1260/676 840/1259/675 842/1263/679
f 844/1265/681 843/1266/682 841/1264/680
f 841/1264/680 842/1263/679 844/1265/681
f 847/1267/683 846/1268/684 845/1269/685
f 845/1269/685 848/1270/686 847/1267/683
f 852/1271/687 851/1272/688 850/1273/689
f 850/1273/689 849/1274/690 852/1271/687
f 853/1275/691 847/1267/683 848/1270/686
f 848/1270/686 854/1276/692 853/1275/691
f 856/1277/693 855/1278/694 853/1275/691
f 853/1275/691 854/1276/692 856/1277/693
f 859/1279/695 858/1280/696 857/1281/697
f 857/1281/697 860/1282/698 859/1279/695
f 851/1272/688 845/1269/685 846/1268/684
f 846/1268/684 850/1273/689 851/1272/688
f 834/1283/699 861/1284/700 840/1259/675
f 840/1259/675 832/1262/678 834/1283/699
f 861/1284/700 862/1285/701 842/1263/679
f 842/1263/679 840/1259/675 861/1284/700
f 862/1285/701 863/1286/702 844/1265/681
f 844/1265/681 842/1263/679 862/1285/701
f 864/1287/703 848/1270/686 845/1269/685
f 845/1269/685 865/1288/704 864/1287/703
f 866/1289/705 851/1272/688 852/1271/687
f 852/1271/687 867/1290/706 866/1289/705
f 868/1291/707 854/1276/692 848/1270/686
f 848/1270/686 864/1287/703 868/1291/707
f 868/1291/707 869/1292/708 856/1277/693
f 856/1277/693 854/1276/692 868/1291/707
f 870/1293/709 835/1294/710 860/1282/698
f 860/1282/698 857/1281/697 870/1293/709
f 865/1288/704 845/1269/685 851/1272/688
f 851/1272/688 866/1289/705 865/1288/704
f 833/1295/711 871/1296/712 861/1284/700
f 861/1284/700 834/1283/699 833/1295/711
f 871/1296/712 872/1297/713 862/1285/701
f 862/1285/701 861/1284/700 871/1296/712
f 874/1298/714 873/1299/715 867/1290/706
f 867/1290/706 863/1286/702 874/1298/714
f 865/1288/704 876/1300/716 875/1301/717
f 875/1301/717 864/1287/703 865/1288/704
f 867/1290/706 873/1299/715 877/1302/718
f 877/1302/718 866/1289/705 867/1290/706
f 864/1287/703 875/1301/717 878/1303/719
f 878/1303/719 868/1291/707 864/1287/703
f 880/1304/720 879/1305/721 870/1293/709
f 870/1293/709 869/1292/708 880/1304/720
f 879/1305/721 881/1306/722 835/1294/710
f 835/1294/710 870/1293/709 879/1305/721
f 866/1289/705 877/1302/718 876/1300/716
f 876/1300/716 865/1288/704 866/1289/705
f 882/1307/723 876/1300/716 877/1302/718
f 877/1302/718 883/1308/724 882/1307/723
f 885/1309/725 874/1298/714 872/1297/713
f 872/1297/713 884/1310/726 885/1309/725
f 883/1308/724 877/1302/718 873/1299/715
f 873/1299/715 886/1311/727 883/1308/724
f 887/1312/728 875/1301/717 876/1300/716
f 876/1300/716 882/1307/723 887/1312/728
f 887/1312/728 888/1313/729 878/1303/719
f 878/1303/719 875/1301/717 887/1312/728
f 888/1313/729 879/1305/721 880/1304/720
f 880/1304/720 878/1303/719 888/1313/729
f 871/1296/712 833/1295/711 889/1314/730
f 889/1314/730 884/1310/726 871/1296/712
f 856/1277/693 857/1281/697 858/1280/696
f 858/1280/696 855/1278/694 856/1277/693
f 869/1292/708 870/1293/709 857/1281/697
f 857/1281/697 856/1277/693 869/1292/708
f 869/1292/708 868/1291/707 878/1303/719
f 878/1303/719 880/1304/720 869/1292/708
f 888/1313/729 890/1315/731 881/1306/722
f 881/1306/722 879/1305/721 888/1313/729
f 836/1316/732 890/1315/731 888/1313/729
f 888/1313/729 887/1312/728 836/1316/732
f 882/1307/723 891/1317/733 836/1316/732
f 836/1316/732 887/1312/728 882/1307/723
f 871/1296/712 884/1310/726 872/1297/713
f 844/1265/681 852/1271/687 849/1274/690
f 849/1274/690 843/1266/682 844/1265/681
f 863/1286/702 867/1290/706 852/1271/687
f 852/1271/687 844/1265/681 863/1286/702
f 863/1286/702 862/1285/701 872/1297/713
f 872/1297/713 874/1298/714 863/1286/702
f 886/1311/727 873/1299/715 874/1298/714
f 874/1298/714 885/1309/725 886/1311/727
f 885/1309/725 884/1310/726 889/1314/730
f 889/1314/730 892/1318/734 885/1309/725
f 894/1319/735 893/1320/736 891/1317/733
f 891/1317/733 882/1307/723 894/1319/735
f 895/1321/737 885/1309/725 892/1318/734
f 892/1318/734 896/1322/738 895/1321/737
f 897/1323/739 886/1311/727 885/1309/725
f 885/1309/725 895/1321/737 897/1323/739
f 898/1324/740 883/1308/724 886/1311/727
f 886/1311/727 897/1323/739 898/1324/740
f 894/1319/735 882/1307/723 883/1308/724
f 883/1308/724 898/1324/740 894/1319/735
f 901/1325/741 900/1326/742 837/1327/743
f 837/1327/743 899/1328/744 901/1325/741
f 904/1329/745 903/1330/746 902/1331/747
f 902/1331/747 905/1332/748 904/1329/745
f 907/1333/749 906/1334/750 903/1330/746
f 903/1330/746 904/1329/745 907/1333/749
f 909/1335/751 908/1336/752 906/1334/750
f 906/1334/750 907/1333/749 909/1335/751
f 901/1325/741 899/1328/744 908/1336/752
f 908/1336/752 909/1335/751 901/1325/741
f 902/1331/747 903/1330/746 895/1321/737
f 895/1321/737 896/1322/738 902/1331/747
f 903/1330/746 906/1334/750 897/1323/739
f 897/1323/739 895/1321/737 903/1330/746
f 906/1334/750 908/1336/752 898/1324/740
f 898/1324/740 897/1323/739 906/1334/750
f 908/1336/752 899/1328/744 894/1319/735
f 894/1319/735 898/1324/740 908/1336/752
f 894/1319/735 899/1328/744 837/1327/743
f 837/1327/743 893/1320/736 894/1319/735
f 918/1337/753 915/1338/754 932/1339/755
f 932/1339/755 923/1340/756 918/1337/753
f 925/1341/757 924/1342/758 914/1343/759
f 917/1344/760 918/1337/753 923/1340/756
f 923/1340/756 926/1345/761 917/1344/760
f 915/1338/754 916/1346/762 927/1347/763
f 927/1347/763 932/1339/755 915/1338/754
f 919/1348/764 928/1349/765 927/1347/763
f 927/1347/763 916/1346/762 919/1348/764
f 920/1350/766 921/1351/767 928/1349/765
f 928/1349/765 919/1348/764 920/1350/766
f 929/1352/768 912/1353/769 913/1354/770
f 913/1354/770 924/1342/758 929/1352/768
f 922/1355/771 930/1356/772 928/1349/765
f 928/1349/765 921/1351/767 922/1355/771
f 928/1349/765 930/1356/772 910/1357/773
f 910/1357/773 927/1347/763 928/1349/765
f 910/1357/773 911/1358/774 932/1339/755
f 932/1339/755 927/1347/763 910/1357/773
f 914/1343/759 917/1344/760 926/1345/761
f 926/1345/761 925/1341/757 914/1343/759
f 929/1352/768 924/1342/758 925/1341/757
f 925/1341/757 931/1359/775 929/1352/768
f 913/1354/770 912/1353/769 838/1360/677
f 838/1360/677 839/1361/676 913/1354/770
f 924/1342/758 913/1354/770 839/1361/676
f 839/1361/676 841/1362/680 924/1342/758
f 914/1343/759 924/1342/758 841/1362/680
f 841/1362/680 843/1363/682 914/1343/759
f 916/1346/762 915/1338/754 846/1364/684
f 846/1364/684 847/1365/683 916/1346/762
f 918/1337/753 917/1344/760 849/1366/690
f 849/1366/690 850/1367/689 918/1337/753
f 919/1348/764 916/1346/762 847/1365/683
f 847/1365/683 853/1368/691 919/1348/764
f 920/1350/766 919/1348/764 853/1368/691
f 853/1368/691 855/1369/694 920/1350/766
f 922/1355/771 921/1351/767 858/1370/696
f 858/1370/696 859/1371/695 922/1355/771
f 915/1338/754 918/1337/753 850/1367/689
f 850/1367/689 846/1364/684 915/1338/754
f 921/1351/767 920/1350/766 855/1369/694
f 855/1369/694 858/1370/696 921/1351/767
f 917/1344/760 914/1343/759 843/1363/682
f 843/1363/682 849/1366/690 917/1344/760
f 932/1339/755 911/1358/774 900/1372/742
f 900/1372/742 901/1373/741 932/1339/755
f 931/1359/775 925/1341/757 904/1374/745
f 904/1374/745 905/1375/748 931/1359/775
f 925/1341/757 926/1345/761 907/1376/749
f 907/1376/749 904/1374/745 925/1341/757
f 926/1345/761 923/1340/756 909/1377/751
f 909/1377/751 907/1376/749 926/1345/761
f 923/1340/756 932/1339/755 901/1373/741
f 901/1373/741 909/1377/751 923/1340/756
f 935/1378/776 937/1379/777 938/1380/778
f 938/1380/778 936/1381/779 935/1378/776
f 937/1379/777 1978/1382/780 939/1383/781
f 939/1383/781 938/1380/778 937/1379/777
f 1978/1382/780 940/1384/433 941/1385/782
f 941/1385/782 939/1383/781 1978/1382/780
f 940/1384/433 1981/1386/783 942/1387/784
f 942/1387/784 941/1385/782 940/1384/433
f 1981/1386/783 1983/1388/785 943/1389/786
f 943/1389/786 942/1387/784 1981/1386/783
f 1983/1388/785 933/1390/787 934/1391/788
f 934/1391/788 943/1389/786 1983/1388/785
f 936/1392/789 938/1393/790 944/1394/791
f 938/1393/790 939/1395/790 944/1394/791
f 939/1395/790 941/1396/790 944/1394/791
f 941/1396/790 942/1397/790 944/1394/791
f 942/1397/790 943/1398/790 944/1394/791
f 943/1398/790 934/1399/792 944/1394/791
f 934/1391/788 933/1390/787 945/1400/793
f 945/1400/793 946/1401/794 934/1391/788
f 935/1378/776 936/1381/779 948/1402/795
f 948/1402/795 947/1403/796 935/1378/776
f 944/1394/791 934/1399/792 946/1404/797
f 946/1404/797 949/1405/797 944/1394/791
f 936/1392/789 944/1394/791 949/1405/797
f 949/1405/797 948/1406/797 936/1392/789
f 959/1407/798 951/1408/799 950/1409/800
f 950/1409/800 958/1410/801 959/1407/798
f 960/1411/802 952/1412/803 951/1408/799
f 951/1408/799 959/1407/798 960/1411/802
f 961/1413/804 953/1414/805 952/1412/803
f 952/1412/803 960/1411/802 961/1413/804
f 962/1415/806 954/1416/807 953/1414/805
f 953/1414/805 961/1413/804 962/1415/806
f 963/1417/808 955/1418/809 954/1416/807
f 954/1416/807 962/1415/806 963/1417/808
f 964/1419/810 956/1420/811 955/1418/809
f 955/1418/809 963/1417/808 964/1419/810
f 965/1421/812 957/1422/813 956/1420/811
f 956/1420/811 964/1419/810 965/1421/812
f 958/1423/801 950/1424/800 957/1422/813
f 957/1422/813 965/1421/812 958/1423/801
f 967/1425/814 959/1407/798 958/1410/801
f 958/1410/801 966/1426/815 967/1425/814
f 968/1427/816 960/1411/802 959/1407/798
f 959/1407/798 967/1425/814 968/1427/816
f 969/1428/817 961/1413/804 960/1411/802
f 960/1411/802 968/1427/816 969/1428/817
f 970/1429/818 962/1415/806 961/1413/804
f 961/1413/804 969/1428/817 970/1429/818
f 971/1430/819 963/1417/808 962/1415/806
f 962/1415/806 970/1429/818 971/1430/819
f 972/1431/820 964/1419/810 963/1417/808
f 963/1417/808 971/1430/819 972/1431/820
f 973/1432/821 965/1421/812 964/1419/810
f 964/1419/810 972/1431/820 973/1432/821
f 966/1433/815 958/1423/801 965/1421/812
f 965/1421/812 973/1432/821 966/1433/815
f 975/1434/822 967/1425/814 966/1426/815
f 966/1426/815 974/1435/823 975/1434/822
f 976/1436/824 968/1427/816 967/1425/814
f 967/1425/814 975/1434/822 976/1436/824
f 977/1437/825 969/1428/817 968/1427/816
f 968/1427/816 976/1436/824 977/1437/825
f 978/1438/826 970/1429/818 969/1428/817
f 969/1428/817 977/1437/825 978/1438/826
f 979/1439/827 971/1430/819 970/1429/818
f 970/1429/818 978/1438/826 979/1439/827
f 980/1440/828 972/1431/820 971/1430/819
f 971/1430/819 979/1439/827 980/1440/828
f 981/1441/829 973/1432/821 972/1431/820
f 972/1431/820 980/1440/828 981/1441/829
f 974/1442/823 966/1433/815 973/1432/821
f 973/1432/821 981/1441/829 974/1442/823
f 983/1443/830 975/1434/822 974/1435/823
f 974/1435/823 982/1444/831 983/1443/830
f 984/1445/832 976/1436/824 975/1434/822
f 975/1434/822 983/1443/830 984/1445/832
f 985/1446/833 977/1437/825 976/1436/824
f 976/1436/824 984/1445/832 985/1446/833
f 986/1447/834 978/1438/826 977/1437/825
f 977/1437/825 985/1446/833 986/1447/834
f 987/1448/835 979/1439/827 978/1438/826
f 978/1438/826 986/1447/834 987/1448/835
f 988/1449/836 980/1440/828 979/1439/827
f 979/1439/827 987/1448/835 988/1449/836
f 989/1450/837 981/1441/829 980/1440/828
f 980/1440/828 988/1449/836 989/1450/837
f 982/1451/831 974/1442/823 981/1441/829
f 981/1441/829 989/1450/837 982/1451/831
f 991/1452/838 983/1443/830 982/1444/831
f 982/1444/831 990/1453/839 991/1452/838
f 992/1454/840 984/1445/832 983/1443/830
f 983/1443/830 991/1452/838 992/1454/840
f 993/1455/841 985/1446/833 984/1445/832
f 984/1445/832 992/1454/840 993/1455/841
f 994/1456/842 986/1447/834 985/1446/833
f 985/1446/833 993/1455/841 994/1456/842
f 995/1457/843 987/1448/835 986/1447/834
f 986/1447/834 994/1456/842 995/1457/843
f 996/1458/844 988/1449/836 987/1448/835
f 987/1448/835 995/1457/843 996/1458/844
f 997/1459/845 989/1450/837 988/1449/836
f 988/1449/836 996/1458/844 997/1459/845
f 990/1460/839 982/1451/831 989/1450/837
f 989/1450/837 997/1459/845 990/1460/839
f 990/1453/839 998/1461/846 999/1462/847
f 999/1462/847 991/1452/838 990/1453/839
f 991/1452/838 999/1462/847 1000/1463/848
f 1000/1463/848 992/1454/840 991/1452/838
f 992/1454/840 1000/1463/848 1001/1464/849
f 1001/1464/849 993/1455/841 992/1454/840
f 993/1455/841 1001/1464/849 1002/1465/850
f 1002/1465/850 994/1456/842 993/1455/841
f 994/1456/842 1002/1465/850 1003/1466/851
f 1003/1466/851 995/1457/843 994/1456/842
f 995/1457/843 1003/1466/851 1004/1467/852
f 1004/1467/852 996/1458/844 995/1457/843
f 996/1458/844 1004/1467/852 1005/1468/853
f 1005/1468/853 997/1459/845 996/1458/844
f 997/1459/845 1005/1468/853 998/1469/846
f 998/1469/846 990/1460/839 997/1459/845
f 1007/1470/854 999/1462/847 998/1461/846
f 998/1461/846 1006/1471/855 1007/1470/854
f 1008/1472/856 1000/1463/848 999/1462/847
f 999/1462/847 1007/1470/854 1008/1472/856
f 1009/1473/857 1001/1464/849 1000/1463/848
f 1000/1463/848 1008/1472/856 1009/1473/857
f 1010/1474/858 1002/1465/850 1001/1464/849
f 1001/1464/849 1009/1473/857 1010/1474/858
f 1011/1475/859 1003/1466/851 1002/1465/850
f 1002/1465/850 1010/1474/858 1011/1475/859
f 1012/1476/860 1004/1467/852 1003/1466/851
f 1003/1466/851 1011/1475/859 1012/1476/860
f 1013/1477/861 1005/1468/853 1004/1467/852
f 1004/1467/852 1012/1476/860 1013/1477/861
f 1006/1478/855 998/1469/846 1005/1468/853
f 1005/1468/853 1013/1477/861 1006/1478/855
f 1015/1479/862 1007/1470/854 1006/1471/855
f 1006/1471/855 1014/1480/863 1015/1479/862
f 1016/1481/864 1008/1472/856 1007/1470/854
f 1007/1470/854 1015/1479/862 1016/1481/864
f 1017/1482/865 1009/1473/857 1008/1472/856
f 1008/1472/856 1016/1481/864 1017/1482/865
f 1018/1483/866 1010/1474/858 1009/1473/857
f 1009/1473/857 1017/1482/865 1018/1483/866
f 1019/1484/867 1011/1475/859 1010/1474/858
f 1010/1474/858 1018/1483/866 1019/1484/867
f 1020/1485/868 1012/1476/860 1011/1475/859
f 1011/1475/859 1019/1484/867 1020/1485/868
f 1021/1486/869 1013/1477/861 1012/1476/860
f 1012/1476/860 1020/1485/868 1021/1486/869
f 1014/1487/863 1006/1478/855 1013/1477/861
f 1013/1477/861 1021/1486/869 1014/1487/863
f 1023/1488/870 1015/1479/862 1014/1480/863
f 1014/1480/863 1022/1489/871 1023/1488/870
f 1024/1490/872 1016/1481/864 1015/1479/862
f 1015/1479/862 1023/1488/870 1024/1490/872
f 1025/1491/873 1017/1482/865 1016/1481/864
f 1016/1481/864 1024/1490/872 1025/1491/873
f 1026/1492/874 1018/1483/866 1017/1482/865
f 1017/1482/865 1025/1491/873 1026/1492/874
f 1027/1493/875 1019/1484/867 1018/1483/866
f 1018/1483/866 1026/1492/874 1027/1493/875
f 1028/1494/876 1020/1485/868 1019/1484/867
f 1019/1484/867 1027/1493/875 1028/1494/876
f 1029/1495/877 1021/1486/869 1020/1485/868
f 1020/1485/868 1028/1494/876 1029/1495/877
f 1022/1496/871 1014/1487/863 1021/1486/869
f 1021/1486/869 1029/1495/877 1022/1496/871
f 1031/1497/878 1023/1488/870 1022/1489/871
f 1022/1489/871 1030/1498/879 1031/1497/878
f 1032/1499/880 1024/1490/872 1023/1488/870
f 1023/1488/870 1031/1497/878 1032/1499/880
f 1033/1500/881 1025/1491/873 1024/1490/872
f 1024/1490/872 1032/1499/880 1033/1500/881
f 1034/1501/882 1026/1492/874 1025/1491/873
f 1025/1491/873 1033/1500/881 1034/1501/882
f 1035/1502/883 1027/1493/875 1026/1492/874
f 1026/1492/874 1034/1501/882 1035/1502/883
f 1036/1503/884 1028/1494/876 1027/1493/875
f 1027/1493/875 1035/1502/883 1036/1503/884
f 1037/1504/885 1029/1495/877 1028/1494/876
f 1028/1494/876 1036/1503/884 1037/1504/885
f 1030/1505/879 1022/1496/871 1029/1495/877
f 1029/1495/877 1037/1504/885 1030/1505/879
f 1039/1506/886 1031/1497/878 1030/1498/879
f 1030/1498/879 1038/1507/887 1039/1506/886
f 1040/1508/888 1032/1499/880 1031/1497/878
f 1031/1497/878 1039/1506/886 1040/1508/888
f 1041/1509/889 1033/1500/881 1032/1499/880
f 1032/1499/880 1040/1508/888 1041/1509/889
f 1042/1510/890 1034/1501/882 1033/1500/881
f 1033/1500/881 1041/1509/889 1042/1510/890
f 1043/1511/891 1035/1502/883 1034/1501/882
f 1034/1501/882 1042/1510/890 1043/1511/891
f 1044/1512/811 1036/1503/884 1035/1502/883
f 1035/1502/883 1043/1511/891 1044/1512/811
f 1045/1513/892 1037/1504/885 1036/1503/884
f 1036/1503/884 1044/1512/811 1045/1513/892
f 1038/1514/887 1030/1505/879 1037/1504/885
f 1037/1504/885 1045/1513/892 1038/1514/887
f 1046/1515/893 1047/1516/893 1052/1517/893
f 1052/1517/893 1053/1518/893 1046/1515/893
f 1055/1519/894 1056/1520/894 1051/1521/895
f 1051/1521/895 1050/1522/895 1055/1519/894
f 1047/1516/896 1046/1515/897 1048/1523/897
f 1048/1523/897 1049/1524/896 1047/1516/896
f 1053/1518/893 1059/1525/893 1057/1526/893
f 1057/1526/893 1046/1515/893 1053/1518/893
f 1046/1515/897 1057/1526/898 1058/1527/898
f 1058/1527/898 1048/1523/897 1046/1515/897
f 1047/1516/899 1049/1528/899 1054/1529/899
f 1054/1529/899 1052/1517/899 1047/1516/899
f 1059/1525/893 1055/1519/893 1050/1522/893
f 1050/1522/893 1057/1526/893 1059/1525/893
f 1050/1522/895 1051/1521/895 1058/1527/898
f 1058/1527/898 1057/1526/898 1050/1522/895
f 1060/1530/3 1061/1531/3 1062/1532/3
f 1060/1530/3 1063/1533/3 1061/1531/3
f 1060/1530/3 1064/1534/3 1063/1533/3
f 1060/1530/3 1065/1535/3 1064/1534/3
f 1060/1530/3 1066/1536/3 1065/1535/3
f 1060/1530/3 1062/1532/3 1066/1536/3
f 1062/1537/176 1061/1538/176 1067/1539/176
f 1067/1539/176 1068/1540/176 1062/1537/176
f 1061/1538/161 1063/1541/161 1069/1542/161
f 1069/1542/161 1067/1539/161 1061/1538/161
f 1063/1541/163 1064/1543/163 1070/1544/163
f 1070/1544/163 1069/1542/163 1063/1541/163
f 1064/1543/175 1065/1545/175 1071/1546/175
f 1071/1546/175 1070/1544/175 1064/1543/175
f 1065/1545/169 1066/1547/169 1072/1548/169
f 1072/1548/169 1071/1546/169 1065/1545/169
f 1066/1549/170 1062/1537/170 1068/1540/170
f 1068/1540/170 1072/1550/170 1066/1549/170
f 1068/1551/2 1067/1552/2 1073/1553/2
f 1067/1552/2 1069/1554/2 1073/1553/2
f 1069/1554/2 1070/1555/2 1073/1553/2
f 1070/1555/2 1071/1556/2 1073/1553/2
f 1071/1556/2 1072/1557/2 1073/1553/2
f 1072/1557/2 1068/1551/2 1073/1553/2
f 1074/115/4 1076/117/6 1075/1558/900
f 1075/1558/900 1076/117/6 1077/1559/901
f 1077/1559/901 1076/117/6 1078/1560/902
f 1078/1560/902 1076/117/6 1079/1561/903
f 1079/1561/903 1076/117/6 1080/1562/904
f 1080/1562/904 1076/117/6 1081/122/11
f 1080/1563/904 1081/126/11 1083/125/13
f 1083/125/13 1082/1564/905 1080/1563/904
f 1079/1565/903 1080/1563/904 1082/1564/905
f 1082/1564/905 1084/1566/906 1079/1565/903
f 1078/1567/902 1079/1565/903 1084/1566/906
f 1084/1566/906 1085/1568/907 1078/1567/902
f 1077/1569/901 1078/1567/902 1085/1568/907
f 1085/1568/907 1086/1570/908 1077/1569/901
f 1077/1569/901 1086/1570/908 1087/1571/909
f 1087/1571/909 1075/1572/900 1077/1569/901
f 1075/1572/900 1087/1571/909 1088/136/18
f 1088/136/18 1074/135/4 1075/1572/900
f 1091/1573/910 1090/1574/911 1089/1575/912
f 1089/1575/912 1092/1576/908 1091/1573/910
f 1091/1573/910 1092/1576/908 1094/1577/907
f 1094/1577/907 1093/1578/907 1091/1573/910
f 1093/1578/907 1094/1577/907 1096/1579/906
f 1096/1579/906 1095/1580/906 1093/1578/907
f 1095/1580/906 1096/1579/906 1098/1581/905
f 1098/1581/905 1097/1582/905 1095/1580/906
f 1097/1582/905 1098/1581/905 1100/148/13
f 1100/148/13 1099/147/13 1097/1582/905
f 1089/1575/912 1087/1571/909 1086/1570/908
f 1086/1570/908 1092/1576/908 1089/1575/912
f 1092/1576/908 1086/1570/908 1085/1568/907
f 1085/1568/907 1094/1577/907 1092/1576/908
f 1094/1577/907 1085/1568/907 1084/1566/906
f 1084/1566/906 1096/1579/906 1094/1577/907
f 1096/1579/906 1084/1566/906 1082/1564/905
f 1082/1564/905 1098/1581/905 1096/1579/906
f 1098/1581/905 1082/1564/905 1083/125/13
f 1083/125/13 1100/148/13 1098/1581/905
f 1090/1574/911 1091/1573/910 1101/1583/913
f 1101/1583/913 1091/1573/910 1093/1578/907
f 1093/1578/907 1102/1584/907 1101/1583/913
f 1102/1584/907 1093/1578/907 1095/1580/906
f 1095/1580/906 1103/1585/906 1102/1584/907
f 1103/1585/906 1095/1580/906 1097/1582/905
f 1097/1582/905 1104/1586/905 1103/1585/906
f 1104/1586/905 1097/1582/905 1099/147/13
f 1099/147/13 1105/153/13 1104/1586/905
f 1106/1587/914 1101/1583/913 1102/1584/907
f 1102/1584/907 1107/1588/907 1106/1587/914
f 1107/1588/907 1102/1584/907 1103/1585/906
f 1103/1585/906 1108/1589/906 1107/1588/907
f 1108/1589/906 1103/1585/906 1104/1586/905
f 1104/1586/905 1109/1590/905 1108/1589/906
f 1109/1590/905 1104/1586/905 1105/153/13
f 1105/153/13 6/158/13 1109/1590/905
f 1110/1591/915 29/162/27 30/161/26
f 30/161/26 1111/1592/916 1110/1591/915
f 1112/1593/917 1111/1592/916 30/161/26
f 30/161/26 31/164/29 1112/1593/917
f 1113/1594/918 1112/1593/917 31/164/29
f 31/164/29 38/166/31 1113/1594/918
f 1114/1595/919 1113/1594/918 38/166/31
f 38/166/31 1115/168/33 1114/1595/919
f 1101/1583/913 1106/1587/914 1110/1591/915
f 1110/1591/915 1111/1592/916 1101/1583/913
f 1090/1574/911 1101/1583/913 1111/1592/916
f 1111/1592/916 1112/1593/917 1090/1574/911
f 1089/1575/912 1090/1574/911 1112/1593/917
f 1112/1593/917 1113/1594/918 1089/1575/912
f 1087/1571/909 1089/1575/912 1113/1594/918
f 1113/1594/918 1114/1595/919 1087/1571/909
f 1114/1595/919 39/169/34 1088/136/18
f 1088/136/18 1087/1571/909 1114/1595/919
f 1115/168/33 39/169/34 1114/1595/919
f 1116/1596/920 40/173/37 1118/172/37
f 1118/172/37 1117/1597/921 1116/1596/920
f 1119/1598/922 1116/1596/920 1117/1597/921
f 1117/1597/921 1120/1599/923 1119/1598/922
f 1121/1600/924 1119/1598/922 1120/1599/923
f 1120/1599/923 1122/1601/925 1121/1600/924
f 1123/1602/926 1121/1600/924 1122/1601/925
f 1122/1601/925 1124/1603/927 1123/1602/926
f 1125/1604/928 1123/1602/926 1124/1603/927
f 1124/1603/927 1126/1605/929 1125/1604/928
f 46/182/46 1125/1604/928 1126/1605/929
f 1126/1605/929 1127/183/46 46/182/46
f 1128/1606/3 1131/1607/930 1130/1608/931
f 1130/1608/931 1129/1609/932 1128/1606/3
f 1129/1609/932 1130/1608/931 1133/1610/933
f 1133/1610/933 1132/1611/934 1129/1609/932
f 1132/1611/934 1133/1610/933 1134/191/52
f 1134/191/52 55/190/52 1132/1611/934
f 56/192/53 1137/195/53 1136/1612/935
f 1136/1612/935 1135/1613/936 56/192/53
f 1138/1614/937 1135/1613/936 1136/1612/935
f 1136/1612/935 1139/1615/938 1138/1614/937
f 1138/1614/937 1139/1615/938 1131/1607/930
f 1131/1607/930 1128/1606/3 1138/1614/937
f 64/198/58 1141/200/60 1140/1616/939
f 64/198/58 1140/1616/939 1142/1617/61
f 64/198/58 1142/1617/61 1143/1618/61
f 64/198/58 1143/1618/61 1144/1619/61
f 64/198/58 1144/1619/61 1145/1620/61
f 64/198/58 1145/1620/61 70/205/61
f 1147/1621/940 1146/1622/941 1148/208/64
f 1148/208/64 89/207/63 1147/1621/940
f 1150/1623/942 1149/1624/943 1146/1622/941
f 1146/1622/941 1147/1621/940 1150/1623/942
f 1152/1625/944 1151/1626/945 1149/1624/943
f 1149/1624/943 1150/1623/942 1152/1625/944
f 1154/1627/946 1153/1628/947 1151/1626/945
f 1151/1626/945 1152/1625/944 1154/1627/946
f 1156/1629/948 1155/1630/949 1153/1628/947
f 1153/1628/947 1154/1627/946 1156/1629/948
f 1157/218/74 100/219/75 1155/1630/949
f 1155/1630/949 1156/1629/948 1157/218/74
f 1158/220/76 1160/222/76 1159/1631/76
f 1159/1631/76 1160/222/76 1161/1632/76
f 1161/1632/76 1160/222/76 1162/1633/76
f 1162/1633/76 1160/222/76 1163/1634/76
f 1163/1634/76 1160/222/76 1164/1635/76
f 1164/1635/76 1160/222/76 1165/227/76
f 1159/1636/950 1166/1637/951 76/230/79
f 76/230/79 1158/229/78 1159/1636/950
f 1141/232/81 1167/235/84 1168/1638/952
f 1168/1638/952 1140/1639/953 1141/232/81
f 1161/1640/954 1169/1641/955 1166/1637/951
f 1166/1637/951 1159/1636/950 1161/1640/954
f 1140/1639/953 1168/1638/952 1170/1642/956
f 1170/1642/956 1142/1643/954 1140/1639/953
f 1162/1644/3 1171/1645/957 1169/1641/955
f 1169/1641/955 1161/1640/954 1162/1644/3
f 1142/1643/954 1170/1642/956 1172/1646/958
f 1172/1646/958 1143/1647/3 1142/1643/954
f 1163/1648/959 1173/1649/960 1171/1645/957
f 1171/1645/957 1162/1644/3 1163/1648/959
f 1143/1647/3 1172/1646/958 1174/1650/961
f 1174/1650/961 1144/1651/959 1143/1647/3
f 1164/1652/962 1175/1653/963 1173/1649/960
f 1173/1649/960 1163/1648/959 1164/1652/962
f 1144/1651/959 1174/1650/961 1176/1654/964
f 1176/1654/964 1145/1655/962 1144/1651/959
f 1165/252/96 88/253/97 1175/1653/963
f 1175/1653/963 1164/1652/962 1165/252/96
f 1145/1655/962 1176/1654/964 87/255/98
f 87/255/98 70/254/96 1145/1655/962
f 1166/1637/951 1147/1621/940 89/207/63
f 89/207/63 76/230/79 1166/1637/951
f 1167/235/84 1148/208/64 1146/1622/941
f 1146/1622/941 1168/1638/952 1167/235/84
f 1169/1641/955 1150/1623/942 1147/1621/940
f 1147/1621/940 1166/1637/951 1169/1641/955
f 1168/1638/952 1146/1622/941 1149/1624/943
f 1149/1624/943 1170/1642/956 1168/1638/952
f 1171/1645/957 1152/1625/944 1150/1623/942
f 1150/1623/942 1169/1641/955 1171/1645/957
f 1170/1642/956 1149/1624/943 1151/1626/945
f 1151/1626/945 1172/1646/958 1170/1642/956
f 1173/1649/960 1154/1627/946 1152/1625/944
f 1152/1625/944 1171/1645/957 1173/1649/960
f 1172/1646/958 1151/1626/945 1153/1628/947
f 1153/1628/947 1174/1650/961 1172/1646/958
f 1175/1653/963 1156/1629/948 1154/1627/946
f 1154/1627/946 1173/1649/960 1175/1653/963
f 1174/1650/961 1153/1628/947 1155/1630/949
f 1155/1630/949 1176/1654/964 1174/1650/961
f 88/253/97 1157/218/74 1156/1629/948
f 1156/1629/948 1175/1653/963 88/253/97
f 1176/1654/964 1155/1630/949 100/219/75
f 100/219/75 87/255/98 1176/1654/964
f 1178/1656/965 1177/1657/966 1180/1658/967
f 1180/1658/967 1179/1659/968 1178/1656/965
f 1181/1660/969 1178/1656/965 1179/1659/968
f 1179/1659/968 1182/1661/970 1181/1660/969
f 1183/1662/971 1181/1660/969 1182/1661/970
f 1182/1661/970 1184/1663/972 1183/1662/971
f 1185/1664/973 1183/1662/971 1184/1663/972
f 1184/1663/972 1186/1665/974 1185/1664/973
f 1185/1664/973 1186/1665/974 1188/1666/975
f 1188/1666/975 1187/1667/976 1185/1664/973
f 1187/1667/976 1188/1666/975 1190/1668/977
f 1190/1668/977 1189/1669/978 1187/1667/976
f 1180/1658/967 1177/1657/966 1192/1670/979
f 1192/1670/979 1191/1671/980 1180/1658/967
f 1193/1672/981 1191/1671/980 1192/1670/979
f 1192/1670/979 1194/1673/982 1193/1672/981
f 1193/1672/981 1194/1673/982 1196/1674/983
f 1196/1674/983 1195/1675/984 1193/1672/981
f 1195/1675/984 1196/1674/983 1198/1676/985
f 1198/1676/985 1197/1677/986 1195/1675/984
f 1197/1677/986 1198/1676/985 1200/1678/987
f 1200/1678/987 1199/1679/988 1197/1677/986
f 1199/1679/988 1200/1678/987 1189/1680/978
f 1189/1680/978 1190/1681/977 1199/1679/988
f 1202/1682/989 1201/1683/990 1204/1684/991
f 1204/1684/991 1203/1685/992 1202/1682/989
f 1206/1686/993 1205/1687/994 1201/1683/990
f 1201/1683/990 1202/1682/989 1206/1686/993
f 1208/1688/995 1207/1689/996 1205/1687/994
f 1205/1687/994 1206/1686/993 1208/1688/995
f 1210/1690/997 1209/1691/998 1207/1689/996
f 1207/1689/996 1208/1688/995 1210/1690/997
f 1212/1692/999 1211/1693/1000 1209/1691/998
f 1209/1691/998 1210/1690/997 1212/1692/999
f 1214/1694/1001 1213/1695/1002 1211/1693/1000
f 1211/1693/1000 1212/1692/999 1214/1694/1001
f 1203/1685/992 1204/1684/991 1216/1696/1003
f 1216/1696/1003 1215/1697/1004 1203/1685/992
f 1215/1697/1004 1216/1696/1003 1218/1698/1005
f 1218/1698/1005 1217/1699/1006 1215/1697/1004
f 1217/1699/1006 1218/1698/1005 1220/1700/1007
f 1220/1700/1007 1219/1701/1008 1217/1699/1006
f 1219/1701/1008 1220/1700/1007 1222/1702/1009
f 1222/1702/1009 1221/1703/1010 1219/1701/1008
f 1221/1703/1010 1222/1702/1009 1224/1704/1011
f 1224/1704/1011 1223/1705/1012 1221/1703/1010
f 1223/1705/1012 1224/1704/1011 1213/1706/1002
f 1213/1706/1002 1214/1707/1001 1223/1705/1012
f 1201/1683/990 1179/1659/968 1180/1658/967
f 1180/1658/967 1204/1684/991 1201/1683/990
f 1205/1687/994 1182/1661/970 1179/1659/968
f 1179/1659/968 1201/1683/990 1205/1687/994
f 1207/1689/996 1184/1663/972 1182/1661/970
f 1182/1661/970 1205/1687/994 1207/1689/996
f 1209/1691/998 1186/1665/974 1184/1663/972
f 1184/1663/972 1207/1689/996 1209/1691/998
f 1211/1693/1000 1188/1666/975 1186/1665/974
f 1186/1665/974 1209/1691/998 1211/1693/1000
f 1213/1695/1002 1190/1668/977 1188/1666/975
f 1188/1666/975 1211/1693/1000 1213/1695/1002
f 1204/1684/991 1180/1658/967 1191/1671/980
f 1191/1671/980 1216/1696/1003 1204/1684/991
f 1216/1696/1003 1191/1671/980 1193/1672/981
f 1193/1672/981 1218/1698/1005 1216/1696/1003
f 1218/1698/1005 1193/1672/981 1195/1675/984
f 1195/1675/984 1220/1700/1007 1218/1698/1005
f 1220/1700/1007 1195/1675/984 1197/1677/986
f 1197/1677/986 1222/1702/1009 1220/1700/1007
f 1222/1702/1009 1197/1677/986 1199/1679/988
f 1199/1679/988 1224/1704/1011 1222/1702/1009
f 1224/1704/1011 1199/1679/988 1190/1681/977
f 1190/1681/977 1213/1706/1002 1224/1704/1011
f 1187/1667/976 1189/1669/978 1225/309/148
f 1225/309/148 203/308/147 1187/1667/976
f 1185/1664/973 1187/1667/976 203/308/147
f 203/308/147 204/310/149 1185/1664/973
f 1183/1662/971 1185/1664/973 204/310/149
f 204/310/149 1226/311/150 1183/1662/971
f 1183/1662/971 1226/311/150 1227/312/151
f 1227/312/151 1181/1660/969 1183/1662/971
f 1181/1660/969 1227/312/151 205/313/152
f 205/313/152 1178/1656/965 1181/1660/969
f 1178/1656/965 205/313/152 1228/314/153
f 1228/314/153 1177/1657/966 1178/1656/965
f 1200/1678/987 1229/316/154 1225/315/148
f 1225/315/148 1189/1680/978 1200/1678/987
f 1198/1676/985 1230/317/155 1229/316/154
f 1229/316/154 1200/1678/987 1198/1676/985
f 1196/1674/983 1231/318/156 1230/317/155
f 1230/317/155 1198/1676/985 1196/1674/983
f 1196/1674/983 1194/1673/982 1232/319/157
f 1232/319/157 1231/318/156 1196/1674/983
f 1194/1673/982 1192/1670/979 206/320/158
f 206/320/158 1232/319/157 1194/1673/982
f 1192/1670/979 1177/1657/966 1228/314/153
f 1228/314/153 206/320/158 1192/1670/979
f 1233/1708/2 1236/1709/2 1235/1710/2
f 1235/1710/2 1234/1711/2 1233/1708/2
f 1234/1711/2 1235/1710/2 1238/1712/2
f 1238/1712/2 1237/1713/2 1234/1711/2
f 1237/1713/2 1238/1712/2 1240/1714/2
f 1240/1714/2 1239/1715/2 1237/1713/2
f 1239/1715/2 1240/1714/2 1242/1716/2
f 1242/1716/2 1241/1717/2 1239/1715/2
f 1241/1717/2 1242/1716/2 1244/1718/2
f 1244/1718/2 1243/1719/2 1241/1717/2
f 1243/1719/2 1244/1718/2 1246/1720/2
f 1246/1720/2 1245/1721/2 1243/1719/2
f 1247/1722/159 1250/1723/159 1249/1724/160
f 1249/1724/160 1248/1725/160 1247/1722/159
f 1248/1725/160 1249/1724/160 1252/1726/161
f 1252/1726/161 1251/1727/161 1248/1725/160
f 1251/1727/161 1252/1726/161 1254/1728/162
f 1254/1728/162 1253/1729/162 1251/1727/161
f 1253/1729/162 1254/1728/162 1256/1730/163
f 1256/1730/163 1255/1731/163 1253/1729/162
f 1255/1731/163 1256/1730/163 1258/1732/164
f 1258/1732/164 1257/1733/164 1255/1731/163
f 1257/1733/164 1258/1732/164 1260/1734/165
f 1260/1734/165 1259/1735/165 1257/1733/164
f 1261/1736/3 1264/1737/3 1263/1738/3
f 1263/1738/3 1262/1739/3 1261/1736/3
f 1262/1739/3 1263/1738/3 1266/1740/3
f 1266/1740/3 1265/1741/3 1262/1739/3
f 1265/1741/3 1266/1740/3 1268/1742/3
f 1268/1742/3 1267/1743/3 1265/1741/3
f 1267/1743/3 1268/1742/3 1270/1744/3
f 1270/1744/3 1269/1745/3 1267/1743/3
f 1269/1745/3 1270/1744/3 1272/1746/3
f 1272/1746/3 1271/1747/3 1269/1745/3
f 1271/1747/3 1272/1746/3 1274/1748/3
f 1274/1748/3 1273/1749/3 1271/1747/3
f 1264/1750/1013 1233/1751/166 1234/1752/167
f 1234/1752/167 1263/1753/167 1264/1750/1013
f 1263/1753/168 1234/1752/168 1237/1754/169
f 1237/1754/169 1266/1755/169 1263/1753/168
f 1266/1755/169 1237/1754/169 1239/1756/1
f 1239/1756/1 1268/1757/1 1266/1755/169
f 1268/1757/1 1239/1756/1 1241/1758/170
f 1241/1758/170 1270/1759/170 1268/1757/1
f 1270/1759/170 1241/1758/170 1243/1760/171
f 1243/1760/171 1272/1761/171 1270/1759/170
f 1272/1761/171 1243/1760/171 1245/1762/172
f 1245/1762/172 1274/1763/172 1272/1761/171
f 1233/1708/2 1276/1764/2 1275/1765/2
f 1275/1765/2 1236/1709/2 1233/1708/2
f 1246/1720/2 1278/1766/2 1277/1767/2
f 1277/1767/2 1245/1721/2 1246/1720/2
f 1247/1722/173 1280/1768/173 1279/1769/173
f 1279/1769/173 1250/1723/173 1247/1722/173
f 1260/1734/174 1282/1770/174 1281/1771/174
f 1281/1771/174 1259/1735/174 1260/1734/174
f 1261/1736/3 1284/1772/3 1283/1773/3
f 1283/1773/3 1264/1737/3 1261/1736/3
f 1274/1748/3 1286/1774/3 1285/1775/3
f 1285/1775/3 1273/1749/3 1274/1748/3
f 1264/1750/166 1283/20/175 1276/14/175
f 1276/14/175 1233/1751/166 1264/1750/1013
f 1245/1762/172 1277/16/176 1286/22/176
f 1286/22/176 1274/1763/172 1245/1762/172
f 1235/1710/186 1236/1709/187 1247/1722/188
f 1247/1722/188 1248/1725/186 1235/1710/186
f 1238/1712/189 1235/1710/186 1248/1725/186
f 1248/1725/186 1251/1727/189 1238/1712/189
f 1240/1714/190 1238/1712/189 1251/1727/189
f 1251/1727/189 1253/1729/190 1240/1714/190
f 1242/1716/191 1240/1714/190 1253/1729/190
f 1253/1729/190 1255/1731/191 1242/1716/191
f 1244/1718/1014 1242/1716/191 1255/1731/191
f 1255/1731/191 1257/1733/1014 1244/1718/1014
f 1246/1720/194 1244/1718/1014 1257/1733/1014
f 1257/1733/1014 1259/1735/193 1246/1720/194
f 1249/1724/177 1250/1723/178 1261/1736/179
f 1261/1736/179 1262/1739/177 1249/1724/177
f 1252/1726/180 1249/1724/177 1262/1739/177
f 1262/1739/177 1265/1741/180 1252/1726/180
f 1254/1728/181 1252/1726/180 1265/1741/180
f 1265/1741/180 1267/1743/181 1254/1728/181
f 1256/1730/182 1254/1728/181 1267/1743/181
f 1267/1743/181 1269/1745/182 1256/1730/182
f 1258/1732/1015 1256/1730/182 1269/1745/182
f 1269/1745/182 1271/1747/1015 1258/1732/1015
f 1260/1734/185 1258/1732/1015 1271/1747/1015
f 1271/1747/1015 1273/1749/184 1260/1734/185
f 1236/1709/187 1275/1765/197 1280/1768/197
f 1280/1768/197 1247/1722/188 1236/1709/187
f 1259/1735/193 1281/1771/198 1278/1766/198
f 1278/1766/198 1246/1720/194 1259/1735/193
f 1250/1723/178 1279/1769/195 1284/1772/195
f 1284/1772/195 1261/1736/179 1250/1723/178
f 1273/1749/184 1285/1775/196 1282/1770/196
f 1282/1770/196 1260/1734/185 1273/1749/184
f 207/389/61 208/391/61 1287/1776/61
f 207/389/61 1287/1776/61 1288/1777/61
f 207/389/61 1288/1777/61 1289/1778/61
f 207/389/61 1289/1778/61 1290/1779/61
f 207/389/61 1290/1779/61 1291/1780/61
f 207/389/61 1291/1780/61 214/396/61
f 1287/1781/950 208/400/78 1293/399/200
f 1293/399/200 1292/1782/1016 1287/1781/950
f 1288/1783/954 1287/1781/950 1292/1782/1016
f 1292/1782/1016 1294/1784/1017 1288/1783/954
f 1289/1785/3 1288/1783/954 1294/1784/1017
f 1294/1784/1017 1295/1786/1018 1289/1785/3
f 1290/1787/959 1289/1785/3 1295/1786/1018
f 1295/1786/1018 1296/1788/1019 1290/1787/959
f 1291/1789/962 1290/1787/959 1296/1788/1019
f 1296/1788/1019 1297/1790/1020 1291/1789/962
f 214/409/96 1291/1789/962 1297/1790/1020
f 1297/1790/1020 1298/410/205 214/409/96
f 1299/411/76 221/413/76 1300/1791/76
f 1300/1791/76 221/413/76 1301/1792/76
f 1301/1792/76 221/413/76 1302/1793/76
f 1302/1793/76 221/413/76 1303/1794/76
f 1303/1794/76 221/413/76 1304/1795/76
f 1304/1795/76 221/413/76 220/418/76
f 1305/1796/1021 1292/1782/1016 1293/399/200
f 1293/399/200 1306/420/207 1305/1796/1021
f 1307/1797/1022 1294/1784/1017 1292/1782/1016
f 1292/1782/1016 1305/1796/1021 1307/1797/1022
f 1308/1798/1023 1295/1786/1018 1294/1784/1017
f 1294/1784/1017 1307/1797/1022 1308/1798/1023
f 1309/1799/1024 1296/1788/1019 1295/1786/1018
f 1295/1786/1018 1308/1798/1023 1309/1799/1024
f 1310/1800/1025 1297/1790/1020 1296/1788/1019
f 1296/1788/1019 1309/1799/1024 1310/1800/1025
f 232/425/212 1298/410/205 1297/1790/1020
f 1297/1790/1020 1310/1800/1025 232/425/212
f 1300/1801/1026 1305/1796/1021 1306/420/207
f 1306/420/207 1299/427/214 1300/1801/1026
f 1301/1802/1027 1307/1797/1022 1305/1796/1021
f 1305/1796/1021 1300/1801/1026 1301/1802/1027
f 1302/1803/1028 1308/1798/1023 1307/1797/1022
f 1307/1797/1022 1301/1802/1027 1302/1803/1028
f 1303/1804/1029 1309/1799/1024 1308/1798/1023
f 1308/1798/1023 1302/1803/1028 1303/1804/1029
f 1304/1805/1030 1310/1800/1025 1309/1799/1024
f 1309/1799/1024 1303/1804/1029 1304/1805/1030
f 220/432/219 232/425/212 1310/1800/1025
f 1310/1800/1025 1304/1805/1030 220/432/219
f 1313/1806/1031 1312/1807/1032 1311/1808/1033
f 1311/1808/1033 1314/1809/1034 1313/1806/1031
f 1315/1810/1035 1313/1806/1031 1314/1809/1034
f 1314/1809/1034 1316/1811/1036 1315/1810/1035
f 1317/1812/1037 1315/1810/1035 1316/1811/1036
f 1316/1811/1036 1318/1813/1038 1317/1812/1037
f 1319/1814/1039 1317/1812/1037 1318/1813/1038
f 1318/1813/1038 1320/1815/1040 1319/1814/1039
f 1321/1816/1041 1319/1814/1039 1320/1815/1040
f 1320/1815/1040 1322/1817/1042 1321/1816/1041
f 1323/1818/1043 1321/1816/1041 1322/1817/1042
f 1322/1817/1042 1324/1819/1044 1323/1818/1043
f 1325/1820/1045 1323/1821/1043 1324/1822/1044
f 1324/1822/1044 1326/1823/1046 1325/1820/1045
f 1327/1824/1047 1325/1820/1045 1326/1823/1046
f 1326/1823/1046 1328/1825/1048 1327/1824/1047
f 1329/1826/1049 1327/1824/1047 1328/1825/1048
f 1328/1825/1048 1330/1827/1050 1329/1826/1049
f 1331/1828/1051 1329/1826/1049 1330/1827/1050
f 1330/1827/1050 1332/1829/1052 1331/1828/1051
f 1333/1830/1053 1331/1828/1051 1332/1829/1052
f 1332/1829/1052 1334/1831/1054 1333/1830/1053
f 1312/1807/1032 1333/1830/1053 1334/1831/1054
f 1334/1831/1054 1311/1808/1033 1312/1807/1032
f 1336/1832/1055 1335/1833/1056 1312/1807/1032
f 1312/1807/1032 1313/1806/1031 1336/1832/1055
f 1337/1834/1057 1336/1832/1055 1313/1806/1031
f 1313/1806/1031 1315/1810/1035 1337/1834/1057
f 1338/1835/1058 1337/1834/1057 1315/1810/1035
f 1315/1810/1035 1317/1812/1037 1338/1835/1058
f 1339/1836/1059 1338/1835/1058 1317/1812/1037
f 1317/1812/1037 1319/1814/1039 1339/1836/1059
f 1340/1837/1060 1339/1836/1059 1319/1814/1039
f 1319/1814/1039 1321/1816/1041 1340/1837/1060
f 1341/1838/1061 1340/1837/1060 1321/1816/1041
f 1321/1816/1041 1323/1818/1043 1341/1838/1061
f 1342/1839/1062 1341/1840/1061 1323/1821/1043
f 1323/1821/1043 1325/1820/1045 1342/1839/1062
f 1343/1841/1063 1342/1839/1062 1325/1820/1045
f 1325/1820/1045 1327/1824/1047 1343/1841/1063
f 1344/1842/1064 1343/1841/1063 1327/1824/1047
f 1327/1824/1047 1329/1826/1049 1344/1842/1064
f 1345/1843/1065 1344/1842/1064 1329/1826/1049
f 1329/1826/1049 1331/1828/1051 1345/1843/1065
f 1346/1844/1066 1345/1843/1065 1331/1828/1051
f 1331/1828/1051 1333/1830/1053 1346/1844/1066
f 1335/1833/1056 1346/1844/1066 1333/1830/1053
f 1333/1830/1053 1312/1807/1032 1335/1833/1056
f 1348/1845/1067 1347/1846/1068 1335/1833/1056
f 1335/1833/1056 1336/1832/1055 1348/1845/1067
f 1349/1847/1069 1348/1845/1067 1336/1832/1055
f 1336/1832/1055 1337/1834/1057 1349/1847/1069
f 1350/1848/1070 1349/1847/1069 1337/1834/1057
f 1337/1834/1057 1338/1835/1058 1350/1848/1070
f 1351/1849/1071 1350/1848/1070 1338/1835/1058
f 1338/1835/1058 1339/1836/1059 1351/1849/1071
f 1352/1850/1072 1351/1849/1071 1339/1836/1059
f 1339/1836/1059 1340/1837/1060 1352/1850/1072
f 1353/1851/1073 1352/1850/1072 1340/1837/1060
f 1340/1837/1060 1341/1838/1061 1353/1851/1073
f 1354/1852/1074 1353/1853/1073 1341/1840/1061
f 1341/1840/1061 1342/1839/1062 1354/1852/1074
f 1355/1854/1075 1354/1852/1074 1342/1839/1062
f 1342/1839/1062 1343/1841/1063 1355/1854/1075
f 1356/1855/1076 1355/1854/1075 1343/1841/1063
f 1343/1841/1063 1344/1842/1064 1356/1855/1076
f 1357/1856/1077 1356/1855/1076 1344/1842/1064
f 1344/1842/1064 1345/1843/1065 1357/1856/1077
f 1358/1857/1078 1357/1856/1077 1345/1843/1065
f 1345/1843/1065 1346/1844/1066 1358/1857/1078
f 1347/1846/1068 1358/1857/1078 1346/1844/1066
f 1346/1844/1066 1335/1833/1056 1347/1846/1068
f 1361/1858/1079 1360/1859/1080 1359/1860/1081
f 1359/1860/1081 1362/1861/1082 1361/1858/1079
f 1363/1862/1083 1361/1858/1079 1362/1861/1082
f 1362/1861/1082 1364/1863/1084 1363/1862/1083
f 1365/1864/1085 1363/1862/1083 1364/1863/1084
f 1364/1863/1084 1366/1865/1086 1365/1864/1085
f 1367/1866/1087 1365/1864/1085 1366/1865/1086
f 1366/1865/1086 1368/1867/1088 1367/1866/1087
f 1369/1868/1089 1367/1866/1087 1368/1867/1088
f 1368/1867/1088 1370/1869/1090 1369/1868/1089
f 1371/1870/1091 1369/1868/1089 1370/1869/1090
f 1370/1869/1090 1372/1871/1092 1371/1870/1091
f 1373/1872/1093 1371/1873/1091 1372/1874/1092
f 1372/1874/1092 1374/1875/1094 1373/1872/1093
f 1375/1876/1095 1373/1872/1093 1374/1875/1094
f 1374/1875/1094 1376/1877/1096 1375/1876/1095
f 1377/1878/1097 1375/1876/1095 1376/1877/1096
f 1376/1877/1096 1378/1879/1098 1377/1878/1097
f 1379/1880/1099 1377/1878/1097 1378/1879/1098
f 1378/1879/1098 1380/1881/1100 1379/1880/1099
f 1381/1882/1101 1379/1880/1099 1380/1881/1100
f 1380/1881/1100 1382/1883/1102 1381/1882/1101
f 1360/1859/1080 1381/1882/1101 1382/1883/1102
f 1382/1883/1102 1359/1860/1081 1360/1859/1080
f 1384/1884/1103 1383/1885/1104 1360/1859/1080
f 1360/1859/1080 1361/1858/1079 1384/1884/1103
f 1385/1886/1105 1384/1884/1103 1361/1858/1079
f 1361/1858/1079 1363/1862/1083 1385/1886/1105
f 1386/1887/1106 1385/1886/1105 1363/1862/1083
f 1363/1862/1083 1365/1864/1085 1386/1887/1106
f 1387/1888/1107 1386/1887/1106 1365/1864/1085
f 1365/1864/1085 1367/1866/1087 1387/1888/1107
f 1388/1889/1108 1387/1888/1107 1367/1866/1087
f 1367/1866/1087 1369/1868/1089 1388/1889/1108
f 1389/1890/1109 1388/1889/1108 1369/1868/1089
f 1369/1868/1089 1371/1870/1091 1389/1890/1109
f 1390/1891/1110 1389/1892/1109 1371/1873/1091
f 1371/1873/1091 1373/1872/1093 1390/1891/1110
f 1391/1893/1111 1390/1891/1110 1373/1872/1093
f 1373/1872/1093 1375/1876/1095 1391/1893/1111
f 1392/1894/1112 1391/1893/1111 1375/1876/1095
f 1375/1876/1095 1377/1878/1097 1392/1894/1112
f 1393/1895/1113 1392/1894/1112 1377/1878/1097
f 1377/1878/1097 1379/1880/1099 1393/1895/1113
f 1394/1896/1114 1393/1895/1113 1379/1880/1099
f 1379/1880/1099 1381/1882/1101 1394/1896/1114
f 1383/1885/1104 1394/1896/1114 1381/1882/1101
f 1381/1882/1101 1360/1859/1080 1383/1885/1104
f 1395/1897/1115 1397/1898/1116 1396/1899/1117
f 1398/1900/1118 1397/1898/1116 1395/1897/1115
f 1399/1901/1119 1397/1898/1116 1398/1900/1118
f 1400/1902/1120 1397/1898/1116 1399/1901/1119
f 1401/1903/1121 1397/1898/1116 1400/1902/1120
f 1402/1904/1122 1397/1898/1116 1401/1903/1121
f 1403/1905/1123 1397/1898/1116 1402/1904/1122
f 1404/1906/1124 1397/1898/1116 1403/1905/1123
f 1405/1907/1125 1397/1898/1116 1404/1906/1124
f 1406/1908/1126 1397/1898/1116 1405/1907/1125
f 1407/1909/1127 1397/1898/1116 1406/1908/1126
f 1396/1899/1117 1397/1898/1116 1407/1909/1127
f 1408/1910/329 1410/1911/319 1409/1912/318
f 1411/1913/328 1410/1911/319 1408/1910/329
f 1412/1914/1128 1410/1911/319 1411/1913/328
f 1413/1915/326 1410/1911/319 1412/1914/1128
f 1414/1916/325 1410/1911/319 1413/1915/326
f 1415/1917/324 1410/1911/319 1414/1916/325
f 1416/1918/323 1410/1911/319 1415/1917/324
f 1417/1919/322 1410/1911/319 1416/1918/323
f 1418/1920/1129 1410/1911/319 1417/1919/322
f 1419/1921/320 1410/1911/319 1418/1920/1129
f 1420/1922/317 1410/1911/319 1419/1921/320
f 1409/1912/318 1410/1911/319 1420/1922/317
f 1347/1923/1068 1348/1924/1067 1395/1897/1115
f 1395/1897/1115 1396/1899/1117 1347/1923/1068
f 1348/1924/1067 1349/1925/1069 1398/1900/1118
f 1398/1900/1118 1395/1897/1115 1348/1924/1067
f 1349/1925/1069 1350/1926/1070 1399/1901/1119
f 1399/1901/1119 1398/1900/1118 1349/1925/1069
f 1350/1926/1070 1351/1927/1071 1400/1902/1120
f 1400/1902/1120 1399/1901/1119 1350/1926/1070
f 1351/1927/1071 1352/1928/1072 1401/1903/1121
f 1401/1903/1121 1400/1902/1120 1351/1927/1071
f 1352/1928/1072 1353/1929/1073 1402/1904/1122
f 1402/1904/1122 1401/1903/1121 1352/1928/1072
f 1353/1929/1073 1354/1930/1074 1403/1905/1123
f 1403/1905/1123 1402/1904/1122 1353/1929/1073
f 1354/1930/1074 1355/1931/1075 1404/1906/1124
f 1404/1906/1124 1403/1905/1123 1354/1930/1074
f 1355/1931/1075 1356/1932/1076 1405/1907/1125
f 1405/1907/1125 1404/1906/1124 1355/1931/1075
f 1356/1932/1076 1357/1933/1077 1406/1908/1126
f 1406/1908/1126 1405/1907/1125 1356/1932/1076
f 1357/1933/1077 1358/1934/1078 1407/1909/1127
f 1407/1909/1127 1406/1908/1126 1357/1933/1077
f 1358/1934/1078 1347/1923/1068 1396/1899/1117
f 1396/1899/1117 1407/1909/1127 1358/1934/1078
f 1383/1935/1104 1384/1936/1103 1408/1910/329
f 1408/1910/329 1409/1912/318 1383/1935/1104
f 1384/1936/1103 1385/1937/1105 1411/1913/328
f 1411/1913/328 1408/1910/329 1384/1936/1103
f 1385/1937/1105 1386/1938/1106 1412/1914/1128
f 1412/1914/1128 1411/1913/328 1385/1937/1105
f 1386/1938/1106 1387/1939/1107 1413/1915/326
f 1413/1915/326 1412/1914/1128 1386/1938/1106
f 1387/1939/1107 1388/1940/1108 1414/1916/325
f 1414/1916/325 1413/1915/326 1387/1939/1107
f 1388/1940/1108 1389/1941/1109 1415/1917/324
f 1415/1917/324 1414/1916/325 1388/1940/1108
f 1389/1941/1109 1390/1942/1110 1416/1918/323
f 1416/1918/323 1415/1917/324 1389/1941/1109
f 1390/1942/1110 1391/1943/1111 1417/1919/322
f 1417/1919/322 1416/1918/323 1390/1942/1110
f 1391/1943/1111 1392/1944/1112 1418/1920/1129
f 1418/1920/1129 1417/1919/322 1391/1943/1111
f 1392/1944/1112 1393/1945/1113 1419/1921/320
f 1419/1921/320 1418/1920/1129 1392/1944/1112
f 1393/1945/1113 1394/1946/1114 1420/1922/317
f 1420/1922/317 1419/1921/320 1393/1945/1113
f 1394/1946/1114 1383/1935/1104 1409/1912/318
f 1409/1912/318 1420/1922/317 1394/1946/1114
f 1421/1947/2 1424/1948/2 1423/1949/2
f 1423/1949/2 1422/1950/2 1421/1947/2
f 1422/1950/2 1423/1949/2 1426/1951/2
f 1426/1951/2 1425/1952/2 1422/1950/2
f 1425/1952/2 1426/1951/2 1428/1953/2
f 1428/1953/2 1427/1954/2 1425/1952/2
f 1429/1955/3 1432/1956/3 1431/1957/3
f 1431/1957/3 1430/1958/3 1429/1955/3
f 1430/1958/3 1431/1957/3 1434/1959/3
f 1434/1959/3 1433/1960/3 1430/1958/3
f 1433/1960/3 1434/1959/3 1436/1961/3
f 1436/1961/3 1435/1962/3 1433/1960/3
f 1432/1963/330 1421/1964/330 1422/1965/162
f 1422/1965/162 1431/1966/162 1432/1963/330
f 1431/1966/162 1422/1965/162 1425/1967/331
f 1425/1967/331 1434/1968/331 1431/1966/162
f 1434/1968/332 1425/1967/332 1427/1969/332
f 1427/1969/332 1436/1970/332 1434/1968/332
f 1421/1947/2 1438/1971/2 1437/1972/2
f 1437/1972/2 1424/1948/2 1421/1947/2
f 1429/1955/3 1440/1973/3 1439/1974/3
f 1439/1974/3 1432/1956/3 1429/1955/3
f 1432/1963/330 1439/1975/161 1438/1976/161
f 1438/1976/161 1421/1964/330 1432/1963/330
f 1440/1977/333 1437/1978/333 1438/1976/164
f 1438/1976/164 1439/1975/164 1440/1977/333
f 1424/1948/2 1442/1979/2 1441/1980/2
f 1441/1980/2 1423/1949/2 1424/1948/2
f 1423/1949/2 1441/1980/2 1443/1981/2
f 1443/1981/2 1426/1951/2 1423/1949/2
f 1428/1953/2 1426/1951/2 1443/1981/2
f 1443/1981/2 1444/1982/2 1428/1953/2
f 1430/1958/3 1446/1983/3 1445/1984/3
f 1445/1984/3 1429/1955/3 1430/1958/3
f 1433/1960/3 1447/1985/3 1446/1983/3
f 1446/1983/3 1430/1958/3 1433/1960/3
f 1437/1972/2 1448/1986/2 1442/1979/2
f 1442/1979/2 1424/1948/2 1437/1972/2
f 1429/1955/3 1445/1984/3 1449/1987/3
f 1449/1987/3 1440/1973/3 1429/1955/3
f 1449/1988/335 1451/1989/335 1450/1990/335
f 1440/1977/333 1449/1988/335 1450/1990/335
f 1450/1990/335 1448/1991/1130 1437/1978/333
f 1440/1977/333 1450/1990/335 1437/1978/333
f 1435/1962/3 1452/1992/3 1447/1985/3
f 1447/1985/3 1433/1960/3 1435/1962/3
f 1453/1993/2 1456/1994/2 1455/1995/2
f 1455/1995/2 1454/1996/2 1453/1993/2
f 1456/1994/2 1458/1997/2 1457/1998/2
f 1457/1998/2 1455/1995/2 1456/1994/2
f 1458/1997/2 1427/1954/2 1428/1953/2
f 1428/1953/2 1457/1998/2 1458/1997/2
f 1459/1999/3 1462/2000/3 1461/2001/3
f 1461/2001/3 1460/2002/3 1459/1999/3
f 1462/2000/3 1464/2003/3 1463/2004/3
f 1463/2004/3 1461/2001/3 1462/2000/3
f 1464/2003/3 1435/1962/3 1436/1961/3
f 1436/1961/3 1463/2004/3 1464/2003/3
f 1460/2005/336 1461/2006/337 1456/2007/337
f 1456/2007/337 1453/2008/336 1460/2005/336
f 1461/2006/337 1463/2009/167 1458/2010/167
f 1458/2010/167 1456/2007/337 1461/2006/337
f 1463/2009/165 1436/1970/165 1427/1969/165
f 1427/1969/165 1458/2010/165 1463/2009/165
f 1453/1993/2 1454/1996/2 1466/2011/2
f 1466/2011/2 1465/2012/2 1453/1993/2
f 1459/1999/3 1460/2002/3 1468/2013/3
f 1468/2013/3 1467/2014/3 1459/1999/3
f 1460/2005/336 1453/2008/336 1465/2015/169
f 1465/2015/169 1468/2016/169 1460/2005/336
f 1467/2017/338 1468/2016/164 1465/2015/164
f 1465/2015/164 1466/2018/338 1467/2017/338
f 1454/1996/2 1455/1995/2 1470/2019/2
f 1470/2019/2 1469/2020/2 1454/1996/2
f 1455/1995/2 1457/1998/2 1471/2021/2
f 1471/2021/2 1470/2019/2 1455/1995/2
f 1428/1953/2 1444/1982/2 1471/2021/2
f 1471/2021/2 1457/1998/2 1428/1953/2
f 1462/2000/3 1459/1999/3 1473/2022/3
f 1473/2022/3 1472/2023/3 1462/2000/3
f 1464/2003/3 1462/2000/3 1472/2023/3
f 1472/2023/3 1474/2024/3 1464/2003/3
f 1466/2011/2 1454/1996/2 1469/2020/2
f 1469/2020/2 1475/2025/2 1466/2011/2
f 1459/1999/3 1467/2014/3 1476/2026/3
f 1476/2026/3 1473/2022/3 1459/1999/3
f 1467/2017/338 1466/2018/338 1475/2027/339
f 1475/2027/339 1478/2028/339 1477/2029/339
f 1467/2017/338 1475/2027/339 1477/2029/339
f 1467/2017/338 1477/2029/339 1476/2030/339
f 1435/1962/3 1464/2003/3 1474/2024/3
f 1474/2024/3 1452/1992/3 1435/1962/3
f 1451/2031/340 1479/2032/341 1480/2033/341
f 1480/2033/341 1450/2034/340 1451/2031/340
f 1479/2032/341 1481/2035/342 1482/2036/342
f 1482/2036/342 1480/2033/341 1479/2032/341
f 1481/2035/343 1483/2037/344 1484/2038/344
f 1484/2038/344 1482/2036/343 1481/2035/343
f 1483/2037/344 1485/2039/171 1486/2040/171
f 1486/2040/171 1484/2038/344 1483/2037/344
f 1485/2039/171 1487/2041/345 1488/2042/345
f 1488/2042/345 1486/2040/171 1485/2039/171
f 1487/2041/345 1489/2043/346 1490/2044/346
f 1490/2044/346 1488/2042/345 1487/2041/345
f 1489/2043/347 1491/2045/348 1492/2046/348
f 1492/2046/348 1490/2044/347 1489/2043/347
f 1491/2045/348 1477/2047/349 1478/2048/349
f 1478/2048/349 1492/2046/348 1491/2045/348
f 1441/1980/1131 1442/1979/1132 1480/2033/1133
f 1480/2033/1133 1482/2036/1134 1441/1980/1131
f 1443/1981/1135 1441/1980/1136 1482/2036/1137
f 1482/2036/1137 1484/2038/1138 1443/1981/1135
f 1445/1984/1139 1446/1983/1140 1481/2049/1141
f 1481/2049/1141 1479/2050/1142 1445/1984/1139
f 1446/1983/1143 1447/1985/1144 1483/2051/1145
f 1483/2051/1145 1481/2049/1146 1446/1983/1143
f 1447/1985/1144 1452/1992/1147 1485/2052/1148
f 1485/2052/1148 1483/2051/1145 1447/1985/1144
f 1442/1979/1132 1448/1986/1149 1450/2034/1150
f 1450/2034/1150 1480/2033/1133 1442/1979/1132
f 1449/1987/1151 1445/1984/1139 1479/2050/1142
f 1479/2050/1142 1451/2053/1152 1449/1987/1151
f 1444/1982/1153 1443/1981/1135 1484/2038/1138
f 1484/2038/1138 1486/2040/1154 1444/1982/1153
f 1469/2020/1155 1470/2019/1156 1490/2044/1157
f 1490/2044/1157 1492/2046/1158 1469/2020/1155
f 1470/2019/1159 1471/2021/1160 1488/2042/1161
f 1488/2042/1161 1490/2044/1162 1470/2019/1159
f 1471/2021/1160 1444/1982/1153 1486/2040/1154
f 1486/2040/1154 1488/2042/1161 1471/2021/1160
f 1472/2023/1163 1473/2022/1164 1491/2054/1165
f 1491/2054/1165 1489/2055/1166 1472/2023/1163
f 1474/2024/1167 1472/2023/1168 1489/2055/1169
f 1489/2055/1169 1487/2056/1170 1474/2024/1167
f 1475/2025/1171 1469/2020/1155 1492/2046/1158
f 1492/2046/1158 1478/2048/1172 1475/2025/1171
f 1473/2022/1164 1476/2026/1173 1477/2057/1174
f 1477/2057/1174 1491/2054/1165 1473/2022/1164
f 1452/1992/1147 1474/2024/1167 1487/2056/1170
f 1487/2056/1170 1485/2052/1148 1452/1992/1147
f 1493/2058/3 1496/2059/3 1495/2060/3
f 1495/2060/3 1494/2061/3 1493/2058/3
f 1494/2061/3 1495/2060/3 1498/2062/3
f 1498/2062/3 1497/2063/3 1494/2061/3
f 1497/2063/3 1498/2062/3 1500/2064/3
f 1500/2064/3 1499/2065/3 1497/2063/3
f 1499/2065/3 1500/2064/3 1502/2066/3
f 1502/2066/3 1501/2067/3 1499/2065/3
f 1501/2067/3 1502/2066/3 1504/2068/3
f 1504/2068/3 1503/2069/3 1501/2067/3
f 1503/2069/3 1504/2068/3 1506/2070/3
f 1506/2070/3 1505/2071/3 1503/2069/3
f 1505/2071/3 1506/2070/3 1508/2072/3
f 1508/2072/3 1507/2073/3 1505/2071/3
f 1507/2073/3 1508/2072/3 1510/2074/3
f 1510/2074/3 1509/2075/3 1507/2073/3
f 1509/2075/3 1510/2074/3 1512/2076/3
f 1512/2076/3 1511/2077/3 1509/2075/3
f 1511/2078/3 1512/2079/3 1514/2080/3
f 1514/2080/3 1513/2081/3 1511/2078/3
f 1513/2081/3 1514/2080/3 1516/2082/3
f 1516/2082/3 1515/2083/3 1513/2081/3
f 1515/2083/3 1516/2082/3 1496/2059/3
f 1496/2059/3 1493/2058/3 1515/2083/3
f 1496/2059/171 1518/2084/171 1517/2085/176
f 1517/2085/176 1495/2060/176 1496/2059/171
f 1495/2060/176 1517/2085/176 1519/2086/160
f 1519/2086/160 1498/2062/160 1495/2060/176
f 1498/2062/160 1519/2086/160 1520/2087/161
f 1520/2087/161 1500/2064/161 1498/2062/160
f 1500/2064/161 1520/2087/161 1521/2088/162
f 1521/2088/162 1502/2066/162 1500/2064/161
f 1502/2066/162 1521/2088/162 1522/2089/163
f 1522/2089/163 1504/2068/163 1502/2066/162
f 1504/2068/163 1522/2089/163 1523/2090/164
f 1523/2090/164 1506/2070/164 1504/2068/163
f 1506/2070/164 1523/2090/164 1524/2091/175
f 1524/2091/175 1508/2072/175 1506/2070/164
f 1508/2072/175 1524/2091/175 1525/2092/337
f 1525/2092/337 1510/2074/337 1508/2072/175
f 1510/2074/337 1525/2092/337 1526/2093/169
f 1526/2093/169 1512/2076/169 1510/2074/337
f 1512/2079/169 1526/2094/169 1527/2095/1
f 1527/2095/1 1514/2080/1 1512/2079/169
f 1514/2080/1 1527/2095/1 1528/2096/170
f 1528/2096/170 1516/2082/170 1514/2080/1
f 1516/2082/170 1528/2096/170 1518/2084/171
f 1518/2084/171 1496/2059/171 1516/2082/170
f 1494/2061/176 1529/725/176 451/724/171
f 451/724/171 1493/2058/171 1494/2061/176
f 1497/2063/160 452/726/160 1529/725/176
f 1529/725/176 1494/2061/176 1497/2063/160
f 1499/2065/161 453/727/161 452/726/160
f 452/726/160 1497/2063/160 1499/2065/161
f 1501/2067/162 1530/728/162 453/727/161
f 453/727/161 1499/2065/161 1501/2067/162
f 1503/2069/163 454/729/163 1530/728/162
f 1530/728/162 1501/2067/162 1503/2069/163
f 1505/2071/164 1531/730/164 454/729/163
f 454/729/163 1503/2069/163 1505/2071/164
f 1507/2073/175 1532/731/175 1531/730/164
f 1531/730/164 1505/2071/164 1507/2073/175
f 1509/2075/337 455/732/337 1532/731/175
f 1532/731/175 1507/2073/175 1509/2075/337
f 1511/2077/169 456/733/169 455/732/337
f 455/732/337 1509/2075/337 1511/2077/169
f 1513/2081/1 1533/735/1 456/734/169
f 456/734/169 1511/2078/169 1513/2081/1
f 1515/2083/170 457/736/170 1533/735/1
f 1533/735/1 1513/2081/1 1515/2083/170
f 1493/2058/171 451/724/171 457/736/170
f 457/736/170 1515/2083/170 1493/2058/171
f 458/737/394 1535/739/76 1534/2097/76
f 458/737/394 1534/2097/76 1536/2098/76
f 458/737/394 1536/2098/76 1537/2099/76
f 458/737/394 1537/2099/76 1538/2100/76
f 458/737/394 1538/2100/76 1539/2101/1175
f 458/737/394 1539/2101/1175 5768/744/396
f 1535/745/96 464/748/96 1540/2102/962
f 1540/2102/962 1534/2103/962 1535/745/96
f 1534/2103/962 1540/2102/962 1541/2104/959
f 1541/2104/959 1536/2105/959 1534/2103/962
f 1536/2105/959 1541/2104/959 1542/2106/3
f 1542/2106/3 1537/2107/3 1536/2105/959
f 1537/2107/3 1542/2106/3 1543/2108/954
f 1543/2108/954 1538/2109/954 1537/2107/3
f 1538/2109/954 1543/2108/954 1544/2110/950
f 1544/2110/950 1539/2111/1176 1538/2109/954
f 1539/2111/1176 1544/2110/950 470/758/399
f 470/758/399 5768/757/398 1539/2111/1176
f 464/748/400 471/760/400 1545/2112/1177
f 1545/2112/1177 1540/2102/1177 464/748/400
f 1540/2102/1177 1545/2112/1177 1546/2113/1178
f 1546/2113/1178 1541/2104/1178 1540/2102/1177
f 1541/2104/1178 1546/2113/1178 1547/2114/1179
f 1547/2114/1179 1542/2106/1179 1541/2104/1178
f 1542/2106/1179 1547/2114/1179 1548/2115/1180
f 1548/2115/1180 1543/2108/1180 1542/2106/1179
f 1543/2108/1180 1548/2115/1180 1549/2116/1181
f 1549/2116/1181 1544/2110/1181 1543/2108/1180
f 1544/2110/1181 1549/2116/1181 477/765/406
f 477/765/406 470/758/406 1544/2110/1181
f 1550/766/76 1552/768/76 1551/2117/76
f 1550/766/76 1551/2117/76 1553/2118/76
f 1550/766/76 1553/2118/76 1554/2119/76
f 1550/766/76 1554/2119/76 1555/2120/76
f 1550/766/76 1555/2120/76 1556/2121/76
f 1550/766/76 1556/2121/76 641/773/76
f 1557/774/61 488/777/61 1559/2122/61
f 1559/2122/61 1558/2123/61 1557/774/61
f 1558/2123/61 1559/2122/61 1561/2124/61
f 1561/2124/61 1560/2125/61 1558/2123/61
f 1560/2125/61 1561/2124/61 1563/2126/61
f 1563/2126/61 1562/2127/61 1560/2125/61
f 1562/2127/61 1563/2126/61 1565/2128/61
f 1565/2128/61 1564/2129/61 1562/2127/61
f 1564/2129/61 1565/2128/61 1567/2130/61
f 1567/2130/61 1566/2131/61 1564/2129/61
f 1566/2131/61 1567/2130/61 642/787/61
f 642/787/61 1568/786/61 1566/2131/61
f 643/788/61 1570/2132/1182 1569/789/407
f 643/788/61 1571/2133/1183 1570/2132/1182
f 643/788/61 1572/2134/1184 1571/2133/1183
f 643/788/61 1573/2135/1185 1572/2134/1184
f 643/788/61 1574/2136/1186 1573/2135/1185
f 643/788/61 654/795/413 1574/2136/1186
f 1575/796/61 499/799/61 1577/2137/1187
f 1577/2137/1187 1576/2138/1187 1575/796/61
f 1576/2138/1187 1577/2137/1187 1579/2139/1188
f 1579/2139/1188 1578/2140/1188 1576/2138/1187
f 1578/2140/1188 1579/2139/1188 1581/2141/3
f 1581/2141/3 1580/2142/3 1578/2140/1188
f 1580/2142/3 1581/2141/3 1583/2143/1189
f 1583/2143/1189 1582/2144/1189 1580/2142/3
f 1582/2144/1189 1583/2143/1189 1585/2145/1190
f 1585/2145/1190 1584/2146/1190 1582/2144/1189
f 1584/2146/1190 1585/2145/1190 1587/809/76
f 1587/809/76 1586/808/76 1584/2146/1190
f 1590/2147/1191 1589/2148/1192 1588/812/420
f 1588/812/420 1591/811/419 1590/2147/1191
f 1592/2149/1193 1590/2147/1191 1591/811/419
f 1591/811/419 505/815/423 1592/2149/1193
f 1593/2150/1194 1592/2149/1193 505/815/423
f 505/815/423 506/817/425 1593/2150/1194
f 1594/2151/1195 1593/2150/1194 506/817/425
f 506/817/425 1595/819/427 1594/2151/1195
f 1596/2152/1196 1594/2151/1195 1595/819/427
f 1595/819/427 1597/821/429 1596/2152/1196
f 1598/2153/1197 1596/2152/1196 1597/821/429
f 1597/821/429 1599/823/431 1598/2153/1197
f 1600/2154/1198 1598/2155/1197 1599/826/431
f 1599/826/431 1601/825/433 1600/2154/1198
f 1602/2156/1199 1600/2154/1198 1601/825/433
f 1601/825/433 507/829/435 1602/2156/1199
f 1603/2157/1200 1602/2156/1199 507/829/435
f 507/829/435 1604/831/437 1603/2157/1200
f 1605/2158/1201 1603/2157/1200 1604/831/437
f 1604/831/437 508/833/439 1605/2158/1201
f 1606/2159/1202 1605/2158/1201 508/833/439
f 508/833/439 1607/835/441 1606/2159/1202
f 1589/2148/1192 1606/2159/1202 1607/835/441
f 1607/835/441 1588/812/420 1589/2148/1192
f 1589/2148/1192 1590/2147/1191 1609/2160/1203
f 1609/2160/1203 1608/2161/1204 1589/2148/1192
f 1590/2147/1191 1592/2149/1193 1610/2162/1205
f 1610/2162/1205 1609/2160/1203 1590/2147/1191
f 1592/2149/1193 1593/2150/1194 1611/2163/1206
f 1611/2163/1206 1610/2162/1205 1592/2149/1193
f 1593/2150/1194 1594/2151/1195 1612/2164/1207
f 1612/2164/1207 1611/2163/1206 1593/2150/1194
f 1594/2151/1195 1596/2152/1196 1613/2165/1208
f 1613/2165/1208 1612/2164/1207 1594/2151/1195
f 1596/2152/1196 1598/2153/1197 1614/2166/1209
f 1614/2166/1209 1613/2165/1208 1596/2152/1196
f 1598/2155/1197 1600/2154/1198 1615/2167/1210
f 1615/2167/1210 1614/2168/1209 1598/2155/1197
f 1600/2154/1198 1602/2156/1199 1616/2169/1211
f 1616/2169/1211 1615/2167/1210 1600/2154/1198
f 1602/2156/1199 1603/2157/1200 1617/2170/1212
f 1617/2170/1212 1616/2169/1211 1602/2156/1199
f 1603/2157/1200 1605/2158/1201 1618/2171/1213
f 1618/2171/1213 1617/2170/1212 1603/2157/1200
f 1605/2158/1201 1606/2159/1202 1619/2172/1214
f 1619/2172/1214 1618/2171/1213 1605/2158/1201
f 1606/2159/1202 1589/2148/1192 1608/2161/1204
f 1608/2161/1204 1619/2172/1214 1606/2159/1202
f 1621/2173/1215 1620/2174/1216 1608/2161/1204
f 1608/2161/1204 1609/2160/1203 1621/2173/1215
f 1622/2175/1217 1621/2173/1215 1609/2160/1203
f 1609/2160/1203 1610/2162/1205 1622/2175/1217
f 1623/2176/1218 1622/2175/1217 1610/2162/1205
f 1610/2162/1205 1611/2163/1206 1623/2176/1218
f 1624/2177/1219 1623/2176/1218 1611/2163/1206
f 1611/2163/1206 1612/2164/1207 1624/2177/1219
f 1625/2178/1220 1624/2177/1219 1612/2164/1207
f 1612/2164/1207 1613/2165/1208 1625/2178/1220
f 1626/2179/1221 1625/2178/1220 1613/2165/1208
f 1613/2165/1208 1614/2166/1209 1626/2179/1221
f 1627/2180/1222 1626/2181/1221 1614/2168/1209
f 1614/2168/1209 1615/2167/1210 1627/2180/1222
f 1628/2182/1223 1627/2180/1222 1615/2167/1210
f 1615/2167/1210 1616/2169/1211 1628/2182/1223
f 1629/2183/1224 1628/2182/1223 1616/2169/1211
f 1616/2169/1211 1617/2170/1212 1629/2183/1224
f 1630/2184/1225 1629/2183/1224 1617/2170/1212
f 1617/2170/1212 1618/2171/1213 1630/2184/1225
f 1631/2185/1226 1630/2184/1225 1618/2171/1213
f 1618/2171/1213 1619/2172/1214 1631/2185/1226
f 1620/2174/1216 1631/2185/1226 1619/2172/1214
f 1619/2172/1214 1608/2161/1204 1620/2174/1216
f 1633/2186/1227 1632/2187/1228 1620/2174/1216
f 1620/2174/1216 1621/2173/1215 1633/2186/1227
f 1634/2188/1229 1633/2186/1227 1621/2173/1215
f 1621/2173/1215 1622/2175/1217 1634/2188/1229
f 1635/2189/1230 1634/2188/1229 1622/2175/1217
f 1622/2175/1217 1623/2176/1218 1635/2189/1230
f 1636/2190/1231 1635/2189/1230 1623/2176/1218
f 1623/2176/1218 1624/2177/1219 1636/2190/1231
f 1637/2191/1232 1636/2190/1231 1624/2177/1219
f 1624/2177/1219 1625/2178/1220 1637/2191/1232
f 1638/2192/1233 1637/2191/1232 1625/2178/1220
f 1625/2178/1220 1626/2179/1221 1638/2192/1233
f 1639/2193/1234 1638/2194/1233 1626/2181/1221
f 1626/2181/1221 1627/2180/1222 1639/2193/1234
f 1640/2195/1235 1639/2193/1234 1627/2180/1222
f 1627/2180/1222 1628/2182/1223 1640/2195/1235
f 1641/2196/1236 1640/2195/1235 1628/2182/1223
f 1628/2182/1223 1629/2183/1224 1641/2196/1236
f 1642/2197/1237 1641/2196/1236 1629/2183/1224
f 1629/2183/1224 1630/2184/1225 1642/2197/1237
f 1643/2198/1238 1642/2197/1237 1630/2184/1225
f 1630/2184/1225 1631/2185/1226 1643/2198/1238
f 1632/2187/1228 1643/2198/1238 1631/2185/1226
f 1631/2185/1226 1620/2174/1216 1632/2187/1228
f 1632/2187/1228 1633/2186/1227 1645/2199/1239
f 1645/2199/1239 1644/2200/1240 1632/2187/1228
f 1633/2186/1227 1634/2188/1229 1646/2201/1241
f 1646/2201/1241 1645/2199/1239 1633/2186/1227
f 1634/2188/1229 1635/2189/1230 1647/2202/1242
f 1647/2202/1242 1646/2201/1241 1634/2188/1229
f 1635/2189/1230 1636/2190/1231 1648/2203/1243
f 1648/2203/1243 1647/2202/1242 1635/2189/1230
f 1636/2190/1231 1637/2191/1232 1649/2204/1244
f 1649/2204/1244 1648/2203/1243 1636/2190/1231
f 1637/2191/1232 1638/2192/1233 1650/2205/1245
f 1650/2205/1245 1649/2204/1244 1637/2191/1232
f 1638/2194/1233 1639/2193/1234 1651/2206/1246
f 1651/2206/1246 1650/2207/1245 1638/2194/1233
f 1639/2193/1234 1640/2195/1235 1652/2208/1247
f 1652/2208/1247 1651/2206/1246 1639/2193/1234
f 1640/2195/1235 1641/2196/1236 1653/2209/1248
f 1653/2209/1248 1652/2208/1247 1640/2195/1235
f 1641/2196/1236 1642/2197/1237 1654/2210/1249
f 1654/2210/1249 1653/2209/1248 1641/2196/1236
f 1642/2197/1237 1643/2198/1238 1655/2211/1250
f 1655/2211/1250 1654/2210/1249 1642/2197/1237
f 1643/2198/1238 1632/2187/1228 1644/2200/1240
f 1644/2200/1240 1655/2211/1250 1643/2198/1238
f 1657/2212/1251 1656/2213/1252 1644/2200/1240
f 1644/2200/1240 1645/2199/1239 1657/2212/1251
f 1658/2214/1253 1657/2212/1251 1645/2199/1239
f 1645/2199/1239 1646/2201/1241 1658/2214/1253
f 1659/2215/1254 1658/2214/1253 1646/2201/1241
f 1646/2201/1241 1647/2202/1242 1659/2215/1254
f 1660/2216/1255 1659/2215/1254 1647/2202/1242
f 1647/2202/1242 1648/2203/1243 1660/2216/1255
f 1661/2217/1256 1660/2216/1255 1648/2203/1243
f 1648/2203/1243 1649/2204/1244 1661/2217/1256
f 1662/2218/1257 1661/2217/1256 1649/2204/1244
f 1649/2204/1244 1650/2205/1245 1662/2218/1257
f 1663/2219/1258 1662/2220/1257 1650/2207/1245
f 1650/2207/1245 1651/2206/1246 1663/2219/1258
f 1664/2221/1259 1663/2219/1258 1651/2206/1246
f 1651/2206/1246 1652/2208/1247 1664/2221/1259
f 1665/2222/1260 1664/2221/1259 1652/2208/1247
f 1652/2208/1247 1653/2209/1248 1665/2222/1260
f 1666/2223/1261 1665/2222/1260 1653/2209/1248
f 1653/2209/1248 1654/2210/1249 1666/2223/1261
f 1667/2224/1262 1666/2223/1261 1654/2210/1249
f 1654/2210/1249 1655/2211/1250 1667/2224/1262
f 1656/2213/1252 1667/2224/1262 1655/2211/1250
f 1655/2211/1250 1644/2200/1240 1656/2213/1252
f 1656/2213/1252 1657/2212/1251 1669/2225/1263
f 1669/2225/1263 1668/2226/1264 1656/2213/1252
f 1657/2212/1251 1658/2214/1253 1670/2227/1265
f 1670/2227/1265 1669/2225/1263 1657/2212/1251
f 1658/2214/1253 1659/2215/1254 1671/2228/1266
f 1671/2228/1266 1670/2227/1265 1658/2214/1253
f 1659/2215/1254 1660/2216/1255 1672/2229/1267
f 1672/2229/1267 1671/2228/1266 1659/2215/1254
f 1660/2216/1255 1661/2217/1256 1673/2230/1268
f 1673/2230/1268 1672/2229/1267 1660/2216/1255
f 1661/2217/1256 1662/2218/1257 1674/2231/1269
f 1674/2231/1269 1673/2230/1268 1661/2217/1256
f 1662/2220/1257 1663/2219/1258 1675/2232/1270
f 1675/2232/1270 1674/2233/1269 1662/2220/1257
f 1663/2219/1258 1664/2221/1259 1676/2234/1271
f 1676/2234/1271 1675/2232/1270 1663/2219/1258
f 1664/2221/1259 1665/2222/1260 1677/2235/1272
f 1677/2235/1272 1676/2234/1271 1664/2221/1259
f 1665/2222/1260 1666/2223/1261 1678/2236/1273
f 1678/2236/1273 1677/2235/1272 1665/2222/1260
f 1666/2223/1261 1667/2224/1262 1679/2237/1274
f 1679/2237/1274 1678/2236/1273 1666/2223/1261
f 1667/2224/1262 1656/2213/1252 1668/2226/1264
f 1668/2226/1264 1679/2237/1274 1667/2224/1262
f 1681/2238/1275 1680/2239/1216 1668/2226/1264
f 1668/2226/1264 1669/2225/1263 1681/2238/1275
f 1682/2240/1276 1681/2238/1275 1669/2225/1263
f 1669/2225/1263 1670/2227/1265 1682/2240/1276
f 1683/2241/1277 1682/2240/1276 1670/2227/1265
f 1670/2227/1265 1671/2228/1266 1683/2241/1277
f 1684/2242/1278 1683/2241/1277 1671/2228/1266
f 1671/2228/1266 1672/2229/1267 1684/2242/1278
f 1685/2243/1279 1684/2242/1278 1672/2229/1267
f 1672/2229/1267 1673/2230/1268 1685/2243/1279
f 1686/2244/1221 1685/2243/1279 1673/2230/1268
f 1673/2230/1268 1674/2231/1269 1686/2244/1221
f 1687/2245/1280 1686/2246/1221 1674/2233/1269
f 1674/2233/1269 1675/2232/1270 1687/2245/1280
f 1688/2247/1281 1687/2245/1280 1675/2232/1270
f 1675/2232/1270 1676/2234/1271 1688/2247/1281
f 1689/2248/1282 1688/2247/1281 1676/2234/1271
f 1676/2234/1271 1677/2235/1272 1689/2248/1282
f 1690/2249/1283 1689/2248/1282 1677/2235/1272
f 1677/2235/1272 1678/2236/1273 1690/2249/1283
f 1691/2250/1284 1690/2249/1283 1678/2236/1273
f 1678/2236/1273 1679/2237/1274 1691/2250/1284
f 1680/2239/1216 1691/2250/1284 1679/2237/1274
f 1679/2237/1274 1668/2226/1264 1680/2239/1216
f 1693/2251/1285 1692/2252/1286 1680/2239/1216
f 1680/2239/1216 1681/2238/1275 1693/2251/1285
f 1694/2253/1287 1693/2251/1285 1681/2238/1275
f 1681/2238/1275 1682/2240/1276 1694/2253/1287
f 1695/2254/1288 1694/2253/1287 1682/2240/1276
f 1682/2240/1276 1683/2241/1277 1695/2254/1288
f 1696/2255/1289 1695/2254/1288 1683/2241/1277
f 1683/2241/1277 1684/2242/1278 1696/2255/1289
f 1697/2256/1290 1696/2255/1289 1684/2242/1278
f 1684/2242/1278 1685/2243/1279 1697/2256/1290
f 1698/2257/1291 1697/2256/1290 1685/2243/1279
f 1685/2243/1279 1686/2244/1221 1698/2257/1291
f 1699/2258/1292 1698/2259/1291 1686/2246/1221
f 1686/2246/1221 1687/2245/1280 1699/2258/1292
f 1700/2260/1293 1699/2258/1292 1687/2245/1280
f 1687/2245/1280 1688/2247/1281 1700/2260/1293
f 1701/2261/1294 1700/2260/1293 1688/2247/1281
f 1688/2247/1281 1689/2248/1282 1701/2261/1294
f 1702/2262/1295 1701/2261/1294 1689/2248/1282
f 1689/2248/1282 1690/2249/1283 1702/2262/1295
f 1703/2263/1296 1702/2262/1295 1690/2249/1283
f 1690/2249/1283 1691/2250/1284 1703/2263/1296
f 1692/2252/1286 1703/2263/1296 1691/2250/1284
f 1691/2250/1284 1680/2239/1216 1692/2252/1286
f 1692/2252/1286 1693/2251/1285 1705/2264/1297
f 1705/2264/1297 1704/2265/1298 1692/2252/1286
f 1693/2251/1285 1694/2253/1287 1706/2266/1299
f 1706/2266/1299 1705/2264/1297 1693/2251/1285
f 1694/2253/1287 1695/2254/1288 1707/2267/1300
f 1707/2267/1300 1706/2266/1299 1694/2253/1287
f 1695/2254/1288 1696/2255/1289 1708/2268/1301
f 1708/2268/1301 1707/2267/1300 1695/2254/1288
f 1696/2255/1289 1697/2256/1290 1709/2269/1302
f 1709/2269/1302 1708/2268/1301 1696/2255/1289
f 1697/2256/1290 1698/2257/1291 1710/2270/1303
f 1710/2270/1303 1709/2269/1302 1697/2256/1290
f 1698/2259/1291 1699/2258/1292 1711/2271/1304
f 1711/2271/1304 1710/2272/1303 1698/2259/1291
f 1699/2258/1292 1700/2260/1293 1712/2273/1305
f 1712/2273/1305 1711/2271/1304 1699/2258/1292
f 1700/2260/1293 1701/2261/1294 1713/2274/1306
f 1713/2274/1306 1712/2273/1305 1700/2260/1293
f 1701/2261/1294 1702/2262/1295 1714/2275/1307
f 1714/2275/1307 1713/2274/1306 1701/2261/1294
f 1702/2262/1295 1703/2263/1296 1715/2276/1308
f 1715/2276/1308 1714/2275/1307 1702/2262/1295
f 1703/2263/1296 1692/2252/1286 1704/2265/1298
f 1704/2265/1298 1715/2276/1308 1703/2263/1296
f 1716/2277/420 1704/2265/1298 1705/2264/1297
f 1705/2264/1297 1717/2278/419 1716/2277/420
f 1717/2278/419 1705/2264/1297 1706/2266/1299
f 1706/2266/1299 1718/2279/423 1717/2278/419
f 1718/2279/423 1706/2266/1299 1707/2267/1300
f 1707/2267/1300 1719/2280/425 1718/2279/423
f 1719/2280/425 1707/2267/1300 1708/2268/1301
f 1708/2268/1301 1720/2281/549 1719/2280/425
f 1720/2281/549 1708/2268/1301 1709/2269/1302
f 1709/2269/1302 1721/2282/429 1720/2281/549
f 1721/2282/429 1709/2269/1302 1710/2270/1303
f 1710/2270/1303 1722/2283/431 1721/2282/429
f 1722/2284/431 1710/2272/1303 1711/2271/1304
f 1711/2271/1304 1723/2285/433 1722/2284/431
f 1723/2285/433 1711/2271/1304 1712/2273/1305
f 1712/2273/1305 1724/2286/435 1723/2285/433
f 1724/2286/435 1712/2273/1305 1713/2274/1306
f 1713/2274/1306 1725/2287/437 1724/2286/435
f 1725/2287/437 1713/2274/1306 1714/2275/1307
f 1714/2275/1307 1726/2288/550 1725/2287/437
f 1726/2288/550 1714/2275/1307 1715/2276/1308
f 1715/2276/1308 1727/2289/441 1726/2288/550
f 1727/2289/441 1715/2276/1308 1704/2265/1298
f 1704/2265/1298 1716/2277/420 1727/2289/441
f 488/966/96 1729/969/552 1728/2290/1309
f 1728/2290/1309 1559/2291/962 488/966/96
f 1559/2291/962 1728/2290/1309 1730/2292/1310
f 1730/2292/1310 1561/2293/959 1559/2291/962
f 1561/2293/959 1730/2292/1310 1731/2294/1311
f 1731/2294/1311 1563/2295/3 1561/2293/959
f 1563/2295/3 1731/2294/1311 1732/2296/1312
f 1732/2296/1312 1565/2297/954 1563/2295/3
f 1565/2297/954 1732/2296/1312 1733/2298/1313
f 1733/2298/1313 1567/2299/950 1565/2297/954
f 1567/2299/950 1733/2298/1313 1734/979/557
f 1734/979/557 642/978/78 1567/2299/950
f 1569/789/407 1570/2132/1182 1728/2290/1309
f 1728/2290/1309 1729/969/552 1569/789/407
f 1570/2132/1182 1571/2133/1183 1730/2292/1310
f 1730/2292/1310 1728/2290/1309 1570/2132/1182
f 1571/2133/1183 1572/2134/1184 1731/2294/1311
f 1731/2294/1311 1730/2292/1310 1571/2133/1183
f 1572/2134/1184 1573/2135/1185 1732/2296/1312
f 1732/2296/1312 1731/2294/1311 1572/2134/1184
f 1573/2135/1185 1574/2136/1186 1733/2298/1313
f 1733/2298/1313 1732/2296/1312 1573/2135/1185
f 1574/2136/1186 654/795/413 1734/979/557
f 1734/979/557 1733/2298/1313 1574/2136/1186
f 1735/980/96 1738/983/96 1737/2300/1314
f 1737/2300/1314 1736/2301/1314 1735/980/96
f 1551/2302/1315 1558/2303/1315 1560/2304/959
f 1560/2304/959 1553/2305/959 1551/2302/1315
f 1553/2305/959 1560/2304/959 1562/2306/3
f 1562/2306/3 1554/2307/3 1553/2305/959
f 1554/2307/3 1562/2306/3 1564/2308/954
f 1564/2308/954 1555/2309/954 1554/2307/3
f 1555/2309/954 1564/2308/954 1566/2310/950
f 1566/2310/950 1556/2311/950 1555/2309/954
f 1568/994/78 641/995/78 1556/2311/950
f 1556/2311/950 1566/2310/950 1568/994/78
f 1552/768/76 1735/997/76 1736/2312/76
f 1736/2312/76 1551/2117/76 1552/768/76
f 1558/2303/1315 1551/2302/1315 1736/2301/1314
f 1736/2301/1314 1737/2300/1314 1558/2303/1315
f 1558/2123/61 1737/2313/61 1738/998/61
f 1738/998/61 1557/774/61 1558/2123/61
f 1739/1000/560 1742/2314/1316 1741/2315/1317
f 1741/2315/1317 1740/1001/561 1739/1000/560
f 1740/1001/561 1741/2315/1317 1744/2316/1318
f 1744/2316/1318 1743/1004/564 1740/1001/561
f 1743/1004/564 1744/2316/1318 1746/2317/1319
f 1746/2317/1319 1745/1006/96 1743/1004/564
f 1745/1006/96 1746/2317/1319 1748/2318/1320
f 1748/2318/1320 1747/1008/567 1745/1006/96
f 1747/1008/567 1748/2318/1320 1749/2319/1321
f 1749/2319/1321 657/1010/569 1747/1008/567
f 657/1010/569 1749/2319/1321 1750/2320/1322
f 1750/2320/1322 658/1012/571 657/1010/569
f 1751/2321/1323 1753/2322/3 1752/2323/1324
f 1752/2323/1324 1753/2322/3 1754/2324/1325
f 1754/2324/1325 1753/2322/3 1755/2325/1326
f 1755/2325/1326 1753/2322/3 1756/2326/1327
f 1756/2326/1327 1753/2322/3 1757/2327/1328
f 1757/2327/1328 1753/2322/3 1758/2328/1329
f 1760/2329/1330 1759/2330/1331 678/1024/581
f 678/1024/581 670/1023/78 1760/2329/1330
f 1739/1000/560 1762/1027/584 1761/2331/1332
f 1761/2331/1332 1742/2314/1316 1739/1000/560
f 1751/2321/1323 1764/2332/1333 1763/2333/1334
f 1763/2333/1334 1753/2322/3 1751/2321/1323
f 1753/2322/3 1763/2333/1334 1765/2334/1335
f 1765/2334/1335 1758/2328/1329 1753/2322/3
f 1750/2320/1322 1767/2335/1336 1766/1031/588
f 1766/1031/588 658/1012/571 1750/2320/1322
f 1760/2329/1330 670/1023/78 1769/1034/591
f 1769/1034/591 1768/2336/1337 1760/2329/1330
f 1764/2337/1333 1761/2331/1332 1759/2330/1331
f 1767/2338/1336 1765/2339/1335 1768/2336/1337
f 1741/2315/1317 1742/2314/1316 1751/2340/1323
f 1751/2340/1323 1752/2341/1324 1741/2315/1317
f 1744/2316/1318 1741/2315/1317 1752/2341/1324
f 1752/2341/1324 1754/2342/1325 1744/2316/1318
f 1746/2317/1319 1744/2316/1318 1754/2342/1325
f 1754/2342/1325 1755/2343/1326 1746/2317/1319
f 1748/2318/1320 1746/2317/1319 1755/2343/1326
f 1755/2343/1326 1756/2344/1327 1748/2318/1320
f 1749/2319/1321 1748/2318/1320 1756/2344/1327
f 1756/2344/1327 1757/2345/1328 1749/2319/1321
f 1750/2320/1322 1749/2319/1321 1757/2345/1328
f 1757/2345/1328 1758/2346/1329 1750/2320/1322
f 678/1024/581 1759/2330/1331 1761/2331/1332
f 1761/2331/1332 1762/1027/584 678/1024/581
f 1759/2330/1331 1760/2329/1330 1763/2347/1334
f 1763/2347/1334 1764/2337/1333 1759/2330/1331
f 1760/2329/1330 1768/2336/1337 1765/2339/1335
f 1765/2339/1335 1763/2347/1334 1760/2329/1330
f 1768/2336/1337 1769/1034/591 1766/1046/588
f 1766/1046/588 1767/2338/1336 1768/2336/1337
f 1742/2314/1316 1761/2331/1332 1764/2337/1333
f 1764/2337/1333 1751/2340/1323 1742/2314/1316
f 1758/2346/1329 1765/2348/1335 1767/2335/1336
f 1767/2335/1336 1750/2320/1322 1758/2346/1329
f 1771/2349/595 1770/2350/592 1773/2351/593
f 1773/2351/593 1772/2352/594 1771/2349/595
f 1772/2352/594 1773/2351/593 1775/2353/596
f 1775/2353/596 1774/2354/597 1772/2352/594
f 1774/2354/597 1775/2353/596 1777/2355/598
f 1777/2355/598 1776/2356/599 1774/2354/597
f 1776/2356/599 1777/2355/598 1779/2357/600
f 1779/2357/600 1778/2358/601 1776/2356/599
f 1778/2358/601 1779/2357/600 1781/2359/602
f 1781/2359/602 1780/2360/603 1778/2358/601
f 1780/2360/603 1781/2359/602 1783/2361/604
f 1783/2361/604 1782/2362/605 1780/2360/603
f 1782/2363/605 1783/2364/604 1785/2365/606
f 1785/2365/606 1784/2366/607 1782/2363/605
f 1784/2366/607 1785/2365/606 1787/2367/608
f 1787/2367/608 1786/2368/609 1784/2366/607
f 1786/2368/609 1787/2367/608 1789/2369/610
f 1789/2369/610 1788/2370/611 1786/2368/609
f 1788/2370/611 1789/2369/610 1791/2371/612
f 1791/2371/612 1790/2372/613 1788/2370/611
f 1790/2372/613 1791/2371/612 1793/2373/614
f 1793/2373/614 1792/2374/615 1790/2372/613
f 1792/2374/615 1793/2373/614 1770/2350/592
f 1770/2350/592 1771/2349/595 1792/2374/615
f 1794/2375/3 1797/2376/3 1796/2377/3
f 1796/2377/3 1795/2378/3 1794/2375/3
f 1795/2378/3 1796/2377/3 1799/2379/3
f 1799/2379/3 1798/2380/3 1795/2378/3
f 1798/2380/3 1799/2379/3 1801/2381/3
f 1801/2381/3 1800/2382/3 1798/2380/3
f 1800/2382/3 1801/2381/3 1803/2383/3
f 1803/2383/3 1802/2384/3 1800/2382/3
f 1802/2384/3 1803/2383/3 1805/2385/3
f 1805/2385/3 1804/2386/3 1802/2384/3
f 1804/2386/3 1805/2385/3 1807/2387/3
f 1807/2387/3 1806/2388/3 1804/2386/3
f 1806/2389/3 1807/2390/3 1809/2391/3
f 1809/2391/3 1808/2392/3 1806/2389/3
f 1808/2392/3 1809/2391/3 1811/2393/3
f 1811/2393/3 1810/2394/3 1808/2392/3
f 1810/2394/3 1811/2393/3 1813/2395/3
f 1813/2395/3 1812/2396/3 1810/2394/3
f 1812/2396/3 1813/2395/3 1815/2397/3
f 1815/2397/3 1814/2398/3 1812/2396/3
f 1814/2398/3 1815/2397/3 1817/2399/3
f 1817/2399/3 1816/2400/3 1814/2398/3
f 1816/2400/3 1817/2399/3 1797/2376/3
f 1797/2376/3 1794/2375/3 1816/2400/3
f 1717/2401/2 1819/2402/2 1818/2403/2
f 1818/2403/2 1716/2404/2 1717/2401/2
f 1716/2404/2 1818/2403/2 1820/2405/2
f 1820/2405/2 1727/2406/2 1716/2404/2
f 1727/2406/2 1820/2405/2 1821/2407/2
f 1821/2407/2 1726/2408/2 1727/2406/2
f 1726/2408/2 1821/2407/2 1822/2409/2
f 1822/2409/2 1725/2410/2 1726/2408/2
f 1725/2410/2 1822/2409/2 1823/2411/2
f 1823/2411/2 1724/2412/2 1725/2410/2
f 1724/2412/2 1823/2411/2 1824/2413/2
f 1824/2413/2 1723/2414/2 1724/2412/2
f 1723/2414/2 1824/2413/2 1825/2415/2
f 1825/2415/2 1722/2416/2 1723/2414/2
f 1722/2417/2 1825/2418/2 1826/2419/2
f 1826/2419/2 1721/2420/2 1722/2417/2
f 1721/2420/2 1826/2419/2 1827/2421/2
f 1827/2421/2 1720/2422/2 1721/2420/2
f 1720/2422/2 1827/2421/2 1828/2423/2
f 1828/2423/2 1719/2424/2 1720/2422/2
f 1719/2424/2 1828/2423/2 1829/2425/2
f 1829/2425/2 1718/2426/2 1719/2424/2
f 1718/2426/2 1829/2425/2 1819/2402/2
f 1819/2402/2 1717/2401/2 1718/2426/2
f 1797/2376/420 1830/2427/618 1831/2428/619
f 1831/2428/619 1796/2377/419 1797/2376/420
f 1819/2402/419 1832/2429/616 1833/2430/617
f 1833/2430/617 1818/2403/420 1819/2402/419
f 1796/2377/419 1831/2428/619 1834/2431/621
f 1834/2431/621 1799/2379/423 1796/2377/419
f 1829/2425/423 1835/2432/620 1832/2429/616
f 1832/2429/616 1819/2402/419 1829/2425/423
f 1799/2379/423 1834/2431/621 1836/2433/623
f 1836/2433/623 1801/2381/425 1799/2379/423
f 1828/2423/425 1837/2434/622 1835/2432/620
f 1835/2432/620 1829/2425/423 1828/2423/425
f 1801/2381/425 1836/2433/623 1838/2435/625
f 1838/2435/625 1803/2383/427 1801/2381/425
f 1827/2421/427 1839/2436/624 1837/2434/622
f 1837/2434/622 1828/2423/425 1827/2421/427
f 1803/2383/427 1838/2435/625 1840/2437/627
f 1840/2437/627 1805/2385/429 1803/2383/427
f 1826/2419/429 1841/2438/626 1839/2436/624
f 1839/2436/624 1827/2421/427 1826/2419/429
f 1805/2385/429 1840/2437/627 1842/2439/629
f 1842/2439/629 1807/2387/431 1805/2385/429
f 1825/2418/431 1843/2440/628 1841/2438/626
f 1841/2438/626 1826/2419/429 1825/2418/431
f 1807/2390/431 1842/2441/629 1844/2442/632
f 1844/2442/632 1809/2391/630 1807/2390/431
f 1824/2413/630 1845/2443/631 1843/2444/628
f 1843/2444/628 1825/2415/431 1824/2413/630
f 1809/2391/630 1844/2442/632 1846/2445/635
f 1846/2445/635 1811/2393/633 1809/2391/630
f 1823/2411/435 1847/2446/634 1845/2443/631
f 1845/2443/631 1824/2413/630 1823/2411/435
f 1811/2393/633 1846/2445/635 1848/2447/637
f 1848/2447/637 1813/2395/437 1811/2393/633
f 1822/2409/437 1849/2448/636 1847/2446/634
f 1847/2446/634 1823/2411/435 1822/2409/437
f 1813/2395/437 1848/2447/637 1850/2449/639
f 1850/2449/639 1815/2397/439 1813/2395/437
f 1821/2407/439 1851/2450/638 1849/2448/636
f 1849/2448/636 1822/2409/437 1821/2407/439
f 1815/2397/439 1850/2449/639 1852/2451/642
f 1852/2451/642 1817/2399/441 1815/2397/439
f 1820/2405/641 1853/2452/640 1851/2450/638
f 1851/2450/638 1821/2407/439 1820/2405/641
f 1817/2399/441 1852/2451/642 1830/2427/618
f 1830/2427/618 1797/2376/420 1817/2399/441
f 1818/2403/420 1833/2430/617 1853/2452/640
f 1853/2452/640 1820/2405/641 1818/2403/420
f 1830/2427/618 1771/2349/595 1772/2352/594
f 1772/2352/594 1831/2428/619 1830/2427/618
f 1832/2429/616 1773/2351/593 1770/2350/592
f 1770/2350/592 1833/2430/617 1832/2429/616
f 1831/2428/619 1772/2352/594 1774/2354/597
f 1774/2354/597 1834/2431/621 1831/2428/619
f 1835/2432/620 1775/2353/596 1773/2351/593
f 1773/2351/593 1832/2429/616 1835/2432/620
f 1834/2431/621 1774/2354/597 1776/2356/599
f 1776/2356/599 1836/2433/623 1834/2431/621
f 1837/2434/622 1777/2355/598 1775/2353/596
f 1775/2353/596 1835/2432/620 1837/2434/622
f 1836/2433/623 1776/2356/599 1778/2358/601
f 1778/2358/601 1838/2435/625 1836/2433/623
f 1839/2436/624 1779/2357/600 1777/2355/598
f 1777/2355/598 1837/2434/622 1839/2436/624
f 1838/2435/625 1778/2358/601 1780/2360/603
f 1780/2360/603 1840/2437/627 1838/2435/625
f 1841/2438/626 1781/2359/602 1779/2357/600
f 1779/2357/600 1839/2436/624 1841/2438/626
f 1840/2437/627 1780/2360/603 1782/2362/605
f 1782/2362/605 1842/2439/629 1840/2437/627
f 1843/2440/628 1783/2361/604 1781/2359/602
f 1781/2359/602 1841/2438/626 1843/2440/628
f 1842/2441/629 1782/2363/605 1784/2366/607
f 1784/2366/607 1844/2442/632 1842/2441/629
f 1845/2443/631 1785/2365/606 1783/2364/604
f 1783/2364/604 1843/2444/628 1845/2443/631
f 1844/2442/632 1784/2366/607 1786/2368/609
f 1786/2368/609 1846/2445/635 1844/2442/632
f 1847/2446/634 1787/2367/608 1785/2365/606
f 1785/2365/606 1845/2443/631 1847/2446/634
f 1846/2445/635 1786/2368/609 1788/2370/611
f 1788/2370/611 1848/2447/637 1846/2445/635
f 1849/2448/636 1789/2369/610 1787/2367/608
f 1787/2367/608 1847/2446/634 1849/2448/636
f 1848/2447/637 1788/2370/611 1790/2372/613
f 1790/2372/613 1850/2449/639 1848/2447/637
f 1851/2450/638 1791/2371/612 1789/2369/610
f 1789/2369/610 1849/2448/636 1851/2450/638
f 1850/2449/639 1790/2372/613 1792/2374/615
f 1792/2374/615 1852/2451/642 1850/2449/639
f 1853/2452/640 1793/2373/614 1791/2371/612
f 1791/2371/612 1851/2450/638 1853/2452/640
f 1852/2451/642 1792/2374/615 1771/2349/595
f 1771/2349/595 1830/2427/618 1852/2451/642
f 1833/2430/617 1770/2350/592 1793/2373/614
f 1793/2373/614 1853/2452/640 1833/2430/617
f 1795/2453/419 1855/2454/419 1854/2455/420
f 1854/2455/420 1794/2456/420 1795/2453/419
f 1798/2457/423 1856/2458/423 1855/2454/419
f 1855/2454/419 1795/2453/419 1798/2457/423
f 1800/2459/425 1857/2460/425 1856/2458/423
f 1856/2458/423 1798/2457/423 1800/2459/425
f 1802/2461/427 1858/2462/549 1857/2460/425
f 1857/2460/425 1800/2459/425 1802/2461/427
f 1804/2463/429 1859/2464/429 1858/2462/549
f 1858/2462/549 1802/2461/427 1804/2463/429
f 1806/2465/431 1860/2466/431 1859/2464/429
f 1859/2464/429 1804/2463/429 1806/2465/431
f 1808/2467/630 1861/2468/630 1860/2466/431
f 1860/2466/431 1806/2465/431 1808/2467/630
f 1810/2469/435 1862/2470/435 1861/2468/630
f 1861/2468/630 1808/2467/630 1810/2469/435
f 1812/2471/437 1863/2472/437 1862/2470/435
f 1862/2470/435 1810/2469/435 1812/2471/437
f 1814/2473/550 1864/2474/439 1863/2472/437
f 1863/2472/437 1812/2471/437 1814/2473/550
f 1816/2475/441 1865/2476/441 1864/2474/439
f 1864/2474/439 1814/2473/550 1816/2475/441
f 1794/2456/420 1854/2455/420 1865/2476/441
f 1865/2476/441 1816/2475/441 1794/2456/420
f 1855/2454/3 1866/2477/3 1854/2455/3
f 1856/2458/3 1866/2477/3 1855/2454/3
f 1857/2460/3 1866/2477/3 1856/2458/3
f 1858/2462/3 1866/2477/3 1857/2460/3
f 1859/2464/3 1866/2477/3 1858/2462/3
f 1860/2466/3 1866/2477/3 1859/2464/3
f 1861/2468/3 1866/2477/3 1860/2466/3
f 1862/2470/3 1866/2477/3 1861/2468/3
f 1863/2472/3 1866/2477/3 1862/2470/3
f 1864/2474/3 1866/2477/3 1863/2472/3
f 1865/2476/3 1866/2477/3 1864/2474/3
f 1854/2455/3 1866/2477/3 1865/2476/3
f 471/760/96 1868/1178/96 1867/2478/962
f 1867/2478/962 1545/2112/962 471/760/96
f 1545/2112/962 1867/2478/962 1869/2479/959
f 1869/2479/959 1546/2113/959 1545/2112/962
f 1546/2113/959 1869/2479/959 1870/2480/3
f 1870/2480/3 1547/2114/3 1546/2113/959
f 1547/2114/3 1870/2480/3 1871/2481/954
f 1871/2481/954 1548/2115/954 1547/2114/3
f 1548/2115/954 1871/2481/954 1872/2482/950
f 1872/2482/950 1549/2116/950 1548/2115/954
f 1549/2116/950 1872/2482/950 786/1183/78
f 786/1183/78 477/765/78 1549/2116/950
f 787/1184/643 1874/2483/643 1873/2484/643
f 787/1184/643 1873/2484/643 790/1187/643
f 1874/2485/1338 1876/2486/1339 1875/2487/1340
f 1875/2487/1340 1873/2488/1341 1874/2485/1338
f 1873/2488/1341 1875/2487/1340 793/1193/13
f 793/1193/13 790/1192/13 1873/2488/1341
f 1876/2489/1342 794/1196/650 1875/2490/1343
f 1875/2490/1343 794/1196/650 793/1197/651
f 787/1184/643 1878/1199/643 1877/2491/643
f 1877/2491/643 1874/2483/643 787/1184/643
f 1874/2485/1344 1877/2492/3 1879/2493/3
f 1879/2493/3 1876/2486/1339 1874/2485/1338
f 1876/2489/1342 1879/2494/652 797/1202/652
f 797/1202/652 794/1196/650 1876/2489/1342
f 798/1204/171 1881/2495/1345 1880/2496/1346
f 1880/2496/1346 799/1205/653 798/1204/171
f 799/1205/653 1880/2496/1346 1882/2497/657
f 1882/2497/657 800/1208/656 799/1205/653
f 800/1208/656 1882/2497/657 1883/2498/658
f 1883/2498/658 801/1210/161 800/1208/656
f 801/1210/161 1883/2498/658 1884/2499/660
f 1884/2499/660 802/1212/659 801/1210/161
f 802/1212/659 1884/2499/660 1886/2500/1347
f 1886/2500/1347 1885/1214/661 802/1212/659
f 1885/1214/661 1886/2500/1347 1888/2501/1348
f 1888/2501/1348 1887/1216/164 1885/1214/661
f 1887/1216/164 1888/2501/1348 1889/2502/1349
f 1889/2502/1349 803/1218/664 1887/1216/164
f 803/1218/664 1889/2502/1349 1890/2503/667
f 1890/2503/667 804/1220/666 803/1218/664
f 804/1220/666 1890/2503/667 1891/2504/668
f 1891/2504/668 805/1222/169 804/1220/666
f 805/1224/169 1891/2505/668 1892/2506/670
f 1892/2506/670 806/1225/669 805/1224/169
f 806/1225/669 1892/2506/670 1893/2507/1350
f 1893/2507/1350 807/1228/671 806/1225/669
f 807/1228/671 1893/2507/1350 1881/2495/1345
f 1881/2495/1345 798/1204/171 807/1228/671
f 1881/2508/1351 1894/2509/1351 1880/2510/1351
f 1880/2510/1351 1894/2509/1351 1882/2511/1351
f 1882/2511/1351 1894/2509/1351 1883/2512/1351
f 1883/2512/1351 1894/2509/1351 1884/2513/1351
f 1884/2513/1351 1894/2509/1351 1886/2514/1351
f 1886/2514/1351 1894/2509/1351 1888/2515/1351
f 1888/2515/1351 1894/2509/1351 1889/2516/1351
f 1889/2516/1351 1894/2509/1351 1890/2517/1351
f 1890/2517/1351 1894/2509/1351 1891/2518/1351
f 1891/2518/1351 1894/2509/1351 1892/2519/1351
f 1892/2519/1351 1894/2509/1351 1893/2520/1351
f 1893/2520/1351 1894/2509/1351 1881/2508/1351
f 821/1243/27 826/1246/27 1896/2521/1352
f 1896/2521/1352 1895/2522/1352 821/1243/27
f 1895/2522/1352 1896/2521/1352 1898/2523/3
f 1898/2523/3 1897/2524/3 1895/2522/1352
f 1897/2524/3 1898/2523/3 1900/2525/1341
f 1900/2525/1341 1899/2526/1341 1897/2524/3
f 1899/2526/1341 1900/2525/1341 830/1252/13
f 830/1252/13 825/1251/13 1899/2526/1341
f 826/1253/6 831/1255/6 1896/2527/6
f 1896/2527/6 831/1255/6 1898/2528/6
f 1898/2528/6 831/1255/6 1900/2529/6
f 1900/2529/6 831/1255/6 830/1258/6
f 1901/2530/1353 832/1262/678 838/1261/677
f 838/1261/677 1902/2531/1354 1901/2530/1353
f 1903/2532/1355 1901/2530/1353 1902/2531/1354
f 1902/2531/1354 1904/2533/1356 1903/2532/1355
f 1905/2534/1357 1903/2532/1355 1904/2533/1356
f 1904/2533/1356 1906/2535/1358 1905/2534/1357
f 1909/2536/1359 1908/2537/1360 1907/2538/1361
f 1907/2538/1361 1910/2539/1362 1909/2536/1359
f 1913/2540/1363 1912/2541/1364 1911/2542/1365
f 1911/2542/1365 1914/2543/1366 1913/2540/1363
f 1916/2544/1367 1915/2545/1368 1908/2537/1360
f 1908/2537/1360 1909/2536/1359 1916/2544/1367
f 1917/2546/1369 1915/2545/1368 1916/2544/1367
f 1916/2544/1367 1918/2547/1370 1917/2546/1369
f 859/1279/695 860/1282/698 1919/2548/1371
f 1919/2548/1371 1920/2549/1372 859/1279/695
f 1914/2543/1366 1911/2542/1365 1910/2539/1362
f 1910/2539/1362 1907/2538/1361 1914/2543/1366
f 834/1283/699 832/1262/678 1901/2530/1353
f 1901/2530/1353 1921/2550/1373 834/1283/699
f 1921/2550/1373 1901/2530/1353 1903/2532/1355
f 1903/2532/1355 1922/2551/1374 1921/2550/1373
f 1922/2551/1374 1903/2532/1355 1905/2534/1357
f 1905/2534/1357 1923/2552/1375 1922/2551/1374
f 1925/2553/1376 1924/2554/1377 1907/2538/1361
f 1907/2538/1361 1908/2537/1360 1925/2553/1376
f 1927/2555/1378 1926/2556/1379 1913/2540/1363
f 1913/2540/1363 1914/2543/1366 1927/2555/1378
f 1928/2557/1380 1925/2553/1376 1908/2537/1360
f 1908/2537/1360 1915/2545/1368 1928/2557/1380
f 1928/2557/1380 1915/2545/1368 1917/2546/1369
f 1917/2546/1369 1929/2558/1381 1928/2557/1380
f 1930/2559/1382 1919/2548/1371 860/1282/698
f 860/1282/698 835/1294/710 1930/2559/1382
f 1924/2554/1377 1927/2555/1378 1914/2543/1366
f 1914/2543/1366 1907/2538/1361 1924/2554/1377
f 833/1295/711 834/1283/699 1921/2550/1373
f 1921/2550/1373 1931/2560/1383 833/1295/711
f 1931/2560/1383 1921/2550/1373 1922/2551/1374
f 1922/2551/1374 1932/2561/1384 1931/2560/1383
f 1933/2562/1385 1923/2552/1375 1926/2556/1379
f 1926/2556/1379 1934/2563/1386 1933/2562/1385
f 1924/2554/1377 1925/2553/1376 1935/2564/1387
f 1935/2564/1387 1936/2565/1388 1924/2554/1377
f 1926/2556/1379 1927/2555/1378 1937/2566/1389
f 1937/2566/1389 1934/2563/1386 1926/2556/1379
f 1925/2553/1376 1928/2557/1380 1938/2567/1390
f 1938/2567/1390 1935/2564/1387 1925/2553/1376
f 1939/2568/1391 1929/2558/1381 1930/2559/1382
f 1930/2559/1382 1940/2569/1392 1939/2568/1391
f 1940/2569/1392 1930/2559/1382 835/1294/710
f 835/1294/710 881/1306/722 1940/2569/1392
f 1927/2555/1378 1924/2554/1377 1936/2565/1388
f 1936/2565/1388 1937/2566/1389 1927/2555/1378
f 1942/2570/1393 1941/2571/1394 1937/2566/1389
f 1937/2566/1389 1936/2565/1388 1942/2570/1393
f 1944/2572/1395 1943/2573/1396 1932/2561/1384
f 1932/2561/1384 1933/2562/1385 1944/2572/1395
f 1941/2571/1394 1945/2574/1397 1934/2563/1386
f 1934/2563/1386 1937/2566/1389 1941/2571/1394
f 1946/2575/1398 1942/2570/1393 1936/2565/1388
f 1936/2565/1388 1935/2564/1387 1946/2575/1398
f 1946/2575/1398 1935/2564/1387 1938/2567/1390
f 1938/2567/1390 1947/2576/1399 1946/2575/1398
f 1947/2576/1399 1938/2567/1390 1939/2568/1391
f 1939/2568/1391 1940/2569/1392 1947/2576/1399
f 1931/2560/1383 1943/2573/1396 889/1314/730
f 889/1314/730 833/1295/711 1931/2560/1383
f 1917/2546/1369 1918/2547/1370 1920/2549/1372
f 1920/2549/1372 1919/2548/1371 1917/2546/1369
f 1929/2558/1381 1917/2546/1369 1919/2548/1371
f 1919/2548/1371 1930/2559/1382 1929/2558/1381
f 1929/2558/1381 1939/2568/1391 1938/2567/1390
f 1938/2567/1390 1928/2557/1380 1929/2558/1381
f 1947/2576/1399 1940/2569/1392 881/1306/722
f 881/1306/722 890/1315/731 1947/2576/1399
f 836/1316/732 1946/2575/1398 1947/2576/1399
f 1947/2576/1399 890/1315/731 836/1316/732
f 1942/2570/1393 1946/2575/1398 836/1316/732
f 836/1316/732 891/1317/733 1942/2570/1393
f 1931/2560/1383 1932/2561/1384 1943/2573/1396
f 1905/2534/1357 1906/2535/1358 1912/2541/1364
f 1912/2541/1364 1913/2540/1363 1905/2534/1357
f 1923/2552/1375 1905/2534/1357 1913/2540/1363
f 1913/2540/1363 1926/2556/1379 1923/2552/1375
f 1923/2552/1375 1933/2562/1385 1932/2561/1384
f 1932/2561/1384 1922/2551/1374 1923/2552/1375
f 1945/2574/1397 1944/2572/1395 1933/2562/1385
f 1933/2562/1385 1934/2563/1386 1945/2574/1397
f 1944/2572/1395 892/1318/734 889/1314/730
f 889/1314/730 1943/2573/1396 1944/2572/1395
f 1948/2577/1400 1942/2570/1393 891/1317/733
f 891/1317/733 893/1320/736 1948/2577/1400
f 1949/2578/1401 896/1322/738 892/1318/734
f 892/1318/734 1944/2572/1395 1949/2578/1401
f 1950/2579/1402 1949/2578/1401 1944/2572/1395
f 1944/2572/1395 1945/2574/1397 1950/2579/1402
f 1951/2580/1403 1950/2579/1402 1945/2574/1397
f 1945/2574/1397 1941/2571/1394 1951/2580/1403
f 1948/2577/1400 1951/2580/1403 1941/2571/1394
f 1941/2571/1394 1942/2570/1393 1948/2577/1400
f 1953/2581/1404 1952/2582/1405 837/1327/743
f 837/1327/743 900/1326/742 1953/2581/1404
f 1954/2583/1406 905/1332/748 902/1331/747
f 902/1331/747 1955/2584/1407 1954/2583/1406
f 1956/2585/1408 1954/2583/1406 1955/2584/1407
f 1955/2584/1407 1957/2586/1409 1956/2585/1408
f 1958/2587/1410 1956/2585/1408 1957/2586/1409
f 1957/2586/1409 1959/2588/1411 1958/2587/1410
f 1953/2581/1404 1958/2587/1410 1959/2588/1411
f 1959/2588/1411 1952/2582/1405 1953/2581/1404
f 902/1331/747 896/1322/738 1949/2578/1401
f 1949/2578/1401 1955/2584/1407 902/1331/747
f 1955/2584/1407 1949/2578/1401 1950/2579/1402
f 1950/2579/1402 1957/2586/1409 1955/2584/1407
f 1957/2586/1409 1950/2579/1402 1951/2580/1403
f 1951/2580/1403 1959/2588/1411 1957/2586/1409
f 1959/2588/1411 1951/2580/1403 1948/2577/1400
f 1948/2577/1400 1952/2582/1405 1959/2588/1411
f 1948/2577/1400 893/1320/736 837/1327/743
f 837/1327/743 1952/2582/1405 1948/2577/1400
f 1962/2589/1412 1961/2590/1413 1960/2591/1414
f 1960/2591/1414 1963/2592/1415 1962/2589/1412
f 1964/2593/1416 1966/2594/1417 1965/2595/1418
f 1968/2596/1419 1967/2597/1420 1961/2590/1413
f 1961/2590/1413 1962/2589/1412 1968/2596/1419
f 1963/2592/1415 1960/2591/1414 1969/2598/1421
f 1969/2598/1421 1970/2599/1422 1963/2592/1415
f 1971/2600/1423 1970/2599/1422 1969/2598/1421
f 1969/2598/1421 1972/2601/1424 1971/2600/1423
f 1973/2602/1425 1971/2600/1423 1972/2601/1424
f 1972/2601/1424 1974/2603/1426 1973/2602/1425
f 929/1352/768 1965/2595/1418 1975/2604/1427
f 1975/2604/1427 912/1353/769 929/1352/768
f 922/1355/771 1974/2603/1426 1972/2601/1424
f 1972/2601/1424 930/1356/772 922/1355/771
f 1972/2601/1424 1969/2598/1421 910/1357/773
f 910/1357/773 930/1356/772 1972/2601/1424
f 910/1357/773 1969/2598/1421 1960/2591/1414
f 1960/2591/1414 911/1358/774 910/1357/773
f 1966/2594/1417 1964/2593/1416 1967/2597/1420
f 1967/2597/1420 1968/2596/1419 1966/2594/1417
f 929/1352/768 931/1359/775 1964/2593/1416
f 1964/2593/1416 1965/2595/1418 929/1352/768
f 1975/2604/1427 1902/2605/1354 838/1360/677
f 838/1360/677 912/1353/769 1975/2604/1427
f 1965/2595/1418 1904/2606/1356 1902/2605/1354
f 1902/2605/1354 1975/2604/1427 1965/2595/1418
f 1966/2594/1417 1906/2607/1358 1904/2606/1356
f 1904/2606/1356 1965/2595/1418 1966/2594/1417
f 1970/2599/1422 1909/2608/1359 1910/2609/1362
f 1910/2609/1362 1963/2592/1415 1970/2599/1422
f 1962/2589/1412 1911/2610/1365 1912/2611/1364
f 1912/2611/1364 1968/2596/1419 1962/2589/1412
f 1971/2600/1423 1916/2612/1367 1909/2608/1359
f 1909/2608/1359 1970/2599/1422 1971/2600/1423
f 1973/2602/1425 1918/2613/1370 1916/2612/1367
f 1916/2612/1367 1971/2600/1423 1973/2602/1425
f 922/1355/771 859/1371/695 1920/2614/1372
f 1920/2614/1372 1974/2603/1426 922/1355/771
f 1963/2592/1415 1910/2609/1362 1911/2610/1365
f 1911/2610/1365 1962/2589/1412 1963/2592/1415
f 1974/2603/1426 1920/2614/1372 1918/2613/1370
f 1918/2613/1370 1973/2602/1425 1974/2603/1426
f 1968/2596/1419 1912/2611/1364 1906/2607/1358
f 1906/2607/1358 1966/2594/1417 1968/2596/1419
f 1960/2591/1414 1953/2615/1404 900/1372/742
f 900/1372/742 911/1358/774 1960/2591/1414
f 931/1359/775 905/1375/748 1954/2616/1406
f 1954/2616/1406 1964/2593/1416 931/1359/775
f 1964/2593/1416 1954/2616/1406 1956/2617/1408
f 1956/2617/1408 1967/2597/1420 1964/2593/1416
f 1967/2597/1420 1956/2617/1408 1958/2618/1410
f 1958/2618/1410 1961/2590/1413 1967/2597/1420
f 1961/2590/1413 1958/2618/1410 1953/2615/1404
f 1953/2615/1404 1960/2591/1414 1961/2590/1413
f 935/1378/776 1977/2619/1428 1976/2620/1429
f 1976/2620/1429 937/1379/777 935/1378/776
f 937/1379/777 1976/2620/1429 1979/2621/781
f 1979/2621/781 1978/1382/780 937/1379/777
f 1978/1382/780 1979/2621/781 1980/2622/782
f 1980/2622/782 940/1384/433 1978/1382/780
f 940/1384/433 1980/2622/782 1982/2623/784
f 1982/2623/784 1981/1386/783 940/1384/433
f 1981/1386/783 1982/2623/784 1984/2624/786
f 1984/2624/786 1983/1388/785 1981/1386/783
f 1983/1388/785 1984/2624/786 1985/2625/1430
f 1985/2625/1430 933/1390/787 1983/1388/785
f 1977/2626/1431 1986/2627/1432 1976/2628/1433
f 1976/2628/1433 1986/2627/1432 1979/2629/1433
f 1979/2629/1433 1986/2627/1432 1980/2630/1433
f 1980/2630/1433 1986/2627/1432 1982/2631/1433
f 1982/2631/1433 1986/2627/1432 1984/2632/1433
f 1984/2632/1433 1986/2627/1432 1985/2633/1434
f 1985/2625/1430 1987/2634/1435 945/1400/793
f 945/1400/793 933/1390/787 1985/2625/1430
f 935/1378/776 947/1403/796 1988/2635/1436
f 1988/2635/1436 1977/2619/1428 935/1378/776
f 1986/2627/1432 1989/2636/1437 1987/2637/1437
f 1987/2637/1437 1985/2633/1434 1986/2627/1432
f 1977/2626/1431 1988/2638/1437 1989/2636/1437
f 1989/2636/1437 1986/2627/1432 1977/2626/1431
f 1992/2639/1438 1991/2640/1439 1990/2641/1440
f 1990/2641/1440 1993/2642/1441 1992/2639/1438
f 1994/2643/1442 1992/2639/1438 1993/2642/1441
f 1993/2642/1441 1995/2644/1443 1994/2643/1442
f 1996/2645/1444 1994/2643/1442 1995/2644/1443
f 1995/2644/1443 1997/2646/1445 1996/2645/1444
f 1998/2647/1446 1996/2645/1444 1997/2646/1445
f 1997/2646/1445 1999/2648/1447 1998/2647/1446
f 2000/2649/1448 1998/2647/1446 1999/2648/1447
f 1999/2648/1447 2001/2650/1449 2000/2649/1448
f 2002/2651/1450 2000/2649/1448 2001/2650/1449
f 2001/2650/1449 2003/2652/1451 2002/2651/1450
f 2004/2653/1452 2002/2651/1450 2003/2652/1451
f 2003/2652/1451 2005/2654/1453 2004/2653/1452
f 1991/2655/1439 2004/2653/1452 2005/2654/1453
f 2005/2654/1453 1990/2656/1440 1991/2655/1439
f 2007/2657/1454 2006/2658/1455 1991/2640/1439
f 1991/2640/1439 1992/2639/1438 2007/2657/1454
f 2008/2659/1456 2007/2657/1454 1992/2639/1438
f 1992/2639/1438 1994/2643/1442 2008/2659/1456
f 2009/2660/1457 2008/2659/1456 1994/2643/1442
f 1994/2643/1442 1996/2645/1444 2009/2660/1457
f 2010/2661/1458 2009/2660/1457 1996/2645/1444
f 1996/2645/1444 1998/2647/1446 2010/2661/1458
f 2011/2662/1459 2010/2661/1458 1998/2647/1446
f 1998/2647/1446 2000/2649/1448 2011/2662/1459
f 2012/2663/1460 2011/2662/1459 2000/2649/1448
f 2000/2649/1448 2002/2651/1450 2012/2663/1460
f 2013/2664/1461 2012/2663/1460 2002/2651/1450
f 2002/2651/1450 2004/2653/1452 2013/2664/1461
f 2006/2665/1455 2013/2664/1461 2004/2653/1452
f 2004/2653/1452 1991/2655/1439 2006/2665/1455
f 2015/2666/1462 2014/2667/1463 2006/2658/1455
f 2006/2658/1455 2007/2657/1454 2015/2666/1462
f 2016/2668/1464 2015/2666/1462 2007/2657/1454
f 2007/2657/1454 2008/2659/1456 2016/2668/1464
f 2017/2669/1465 2016/2668/1464 2008/2659/1456
f 2008/2659/1456 2009/2660/1457 2017/2669/1465
f 2018/2670/1466 2017/2669/1465 2009/2660/1457
f 2009/2660/1457 2010/2661/1458 2018/2670/1466
f 2019/2671/1467 2018/2670/1466 2010/2661/1458
f 2010/2661/1458 2011/2662/1459 2019/2671/1467
f 2020/2672/1468 2019/2671/1467 2011/2662/1459
f 2011/2662/1459 2012/2663/1460 2020/2672/1468
f 2021/2673/1469 2020/2672/1468 2012/2663/1460
f 2012/2663/1460 2013/2664/1461 2021/2673/1469
f 2014/2674/1463 2021/2673/1469 2013/2664/1461
f 2013/2664/1461 2006/2665/1455 2014/2674/1463
f 2023/2675/1470 2022/2676/1471 2014/2667/1463
f 2014/2667/1463 2015/2666/1462 2023/2675/1470
f 2024/2677/1472 2023/2675/1470 2015/2666/1462
f 2015/2666/1462 2016/2668/1464 2024/2677/1472
f 2025/2678/1473 2024/2677/1472 2016/2668/1464
f 2016/2668/1464 2017/2669/1465 2025/2678/1473
f 2026/2679/1474 2025/2678/1473 2017/2669/1465
f 2017/2669/1465 2018/2670/1466 2026/2679/1474
f 2027/2680/1475 2026/2679/1474 2018/2670/1466
f 2018/2670/1466 2019/2671/1467 2027/2680/1475
f 2028/2681/1476 2027/2680/1475 2019/2671/1467
f 2019/2671/1467 2020/2672/1468 2028/2681/1476
f 2029/2682/1477 2028/2681/1476 2020/2672/1468
f 2020/2672/1468 2021/2673/1469 2029/2682/1477
f 2022/2683/1471 2029/2682/1477 2021/2673/1469
f 2021/2673/1469 2014/2674/1463 2022/2683/1471
f 2031/2684/1478 2030/2685/1479 2022/2676/1471
f 2022/2676/1471 2023/2675/1470 2031/2684/1478
f 2032/2686/1480 2031/2684/1478 2023/2675/1470
f 2023/2675/1470 2024/2677/1472 2032/2686/1480
f 2033/2687/1481 2032/2686/1480 2024/2677/1472
f 2024/2677/1472 2025/2678/1473 2033/2687/1481
f 2034/2688/1482 2033/2687/1481 2025/2678/1473
f 2025/2678/1473 2026/2679/1474 2034/2688/1482
f 2035/2689/1483 2034/2688/1482 2026/2679/1474
f 2026/2679/1474 2027/2680/1475 2035/2689/1483
f 2036/2690/1484 2035/2689/1483 2027/2680/1475
f 2027/2680/1475 2028/2681/1476 2036/2690/1484
f 2037/2691/1485 2036/2690/1484 2028/2681/1476
f 2028/2681/1476 2029/2682/1477 2037/2691/1485
f 2030/2692/1479 2037/2691/1485 2029/2682/1477
f 2029/2682/1477 2022/2683/1471 2030/2692/1479
f 2030/2685/1479 2031/2684/1478 2039/2693/1486
f 2039/2693/1486 2038/2694/1487 2030/2685/1479
f 2031/2684/1478 2032/2686/1480 2040/2695/1488
f 2040/2695/1488 2039/2693/1486 2031/2684/1478
f 2032/2686/1480 2033/2687/1481 2041/2696/1489
f 2041/2696/1489 2040/2695/1488 2032/2686/1480
f 2033/2687/1481 2034/2688/1482 2042/2697/1490
f 2042/2697/1490 2041/2696/1489 2033/2687/1481
f 2034/2688/1482 2035/2689/1483 2043/2698/1491
f 2043/2698/1491 2042/2697/1490 2034/2688/1482
f 2035/2689/1483 2036/2690/1484 2044/2699/1492
f 2044/2699/1492 2043/2698/1491 2035/2689/1483
f 2036/2690/1484 2037/2691/1485 2045/2700/1493
f 2045/2700/1493 2044/2699/1492 2036/2690/1484
f 2037/2691/1485 2030/2692/1479 2038/2701/1487
f 2038/2701/1487 2045/2700/1493 2037/2691/1485
f 2047/2702/1494 2046/2703/1495 2038/2694/1487
f 2038/2694/1487 2039/2693/1486 2047/2702/1494
f 2048/2704/1496 2047/2702/1494 2039/2693/1486
f 2039/2693/1486 2040/2695/1488 2048/2704/1496
f 2049/2705/1497 2048/2704/1496 2040/2695/1488
f 2040/2695/1488 2041/2696/1489 2049/2705/1497
f 2050/2706/1498 2049/2705/1497 2041/2696/1489
f 2041/2696/1489 2042/2697/1490 2050/2706/1498
f 2051/2707/1499 2050/2706/1498 2042/2697/1490
f 2042/2697/1490 2043/2698/1491 2051/2707/1499
f 2052/2708/1500 2051/2707/1499 2043/2698/1491
f 2043/2698/1491 2044/2699/1492 2052/2708/1500
f 2053/2709/1501 2052/2708/1500 2044/2699/1492
f 2044/2699/1492 2045/2700/1493 2053/2709/1501
f 2046/2710/1495 2053/2709/1501 2045/2700/1493
f 2045/2700/1493 2038/2701/1487 2046/2710/1495
f 2055/2711/1502 2054/2712/1503 2046/2703/1495
f 2046/2703/1495 2047/2702/1494 2055/2711/1502
f 2056/2713/1504 2055/2711/1502 2047/2702/1494
f 2047/2702/1494 2048/2704/1496 2056/2713/1504
f 2057/2714/1505 2056/2713/1504 2048/2704/1496
f 2048/2704/1496 2049/2705/1497 2057/2714/1505
f 2058/2715/1506 2057/2714/1505 2049/2705/1497
f 2049/2705/1497 2050/2706/1498 2058/2715/1506
f 2059/2716/1507 2058/2715/1506 2050/2706/1498
f 2050/2706/1498 2051/2707/1499 2059/2716/1507
f 2060/2717/1508 2059/2716/1507 2051/2707/1499
f 2051/2707/1499 2052/2708/1500 2060/2717/1508
f 2061/2718/1509 2060/2717/1508 2052/2708/1500
f 2052/2708/1500 2053/2709/1501 2061/2718/1509
f 2054/2719/1503 2061/2718/1509 2053/2709/1501
f 2053/2709/1501 2046/2710/1495 2054/2719/1503
f 2063/2720/1510 2062/2721/1511 2054/2712/1503
f 2054/2712/1503 2055/2711/1502 2063/2720/1510
f 2064/2722/1512 2063/2720/1510 2055/2711/1502
f 2055/2711/1502 2056/2713/1504 2064/2722/1512
f 2065/2723/1513 2064/2722/1512 2056/2713/1504
f 2056/2713/1504 2057/2714/1505 2065/2723/1513
f 2066/2724/1514 2065/2723/1513 2057/2714/1505
f 2057/2714/1505 2058/2715/1506 2066/2724/1514
f 2067/2725/1515 2066/2724/1514 2058/2715/1506
f 2058/2715/1506 2059/2716/1507 2067/2725/1515
f 2068/2726/1516 2067/2725/1515 2059/2716/1507
f 2059/2716/1507 2060/2717/1508 2068/2726/1516
f 2069/2727/1517 2068/2726/1516 2060/2717/1508
f 2060/2717/1508 2061/2718/1509 2069/2727/1517
f 2062/2728/1511 2069/2727/1517 2061/2718/1509
f 2061/2718/1509 2054/2719/1503 2062/2728/1511
f 2071/2729/1518 2070/2730/1519 2062/2721/1511
f 2062/2721/1511 2063/2720/1510 2071/2729/1518
f 2072/2731/1520 2071/2729/1518 2063/2720/1510
f 2063/2720/1510 2064/2722/1512 2072/2731/1520
f 2073/2732/1521 2072/2731/1520 2064/2722/1512
f 2064/2722/1512 2065/2723/1513 2073/2732/1521
f 2074/2733/1522 2073/2732/1521 2065/2723/1513
f 2065/2723/1513 2066/2724/1514 2074/2733/1522
f 2075/2734/1523 2074/2733/1522 2066/2724/1514
f 2066/2724/1514 2067/2725/1515 2075/2734/1523
f 2076/2735/1524 2075/2734/1523 2067/2725/1515
f 2067/2725/1515 2068/2726/1516 2076/2735/1524
f 2077/2736/1525 2076/2735/1524 2068/2726/1516
f 2068/2726/1516 2069/2727/1517 2077/2736/1525
f 2070/2737/1519 2077/2736/1525 2069/2727/1517
f 2069/2727/1517 2062/2728/1511 2070/2737/1519
f 2079/2738/1526 2078/2739/1527 2070/2730/1519
f 2070/2730/1519 2071/2729/1518 2079/2738/1526
f 2080/2740/1528 2079/2738/1526 2071/2729/1518
f 2071/2729/1518 2072/2731/1520 2080/2740/1528
f 2081/2741/1529 2080/2740/1528 2072/2731/1520
f 2072/2731/1520 2073/2732/1521 2081/2741/1529
f 2082/2742/1530 2081/2741/1529 2073/2732/1521
f 2073/2732/1521 2074/2733/1522 2082/2742/1530
f 2083/2743/1531 2082/2742/1530 2074/2733/1522
f 2074/2733/1522 2075/2734/1523 2083/2743/1531
f 2084/2744/1451 2083/2743/1531 2075/2734/1523
f 2075/2734/1523 2076/2735/1524 2084/2744/1451
f 2085/2745/1532 2084/2744/1451 2076/2735/1524
f 2076/2735/1524 2077/2736/1525 2085/2745/1532
f 2078/2746/1527 2085/2745/1532 2077/2736/1525
f 2077/2736/1525 2070/2737/1519 2078/2746/1527
f 2086/2747/893 1053/1518/893 1052/1517/893
f 1052/1517/893 2087/2748/893 2086/2747/893
f 1055/1519/894 2088/2749/1533 2089/2750/1533
f 2089/2750/1533 1056/1520/894 1055/1519/894
f 2087/2748/1534 2091/2751/1534 2090/2752/1535
f 2090/2752/1535 2086/2747/1535 2087/2748/1534
f 1053/1518/893 2086/2747/893 2092/2753/893
f 2092/2753/893 1059/1525/893 1053/1518/893
f 2086/2747/1535 2090/2752/1535 2093/2754/1536
f 2093/2754/1536 2092/2753/1536 2086/2747/1535
f 2087/2748/899 1052/1517/899 1054/1529/899
f 1054/1529/899 2091/2755/899 2087/2748/899
f 1059/1525/893 2092/2753/893 2088/2749/893
f 2088/2749/893 1055/1519/893 1059/1525/893
f 2088/2749/1533 2092/2753/1536 2093/2754/1536
f 2093/2754/1536 2089/2750/1533 2088/2749/1533
f 2094/2756/2 2096/2757/2 2095/2758/2
f 2094/2756/2 2095/2758/2 2097/2759/2
f 2094/2756/2 2097/2759/2 2098/2760/2
f 2094/2756/2 2098/2760/2 2099/2761/2
f 2094/2756/2 2099/2761/2 2100/2762/2
f 2094/2756/2 2100/2762/2 2096/2757/2
f 2096/2763/176 2102/2764/176 2101/2765/176
f 2101/2765/176 2095/2766/176 2096/2763/176
f 2095/2766/161 2101/2765/161 2103/2767/161
f 2103/2767/161 2097/2768/161 2095/2766/161
f 2097/2768/163 2103/2767/163 2104/2769/163
f 2104/2769/163 2098/2770/163 2097/2768/163
f 2098/2770/175 2104/2769/175 2105/2771/175
f 2105/2771/175 2099/2772/175 2098/2770/175
f 2099/2772/169 2105/2771/169 2106/2773/169
f 2106/2773/169 2100/2774/169 2099/2772/169
f 2100/2775/170 2106/2776/170 2102/2764/170
f 2102/2764/170 2096/2763/170 2100/2775/170
f 2102/2777/3 2107/2778/3 2101/2779/3
f 2101/2779/3 2107/2778/3 2103/2780/3
f 2103/2780/3 2107/2778/3 2104/2781/3
f 2104/2781/3 2107/2778/3 2105/2782/3
f 2105/2782/3 2107/2778/3 2106/2783/3
f 2106/2783/3 2107/2778/3 2102/2777/3
f 2111/2784/1537 2400/2785/1538 2397/2786/161
f 2397/2786/161 2110/2787/1539 2111/2784/1537
f 2112/2788/1540 2402/2789/1541 2400/2785/1538
f 2400/2785/1538 2111/2784/1537 2112/2788/1540
f 2113/2790/1542 2108/2791/1543 2402/2789/1541
f 2402/2789/1541 2112/2788/1540 2113/2790/1542
f 2114/2792/1544 2109/2793/1545 2108/2791/1545
f 2108/2791/1545 2113/2790/1544 2114/2792/1544
f 2115/2794/1546 2111/2784/1537 2110/2787/1539
f 2110/2787/1539 2243/2795/1547 2115/2794/1546
f 2116/2796/1548 2112/2788/1540 2111/2784/1537
f 2111/2784/1537 2115/2794/1546 2116/2796/1548
f 2117/2797/1549 2113/2790/1542 2112/2788/1540
f 2112/2788/1540 2116/2796/1548 2117/2797/1549
f 2118/2798/1550 2114/2792/1544 2113/2790/1544
f 2113/2790/1544 2117/2797/1550 2118/2798/1550
f 2119/2799/1551 2115/2794/1546 2243/2795/1547
f 2243/2795/1547 2248/2800/1552 2119/2799/1551
f 2120/2801/1553 2116/2796/1548 2115/2794/1546
f 2115/2794/1546 2119/2799/1551 2120/2801/1553
f 2121/2802/1554 2117/2797/1549 2116/2796/1548
f 2116/2796/1548 2120/2801/1553 2121/2802/1554
f 2122/2803/1555 2118/2798/1550 2117/2797/1550
f 2117/2797/1550 2121/2802/1555 2122/2803/1555
f 2123/2804/1556 2119/2799/1551 2248/2800/1552
f 2248/2800/1552 2253/2805/1557 2123/2804/1556
f 2124/2806/1558 2120/2801/1553 2119/2799/1551
f 2119/2799/1551 2123/2804/1556 2124/2806/1558
f 2125/2807/1559 2121/2802/1554 2120/2801/1553
f 2120/2801/1553 2124/2806/1558 2125/2807/1559
f 2126/2808/1560 2122/2803/1555 2121/2802/1555
f 2121/2802/1555 2125/2807/1560 2126/2808/1560
f 2127/2809/1561 2123/2804/1556 2253/2805/1557
f 2253/2805/1557 2258/2810/1562 2127/2809/1561
f 2128/2811/1563 2124/2806/1558 2123/2804/1556
f 2123/2804/1556 2127/2809/1561 2128/2811/1563
f 2129/2812/1564 2125/2807/1559 2124/2806/1558
f 2124/2806/1558 2128/2811/1563 2129/2812/1564
f 2130/2813/1565 2126/2808/1560 2125/2807/1560
f 2125/2807/1560 2129/2812/1565 2130/2813/1565
f 2131/2814/1566 2127/2809/1561 2258/2810/1562
f 2258/2810/1562 2263/2815/1567 2131/2814/1566
f 2132/2816/1568 2128/2811/1563 2127/2809/1561
f 2127/2809/1561 2131/2814/1566 2132/2816/1568
f 2133/2817/1569 2129/2812/1564 2128/2811/1563
f 2128/2811/1563 2132/2816/1568 2133/2817/1569
f 2134/2818/1570 2130/2813/1565 2129/2812/1565
f 2129/2812/1565 2133/2817/1570 2134/2818/1570
f 2135/2819/1571 2131/2814/1566 2263/2815/1567
f 2263/2815/1567 2268/2820/1572 2135/2819/1571
f 2136/2821/1573 2132/2816/1568 2131/2814/1566
f 2131/2814/1566 2135/2819/1571 2136/2821/1573
f 2137/2822/1574 2133/2817/1569 2132/2816/1568
f 2132/2816/1568 2136/2821/1573 2137/2822/1574
f 2138/2823/1575 2134/2818/1570 2133/2817/1570
f 2133/2817/1570 2137/2822/1575 2138/2823/1575
f 2139/2824/1576 2135/2819/1571 2268/2820/1572
f 2268/2820/1572 2273/2825/1577 2139/2824/1576
f 2140/2826/1578 2136/2821/1573 2135/2819/1571
f 2135/2819/1571 2139/2824/1576 2140/2826/1578
f 2141/2827/1579 2137/2822/1574 2136/2821/1573
f 2136/2821/1573 2140/2826/1578 2141/2827/1579
f 2142/2828/1580 2138/2823/1575 2137/2822/1575
f 2137/2822/1575 2141/2827/1580 2142/2828/1580
f 2143/2829/1581 2139/2824/1576 2273/2825/1577
f 2273/2825/1577 2278/2830/164 2143/2829/1581
f 2144/2831/1582 2140/2826/1578 2139/2824/1576
f 2139/2824/1576 2143/2829/1581 2144/2831/1582
f 2145/2832/1583 2141/2827/1579 2140/2826/1578
f 2140/2826/1578 2144/2831/1582 2145/2832/1583
f 2146/2833/1584 2142/2828/1580 2141/2827/1580
f 2141/2827/1580 2145/2832/1584 2146/2833/1584
f 2147/2834/1585 2143/2829/1581 2278/2830/164
f 2278/2830/164 2283/2835/1586 2147/2834/1585
f 2148/2836/1587 2144/2831/1582 2143/2829/1581
f 2143/2829/1581 2147/2834/1585 2148/2836/1587
f 2149/2837/1588 2145/2832/1583 2144/2831/1582
f 2144/2831/1582 2148/2836/1587 2149/2837/1588
f 2150/2838/1589 2146/2833/1584 2145/2832/1584
f 2145/2832/1584 2149/2837/1589 2150/2838/1589
f 2151/2839/1590 2147/2834/1585 2283/2835/1586
f 2283/2835/1586 2288/2840/1591 2151/2839/1590
f 2152/2841/1592 2148/2836/1587 2147/2834/1585
f 2147/2834/1585 2151/2839/1590 2152/2841/1592
f 2153/2842/1593 2149/2837/1588 2148/2836/1587
f 2148/2836/1587 2152/2841/1592 2153/2842/1593
f 2154/2843/1594 2150/2838/1589 2149/2837/1589
f 2149/2837/1589 2153/2842/1594 2154/2843/1594
f 2155/2844/1595 2151/2839/1590 2288/2840/1591
f 2288/2840/1591 2293/2845/1596 2155/2844/1595
f 2156/2846/1597 2152/2841/1592 2151/2839/1590
f 2151/2839/1590 2155/2844/1595 2156/2846/1597
f 2157/2847/1598 2153/2842/1593 2152/2841/1592
f 2152/2841/1592 2156/2846/1597 2157/2847/1598
f 2158/2848/1599 2154/2843/1594 2153/2842/1594
f 2153/2842/1594 2157/2847/1599 2158/2848/1599
f 2159/2849/1600 2155/2844/1595 2293/2845/1596
f 2293/2845/1596 2298/2850/1601 2159/2849/1600
f 2160/2851/1602 2156/2846/1597 2155/2844/1595
f 2155/2844/1595 2159/2849/1600 2160/2851/1602
f 2161/2852/1603 2157/2847/1598 2156/2846/1597
f 2156/2846/1597 2160/2851/1602 2161/2852/1603
f 2162/2853/1604 2158/2848/1599 2157/2847/1599
f 2157/2847/1599 2161/2852/1604 2162/2853/1604
f 2163/2854/1605 2159/2849/1600 2298/2850/1601
f 2298/2850/1601 2303/2855/1606 2163/2854/1605
f 2164/2856/1607 2160/2851/1602 2159/2849/1600
f 2159/2849/1600 2163/2854/1605 2164/2856/1607
f 2165/2857/1608 2161/2852/1603 2160/2851/1602
f 2160/2851/1602 2164/2856/1607 2165/2857/1608
f 2166/2858/1609 2162/2853/1604 2161/2852/1604
f 2161/2852/1604 2165/2857/1609 2166/2858/1609
f 2167/2859/1610 2163/2854/1605 2303/2855/1606
f 2303/2855/1606 2308/2860/1611 2167/2859/1610
f 2168/2861/1612 2164/2856/1607 2163/2854/1605
f 2163/2854/1605 2167/2859/1610 2168/2861/1612
f 2169/2862/1613 2165/2857/1608 2164/2856/1607
f 2164/2856/1607 2168/2861/1612 2169/2862/1613
f 2170/2863/1614 2166/2858/1609 2165/2857/1609
f 2165/2857/1609 2169/2862/1614 2170/2863/1614
f 2171/2864/1615 2167/2859/1610 2308/2860/1611
f 2308/2860/1611 2313/2865/1616 2171/2864/1615
f 2172/2866/1617 2168/2861/1612 2167/2859/1610
f 2167/2859/1610 2171/2864/1615 2172/2866/1617
f 2173/2867/1618 2169/2862/1613 2168/2861/1612
f 2168/2861/1612 2172/2866/1617 2173/2867/1618
f 2174/2868/1619 2170/2863/1614 2169/2862/1614
f 2169/2862/1614 2173/2867/1619 2174/2868/1619
f 2175/2869/1620 2171/2864/1615 2313/2865/1616
f 2313/2865/1616 2318/2870/1621 2175/2869/1620
f 2176/2871/1622 2172/2866/1617 2171/2864/1615
f 2171/2864/1615 2175/2869/1620 2176/2871/1622
f 2177/2872/1623 2173/2867/1618 2172/2866/1617
f 2172/2866/1617 2176/2871/1622 2177/2872/1623
f 2178/2873/1624 2174/2868/1619 2173/2867/1619
f 2173/2867/1619 2177/2872/1624 2178/2873/1624
f 2179/2874/1625 2175/2869/1620 2318/2870/1621
f 2318/2870/1621 2323/2875/169 2179/2874/1625
f 2180/2876/1626 2176/2871/1622 2175/2869/1620
f 2175/2869/1620 2179/2874/1625 2180/2876/1626
f 2485/2877/1627 2177/2872/1623 2176/2871/1622
f 2176/2871/1622 2180/2876/1626 2485/2877/1627
f 2486/2878/1628 2178/2873/1624 2177/2872/1624
f 2177/2872/1624 2485/2877/1628 2486/2878/1628
f 2109/2879/161 2114/2880/1539 2182/2881/1539
f 2182/2881/1539 2181/2882/161 2109/2879/161
f 2114/2880/1539 2118/2883/1547 2183/2884/1547
f 2183/2884/1547 2182/2881/1539 2114/2880/1539
f 2118/2883/1547 2122/2885/1552 2184/2886/1552
f 2184/2886/1552 2183/2884/1547 2118/2883/1547
f 2122/2885/1552 2126/2887/1557 2185/2888/1557
f 2185/2888/1557 2184/2886/1552 2122/2885/1552
f 2126/2887/1557 2130/2889/1562 2186/2890/1562
f 2186/2890/1562 2185/2888/1557 2126/2887/1557
f 2130/2889/1562 2134/2891/1567 2187/2892/1567
f 2187/2892/1567 2186/2890/1562 2130/2889/1562
f 2134/2891/1567 2138/2893/1572 2188/2894/1572
f 2188/2894/1572 2187/2892/1567 2134/2891/1567
f 2138/2893/1572 2142/2895/1577 2189/2896/1577
f 2189/2896/1577 2188/2894/1572 2138/2893/1572
f 2142/2895/1577 2146/2897/164 2190/2898/164
f 2190/2898/164 2189/2896/1577 2142/2895/1577
f 2146/2897/164 2150/2899/1586 2191/2900/1586
f 2191/2900/1586 2190/2898/164 2146/2897/164
f 2150/2899/1586 2154/2901/1591 2192/2902/1591
f 2192/2902/1591 2191/2900/1586 2150/2899/1586
f 2154/2901/1591 2158/2903/1596 2193/2904/1596
f 2193/2904/1596 2192/2902/1591 2154/2901/1591
f 2158/2903/1596 2162/2905/1601 2194/2906/1601
f 2194/2906/1601 2193/2904/1596 2158/2903/1596
f 2162/2905/1601 2166/2907/1606 2195/2908/1606
f 2195/2908/1606 2194/2906/1601 2162/2905/1601
f 2166/2907/1606 2170/2909/1611 2196/2910/1611
f 2196/2910/1611 2195/2908/1606 2166/2907/1606
f 2170/2909/1611 2174/2911/1616 2197/2912/1616
f 2197/2912/1616 2196/2910/1611 2170/2909/1611
f 2174/2911/1616 2178/2913/1621 2198/2914/1621
f 2198/2914/1621 2197/2912/1616 2174/2911/1616
f 2178/2913/1621 2486/2915/169 2199/2916/169
f 2199/2916/169 2198/2914/1621 2178/2913/1621
f 2181/2882/2 2182/2881/2 2201/2917/1629
f 2201/2917/1629 2200/2918/1630 2181/2882/2
f 2182/2881/2 2183/2884/2 2202/2919/1631
f 2202/2919/1631 2201/2917/1629 2182/2881/2
f 2183/2884/2 2184/2886/2 2203/2920/1632
f 2203/2920/1632 2202/2919/1631 2183/2884/2
f 2184/2886/2 2185/2888/2 2204/2921/1633
f 2204/2921/1633 2203/2920/1632 2184/2886/2
f 2185/2888/2 2186/2890/2 2205/2922/1634
f 2205/2922/1634 2204/2921/1633 2185/2888/2
f 2186/2890/2 2187/2892/2 2206/2923/1635
f 2206/2923/1635 2205/2922/1634 2186/2890/2
f 2187/2892/2 2188/2894/2 2207/2924/1636
f 2207/2924/1636 2206/2923/1635 2187/2892/2
f 2188/2894/2 2189/2896/2 2208/2925/1637
f 2208/2925/1637 2207/2924/1636 2188/2894/2
f 2189/2896/2 2190/2898/2 2209/2926/1638
f 2209/2926/1638 2208/2925/1637 2189/2896/2
f 2190/2898/2 2191/2900/2 2210/2927/1639
f 2210/2927/1639 2209/2926/1638 2190/2898/2
f 2191/2900/2 2192/2902/2 2211/2928/1640
f 2211/2928/1640 2210/2927/1639 2191/2900/2
f 2192/2902/2 2193/2904/2 2212/2929/1641
f 2212/2929/1641 2211/2928/1640 2192/2902/2
f 2193/2904/2 2194/2906/2 2213/2930/1642
f 2213/2930/1642 2212/2929/1641 2193/2904/2
f 2194/2906/2 2195/2908/2 2214/2931/1643
f 2214/2931/1643 2213/2930/1642 2194/2906/2
f 2195/2908/2 2196/2910/2 2215/2932/1644
f 2215/2932/1644 2214/2931/1643 2195/2908/2
f 2196/2910/2 2197/2912/2 2216/2933/1645
f 2216/2933/1645 2215/2932/1644 2196/2910/2
f 2197/2912/2 2198/2914/2 2217/2934/1646
f 2217/2934/1646 2216/2933/1645 2197/2912/2
f 2198/2914/2 2199/2916/2 2521/2935/1647
f 2521/2935/1647 2217/2934/1646 2198/2914/2
f 2200/2918/1630 2201/2917/1629 2219/2936/1648
f 2219/2936/1648 2218/2937/1649 2200/2918/1630
f 2201/2917/1629 2202/2919/1631 2220/2938/1650
f 2220/2938/1650 2219/2936/1648 2201/2917/1629
f 2202/2919/1631 2203/2920/1632 2221/2939/1651
f 2221/2939/1651 2220/2938/1650 2202/2919/1631
f 2203/2920/1632 2204/2921/1633 2222/2940/1652
f 2222/2940/1652 2221/2939/1651 2203/2920/1632
f 2204/2921/1633 2205/2922/1634 2223/2941/1653
f 2223/2941/1653 2222/2940/1652 2204/2921/1633
f 2205/2922/1634 2206/2923/1635 2224/2942/1654
f 2224/2942/1654 2223/2941/1653 2205/2922/1634
f 2206/2923/1635 2207/2924/1636 2225/2943/1655
f 2225/2943/1655 2224/2942/1654 2206/2923/1635
f 2207/2924/1636 2208/2925/1637 2226/2944/1656
f 2226/2944/1656 2225/2943/1655 2207/2924/1636
f 2208/2925/1637 2209/2926/1638 2227/2945/1657
f 2227/2945/1657 2226/2944/1656 2208/2925/1637
f 2209/2926/1638 2210/2927/1639 2228/2946/1658
f 2228/2946/1658 2227/2945/1657 2209/2926/1638
f 2210/2927/1639 2211/2928/1640 2229/2947/1659
f 2229/2947/1659 2228/2946/1658 2210/2927/1639
f 2211/2928/1640 2212/2929/1641 2230/2948/1660
f 2230/2948/1660 2229/2947/1659 2211/2928/1640
f 2212/2929/1641 2213/2930/1642 2231/2949/1661
f 2231/2949/1661 2230/2948/1660 2212/2929/1641
f 2213/2930/1642 2214/2931/1643 2232/2950/1662
f 2232/2950/1662 2231/2949/1661 2213/2930/1642
f 2214/2931/1643 2215/2932/1644 2233/2951/1663
f 2233/2951/1663 2232/2950/1662 2214/2931/1643
f 2215/2932/1644 2216/2933/1645 2234/2952/1664
f 2234/2952/1664 2233/2951/1663 2215/2932/1644
f 2216/2933/1645 2217/2934/1646 2235/2953/1665
f 2235/2953/1665 2234/2952/1664 2216/2933/1645
f 2217/2934/1646 2521/2935/1647 2236/2954/1666
f 2236/2954/1666 2235/2953/1665 2217/2934/1646
f 2218/2937/1649 2219/2936/1648 2379/2955/1667
f 2379/2955/1667 2540/2956/169 2218/2937/1649
f 2219/2936/1648 2220/2938/1650 2380/2957/1668
f 2380/2957/1668 2379/2955/1667 2219/2936/1648
f 2220/2938/1650 2221/2939/1651 2381/2958/1669
f 2381/2958/1669 2380/2957/1668 2220/2938/1650
f 2221/2939/1651 2222/2940/1652 2382/2959/1670
f 2382/2959/1670 2381/2958/1669 2221/2939/1651
f 2222/2940/1652 2223/2941/1653 2383/2960/1671
f 2383/2960/1671 2382/2959/1670 2222/2940/1652
f 2223/2941/1653 2224/2942/1654 2384/2961/1672
f 2384/2961/1672 2383/2960/1671 2223/2941/1653
f 2224/2942/1654 2225/2943/1655 2385/2962/1673
f 2385/2962/1673 2384/2961/1672 2224/2942/1654
f 2225/2943/1655 2226/2944/1656 2386/2963/1674
f 2386/2963/1674 2385/2962/1673 2225/2943/1655
f 2226/2944/1656 2227/2945/1657 2387/2964/171
f 2387/2964/171 2386/2963/1674 2226/2944/1656
f 2227/2945/1657 2228/2946/1658 2388/2965/1675
f 2388/2965/1675 2387/2964/171 2227/2945/1657
f 2228/2946/1658 2229/2947/1659 2389/2966/1676
f 2389/2966/1676 2388/2965/1675 2228/2946/1658
f 2229/2947/1659 2230/2948/1660 2390/2967/1677
f 2390/2967/1677 2389/2966/1676 2229/2947/1659
f 2230/2948/1660 2231/2949/1661 2391/2968/1678
f 2391/2968/1678 2390/2967/1677 2230/2948/1660
f 2231/2949/1661 2232/2950/1662 2392/2969/1679
f 2392/2969/1679 2391/2968/1678 2231/2949/1661
f 2232/2950/1662 2233/2951/1663 2393/2970/1680
f 2393/2970/1680 2392/2969/1679 2232/2950/1662
f 2233/2951/1663 2234/2952/1664 2394/2971/1681
f 2394/2971/1681 2393/2970/1680 2233/2951/1663
f 2234/2952/1664 2235/2953/1665 2395/2972/1682
f 2395/2972/1682 2394/2971/1681 2234/2952/1664
f 2235/2953/1665 2236/2954/1666 2396/2973/161
f 2396/2973/161 2395/2972/1682 2235/2953/1665
f 2237/2974/1683 2110/2787/1539 2397/2786/161
f 2397/2786/161 2557/2975/1684 2237/2974/1683
f 2238/2976/1685 2237/2974/1683 2557/2975/1684
f 2557/2975/1684 2559/2977/1686 2238/2976/1685
f 2239/2978/1687 2238/2976/1685 2559/2977/1686
f 2559/2977/1686 2240/2979/1688 2239/2978/1687
f 2241/2980/1689 2239/2978/1689 2240/2979/1690
f 2240/2979/1690 2242/2981/1690 2241/2980/1689
f 2244/2982/1691 2243/2795/1547 2110/2787/1539
f 2110/2787/1539 2237/2974/1683 2244/2982/1691
f 2245/2983/1692 2244/2982/1691 2237/2974/1683
f 2237/2974/1683 2238/2976/1685 2245/2983/1692
f 2246/2984/1693 2245/2983/1692 2238/2976/1685
f 2238/2976/1685 2239/2978/1687 2246/2984/1693
f 2247/2985/1694 2246/2984/1694 2239/2978/1689
f 2239/2978/1689 2241/2980/1689 2247/2985/1694
f 2249/2986/1695 2248/2800/1552 2243/2795/1547
f 2243/2795/1547 2244/2982/1691 2249/2986/1695
f 2250/2987/1696 2249/2986/1695 2244/2982/1691
f 2244/2982/1691 2245/2983/1692 2250/2987/1696
f 2251/2988/1697 2250/2987/1696 2245/2983/1692
f 2245/2983/1692 2246/2984/1693 2251/2988/1697
f 2252/2989/1698 2251/2988/1698 2246/2984/1694
f 2246/2984/1694 2247/2985/1694 2252/2989/1698
f 2254/2990/1699 2253/2805/1557 2248/2800/1552
f 2248/2800/1552 2249/2986/1695 2254/2990/1699
f 2255/2991/1700 2254/2990/1699 2249/2986/1695
f 2249/2986/1695 2250/2987/1696 2255/2991/1700
f 2256/2992/1701 2255/2991/1700 2250/2987/1696
f 2250/2987/1696 2251/2988/1697 2256/2992/1701
f 2257/2993/1702 2256/2992/1702 2251/2988/1698
f 2251/2988/1698 2252/2989/1698 2257/2993/1702
f 2259/2994/1703 2258/2810/1562 2253/2805/1557
f 2253/2805/1557 2254/2990/1699 2259/2994/1703
f 2260/2995/1704 2259/2994/1703 2254/2990/1699
f 2254/2990/1699 2255/2991/1700 2260/2995/1704
f 2261/2996/1705 2260/2995/1704 2255/2991/1700
f 2255/2991/1700 2256/2992/1701 2261/2996/1705
f 2262/2997/1706 2261/2996/1706 2256/2992/1702
f 2256/2992/1702 2257/2993/1702 2262/2997/1706
f 2264/2998/1707 2263/2815/1567 2258/2810/1562
f 2258/2810/1562 2259/2994/1703 2264/2998/1707
f 2265/2999/1708 2264/2998/1707 2259/2994/1703
f 2259/2994/1703 2260/2995/1704 2265/2999/1708
f 2266/3000/1709 2265/2999/1708 2260/2995/1704
f 2260/2995/1704 2261/2996/1705 2266/3000/1709
f 2267/3001/1710 2266/3000/1710 2261/2996/1706
f 2261/2996/1706 2262/2997/1706 2267/3001/1710
f 2269/3002/1711 2268/2820/1572 2263/2815/1567
f 2263/2815/1567 2264/2998/1707 2269/3002/1711
f 2270/3003/1712 2269/3002/1711 2264/2998/1707
f 2264/2998/1707 2265/2999/1708 2270/3003/1712
f 2271/3004/1713 2270/3003/1712 2265/2999/1708
f 2265/2999/1708 2266/3000/1709 2271/3004/1713
f 2272/3005/1714 2271/3004/1714 2266/3000/1710
f 2266/3000/1710 2267/3001/1710 2272/3005/1714
f 2274/3006/1715 2273/2825/1577 2268/2820/1572
f 2268/2820/1572 2269/3002/1711 2274/3006/1715
f 2275/3007/1716 2274/3006/1715 2269/3002/1711
f 2269/3002/1711 2270/3003/1712 2275/3007/1716
f 2276/3008/1717 2275/3007/1716 2270/3003/1712
f 2270/3003/1712 2271/3004/1713 2276/3008/1717
f 2277/3009/1718 2276/3008/1718 2271/3004/1714
f 2271/3004/1714 2272/3005/1714 2277/3009/1718
f 2279/3010/1719 2278/2830/164 2273/2825/1577
f 2273/2825/1577 2274/3006/1715 2279/3010/1719
f 2280/3011/1720 2279/3010/1719 2274/3006/1715
f 2274/3006/1715 2275/3007/1716 2280/3011/1720
f 2281/3012/1721 2280/3011/1720 2275/3007/1716
f 2275/3007/1716 2276/3008/1717 2281/3012/1721
f 2282/3013/1722 2281/3012/1722 2276/3008/1718
f 2276/3008/1718 2277/3009/1718 2282/3013/1722
f 2284/3014/1723 2283/2835/1586 2278/2830/164
f 2278/2830/164 2279/3010/1719 2284/3014/1723
f 2285/3015/1724 2284/3014/1723 2279/3010/1719
f 2279/3010/1719 2280/3011/1720 2285/3015/1724
f 2286/3016/1725 2285/3015/1724 2280/3011/1720
f 2280/3011/1720 2281/3012/1721 2286/3016/1725
f 2287/3017/1726 2286/3016/1726 2281/3012/1722
f 2281/3012/1722 2282/3013/1722 2287/3017/1726
f 2289/3018/1727 2288/2840/1591 2283/2835/1586
f 2283/2835/1586 2284/3014/1723 2289/3018/1727
f 2290/3019/1728 2289/3018/1727 2284/3014/1723
f 2284/3014/1723 2285/3015/1724 2290/3019/1728
f 2291/3020/1729 2290/3019/1728 2285/3015/1724
f 2285/3015/1724 2286/3016/1725 2291/3020/1729
f 2292/3021/1730 2291/3020/1730 2286/3016/1726
f 2286/3016/1726 2287/3017/1726 2292/3021/1730
f 2294/3022/1731 2293/2845/1596 2288/2840/1591
f 2288/2840/1591 2289/3018/1727 2294/3022/1731
f 2295/3023/1732 2294/3022/1731 2289/3018/1727
f 2289/3018/1727 2290/3019/1728 2295/3023/1732
f 2296/3024/1733 2295/3023/1732 2290/3019/1728
f 2290/3019/1728 2291/3020/1729 2296/3024/1733
f 2297/3025/1734 2296/3024/1734 2291/3020/1730
f 2291/3020/1730 2292/3021/1730 2297/3025/1734
f 2299/3026/1735 2298/2850/1601 2293/2845/1596
f 2293/2845/1596 2294/3022/1731 2299/3026/1735
f 2300/3027/1736 2299/3026/1735 2294/3022/1731
f 2294/3022/1731 2295/3023/1732 2300/3027/1736
f 2301/3028/1737 2300/3027/1736 2295/3023/1732
f 2295/3023/1732 2296/3024/1733 2301/3028/1737
f 2302/3029/1738 2301/3028/1738 2296/3024/1734
f 2296/3024/1734 2297/3025/1734 2302/3029/1738
f 2304/3030/1739 2303/2855/1606 2298/2850/1601
f 2298/2850/1601 2299/3026/1735 2304/3030/1739
f 2305/3031/1740 2304/3030/1739 2299/3026/1735
f 2299/3026/1735 2300/3027/1736 2305/3031/1740
f 2306/3032/1741 2305/3031/1740 2300/3027/1736
f 2300/3027/1736 2301/3028/1737 2306/3032/1741
f 2307/3033/1742 2306/3032/1742 2301/3028/1738
f 2301/3028/1738 2302/3029/1738 2307/3033/1742
f 2309/3034/1743 2308/2860/1611 2303/2855/1606
f 2303/2855/1606 2304/3030/1739 2309/3034/1743
f 2310/3035/1744 2309/3034/1743 2304/3030/1739
f 2304/3030/1739 2305/3031/1740 2310/3035/1744
f 2311/3036/1745 2310/3035/1744 2305/3031/1740
f 2305/3031/1740 2306/3032/1741 2311/3036/1745
f 2312/3037/1746 2311/3036/1746 2306/3032/1742
f 2306/3032/1742 2307/3033/1742 2312/3037/1746
f 2314/3038/1747 2313/2865/1616 2308/2860/1611
f 2308/2860/1611 2309/3034/1743 2314/3038/1747
f 2315/3039/1748 2314/3038/1747 2309/3034/1743
f 2309/3034/1743 2310/3035/1744 2315/3039/1748
f 2316/3040/1749 2315/3039/1748 2310/3035/1744
f 2310/3035/1744 2311/3036/1745 2316/3040/1749
f 2317/3041/1750 2316/3040/1750 2311/3036/1746
f 2311/3036/1746 2312/3037/1746 2317/3041/1750
f 2319/3042/1751 2318/2870/1621 2313/2865/1616
f 2313/2865/1616 2314/3038/1747 2319/3042/1751
f 2320/3043/1752 2319/3042/1751 2314/3038/1747
f 2314/3038/1747 2315/3039/1748 2320/3043/1752
f 2321/3044/1753 2320/3043/1752 2315/3039/1748
f 2315/3039/1748 2316/3040/1749 2321/3044/1753
f 2322/3045/1754 2321/3044/1754 2316/3040/1750
f 2316/3040/1750 2317/3041/1750 2322/3045/1754
f 2324/3046/1755 2323/2875/169 2318/2870/1621
f 2318/2870/1621 2319/3042/1751 2324/3046/1755
f 2325/3047/1756 2324/3046/1755 2319/3042/1751
f 2319/3042/1751 2320/3043/1752 2325/3047/1756
f 2326/3048/1757 2325/3047/1756 2320/3043/1752
f 2320/3043/1752 2321/3044/1753 2326/3048/1757
f 2627/3049/1758 2326/3048/1758 2321/3044/1754
f 2321/3044/1754 2322/3045/1754 2627/3049/1758
f 2242/3050/161 2328/3051/161 2327/3052/1539
f 2327/3052/1539 2241/3053/1539 2242/3050/161
f 2241/3053/1539 2327/3052/1539 2329/3054/1547
f 2329/3054/1547 2247/3055/1547 2241/3053/1539
f 2247/3055/1547 2329/3054/1547 2330/3056/1552
f 2330/3056/1552 2252/3057/1552 2247/3055/1547
f 2252/3057/1552 2330/3056/1552 2331/3058/1557
f 2331/3058/1557 2257/3059/1557 2252/3057/1552
f 2257/3059/1557 2331/3058/1557 2332/3060/1562
f 2332/3060/1562 2262/3061/1562 2257/3059/1557
f 2262/3061/1562 2332/3060/1562 2333/3062/1567
f 2333/3062/1567 2267/3063/1567 2262/3061/1562
f 2267/3063/1567 2333/3062/1567 2334/3064/1572
f 2334/3064/1572 2272/3065/1572 2267/3063/1567
f 2272/3065/1572 2334/3064/1572 2335/3066/1577
f 2335/3066/1577 2277/3067/1577 2272/3065/1572
f 2277/3067/1577 2335/3066/1577 2336/3068/164
f 2336/3068/164 2282/3069/164 2277/3067/1577
f 2282/3069/164 2336/3068/164 2337/3070/1586
f 2337/3070/1586 2287/3071/1586 2282/3069/164
f 2287/3071/1586 2337/3070/1586 2338/3072/1591
f 2338/3072/1591 2292/3073/1591 2287/3071/1586
f 2292/3073/1591 2338/3072/1591 2339/3074/1596
f 2339/3074/1596 2297/3075/1596 2292/3073/1591
f 2297/3075/1596 2339/3074/1596 2340/3076/1601
f 2340/3076/1601 2302/3077/1601 2297/3075/1596
f 2302/3077/1601 2340/3076/1601 2341/3078/1606
f 2341/3078/1606 2307/3079/1606 2302/3077/1601
f 2307/3079/1606 2341/3078/1606 2342/3080/1611
f 2342/3080/1611 2312/3081/1611 2307/3079/1606
f 2312/3081/1611 2342/3080/1611 2343/3082/1616
f 2343/3082/1616 2317/3083/1616 2312/3081/1611
f 2317/3083/1616 2343/3082/1616 2344/3084/1621
f 2344/3084/1621 2322/3085/1621 2317/3083/1616
f 2322/3085/1621 2344/3084/1621 2645/3086/169
f 2645/3086/169 2627/3087/169 2322/3085/1621
f 2328/3051/3 2646/3088/1759 2345/3089/1760
f 2345/3089/1760 2327/3052/3 2328/3051/3
f 2327/3052/3 2345/3089/1760 2346/3090/1761
f 2346/3090/1761 2329/3054/3 2327/3052/3
f 2329/3054/3 2346/3090/1761 2347/3091/1762
f 2347/3091/1762 2330/3056/3 2329/3054/3
f 2330/3056/3 2347/3091/1762 2348/3092/1763
f 2348/3092/1763 2331/3058/3 2330/3056/3
f 2331/3058/3 2348/3092/1763 2349/3093/1764
f 2349/3093/1764 2332/3060/3 2331/3058/3
f 2332/3060/3 2349/3093/1764 2350/3094/1765
f 2350/3094/1765 2333/3062/3 2332/3060/3
f 2333/3062/3 2350/3094/1765 2351/3095/1766
f 2351/3095/1766 2334/3064/3 2333/3062/3
f 2334/3064/3 2351/3095/1766 2352/3096/1767
f 2352/3096/1767 2335/3066/3 2334/3064/3
f 2335/3066/3 2352/3096/1767 2353/3097/1768
f 2353/3097/1768 2336/3068/3 2335/3066/3
f 2336/3068/3 2353/3097/1768 2354/3098/1769
f 2354/3098/1769 2337/3070/3 2336/3068/3
f 2337/3070/3 2354/3098/1769 2355/3099/1770
f 2355/3099/1770 2338/3072/3 2337/3070/3
f 2338/3072/3 2355/3099/1770 2356/3100/1771
f 2356/3100/1771 2339/3074/3 2338/3072/3
f 2339/3074/3 2356/3100/1771 2357/3101/1772
f 2357/3101/1772 2340/3076/3 2339/3074/3
f 2340/3076/3 2357/3101/1772 2358/3102/1773
f 2358/3102/1773 2341/3078/3 2340/3076/3
f 2341/3078/3 2358/3102/1773 2359/3103/1774
f 2359/3103/1774 2342/3080/3 2341/3078/3
f 2342/3080/3 2359/3103/1774 2360/3104/1775
f 2360/3104/1775 2343/3082/3 2342/3080/3
f 2343/3082/3 2360/3104/1775 2361/3105/1776
f 2361/3105/1776 2344/3084/3 2343/3082/3
f 2344/3084/3 2361/3105/1776 2664/3106/1777
f 2664/3106/1777 2645/3086/3 2344/3084/3
f 2646/3088/1759 2665/3107/1778 2362/3108/1779
f 2362/3108/1779 2345/3089/1760 2646/3088/1759
f 2345/3089/1760 2362/3108/1779 2363/3109/1780
f 2363/3109/1780 2346/3090/1761 2345/3089/1760
f 2346/3090/1761 2363/3109/1780 2364/3110/1781
f 2364/3110/1781 2347/3091/1762 2346/3090/1761
f 2347/3091/1762 2364/3110/1781 2365/3111/1782
f 2365/3111/1782 2348/3092/1763 2347/3091/1762
f 2348/3092/1763 2365/3111/1782 2366/3112/1783
f 2366/3112/1783 2349/3093/1764 2348/3092/1763
f 2349/3093/1764 2366/3112/1783 2367/3113/1784
f 2367/3113/1784 2350/3094/1765 2349/3093/1764
f 2350/3094/1765 2367/3113/1784 2368/3114/1785
f 2368/3114/1785 2351/3095/1766 2350/3094/1765
f 2351/3095/1766 2368/3114/1785 2369/3115/1786
f 2369/3115/1786 2352/3096/1767 2351/3095/1766
f 2352/3096/1767 2369/3115/1786 2370/3116/1787
f 2370/3116/1787 2353/3097/1768 2352/3096/1767
f 2353/3097/1768 2370/3116/1787 2371/3117/1788
f 2371/3117/1788 2354/3098/1769 2353/3097/1768
f 2354/3098/1769 2371/3117/1788 2372/3118/1789
f 2372/3118/1789 2355/3099/1770 2354/3098/1769
f 2355/3099/1770 2372/3118/1789 2373/3119/1790
f 2373/3119/1790 2356/3100/1771 2355/3099/1770
f 2356/3100/1771 2373/3119/1790 2374/3120/1791
f 2374/3120/1791 2357/3101/1772 2356/3100/1771
f 2357/3101/1772 2374/3120/1791 2375/3121/1792
f 2375/3121/1792 2358/3102/1773 2357/3101/1772
f 2358/3102/1773 2375/3121/1792 2376/3122/1793
f 2376/3122/1793 2359/3103/1774 2358/3102/1773
f 2359/3103/1774 2376/3122/1793 2377/3123/1794
f 2377/3123/1794 2360/3104/1775 2359/3103/1774
f 2360/3104/1775 2377/3123/1794 2378/3124/1795
f 2378/3124/1795 2361/3105/1776 2360/3104/1775
f 2361/3105/1776 2378/3124/1795 2683/3125/1796
f 2683/3125/1796 2664/3106/1777 2361/3105/1776
f 2665/3107/1778 2540/2956/169 2379/2955/1667
f 2379/2955/1667 2362/3108/1779 2665/3107/1778
f 2362/3108/1779 2379/2955/1667 2380/2957/1668
f 2380/2957/1668 2363/3109/1780 2362/3108/1779
f 2363/3109/1780 2380/2957/1668 2381/2958/1669
f 2381/2958/1669 2364/3110/1781 2363/3109/1780
f 2364/3110/1781 2381/2958/1669 2382/2959/1670
f 2382/2959/1670 2365/3111/1782 2364/3110/1781
f 2365/3111/1782 2382/2959/1670 2383/2960/1671
f 2383/2960/1671 2366/3112/1783 2365/3111/1782
f 2366/3112/1783 2383/2960/1671 2384/2961/1672
f 2384/2961/1672 2367/3113/1784 2366/3112/1783
f 2367/3113/1784 2384/2961/1672 2385/2962/1673
f 2385/2962/1673 2368/3114/1785 2367/3113/1784
f 2368/3114/1785 2385/2962/1673 2386/2963/1674
f 2386/2963/1674 2369/3115/1786 2368/3114/1785
f 2369/3115/1786 2386/2963/1674 2387/2964/171
f 2387/2964/171 2370/3116/1787 2369/3115/1786
f 2370/3116/1787 2387/2964/171 2388/2965/1675
f 2388/2965/1675 2371/3117/1788 2370/3116/1787
f 2371/3117/1788 2388/2965/1675 2389/2966/1676
f 2389/2966/1676 2372/3118/1789 2371/3117/1788
f 2372/3118/1789 2389/2966/1676 2390/2967/1677
f 2390/2967/1677 2373/3119/1790 2372/3118/1789
f 2373/3119/1790 2390/2967/1677 2391/2968/1678
f 2391/2968/1678 2374/3120/1791 2373/3119/1790
f 2374/3120/1791 2391/2968/1678 2392/2969/1679
f 2392/2969/1679 2375/3121/1792 2374/3120/1791
f 2375/3121/1792 2392/2969/1679 2393/2970/1680
f 2393/2970/1680 2376/3122/1793 2375/3121/1792
f 2376/3122/1793 2393/2970/1680 2394/2971/1681
f 2394/2971/1681 2377/3123/1794 2376/3122/1793
f 2377/3123/1794 2394/2971/1681 2395/2972/1682
f 2395/2972/1682 2378/3124/1795 2377/3123/1794
f 2378/3124/1795 2395/2972/1682 2396/2973/161
f 2396/2973/161 2683/3125/1796 2378/3124/1795
f 2399/3126/1797 2398/3127/1798 2397/2786/161
f 2397/2786/161 2400/2785/1538 2399/3126/1797
f 2401/3128/1799 2399/3126/1797 2400/2785/1538
f 2400/2785/1538 2402/2789/1541 2401/3128/1799
f 2403/3129/1800 2401/3128/1799 2402/2789/1541
f 2402/2789/1541 2108/2791/1543 2403/3129/1800
f 2404/3130/1801 2403/3129/1801 2108/2791/1545
f 2108/2791/1545 2109/2793/1545 2404/3130/1801
f 2406/3131/1802 2405/3132/1681 2398/3127/1798
f 2398/3127/1798 2399/3126/1797 2406/3131/1802
f 2407/3133/1803 2406/3131/1802 2399/3126/1797
f 2399/3126/1797 2401/3128/1799 2407/3133/1803
f 2408/3134/1804 2407/3133/1803 2401/3128/1799
f 2401/3128/1799 2403/3129/1800 2408/3134/1804
f 2409/3135/1805 2408/3134/1805 2403/3129/1801
f 2403/3129/1801 2404/3130/1801 2409/3135/1805
f 2411/3136/1806 2410/3137/1680 2405/3132/1681
f 2405/3132/1681 2406/3131/1802 2411/3136/1806
f 2412/3138/1807 2411/3136/1806 2406/3131/1802
f 2406/3131/1802 2407/3133/1803 2412/3138/1807
f 2413/3139/1808 2412/3138/1807 2407/3133/1803
f 2407/3133/1803 2408/3134/1804 2413/3139/1808
f 2414/3140/1809 2413/3139/1809 2408/3134/1805
f 2408/3134/1805 2409/3135/1805 2414/3140/1809
f 2416/3141/1810 2415/3142/1679 2410/3137/1680
f 2410/3137/1680 2411/3136/1806 2416/3141/1810
f 2417/3143/1811 2416/3141/1810 2411/3136/1806
f 2411/3136/1806 2412/3138/1807 2417/3143/1811
f 2418/3144/1812 2417/3143/1811 2412/3138/1807
f 2412/3138/1807 2413/3139/1808 2418/3144/1812
f 2419/3145/1813 2418/3144/1813 2413/3139/1809
f 2413/3139/1809 2414/3140/1809 2419/3145/1813
f 2421/3146/1814 2420/3147/1678 2415/3142/1679
f 2415/3142/1679 2416/3141/1810 2421/3146/1814
f 2422/3148/1815 2421/3146/1814 2416/3141/1810
f 2416/3141/1810 2417/3143/1811 2422/3148/1815
f 2423/3149/1816 2422/3148/1815 2417/3143/1811
f 2417/3143/1811 2418/3144/1812 2423/3149/1816
f 2424/3150/1817 2423/3149/1817 2418/3144/1813
f 2418/3144/1813 2419/3145/1813 2424/3150/1817
f 2426/3151/1818 2425/3152/1677 2420/3147/1678
f 2420/3147/1678 2421/3146/1814 2426/3151/1818
f 2427/3153/1819 2426/3151/1818 2421/3146/1814
f 2421/3146/1814 2422/3148/1815 2427/3153/1819
f 2428/3154/1820 2427/3153/1819 2422/3148/1815
f 2422/3148/1815 2423/3149/1816 2428/3154/1820
f 2429/3155/1821 2428/3154/1821 2423/3149/1817
f 2423/3149/1817 2424/3150/1817 2429/3155/1821
f 2431/3156/1822 2430/3157/1676 2425/3152/1677
f 2425/3152/1677 2426/3151/1818 2431/3156/1822
f 2432/3158/1823 2431/3156/1822 2426/3151/1818
f 2426/3151/1818 2427/3153/1819 2432/3158/1823
f 2433/3159/1824 2432/3158/1823 2427/3153/1819
f 2427/3153/1819 2428/3154/1820 2433/3159/1824
f 2434/3160/1825 2433/3159/1825 2428/3154/1821
f 2428/3154/1821 2429/3155/1821 2434/3160/1825
f 2436/3161/1826 2435/3162/1827 2430/3157/1676
f 2430/3157/1676 2431/3156/1822 2436/3161/1826
f 2437/3163/1828 2436/3161/1826 2431/3156/1822
f 2431/3156/1822 2432/3158/1823 2437/3163/1828
f 2438/3164/1829 2437/3163/1828 2432/3158/1823
f 2432/3158/1823 2433/3159/1824 2438/3164/1829
f 2439/3165/1830 2438/3164/1830 2433/3159/1825
f 2433/3159/1825 2434/3160/1825 2439/3165/1830
f 2441/3166/1831 2440/3167/171 2435/3162/1827
f 2435/3162/1827 2436/3161/1826 2441/3166/1831
f 2442/3168/1832 2441/3166/1831 2436/3161/1826
f 2436/3161/1826 2437/3163/1828 2442/3168/1832
f 2443/3169/1833 2442/3168/1832 2437/3163/1828
f 2437/3163/1828 2438/3164/1829 2443/3169/1833
f 2444/3170/1834 2443/3169/1834 2438/3164/1830
f 2438/3164/1830 2439/3165/1830 2444/3170/1834
f 2446/3171/1835 2445/3172/1836 2440/3167/171
f 2440/3167/171 2441/3166/1831 2446/3171/1835
f 2447/3173/1837 2446/3171/1835 2441/3166/1831
f 2441/3166/1831 2442/3168/1832 2447/3173/1837
f 2448/3174/1838 2447/3173/1837 2442/3168/1832
f 2442/3168/1832 2443/3169/1833 2448/3174/1838
f 2449/3175/1839 2448/3174/1839 2443/3169/1834
f 2443/3169/1834 2444/3170/1834 2449/3175/1839
f 2451/3176/1840 2450/3177/1673 2445/3172/1836
f 2445/3172/1836 2446/3171/1835 2451/3176/1840
f 2452/3178/1841 2451/3176/1840 2446/3171/1835
f 2446/3171/1835 2447/3173/1837 2452/3178/1841
f 2453/3179/1842 2452/3178/1841 2447/3173/1837
f 2447/3173/1837 2448/3174/1838 2453/3179/1842
f 2454/3180/1843 2453/3179/1843 2448/3174/1839
f 2448/3174/1839 2449/3175/1839 2454/3180/1843
f 2456/3181/1844 2455/3182/1672 2450/3177/1673
f 2450/3177/1673 2451/3176/1840 2456/3181/1844
f 2457/3183/1845 2456/3181/1844 2451/3176/1840
f 2451/3176/1840 2452/3178/1841 2457/3183/1845
f 2458/3184/1846 2457/3183/1845 2452/3178/1841
f 2452/3178/1841 2453/3179/1842 2458/3184/1846
f 2459/3185/1847 2458/3184/1847 2453/3179/1843
f 2453/3179/1843 2454/3180/1843 2459/3185/1847
f 2461/3186/1848 2460/3187/1671 2455/3182/1672
f 2455/3182/1672 2456/3181/1844 2461/3186/1848
f 2462/3188/1849 2461/3186/1848 2456/3181/1844
f 2456/3181/1844 2457/3183/1845 2462/3188/1849
f 2463/3189/1850 2462/3188/1849 2457/3183/1845
f 2457/3183/1845 2458/3184/1846 2463/3189/1850
f 2464/3190/1851 2463/3189/1851 2458/3184/1847
f 2458/3184/1847 2459/3185/1847 2464/3190/1851
f 2466/3191/1852 2465/3192/1670 2460/3187/1671
f 2460/3187/1671 2461/3186/1848 2466/3191/1852
f 2467/3193/1853 2466/3191/1852 2461/3186/1848
f 2461/3186/1848 2462/3188/1849 2467/3193/1853
f 2468/3194/1854 2467/3193/1853 2462/3188/1849
f 2462/3188/1849 2463/3189/1850 2468/3194/1854
f 2469/3195/1855 2468/3194/1855 2463/3189/1851
f 2463/3189/1851 2464/3190/1851 2469/3195/1855
f 2471/3196/1856 2470/3197/1669 2465/3192/1670
f 2465/3192/1670 2466/3191/1852 2471/3196/1856
f 2472/3198/1857 2471/3196/1856 2466/3191/1852
f 2466/3191/1852 2467/3193/1853 2472/3198/1857
f 2473/3199/1858 2472/3198/1857 2467/3193/1853
f 2467/3193/1853 2468/3194/1854 2473/3199/1858
f 2474/3200/1859 2473/3199/1859 2468/3194/1855
f 2468/3194/1855 2469/3195/1855 2474/3200/1859
f 2476/3201/1860 2475/3202/1668 2470/3197/1669
f 2470/3197/1669 2471/3196/1856 2476/3201/1860
f 2477/3203/1861 2476/3201/1860 2471/3196/1856
f 2471/3196/1856 2472/3198/1857 2477/3203/1861
f 2478/3204/1862 2477/3203/1861 2472/3198/1857
f 2472/3198/1857 2473/3199/1858 2478/3204/1862
f 2479/3205/1863 2478/3204/1863 2473/3199/1859
f 2473/3199/1859 2474/3200/1859 2479/3205/1863
f 2481/3206/1864 2480/3207/1865 2475/3202/1668
f 2475/3202/1668 2476/3201/1860 2481/3206/1864
f 2482/3208/1866 2481/3206/1864 2476/3201/1860
f 2476/3201/1860 2477/3203/1861 2482/3208/1866
f 2483/3209/1867 2482/3208/1866 2477/3203/1861
f 2477/3203/1861 2478/3204/1862 2483/3209/1867
f 2484/3210/1868 2483/3209/1868 2478/3204/1863
f 2478/3204/1863 2479/3205/1863 2484/3210/1868
f 2179/2874/1625 2323/2875/169 2480/3207/1865
f 2480/3207/1865 2481/3206/1864 2179/2874/1625
f 2180/2876/1626 2179/2874/1625 2481/3206/1864
f 2481/3206/1864 2482/3208/1866 2180/2876/1626
f 2485/2877/1627 2180/2876/1626 2482/3208/1866
f 2482/3208/1866 2483/3209/1867 2485/2877/1627
f 2486/2878/1628 2485/2877/1628 2483/3209/1868
f 2483/3209/1868 2484/3210/1868 2486/2878/1628
f 2109/2879/161 2181/2882/161 2487/3211/1798
f 2487/3211/1798 2404/3212/1798 2109/2879/161
f 2404/3212/1798 2487/3211/1798 2488/3213/1681
f 2488/3213/1681 2409/3214/1681 2404/3212/1798
f 2409/3214/1681 2488/3213/1681 2489/3215/1680
f 2489/3215/1680 2414/3216/1680 2409/3214/1681
f 2414/3216/1680 2489/3215/1680 2490/3217/1679
f 2490/3217/1679 2419/3218/1679 2414/3216/1680
f 2419/3218/1679 2490/3217/1679 2491/3219/1678
f 2491/3219/1678 2424/3220/1678 2419/3218/1679
f 2424/3220/1678 2491/3219/1678 2492/3221/1677
f 2492/3221/1677 2429/3222/1677 2424/3220/1678
f 2429/3222/1677 2492/3221/1677 2493/3223/1676
f 2493/3223/1676 2434/3224/1676 2429/3222/1677
f 2434/3224/1676 2493/3223/1676 2494/3225/1827
f 2494/3225/1827 2439/3226/1827 2434/3224/1676
f 2439/3226/1827 2494/3225/1827 2495/3227/171
f 2495/3227/171 2444/3228/171 2439/3226/1827
f 2444/3228/171 2495/3227/171 2496/3229/1836
f 2496/3229/1836 2449/3230/1836 2444/3228/171
f 2449/3230/1836 2496/3229/1836 2497/3231/1673
f 2497/3231/1673 2454/3232/1673 2449/3230/1836
f 2454/3232/1673 2497/3231/1673 2498/3233/1672
f 2498/3233/1672 2459/3234/1672 2454/3232/1673
f 2459/3234/1672 2498/3233/1672 2499/3235/1671
f 2499/3235/1671 2464/3236/1671 2459/3234/1672
f 2464/3236/1671 2499/3235/1671 2500/3237/1670
f 2500/3237/1670 2469/3238/1670 2464/3236/1671
f 2469/3238/1670 2500/3237/1670 2501/3239/1669
f 2501/3239/1669 2474/3240/1669 2469/3238/1670
f 2474/3240/1669 2501/3239/1669 2502/3241/1668
f 2502/3241/1668 2479/3242/1668 2474/3240/1669
f 2479/3242/1668 2502/3241/1668 2503/3243/1865
f 2503/3243/1865 2484/3244/1865 2479/3242/1668
f 2484/3244/1865 2503/3243/1865 2199/2916/169
f 2199/2916/169 2486/2915/169 2484/3244/1865
f 2181/2882/2 2200/2918/1630 2504/3245/1869
f 2504/3245/1869 2487/3211/2 2181/2882/2
f 2487/3211/2 2504/3245/1869 2505/3246/1870
f 2505/3246/1870 2488/3213/2 2487/3211/2
f 2488/3213/2 2505/3246/1870 2506/3247/1871
f 2506/3247/1871 2489/3215/2 2488/3213/2
f 2489/3215/2 2506/3247/1871 2507/3248/1872
f 2507/3248/1872 2490/3217/2 2489/3215/2
f 2490/3217/2 2507/3248/1872 2508/3249/1873
f 2508/3249/1873 2491/3219/2 2490/3217/2
f 2491/3219/2 2508/3249/1873 2509/3250/1874
f 2509/3250/1874 2492/3221/2 2491/3219/2
f 2492/3221/2 2509/3250/1874 2510/3251/1875
f 2510/3251/1875 2493/3223/2 2492/3221/2
f 2493/3223/2 2510/3251/1875 2511/3252/1876
f 2511/3252/1876 2494/3225/2 2493/3223/2
f 2494/3225/2 2511/3252/1876 2512/3253/1877
f 2512/3253/1877 2495/3227/2 2494/3225/2
f 2495/3227/2 2512/3253/1877 2513/3254/1878
f 2513/3254/1878 2496/3229/2 2495/3227/2
f 2496/3229/2 2513/3254/1878 2514/3255/1879
f 2514/3255/1879 2497/3231/2 2496/3229/2
f 2497/3231/2 2514/3255/1879 2515/3256/1880
f 2515/3256/1880 2498/3233/2 2497/3231/2
f 2498/3233/2 2515/3256/1880 2516/3257/1881
f 2516/3257/1881 2499/3235/2 2498/3233/2
f 2499/3235/2 2516/3257/1881 2517/3258/1882
f 2517/3258/1882 2500/3237/2 2499/3235/2
f 2500/3237/2 2517/3258/1882 2518/3259/1883
f 2518/3259/1883 2501/3239/2 2500/3237/2
f 2501/3239/2 2518/3259/1883 2519/3260/1884
f 2519/3260/1884 2502/3241/2 2501/3239/2
f 2502/3241/2 2519/3260/1884 2520/3261/1885
f 2520/3261/1885 2503/3243/2 2502/3241/2
f 2503/3243/2 2520/3261/1885 2521/2935/1647
f 2521/2935/1647 2199/2916/2 2503/3243/2
f 2200/2918/1630 2218/2937/1649 2522/3262/1886
f 2522/3262/1886 2504/3245/1869 2200/2918/1630
f 2504/3245/1869 2522/3262/1886 2523/3263/1887
f 2523/3263/1887 2505/3246/1870 2504/3245/1869
f 2505/3246/1870 2523/3263/1887 2524/3264/1888
f 2524/3264/1888 2506/3247/1871 2505/3246/1870
f 2506/3247/1871 2524/3264/1888 2525/3265/1889
f 2525/3265/1889 2507/3248/1872 2506/3247/1871
f 2507/3248/1872 2525/3265/1889 2526/3266/1890
f 2526/3266/1890 2508/3249/1873 2507/3248/1872
f 2508/3249/1873 2526/3266/1890 2527/3267/1891
f 2527/3267/1891 2509/3250/1874 2508/3249/1873
f 2509/3250/1874 2527/3267/1891 2528/3268/1892
f 2528/3268/1892 2510/3251/1875 2509/3250/1874
f 2510/3251/1875 2528/3268/1892 2529/3269/1893
f 2529/3269/1893 2511/3252/1876 2510/3251/1875
f 2511/3252/1876 2529/3269/1893 2530/3270/1894
f 2530/3270/1894 2512/3253/1877 2511/3252/1876
f 2512/3253/1877 2530/3270/1894 2531/3271/1895
f 2531/3271/1895 2513/3254/1878 2512/3253/1877
f 2513/3254/1878 2531/3271/1895 2532/3272/1896
f 2532/3272/1896 2514/3255/1879 2513/3254/1878
f 2514/3255/1879 2532/3272/1896 2533/3273/1897
f 2533/3273/1897 2515/3256/1880 2514/3255/1879
f 2515/3256/1880 2533/3273/1897 2534/3274/1898
f 2534/3274/1898 2516/3257/1881 2515/3256/1880
f 2516/3257/1881 2534/3274/1898 2535/3275/1899
f 2535/3275/1899 2517/3258/1882 2516/3257/1881
f 2517/3258/1882 2535/3275/1899 2536/3276/1900
f 2536/3276/1900 2518/3259/1883 2517/3258/1882
f 2518/3259/1883 2536/3276/1900 2537/3277/1901
f 2537/3277/1901 2519/3260/1884 2518/3259/1883
f 2519/3260/1884 2537/3277/1901 2538/3278/1902
f 2538/3278/1902 2520/3261/1885 2519/3260/1884
f 2520/3261/1885 2538/3278/1902 2236/2954/1666
f 2236/2954/1666 2521/2935/1647 2520/3261/1885
f 2218/2937/1649 2540/2956/169 2539/3279/1903
f 2539/3279/1903 2522/3262/1886 2218/2937/1649
f 2522/3262/1886 2539/3279/1903 2541/3280/1616
f 2541/3280/1616 2523/3263/1887 2522/3262/1886
f 2523/3263/1887 2541/3280/1616 2542/3281/1611
f 2542/3281/1611 2524/3264/1888 2523/3263/1887
f 2524/3264/1888 2542/3281/1611 2543/3282/1606
f 2543/3282/1606 2525/3265/1889 2524/3264/1888
f 2525/3265/1889 2543/3282/1606 2544/3283/1601
f 2544/3283/1601 2526/3266/1890 2525/3265/1889
f 2526/3266/1890 2544/3283/1601 2545/3284/1596
f 2545/3284/1596 2527/3267/1891 2526/3266/1890
f 2527/3267/1891 2545/3284/1596 2546/3285/1591
f 2546/3285/1591 2528/3268/1892 2527/3267/1891
f 2528/3268/1892 2546/3285/1591 2547/3286/1904
f 2547/3286/1904 2529/3269/1893 2528/3268/1892
f 2529/3269/1893 2547/3286/1904 2548/3287/164
f 2548/3287/164 2530/3270/1894 2529/3269/1893
f 2530/3270/1894 2548/3287/164 2549/3288/1905
f 2549/3288/1905 2531/3271/1895 2530/3270/1894
f 2531/3271/1895 2549/3288/1905 2550/3289/1572
f 2550/3289/1572 2532/3272/1896 2531/3271/1895
f 2532/3272/1896 2550/3289/1572 2551/3290/1567
f 2551/3290/1567 2533/3273/1897 2532/3272/1896
f 2533/3273/1897 2551/3290/1567 2552/3291/1562
f 2552/3291/1562 2534/3274/1898 2533/3273/1897
f 2534/3274/1898 2552/3291/1562 2553/3292/1557
f 2553/3292/1557 2535/3275/1899 2534/3274/1898
f 2535/3275/1899 2553/3292/1557 2554/3293/1552
f 2554/3293/1552 2536/3276/1900 2535/3275/1899
f 2536/3276/1900 2554/3293/1552 2555/3294/1547
f 2555/3294/1547 2537/3277/1901 2536/3276/1900
f 2537/3277/1901 2555/3294/1547 2556/3295/1906
f 2556/3295/1906 2538/3278/1902 2537/3277/1901
f 2538/3278/1902 2556/3295/1906 2396/2973/161
f 2396/2973/161 2236/2954/1666 2538/3278/1902
f 2558/3296/1907 2557/2975/1684 2397/2786/161
f 2397/2786/161 2398/3127/1798 2558/3296/1907
f 2560/3297/1908 2559/2977/1686 2557/2975/1684
f 2557/2975/1684 2558/3296/1907 2560/3297/1908
f 2561/3298/1909 2240/2979/1688 2559/2977/1686
f 2559/2977/1686 2560/3297/1908 2561/3298/1909
f 2562/3299/1910 2242/2981/1690 2240/2979/1690
f 2240/2979/1690 2561/3298/1910 2562/3299/1910
f 2563/3300/1911 2558/3296/1907 2398/3127/1798
f 2398/3127/1798 2405/3132/1681 2563/3300/1911
f 2564/3301/1912 2560/3297/1908 2558/3296/1907
f 2558/3296/1907 2563/3300/1911 2564/3301/1912
f 2565/3302/1913 2561/3298/1909 2560/3297/1908
f 2560/3297/1908 2564/3301/1912 2565/3302/1913
f 2566/3303/1914 2562/3299/1910 2561/3298/1910
f 2561/3298/1910 2565/3302/1914 2566/3303/1914
f 2567/3304/1915 2563/3300/1911 2405/3132/1681
f 2405/3132/1681 2410/3137/1680 2567/3304/1915
f 2568/3305/1916 2564/3301/1912 2563/3300/1911
f 2563/3300/1911 2567/3304/1915 2568/3305/1916
f 2569/3306/1917 2565/3302/1913 2564/3301/1912
f 2564/3301/1912 2568/3305/1916 2569/3306/1917
f 2570/3307/1918 2566/3303/1914 2565/3302/1914
f 2565/3302/1914 2569/3306/1918 2570/3307/1918
f 2571/3308/1919 2567/3304/1915 2410/3137/1680
f 2410/3137/1680 2415/3142/1679 2571/3308/1919
f 2572/3309/1920 2568/3305/1916 2567/3304/1915
f 2567/3304/1915 2571/3308/1919 2572/3309/1920
f 2573/3310/1921 2569/3306/1917 2568/3305/1916
f 2568/3305/1916 2572/3309/1920 2573/3310/1921
f 2574/3311/1922 2570/3307/1918 2569/3306/1918
f 2569/3306/1918 2573/3310/1922 2574/3311/1922
f 2575/3312/1923 2571/3308/1919 2415/3142/1679
f 2415/3142/1679 2420/3147/1678 2575/3312/1923
f 2576/3313/1924 2572/3309/1920 2571/3308/1919
f 2571/3308/1919 2575/3312/1923 2576/3313/1924
f 2577/3314/1925 2573/3310/1921 2572/3309/1920
f 2572/3309/1920 2576/3313/1924 2577/3314/1925
f 2578/3315/1926 2574/3311/1922 2573/3310/1922
f 2573/3310/1922 2577/3314/1926 2578/3315/1926
f 2579/3316/1927 2575/3312/1923 2420/3147/1678
f 2420/3147/1678 2425/3152/1677 2579/3316/1927
f 2580/3317/1928 2576/3313/1924 2575/3312/1923
f 2575/3312/1923 2579/3316/1927 2580/3317/1928
f 2581/3318/1929 2577/3314/1925 2576/3313/1924
f 2576/3313/1924 2580/3317/1928 2581/3318/1929
f 2582/3319/1930 2578/3315/1926 2577/3314/1926
f 2577/3314/1926 2581/3318/1930 2582/3319/1930
f 2583/3320/1931 2579/3316/1927 2425/3152/1677
f 2425/3152/1677 2430/3157/1676 2583/3320/1931
f 2584/3321/1932 2580/3317/1928 2579/3316/1927
f 2579/3316/1927 2583/3320/1931 2584/3321/1932
f 2585/3322/1933 2581/3318/1929 2580/3317/1928
f 2580/3317/1928 2584/3321/1932 2585/3322/1933
f 2586/3323/1934 2582/3319/1930 2581/3318/1930
f 2581/3318/1930 2585/3322/1934 2586/3323/1934
f 2587/3324/1935 2583/3320/1931 2430/3157/1676
f 2430/3157/1676 2435/3162/1827 2587/3324/1935
f 2588/3325/1936 2584/3321/1932 2583/3320/1931
f 2583/3320/1931 2587/3324/1935 2588/3325/1936
f 2589/3326/1937 2585/3322/1933 2584/3321/1932
f 2584/3321/1932 2588/3325/1936 2589/3326/1937
f 2590/3327/1938 2586/3323/1934 2585/3322/1934
f 2585/3322/1934 2589/3326/1938 2590/3327/1938
f 2591/3328/1939 2587/3324/1935 2435/3162/1827
f 2435/3162/1827 2440/3167/171 2591/3328/1939
f 2592/3329/1940 2588/3325/1936 2587/3324/1935
f 2587/3324/1935 2591/3328/1939 2592/3329/1940
f 2593/3330/1941 2589/3326/1937 2588/3325/1936
f 2588/3325/1936 2592/3329/1940 2593/3330/1941
f 2594/3331/1942 2590/3327/1938 2589/3326/1938
f 2589/3326/1938 2593/3330/1942 2594/3331/1942
f 2595/3332/1943 2591/3328/1939 2440/3167/171
f 2440/3167/171 2445/3172/1836 2595/3332/1943
f 2596/3333/1944 2592/3329/1940 2591/3328/1939
f 2591/3328/1939 2595/3332/1943 2596/3333/1944
f 2597/3334/1945 2593/3330/1941 2592/3329/1940
f 2592/3329/1940 2596/3333/1944 2597/3334/1945
f 2598/3335/1946 2594/3331/1942 2593/3330/1942
f 2593/3330/1942 2597/3334/1946 2598/3335/1946
f 2599/3336/1947 2595/3332/1943 2445/3172/1836
f 2445/3172/1836 2450/3177/1673 2599/3336/1947
f 2600/3337/1948 2596/3333/1944 2595/3332/1943
f 2595/3332/1943 2599/3336/1947 2600/3337/1948
f 2601/3338/1949 2597/3334/1945 2596/3333/1944
f 2596/3333/1944 2600/3337/1948 2601/3338/1949
f 2602/3339/1950 2598/3335/1946 2597/3334/1946
f 2597/3334/1946 2601/3338/1950 2602/3339/1950
f 2603/3340/1951 2599/3336/1947 2450/3177/1673
f 2450/3177/1673 2455/3182/1672 2603/3340/1951
f 2604/3341/1952 2600/3337/1948 2599/3336/1947
f 2599/3336/1947 2603/3340/1951 2604/3341/1952
f 2605/3342/1953 2601/3338/1949 2600/3337/1948
f 2600/3337/1948 2604/3341/1952 2605/3342/1953
f 2606/3343/1954 2602/3339/1950 2601/3338/1950
f 2601/3338/1950 2605/3342/1954 2606/3343/1954
f 2607/3344/1955 2603/3340/1951 2455/3182/1672
f 2455/3182/1672 2460/3187/1671 2607/3344/1955
f 2608/3345/1956 2604/3341/1952 2603/3340/1951
f 2603/3340/1951 2607/3344/1955 2608/3345/1956
f 2609/3346/1957 2605/3342/1953 2604/3341/1952
f 2604/3341/1952 2608/3345/1956 2609/3346/1957
f 2610/3347/1958 2606/3343/1954 2605/3342/1954
f 2605/3342/1954 2609/3346/1958 2610/3347/1958
f 2611/3348/1959 2607/3344/1955 2460/3187/1671
f 2460/3187/1671 2465/3192/1670 2611/3348/1959
f 2612/3349/1960 2608/3345/1956 2607/3344/1955
f 2607/3344/1955 2611/3348/1959 2612/3349/1960
f 2613/3350/1961 2609/3346/1957 2608/3345/1956
f 2608/3345/1956 2612/3349/1960 2613/3350/1961
f 2614/3351/1962 2610/3347/1958 2609/3346/1958
f 2609/3346/1958 2613/3350/1962 2614/3351/1962
f 2615/3352/1963 2611/3348/1959 2465/3192/1670
f 2465/3192/1670 2470/3197/1669 2615/3352/1963
f 2616/3353/1964 2612/3349/1960 2611/3348/1959
f 2611/3348/1959 2615/3352/1963 2616/3353/1964
f 2617/3354/1965 2613/3350/1961 2612/3349/1960
f 2612/3349/1960 2616/3353/1964 2617/3354/1965
f 2618/3355/1966 2614/3351/1962 2613/3350/1962
f 2613/3350/1962 2617/3354/1966 2618/3355/1966
f 2619/3356/1967 2615/3352/1963 2470/3197/1669
f 2470/3197/1669 2475/3202/1668 2619/3356/1967
f 2620/3357/1968 2616/3353/1964 2615/3352/1963
f 2615/3352/1963 2619/3356/1967 2620/3357/1968
f 2621/3358/1969 2617/3354/1965 2616/3353/1964
f 2616/3353/1964 2620/3357/1968 2621/3358/1969
f 2622/3359/1970 2618/3355/1966 2617/3354/1966
f 2617/3354/1966 2621/3358/1970 2622/3359/1970
f 2623/3360/1971 2619/3356/1967 2475/3202/1668
f 2475/3202/1668 2480/3207/1865 2623/3360/1971
f 2624/3361/1972 2620/3357/1968 2619/3356/1967
f 2619/3356/1967 2623/3360/1971 2624/3361/1972
f 2625/3362/1973 2621/3358/1969 2620/3357/1968
f 2620/3357/1968 2624/3361/1972 2625/3362/1973
f 2626/3363/1974 2622/3359/1970 2621/3358/1970
f 2621/3358/1970 2625/3362/1974 2626/3363/1974
f 2324/3046/1755 2623/3360/1971 2480/3207/1865
f 2480/3207/1865 2323/2875/169 2324/3046/1755
f 2325/3047/1756 2624/3361/1972 2623/3360/1971
f 2623/3360/1971 2324/3046/1755 2325/3047/1756
f 2326/3048/1757 2625/3362/1973 2624/3361/1972
f 2624/3361/1972 2325/3047/1756 2326/3048/1757
f 2627/3049/1758 2626/3363/1974 2625/3362/1974
f 2625/3362/1974 2326/3048/1758 2627/3049/1758
f 2242/3050/161 2562/3364/1798 2628/3365/1798
f 2628/3365/1798 2328/3051/161 2242/3050/161
f 2562/3364/1798 2566/3366/1681 2629/3367/1681
f 2629/3367/1681 2628/3365/1798 2562/3364/1798
f 2566/3366/1681 2570/3368/1680 2630/3369/1680
f 2630/3369/1680 2629/3367/1681 2566/3366/1681
f 2570/3368/1680 2574/3370/1679 2631/3371/1679
f 2631/3371/1679 2630/3369/1680 2570/3368/1680
f 2574/3370/1679 2578/3372/1678 2632/3373/1678
f 2632/3373/1678 2631/3371/1679 2574/3370/1679
f 2578/3372/1678 2582/3374/1677 2633/3375/1677
f 2633/3375/1677 2632/3373/1678 2578/3372/1678
f 2582/3374/1677 2586/3376/1676 2634/3377/1676
f 2634/3377/1676 2633/3375/1677 2582/3374/1677
f 2586/3376/1676 2590/3378/1827 2635/3379/1827
f 2635/3379/1827 2634/3377/1676 2586/3376/1676
f 2590/3378/1827 2594/3380/171 2636/3381/171
f 2636/3381/171 2635/3379/1827 2590/3378/1827
f 2594/3380/171 2598/3382/1836 2637/3383/1836
f 2637/3383/1836 2636/3381/171 2594/3380/171
f 2598/3382/1836 2602/3384/1673 2638/3385/1673
f 2638/3385/1673 2637/3383/1836 2598/3382/1836
f 2602/3384/1673 2606/3386/1672 2639/3387/1672
f 2639/3387/1672 2638/3385/1673 2602/3384/1673
f 2606/3386/1672 2610/3388/1671 2640/3389/1671
f 2640/3389/1671 2639/3387/1672 2606/3386/1672
f 2610/3388/1671 2614/3390/1670 2641/3391/1670
f 2641/3391/1670 2640/3389/1671 2610/3388/1671
f 2614/3390/1670 2618/3392/1669 2642/3393/1669
f 2642/3393/1669 2641/3391/1670 2614/3390/1670
f 2618/3392/1669 2622/3394/1668 2643/3395/1668
f 2643/3395/1668 2642/3393/1669 2618/3392/1669
f 2622/3394/1668 2626/3396/1865 2644/3397/1865
f 2644/3397/1865 2643/3395/1668 2622/3394/1668
f 2626/3396/1865 2627/3087/169 2645/3086/169
f 2645/3086/169 2644/3397/1865 2626/3396/1865
f 2328/3051/3 2628/3365/3 2647/3398/1975
f 2647/3398/1975 2646/3088/1759 2328/3051/3
f 2628/3365/3 2629/3367/3 2648/3399/1976
f 2648/3399/1976 2647/3398/1975 2628/3365/3
f 2629/3367/3 2630/3369/3 2649/3400/1977
f 2649/3400/1977 2648/3399/1976 2629/3367/3
f 2630/3369/3 2631/3371/3 2650/3401/1978
f 2650/3401/1978 2649/3400/1977 2630/3369/3
f 2631/3371/3 2632/3373/3 2651/3402/1979
f 2651/3402/1979 2650/3401/1978 2631/3371/3
f 2632/3373/3 2633/3375/3 2652/3403/1980
f 2652/3403/1980 2651/3402/1979 2632/3373/3
f 2633/3375/3 2634/3377/3 2653/3404/1981
f 2653/3404/1981 2652/3403/1980 2633/3375/3
f 2634/3377/3 2635/3379/3 2654/3405/1982
f 2654/3405/1982 2653/3404/1981 2634/3377/3
f 2635/3379/3 2636/3381/3 2655/3406/1983
f 2655/3406/1983 2654/3405/1982 2635/3379/3
f 2636/3381/3 2637/3383/3 2656/3407/1984
f 2656/3407/1984 2655/3406/1983 2636/3381/3
f 2637/3383/3 2638/3385/3 2657/3408/1985
f 2657/3408/1985 2656/3407/1984 2637/3383/3
f 2638/3385/3 2639/3387/3 2658/3409/1986
f 2658/3409/1986 2657/3408/1985 2638/3385/3
f 2639/3387/3 2640/3389/3 2659/3410/1987
f 2659/3410/1987 2658/3409/1986 2639/3387/3
f 2640/3389/3 2641/3391/3 2660/3411/1988
f 2660/3411/1988 2659/3410/1987 2640/3389/3
f 2641/3391/3 2642/3393/3 2661/3412/1989
f 2661/3412/1989 2660/3411/1988 2641/3391/3
f 2642/3393/3 2643/3395/3 2662/3413/1990
f 2662/3413/1990 2661/3412/1989 2642/3393/3
f 2643/3395/3 2644/3397/3 2663/3414/1991
f 2663/3414/1991 2662/3413/1990 2643/3395/3
f 2644/3397/3 2645/3086/3 2664/3106/1777
f 2664/3106/1777 2663/3414/1991 2644/3397/3
f 2646/3088/1759 2647/3398/1975 2666/3415/1992
f 2666/3415/1992 2665/3107/1778 2646/3088/1759
f 2647/3398/1975 2648/3399/1976 2667/3416/1993
f 2667/3416/1993 2666/3415/1992 2647/3398/1975
f 2648/3399/1976 2649/3400/1977 2668/3417/1994
f 2668/3417/1994 2667/3416/1993 2648/3399/1976
f 2649/3400/1977 2650/3401/1978 2669/3418/1995
f 2669/3418/1995 2668/3417/1994 2649/3400/1977
f 2650/3401/1978 2651/3402/1979 2670/3419/1996
f 2670/3419/1996 2669/3418/1995 2650/3401/1978
f 2651/3402/1979 2652/3403/1980 2671/3420/1997
f 2671/3420/1997 2670/3419/1996 2651/3402/1979
f 2652/3403/1980 2653/3404/1981 2672/3421/1998
f 2672/3421/1998 2671/3420/1997 2652/3403/1980
f 2653/3404/1981 2654/3405/1982 2673/3422/1999
f 2673/3422/1999 2672/3421/1998 2653/3404/1981
f 2654/3405/1982 2655/3406/1983 2674/3423/2000
f 2674/3423/2000 2673/3422/1999 2654/3405/1982
f 2655/3406/1983 2656/3407/1984 2675/3424/2001
f 2675/3424/2001 2674/3423/2000 2655/3406/1983
f 2656/3407/1984 2657/3408/1985 2676/3425/2002
f 2676/3425/2002 2675/3424/2001 2656/3407/1984
f 2657/3408/1985 2658/3409/1986 2677/3426/2003
f 2677/3426/2003 2676/3425/2002 2657/3408/1985
f 2658/3409/1986 2659/3410/1987 2678/3427/2004
f 2678/3427/2004 2677/3426/2003 2658/3409/1986
f 2659/3410/1987 2660/3411/1988 2679/3428/2005
f 2679/3428/2005 2678/3427/2004 2659/3410/1987
f 2660/3411/1988 2661/3412/1989 2680/3429/2006
f 2680/3429/2006 2679/3428/2005 2660/3411/1988
f 2661/3412/1989 2662/3413/1990 2681/3430/2007
f 2681/3430/2007 2680/3429/2006 2661/3412/1989
f 2662/3413/1990 2663/3414/1991 2682/3431/2008
f 2682/3431/2008 2681/3430/2007 2662/3413/1990
f 2663/3414/1991 2664/3106/1777 2683/3125/1796
f 2683/3125/1796 2682/3431/2008 2663/3414/1991
f 2665/3107/1778 2666/3415/1992 2539/3279/1903
f 2539/3279/1903 2540/2956/169 2665/3107/1778
f 2666/3415/1992 2667/3416/1993 2541/3280/1616
f 2541/3280/1616 2539/3279/1903 2666/3415/1992
f 2667/3416/1993 2668/3417/1994 2542/3281/1611
f 2542/3281/1611 2541/3280/1616 2667/3416/1993
f 2668/3417/1994 2669/3418/1995 2543/3282/1606
f 2543/3282/1606 2542/3281/1611 2668/3417/1994
f 2669/3418/1995 2670/3419/1996 2544/3283/1601
f 2544/3283/1601 2543/3282/1606 2669/3418/1995
f 2670/3419/1996 2671/3420/1997 2545/3284/1596
f 2545/3284/1596 2544/3283/1601 2670/3419/1996
f 2671/3420/1997 2672/3421/1998 2546/3285/1591
f 2546/3285/1591 2545/3284/1596 2671/3420/1997
f 2672/3421/1998 2673/3422/1999 2547/3286/1904
f 2547/3286/1904 2546/3285/1591 2672/3421/1998
f 2673/3422/1999 2674/3423/2000 2548/3287/164
f 2548/3287/164 2547/3286/1904 2673/3422/1999
f 2674/3423/2000 2675/3424/2001 2549/3288/1905
f 2549/3288/1905 2548/3287/164 2674/3423/2000
f 2675/3424/2001 2676/3425/2002 2550/3289/1572
f 2550/3289/1572 2549/3288/1905 2675/3424/2001
f 2676/3425/2002 2677/3426/2003 2551/3290/1567
f 2551/3290/1567 2550/3289/1572 2676/3425/2002
f 2677/3426/2003 2678/3427/2004 2552/3291/1562
f 2552/3291/1562 2551/3290/1567 2677/3426/2003
f 2678/3427/2004 2679/3428/2005 2553/3292/1557
f 2553/3292/1557 2552/3291/1562 2678/3427/2004
f 2679/3428/2005 2680/3429/2006 2554/3293/1552
f 2554/3293/1552 2553/3292/1557 2679/3428/2005
f 2680/3429/2006 2681/3430/2007 2555/3294/1547
f 2555/3294/1547 2554/3293/1552 2680/3429/2006
f 2681/3430/2007 2682/3431/2008 2556/3295/1906
f 2556/3295/1906 2555/3294/1547 2681/3430/2007
f 2682/3431/2008 2683/3125/1796 2396/2973/161
f 2396/2973/161 2556/3295/1906 2682/3431/2008
f 2684/3432/2009 2688/3433/2010 2687/3434/2011
f 2687/3434/2011 2685/3435/2012 2684/3432/2009
f 2686/3436/2013 2689/3437/2014 2688/3438/2010
f 2688/3438/2010 2684/3439/2009 2686/3436/2013
f 2685/3435/2012 2687/3434/2011 2689/3437/2014
f 2689/3437/2014 2686/3436/2013 2685/3435/2012
f 2690/3440/2015 2694/3441/2016 2693/3442/2017
f 2693/3442/2017 2691/3443/2018 2690/3440/2015
f 2692/3444/2019 2695/3445/2020 2694/3441/2016
f 2694/3441/2016 2690/3440/2015 2692/3444/2019
f 2691/3446/2018 2693/3447/2017 2695/3445/2020
f 2695/3445/2020 2692/3444/2019 2691/3446/2018
f 2696/3448/2021 2700/3449/2022 2699/3450/2023
f 2699/3450/2023 2697/3451/2024 2696/3448/2021
f 2698/3452/2025 2701/3453/2026 2700/3454/2022
f 2700/3454/2022 2696/3455/2021 2698/3452/2025
f 2697/3451/2024 2699/3450/2023 2701/3453/2026
f 2701/3453/2026 2698/3452/2025 2697/3451/2024
f 2702/3456/2027 2706/3457/2028 2705/3458/2029
f 2705/3458/2029 2703/3459/2030 2702/3456/2027
f 2704/3460/2031 2707/3461/2032 2706/3457/2028
f 2706/3457/2028 2702/3456/2027 2704/3460/2031
f 2703/3462/2030 2705/3463/2029 2707/3461/2032
f 2707/3461/2032 2704/3460/2031 2703/3462/2030
f 2708/3464/2033 2712/3465/2034 2711/3466/2035
f 2711/3466/2035 2709/3467/2036 2708/3464/2033
f 2710/3468/2037 2713/3469/2038 2712/3470/2034
f 2712/3470/2034 2708/3471/2033 2710/3468/2037
f 2709/3467/2036 2711/3466/2035 2713/3469/2038
f 2713/3469/2038 2710/3468/2037 2709/3467/2036
f 2714/3472/2039 2718/3473/2040 2717/3474/2041
f 2717/3474/2041 2715/3475/2042 2714/3472/2039
f 2716/3476/2043 2719/3477/2044 2718/3473/2040
f 2718/3473/2040 2714/3472/2039 2716/3476/2043
f 2715/3478/2042 2717/3479/2041 2719/3477/2044
f 2719/3477/2044 2716/3476/2043 2715/3478/2042
f 2720/3480/2045 2724/3481/2046 2723/3482/2047
f 2723/3482/2047 2721/3483/2048 2720/3480/2045
f 2722/3484/2049 2725/3485/2050 2724/3486/2046
f 2724/3486/2046 2720/3487/2045 2722/3484/2049
f 2721/3483/2048 2723/3482/2047 2725/3485/2050
f 2725/3485/2050 2722/3484/2049 2721/3483/2048
f 2726/3488/2051 2730/3489/2052 2729/3490/2053
f 2729/3490/2053 2727/3491/2054 2726/3488/2051
f 2728/3492/2055 2731/3493/2056 2730/3489/2052
f 2730/3489/2052 2726/3488/2051 2728/3492/2055
f 2727/3494/2054 2729/3495/2053 2731/3493/2056
f 2731/3493/2056 2728/3492/2055 2727/3494/2054
f 2732/3496/2057 2736/3497/2058 2735/3498/2059
f 2735/3498/2059 2733/3499/2060 2732/3496/2057
f 2734/3500/2061 2737/3501/2062 2736/3502/2058
f 2736/3502/2058 2732/3503/2057 2734/3500/2061
f 2733/3499/2060 2735/3498/2059 2737/3501/2062
f 2737/3501/2062 2734/3500/2061 2733/3499/2060
f 2738/3504/2063 2742/3505/2064 2741/3506/2065
f 2741/3506/2065 2739/3507/2066 2738/3504/2063
f 2740/3508/2067 2743/3509/2068 2742/3505/2064
f 2742/3505/2064 2738/3504/2063 2740/3508/2067
f 2739/3510/2066 2741/3511/2065 2743/3509/2068
f 2743/3509/2068 2740/3508/2067 2739/3510/2066
f 2744/3512/2069 2748/3513/2070 2747/3514/2071
f 2747/3514/2071 2745/3515/2072 2744/3512/2069
f 2746/3516/2073 2749/3517/2074 2748/3518/2070
f 2748/3518/2070 2744/3519/2069 2746/3516/2073
f 2745/3515/2072 2747/3514/2071 2749/3517/2074
f 2749/3517/2074 2746/3516/2073 2745/3515/2072
f 2750/3520/2075 2754/3521/2076 2753/3522/2077
f 2753/3522/2077 2751/3523/2078 2750/3520/2075
f 2752/3524/2079 2755/3525/2080 2754/3521/2076
f 2754/3521/2076 2750/3520/2075 2752/3524/2079
f 2751/3526/2078 2753/3527/2077 2755/3525/2080
f 2755/3525/2080 2752/3524/2079 2751/3526/2078
f 2756/3528/2081 2760/3529/2082 2759/3530/2083
f 2759/3530/2083 2757/3531/2084 2756/3528/2081
f 2758/3532/2085 2761/3533/2086 2760/3534/2082
f 2760/3534/2082 2756/3535/2081 2758/3532/2085
f 2757/3531/2084 2759/3530/2083 2761/3533/2086
f 2761/3533/2086 2758/3532/2085 2757/3531/2084
f 2762/3536/2087 2766/3537/2088 2765/3538/2089
f 2765/3538/2089 2763/3539/2090 2762/3536/2087
f 2764/3540/2091 2767/3541/2092 2766/3537/2088
f 2766/3537/2088 2762/3536/2087 2764/3540/2091
f 2763/3542/2090 2765/3543/2089 2767/3541/2092
f 2767/3541/2092 2764/3540/2091 2763/3542/2090
f 2768/3544/2093 2772/3545/2094 2771/3546/2095
f 2771/3546/2095 2769/3547/2096 2768/3544/2093
f 2770/3548/2097 2773/3549/2098 2772/3550/2094
f 2772/3550/2094 2768/3551/2093 2770/3548/2097
f 2769/3547/2096 2771/3546/2095 2773/3549/2098
f 2773/3549/2098 2770/3548/2097 2769/3547/2096
f 2774/3552/2099 2778/3553/2100 2777/3554/2101
f 2777/3554/2101 2775/3555/2102 2774/3552/2099
f 2776/3556/2103 2779/3557/2104 2778/3553/2100
f 2778/3553/2100 2774/3552/2099 2776/3556/2103
f 2775/3558/2102 2777/3559/2101 2779/3557/2104
f 2779/3557/2104 2776/3556/2103 2775/3558/2102
f 2780/3560/2105 2781/3561/2106 2783/3562/2107
f 2783/3562/2107 2784/3563/2108 2780/3560/2105
f 2782/3564/2109 2780/3565/2105 2784/3566/2108
f 2784/3566/2108 2785/3567/2110 2782/3564/2109
f 2781/3561/2106 2782/3564/2109 2785/3567/2110
f 2785/3567/2110 2783/3562/2107 2781/3561/2106
f 2786/3568/2111 2787/3569/2112 2789/3570/2113
f 2789/3570/2113 2790/3571/2114 2786/3568/2111
f 2788/3572/2115 2786/3568/2111 2790/3571/2114
f 2790/3571/2114 2791/3573/2116 2788/3572/2115
f 2787/3574/2112 2788/3572/2115 2791/3573/2116
f 2791/3573/2116 2789/3575/2113 2787/3574/2112
f 2792/3576/2117 2793/3577/2118 2795/3578/2119
f 2795/3578/2119 2796/3579/2120 2792/3576/2117
f 2794/3580/2121 2792/3581/2117 2796/3582/2120
f 2796/3582/2120 2797/3583/2122 2794/3580/2121
f 2793/3577/2118 2794/3580/2121 2797/3583/2122
f 2797/3583/2122 2795/3578/2119 2793/3577/2118
f 2798/3584/2123 2799/3585/2124 2801/3586/2125
f 2801/3586/2125 2802/3587/2126 2798/3584/2123
f 2800/3588/2127 2798/3584/2123 2802/3587/2126
f 2802/3587/2126 2803/3589/2128 2800/3588/2127
f 2799/3590/2124 2800/3588/2127 2803/3589/2128
f 2803/3589/2128 2801/3591/2125 2799/3590/2124
f 2804/3592/2129 2805/3593/2130 2807/3594/2131
f 2807/3594/2131 2808/3595/2132 2804/3592/2129
f 2806/3596/2133 2804/3597/2129 2808/3598/2132
f 2808/3598/2132 2809/3599/2134 2806/3596/2133
f 2805/3593/2130 2806/3596/2133 2809/3599/2134
f 2809/3599/2134 2807/3594/2131 2805/3593/2130
f 2810/3600/2135 2811/3601/2136 2813/3602/2137
f 2813/3602/2137 2814/3603/2138 2810/3600/2135
f 2812/3604/2139 2810/3600/2135 2814/3603/2138
f 2814/3603/2138 2815/3605/2140 2812/3604/2139
f 2811/3606/2136 2812/3604/2139 2815/3605/2140
f 2815/3605/2140 2813/3607/2137 2811/3606/2136
f 2816/3608/2141 2817/3609/2142 2819/3610/2143
f 2819/3610/2143 2820/3611/2144 2816/3608/2141
f 2818/3612/2145 2816/3613/2141 2820/3614/2144
f 2820/3614/2144 2821/3615/2146 2818/3612/2145
f 2817/3609/2142 2818/3612/2145 2821/3615/2146
f 2821/3615/2146 2819/3610/2143 2817/3609/2142
f 2822/3616/2147 2823/3617/2148 2825/3618/2149
f 2825/3618/2149 2826/3619/2150 2822/3616/2147
f 2824/3620/2151 2822/3616/2147 2826/3619/2150
f 2826/3619/2150 2827/3621/2152 2824/3620/2151
f 2823/3622/2148 2824/3620/2151 2827/3621/2152
f 2827/3621/2152 2825/3623/2149 2823/3622/2148
f 2828/3624/2153 2829/3625/2154 2831/3626/2155
f 2831/3626/2155 2832/3627/2156 2828/3624/2153
f 2830/3628/2157 2828/3629/2153 2832/3630/2156
f 2832/3630/2156 2833/3631/2158 2830/3628/2157
f 2829/3625/2154 2830/3628/2157 2833/3631/2158
f 2833/3631/2158 2831/3626/2155 2829/3625/2154
f 2834/3632/2159 2835/3633/2160 2837/3634/2161
f 2837/3634/2161 2838/3635/2162 2834/3632/2159
f 2836/3636/2163 2834/3632/2159 2838/3635/2162
f 2838/3635/2162 2839/3637/2164 2836/3636/2163
f 2835/3638/2160 2836/3636/2163 2839/3637/2164
f 2839/3637/2164 2837/3639/2161 2835/3638/2160
f 2840/3640/2165 2841/3641/2166 2843/3642/2167
f 2843/3642/2167 2844/3643/2168 2840/3640/2165
f 2842/3644/2169 2840/3645/2165 2844/3646/2168
f 2844/3646/2168 2845/3647/2170 2842/3644/2169
f 2841/3641/2166 2842/3644/2169 2845/3647/2170
f 2845/3647/2170 2843/3642/2167 2841/3641/2166
f 2846/3648/2171 2847/3649/2172 2849/3650/2173
f 2849/3650/2173 2850/3651/2174 2846/3648/2171
f 2848/3652/2175 2846/3648/2171 2850/3651/2174
f 2850/3651/2174 2851/3653/2176 2848/3652/2175
f 2847/3654/2172 2848/3652/2175 2851/3653/2176
f 2851/3653/2176 2849/3655/2173 2847/3654/2172
f 2852/3656/2177 2853/3657/2178 2855/3658/2179
f 2855/3658/2179 2856/3659/2180 2852/3656/2177
f 2854/3660/2181 2852/3661/2177 2856/3662/2180
f 2856/3662/2180 2857/3663/2182 2854/3660/2181
f 2853/3657/2178 2854/3660/2181 2857/3663/2182
f 2857/3663/2182 2855/3658/2179 2853/3657/2178
f 2858/3664/2183 2859/3665/2184 2861/3666/2185
f 2861/3666/2185 2862/3667/2186 2858/3664/2183
f 2860/3668/2187 2858/3664/2183 2862/3667/2186
f 2862/3667/2186 2863/3669/2188 2860/3668/2187
f 2859/3670/2184 2860/3668/2187 2863/3669/2188
f 2863/3669/2188 2861/3671/2185 2859/3670/2184
f 2864/3672/2189 2865/3673/2190 2867/3674/2191
f 2867/3674/2191 2868/3675/2192 2864/3672/2189
f 2866/3676/2193 2864/3677/2189 2868/3678/2192
f 2868/3678/2192 2869/3679/2194 2866/3676/2193
f 2865/3673/2190 2866/3676/2193 2869/3679/2194
f 2869/3679/2194 2867/3674/2191 2865/3673/2190
f 2870/3680/2195 2871/3681/2196 2873/3682/2197
f 2873/3682/2197 2874/3683/2198 2870/3680/2195
f 2872/3684/2199 2870/3680/2195 2874/3683/2198
f 2874/3683/2198 2875/3685/2200 2872/3684/2199
f 2871/3686/2196 2872/3684/2199 2875/3685/2200
f 2875/3685/2200 2873/3687/2197 2871/3686/2196
f 2936/3688/3 2933/3689/3 2934/3690/3
f 2934/3690/3 2935/3691/3 2936/3688/3
f 2942/3692/3 2940/3693/3 2939/3694/3
f 2939/3694/3 2941/3695/3 2942/3692/3
f 2948/3696/3 2946/3697/3 2945/3698/3
f 2945/3698/3 2947/3699/3 2948/3696/3
f 2954/3700/3 2952/3701/3 2951/3702/3
f 2951/3702/3 2953/3703/3 2954/3700/3
f 2889/3704/2201 2982/3705/176 2981/3706/171
f 2981/3706/171 2888/3707/2202 2889/3704/2201
f 2890/3708/2203 2983/3709/160 2982/3705/176
f 2982/3705/176 2889/3704/2201 2890/3708/2203
f 2891/3710/2204 2984/3711/161 2983/3709/160
f 2983/3709/160 2890/3708/2203 2891/3710/2204
f 2892/3712/2205 2985/3713/162 2984/3711/161
f 2984/3711/161 2891/3710/2204 2892/3712/2205
f 2893/3714/2206 2986/3715/163 2985/3713/162
f 2985/3713/162 2892/3712/2205 2893/3714/2206
f 2894/3716/2207 2987/3717/164 2986/3715/163
f 2986/3715/163 2893/3714/2206 2894/3716/2207
f 2895/3718/2208 2988/3719/175 2987/3717/164
f 2987/3717/164 2894/3716/2207 2895/3718/2208
f 2896/3720/2209 2989/3721/337 2988/3719/175
f 2988/3719/175 2895/3718/2208 2896/3720/2209
f 2897/3722/2210 2990/3723/169 2989/3721/337
f 2989/3721/337 2896/3720/2209 2897/3722/2210
f 2898/3724/2211 2991/3725/1 2990/3723/169
f 2990/3723/169 2897/3722/2210 2898/3724/2211
f 2899/3726/2212 2992/3727/170 2991/3725/1
f 2991/3725/1 2898/3724/2211 2899/3726/2212
f 2888/3707/2202 2981/3706/171 2992/3727/170
f 2992/3727/170 2899/3726/2212 2888/3707/2202
f 2960/3728/2 2957/3729/2 2958/3730/2
f 2958/3730/2 2959/3731/2 2960/3728/2
f 2966/3732/2 2964/3733/2 2963/3734/2
f 2963/3734/2 2965/3735/2 2966/3732/2
f 2972/3736/2 2970/3737/2 2969/3738/2
f 2969/3738/2 2971/3739/2 2972/3736/2
f 2978/3740/2 2976/3741/2 2975/3742/2
f 2975/3742/2 2977/3743/2 2978/3740/2
f 2924/3744/2 2993/3745/2 2994/3746/2
f 2924/3744/2 2994/3746/2 2995/3747/2
f 2924/3744/2 2995/3747/2 2996/3748/2
f 2924/3744/2 2996/3748/2 2997/3749/2
f 2924/3744/2 2997/3749/2 2998/3750/2
f 2924/3744/2 2998/3750/2 2999/3751/2
f 2924/3744/2 2999/3751/2 3000/3752/2
f 2924/3744/2 3000/3752/2 3001/3753/2
f 2924/3744/2 3001/3753/2 3002/3754/2
f 2924/3744/2 3002/3754/2 3003/3755/2
f 2924/3744/2 3003/3755/2 3004/3756/2
f 2924/3744/2 3004/3756/2 2993/3745/2
f 2877/3757/2213 2876/3758/2214 2926/3759/171
f 2926/3759/171 2925/3760/176 2877/3757/2213
f 2876/3758/2214 2887/3761/2215 3091/3762/170
f 3091/3762/170 2926/3759/171 2876/3758/2214
f 2887/3761/2215 2886/3763/2216 2927/3764/1
f 2927/3764/1 3091/3762/170 2887/3761/2215
f 2886/3763/2216 2885/3765/2217 2928/3766/169
f 2928/3766/169 2927/3764/1 2886/3763/2216
f 2885/3767/2217 2884/3768/2218 3095/3769/337
f 3095/3769/337 2928/3770/169 2885/3767/2217
f 2884/3768/2218 2883/3771/2219 2929/3772/175
f 2929/3772/175 3095/3769/337 2884/3768/2218
f 2883/3771/2219 2882/3773/2220 2930/3774/164
f 2930/3774/164 2929/3772/175 2883/3771/2219
f 2882/3773/2220 2881/3775/2221 2931/3776/163
f 2931/3776/163 2930/3774/164 2882/3773/2220
f 2881/3775/2221 2880/3777/2222 2932/3778/162
f 2932/3778/162 2931/3776/163 2881/3775/2221
f 2880/3777/2222 2879/3779/2223 3101/3780/161
f 3101/3780/161 2932/3778/162 2880/3777/2222
f 2879/3779/2223 2878/3781/2224 3103/3782/160
f 3103/3782/160 3101/3780/161 2879/3779/2223
f 2878/3781/2224 2877/3757/2213 2925/3760/176
f 2925/3760/176 3103/3782/160 2878/3781/2224
f 2889/3704/3 2888/3707/3 2933/3689/3
f 2933/3689/3 2936/3688/3 2889/3704/3
f 2876/3783/3 2877/3784/3 2935/3691/3
f 2935/3691/3 2934/3690/3 2876/3783/3
f 2890/3708/3 2889/3704/3 2936/3688/3
f 2936/3688/3 2938/3785/3 2890/3708/3
f 2877/3784/3 2878/3786/3 2937/3787/3
f 2937/3787/3 2935/3691/3 2877/3784/3
f 2891/3710/3 2890/3708/3 2938/3785/3
f 2938/3785/3 2940/3693/3 2891/3710/3
f 2878/3786/3 2879/3788/3 2939/3694/3
f 2939/3694/3 2937/3787/3 2878/3786/3
f 2892/3712/3 2891/3710/3 2940/3693/3
f 2940/3693/3 2942/3692/3 2892/3712/3
f 2879/3788/3 2880/3789/3 2941/3695/3
f 2941/3695/3 2939/3694/3 2879/3788/3
f 2893/3714/3 2892/3712/3 2942/3692/3
f 2942/3692/3 2944/3790/3 2893/3714/3
f 2880/3789/3 2881/3791/3 2943/3792/3
f 2943/3792/3 2941/3695/3 2880/3789/3
f 2894/3716/3 2893/3714/3 2944/3790/3
f 2944/3790/3 2946/3697/3 2894/3716/3
f 2881/3791/3 2882/3793/3 2945/3698/3
f 2945/3698/3 2943/3792/3 2881/3791/3
f 2895/3718/3 2894/3716/3 2946/3697/3
f 2946/3697/3 2948/3696/3 2895/3718/3
f 2882/3793/3 2883/3794/3 2947/3699/3
f 2947/3699/3 2945/3698/3 2882/3793/3
f 2896/3720/3 2895/3718/3 2948/3696/3
f 2948/3696/3 2950/3795/3 2896/3720/3
f 2883/3794/3 2884/3796/3 2949/3797/3
f 2949/3797/3 2947/3699/3 2883/3794/3
f 2897/3722/3 2896/3720/3 2950/3795/3
f 2950/3795/3 2952/3701/3 2897/3722/3
f 2884/3796/3 2885/3798/3 2951/3702/3
f 2951/3702/3 2949/3797/3 2884/3796/3
f 2898/3724/3 2897/3722/3 2952/3701/3
f 2952/3701/3 2954/3700/3 2898/3724/3
f 2885/3798/3 2886/3799/3 2953/3703/3
f 2953/3703/3 2951/3702/3 2885/3798/3
f 2899/3726/3 2898/3724/3 2954/3700/3
f 2954/3700/3 2956/3800/3 2899/3726/3
f 2886/3799/3 2887/3801/3 2955/3802/3
f 2955/3802/3 2953/3703/3 2886/3799/3
f 2888/3707/3 2899/3726/3 2956/3800/3
f 2956/3800/3 2933/3689/3 2888/3707/3
f 2887/3801/3 2876/3783/3 2934/3690/3
f 2934/3690/3 2955/3802/3 2887/3801/3
f 2913/3803/2 2912/3804/2 2957/3729/2
f 2957/3729/2 2960/3728/2 2913/3803/2
f 2900/3805/2 2901/3806/2 2959/3731/2
f 2959/3731/2 2958/3730/2 2900/3805/2
f 2914/3807/2 2913/3803/2 2960/3728/2
f 2960/3728/2 2962/3808/2 2914/3807/2
f 2901/3806/2 2902/3809/2 2961/3810/2
f 2961/3810/2 2959/3731/2 2901/3806/2
f 2915/3811/2 2914/3807/2 2962/3808/2
f 2962/3808/2 2964/3733/2 2915/3811/2
f 2902/3809/2 2903/3812/2 2963/3734/2
f 2963/3734/2 2961/3810/2 2902/3809/2
f 2916/3813/2 2915/3811/2 2964/3733/2
f 2964/3733/2 2966/3732/2 2916/3813/2
f 2903/3812/2 2904/3814/2 2965/3735/2
f 2965/3735/2 2963/3734/2 2903/3812/2
f 2917/3815/2 2916/3813/2 2966/3732/2
f 2966/3732/2 2968/3816/2 2917/3815/2
f 2904/3814/2 2905/3817/2 2967/3818/2
f 2967/3818/2 2965/3735/2 2904/3814/2
f 2918/3819/2 2917/3815/2 2968/3816/2
f 2968/3816/2 2970/3737/2 2918/3819/2
f 2905/3817/2 2906/3820/2 2969/3738/2
f 2969/3738/2 2967/3818/2 2905/3817/2
f 2919/3821/2 2918/3819/2 2970/3737/2
f 2970/3737/2 2972/3736/2 2919/3821/2
f 2906/3820/2 2907/3822/2 2971/3739/2
f 2971/3739/2 2969/3738/2 2906/3820/2
f 2920/3823/2 2919/3821/2 2972/3736/2
f 2972/3736/2 2974/3824/2 2920/3823/2
f 2907/3822/2 2908/3825/2 2973/3826/2
f 2973/3826/2 2971/3739/2 2907/3822/2
f 2921/3827/2 2920/3823/2 2974/3824/2
f 2974/3824/2 2976/3741/2 2921/3827/2
f 2908/3825/2 2909/3828/2 2975/3742/2
f 2975/3742/2 2973/3826/2 2908/3825/2
f 2922/3829/2 2921/3827/2 2976/3741/2
f 2976/3741/2 2978/3740/2 2922/3829/2
f 2909/3828/2 2910/3830/2 2977/3743/2
f 2977/3743/2 2975/3742/2 2909/3828/2
f 2923/3831/2 2922/3829/2 2978/3740/2
f 2978/3740/2 2980/3832/2 2923/3831/2
f 2910/3830/2 2911/3833/2 2979/3834/2
f 2979/3834/2 2977/3743/2 2910/3830/2
f 2912/3804/2 2923/3831/2 2980/3832/2
f 2980/3832/2 2957/3729/2 2912/3804/2
f 2911/3833/2 2900/3805/2 2958/3730/2
f 2958/3730/2 2979/3834/2 2911/3833/2
f 2936/3688/162 2935/3691/162 2960/3835/162
f 2960/3835/162 2959/3836/162 2936/3688/162
f 2935/3691/2225 2937/3787/2226 2962/3837/2226
f 2962/3837/2226 2960/3835/2225 2935/3691/2225
f 2937/3787/2226 2939/3694/2227 2964/3838/2227
f 2964/3838/2227 2962/3837/2226 2937/3787/2226
f 2939/3694/171 2940/3693/171 2963/3839/171
f 2963/3839/171 2964/3838/171 2939/3694/171
f 2940/3693/2228 2938/3785/2229 2961/3840/2229
f 2961/3840/2229 2963/3839/2228 2940/3693/2228
f 2938/3785/2229 2936/3688/2230 2959/3836/2230
f 2959/3836/2230 2961/3840/2229 2938/3785/2229
f 2934/3690/169 2933/3689/169 2958/3841/169
f 2958/3841/169 2957/3842/169 2934/3690/169
f 2933/3689/2231 2956/3800/2232 2979/3843/2232
f 2979/3843/2232 2958/3841/2231 2933/3689/2231
f 2956/3800/2232 2954/3700/2233 2977/3844/2233
f 2977/3844/2233 2979/3843/2232 2956/3800/2232
f 2954/3700/176 2953/3703/176 2978/3845/176
f 2978/3845/176 2977/3844/176 2954/3700/176
f 2953/3703/2234 2955/3802/2235 2980/3846/2235
f 2980/3846/2235 2978/3845/2234 2953/3703/2234
f 2955/3802/2235 2934/3690/2236 2957/3842/2236
f 2957/3842/2236 2980/3846/2235 2955/3802/2235
f 2948/3696/1 2947/3699/1 2972/3847/1
f 2972/3847/1 2971/3848/1 2948/3696/1
f 2947/3699/2237 2949/3797/2238 2974/3849/2238
f 2974/3849/2238 2972/3847/2237 2947/3699/2237
f 2949/3797/2238 2951/3702/2239 2976/3850/2239
f 2976/3850/2239 2974/3849/2238 2949/3797/2238
f 2951/3702/164 2952/3701/164 2975/3851/164
f 2975/3851/164 2976/3850/164 2951/3702/164
f 2952/3701/2240 2950/3795/2241 2973/3852/2241
f 2973/3852/2241 2975/3851/2240 2952/3701/2240
f 2950/3795/2241 2948/3696/2242 2971/3848/2242
f 2971/3848/2242 2973/3852/2241 2950/3795/2241
f 2942/3692/175 2941/3695/175 2966/3853/175
f 2966/3853/175 2965/3854/175 2942/3692/175
f 2941/3695/2243 2943/3792/2244 2968/3855/2244
f 2968/3855/2244 2966/3853/2243 2941/3695/2243
f 2943/3792/2244 2945/3698/2245 2970/3856/2245
f 2970/3856/2245 2968/3855/2244 2943/3792/2244
f 2945/3698/161 2946/3697/161 2969/3857/161
f 2969/3857/161 2970/3856/161 2945/3698/161
f 2946/3697/2246 2944/3790/2247 2967/3858/2247
f 2967/3858/2247 2969/3857/2246 2946/3697/2246
f 2944/3790/2247 2942/3692/2248 2965/3854/2248
f 2965/3854/2248 2967/3858/2247 2944/3790/2247
f 2901/3806/2249 2900/3805/2250 2981/3859/171
f 2981/3859/171 2982/3860/176 2901/3806/2249
f 2902/3809/2251 2901/3806/2249 2982/3860/176
f 2982/3860/176 2983/3861/160 2902/3809/2251
f 2903/3812/2252 2902/3809/2251 2983/3861/160
f 2983/3861/160 2984/3862/161 2903/3812/2252
f 2904/3814/2253 2903/3812/2252 2984/3862/161
f 2984/3862/161 2985/3863/162 2904/3814/2253
f 2905/3817/2254 2904/3814/2253 2985/3863/162
f 2985/3863/162 2986/3864/163 2905/3817/2254
f 2906/3820/2255 2905/3817/2254 2986/3864/163
f 2986/3864/163 2987/3865/164 2906/3820/2255
f 2907/3822/2256 2906/3820/2255 2987/3865/164
f 2987/3865/164 2988/3866/175 2907/3822/2256
f 2908/3825/2257 2907/3822/2256 2988/3866/175
f 2988/3866/175 2989/3867/337 2908/3825/2257
f 2909/3828/2258 2908/3825/2257 2989/3867/337
f 2989/3867/337 2990/3868/169 2909/3828/2258
f 2910/3830/2259 2909/3828/2258 2990/3868/169
f 2990/3868/169 2991/3869/1 2910/3830/2259
f 2911/3833/2260 2910/3830/2259 2991/3869/1
f 2991/3869/1 2992/3870/170 2911/3833/2260
f 2900/3805/2250 2911/3833/2260 2992/3870/170
f 2992/3870/170 2981/3859/171 2900/3805/2250
f 2912/3871/171 2913/3872/176 2994/3873/176
f 2994/3873/176 2993/3874/171 2912/3871/171
f 2913/3872/176 2914/3875/160 2995/3876/160
f 2995/3876/160 2994/3873/176 2913/3872/176
f 2914/3875/160 2915/3877/161 2996/3878/161
f 2996/3878/161 2995/3876/160 2914/3875/160
f 2915/3877/161 2916/3879/162 2997/3880/162
f 2997/3880/162 2996/3878/161 2915/3877/161
f 2916/3879/162 2917/3881/163 2998/3882/163
f 2998/3882/163 2997/3880/162 2916/3879/162
f 2917/3881/163 2918/3883/164 2999/3884/164
f 2999/3884/164 2998/3882/163 2917/3881/163
f 2918/3883/164 2919/3885/175 3000/3886/175
f 3000/3886/175 2999/3884/164 2918/3883/164
f 2919/3885/175 2920/3887/337 3001/3888/337
f 3001/3888/337 3000/3886/175 2919/3885/175
f 2920/3887/337 2921/3889/169 3002/3890/169
f 3002/3890/169 3001/3888/337 2920/3887/337
f 2921/3891/169 2922/3892/1 3003/3893/1
f 3003/3893/1 3002/3894/169 2921/3891/169
f 2922/3892/1 2923/3895/170 3004/3896/170
f 3004/3896/170 3003/3893/1 2922/3892/1
f 2923/3895/170 2912/3871/171 2993/3874/171
f 2993/3874/171 3004/3896/170 2923/3895/170
f 3005/3897/3 3007/3898/3 3006/3899/3
f 3005/3897/3 3008/3900/3 3007/3898/3
f 3005/3897/3 3009/3901/3 3008/3900/3
f 3005/3897/3 3010/3902/3 3009/3901/3
f 3005/3897/3 3011/3903/3 3010/3902/3
f 3005/3897/3 3006/3899/3 3011/3903/3
f 3006/3904/176 3007/3905/176 3013/3906/176
f 3013/3906/176 3012/3907/176 3006/3904/176
f 3007/3905/161 3008/3908/161 3014/3909/161
f 3014/3909/161 3013/3906/161 3007/3905/161
f 3008/3908/163 3009/3910/163 3015/3911/163
f 3015/3911/163 3014/3909/163 3008/3908/163
f 3009/3910/175 3010/3912/175 3016/3913/175
f 3016/3913/175 3015/3911/175 3009/3910/175
f 3010/3912/169 3011/3914/169 3017/3915/169
f 3017/3915/169 3016/3913/169 3010/3912/169
f 3011/3916/170 3006/3904/170 3012/3907/170
f 3012/3907/170 3017/3917/170 3011/3916/170
f 3012/3918/2 3013/3919/2 3018/3920/2
f 3013/3919/2 3014/3921/2 3018/3920/2
f 3014/3921/2 3015/3922/2 3018/3920/2
f 3015/3922/2 3016/3923/2 3018/3920/2
f 3016/3923/2 3017/3924/2 3018/3920/2
f 3017/3924/2 3012/3918/2 3018/3920/2
f 3020/3925/2 3019/3926/2 3022/3927/2
f 3022/3927/2 3021/3928/2 3020/3925/2
f 3024/3929/2 3023/3930/2 3026/3931/2
f 3026/3931/2 3025/3932/2 3024/3929/2
f 3028/3933/2 3027/3934/2 3030/3935/2
f 3030/3935/2 3029/3936/2 3028/3933/2
f 3032/3937/2 3031/3938/2 3034/3939/2
f 3034/3939/2 3033/3940/2 3032/3937/2
f 3036/3941/2249 3035/3942/2250 3038/3943/171
f 3038/3943/171 3037/3944/176 3036/3941/2249
f 3039/3945/2251 3036/3941/2249 3037/3944/176
f 3037/3944/176 3040/3946/160 3039/3945/2251
f 3041/3947/2252 3039/3945/2251 3040/3946/160
f 3040/3946/160 3042/3948/161 3041/3947/2252
f 3043/3949/2253 3041/3947/2252 3042/3948/161
f 3042/3948/161 3044/3950/162 3043/3949/2253
f 3045/3951/2254 3043/3949/2253 3044/3950/162
f 3044/3950/162 3046/3952/163 3045/3951/2254
f 3047/3953/2255 3045/3951/2254 3046/3952/163
f 3046/3952/163 3048/3954/164 3047/3953/2255
f 3049/3955/2256 3047/3953/2255 3048/3954/164
f 3048/3954/164 3050/3956/175 3049/3955/2256
f 3051/3957/2261 3049/3955/2256 3050/3956/175
f 3050/3956/175 3052/3958/337 3051/3957/2261
f 3053/3959/2258 3051/3957/2261 3052/3958/337
f 3052/3958/337 3054/3960/169 3053/3959/2258
f 3055/3961/2259 3053/3959/2258 3054/3960/169
f 3054/3960/169 3056/3962/1 3055/3961/2259
f 3057/3963/2260 3055/3961/2259 3056/3962/1
f 3056/3962/1 3058/3964/170 3057/3963/2260
f 3035/3942/2250 3057/3963/2260 3058/3964/170
f 3058/3964/170 3038/3943/171 3035/3942/2250
f 3060/3965/3 3059/3966/3 3062/3967/3
f 3062/3967/3 3061/3968/3 3060/3965/3
f 3064/3969/3 3063/3970/3 3066/3971/3
f 3066/3971/3 3065/3972/3 3064/3969/3
f 3068/3973/3 3067/3974/3 3070/3975/3
f 3070/3975/3 3069/3976/3 3068/3973/3
f 3072/3977/3 3071/3978/3 3074/3979/3
f 3074/3979/3 3073/3980/3 3072/3977/3
f 3075/3981/3 3077/3982/3 3076/3983/3
f 3075/3981/3 3078/3984/3 3077/3982/3
f 3075/3981/3 3079/3985/3 3078/3984/3
f 3075/3981/3 3080/3986/3 3079/3985/3
f 3075/3981/3 3081/3987/3 3080/3986/3
f 3075/3981/3 3082/3988/3 3081/3987/3
f 3075/3981/3 3083/3989/3 3082/3988/3
f 3075/3981/3 3084/3990/3 3083/3989/3
f 3075/3981/3 3085/3991/3 3084/3990/3
f 3075/3981/3 3086/3992/3 3085/3991/3
f 3075/3981/3 3087/3993/3 3086/3992/3
f 3075/3981/3 3076/3983/3 3087/3993/3
f 3088/3994/2262 2925/3760/176 2926/3759/171
f 2926/3759/171 3089/3995/2263 3088/3994/2262
f 3089/3995/2263 2926/3759/171 3091/3762/170
f 3091/3762/170 3090/3996/2264 3089/3995/2263
f 3090/3996/2264 3091/3762/170 2927/3764/1
f 2927/3764/1 3092/3997/2265 3090/3996/2264
f 3092/3997/2265 2927/3764/1 2928/3766/169
f 2928/3766/169 3093/3998/2266 3092/3997/2265
f 3093/3999/2266 2928/3770/169 3095/3769/337
f 3095/3769/337 3094/4000/2267 3093/3999/2266
f 3094/4000/2267 3095/3769/337 2929/3772/175
f 2929/3772/175 3096/4001/2268 3094/4000/2267
f 3096/4001/2268 2929/3772/175 2930/3774/164
f 2930/3774/164 3097/4002/2269 3096/4001/2268
f 3097/4002/2269 2930/3774/164 2931/3776/163
f 2931/3776/163 3098/4003/2270 3097/4002/2269
f 3098/4003/2270 2931/3776/163 2932/3778/162
f 2932/3778/162 3099/4004/2271 3098/4003/2270
f 3099/4004/2271 2932/3778/162 3101/3780/161
f 3101/3780/161 3100/4005/2272 3099/4004/2271
f 3100/4005/2272 3101/3780/161 3103/3782/160
f 3103/3782/160 3102/4006/2273 3100/4005/2272
f 3102/4006/2273 3103/3782/160 2925/3760/176
f 2925/3760/176 3088/3994/2262 3102/4006/2273
f 3036/3941/2 3020/3925/2 3021/3928/2
f 3021/3928/2 3035/3942/2 3036/3941/2
f 3089/4007/2 3022/3927/2 3019/3926/2
f 3019/3926/2 3088/4008/2 3089/4007/2
f 3039/3945/2 3104/4009/2 3020/3925/2
f 3020/3925/2 3036/3941/2 3039/3945/2
f 3088/4008/2 3019/3926/2 3105/4010/2
f 3105/4010/2 3102/4011/2 3088/4008/2
f 3041/3947/2 3025/3932/2 3104/4009/2
f 3104/4009/2 3039/3945/2 3041/3947/2
f 3102/4011/2 3105/4010/2 3026/3931/2
f 3026/3931/2 3100/4012/2 3102/4011/2
f 3043/3949/2 3024/3929/2 3025/3932/2
f 3025/3932/2 3041/3947/2 3043/3949/2
f 3100/4012/2 3026/3931/2 3023/3930/2
f 3023/3930/2 3099/4013/2 3100/4012/2
f 3045/3951/2 3106/4014/2 3024/3929/2
f 3024/3929/2 3043/3949/2 3045/3951/2
f 3099/4013/2 3023/3930/2 3107/4015/2
f 3107/4015/2 3098/4016/2 3099/4013/2
f 3047/3953/2 3029/3936/2 3106/4014/2
f 3106/4014/2 3045/3951/2 3047/3953/2
f 3098/4016/2 3107/4015/2 3030/3935/2
f 3030/3935/2 3097/4017/2 3098/4016/2
f 3049/3955/2 3028/3933/2 3029/3936/2
f 3029/3936/2 3047/3953/2 3049/3955/2
f 3097/4017/2 3030/3935/2 3027/3934/2
f 3027/3934/2 3096/4018/2 3097/4017/2
f 3051/3957/2 3108/4019/2 3028/3933/2
f 3028/3933/2 3049/3955/2 3051/3957/2
f 3096/4018/2 3027/3934/2 3109/4020/2
f 3109/4020/2 3094/4021/2 3096/4018/2
f 3053/3959/2 3033/3940/2 3108/4019/2
f 3108/4019/2 3051/3957/2 3053/3959/2
f 3094/4021/2 3109/4020/2 3034/3939/2
f 3034/3939/2 3093/4022/2 3094/4021/2
f 3055/3961/2 3032/3937/2 3033/3940/2
f 3033/3940/2 3053/3959/2 3055/3961/2
f 3093/4022/2 3034/3939/2 3031/3938/2
f 3031/3938/2 3092/4023/2 3093/4022/2
f 3057/3963/2 3110/4024/2 3032/3937/2
f 3032/3937/2 3055/3961/2 3057/3963/2
f 3092/4023/2 3031/3938/2 3111/4025/2
f 3111/4025/2 3090/4026/2 3092/4023/2
f 3035/3942/2 3021/3928/2 3110/4024/2
f 3110/4024/2 3057/3963/2 3035/3942/2
f 3090/4026/2 3111/4025/2 3022/3927/2
f 3022/3927/2 3089/4007/2 3090/4026/2
f 3112/4027/3 3060/3965/3 3061/3968/3
f 3061/3968/3 3113/4028/3 3112/4027/3
f 3114/4029/3 3062/3967/3 3059/3966/3
f 3059/3966/3 3115/4030/3 3114/4029/3
f 3117/4031/3 3116/4032/3 3060/3965/3
f 3060/3965/3 3112/4027/3 3117/4031/3
f 3115/4030/3 3059/3966/3 3119/4033/3
f 3119/4033/3 3118/4034/3 3115/4030/3
f 3120/4035/3 3065/3972/3 3116/4032/3
f 3116/4032/3 3117/4031/3 3120/4035/3
f 3118/4034/3 3119/4033/3 3066/3971/3
f 3066/3971/3 3121/4036/3 3118/4034/3
f 3122/4037/3 3064/3969/3 3065/3972/3
f 3065/3972/3 3120/4035/3 3122/4037/3
f 3121/4036/3 3066/3971/3 3063/3970/3
f 3063/3970/3 3123/4038/3 3121/4036/3
f 3125/4039/3 3124/4040/3 3064/3969/3
f 3064/3969/3 3122/4037/3 3125/4039/3
f 3123/4038/3 3063/3970/3 3127/4041/3
f 3127/4041/3 3126/4042/3 3123/4038/3
f 3128/4043/3 3069/3976/3 3124/4040/3
f 3124/4040/3 3125/4039/3 3128/4043/3
f 3126/4042/3 3127/4041/3 3070/3975/3
f 3070/3975/3 3129/4044/3 3126/4042/3
f 3130/4045/3 3068/3973/3 3069/3976/3
f 3069/3976/3 3128/4043/3 3130/4045/3
f 3129/4044/3 3070/3975/3 3067/3974/3
f 3067/3974/3 3131/4046/3 3129/4044/3
f 3133/4047/3 3132/4048/3 3068/3973/3
f 3068/3973/3 3130/4045/3 3133/4047/3
f 3131/4046/3 3067/3974/3 3135/4049/3
f 3135/4049/3 3134/4050/3 3131/4046/3
f 3136/4051/3 3073/3980/3 3132/4048/3
f 3132/4048/3 3133/4047/3 3136/4051/3
f 3134/4050/3 3135/4049/3 3074/3979/3
f 3074/3979/3 3137/4052/3 3134/4050/3
f 3138/4053/3 3072/3977/3 3073/3980/3
f 3073/3980/3 3136/4051/3 3138/4053/3
f 3137/4052/3 3074/3979/3 3071/3978/3
f 3071/3978/3 3139/4054/3 3137/4052/3
f 3141/4055/3 3140/4056/3 3072/3977/3
f 3072/3977/3 3138/4053/3 3141/4055/3
f 3139/4054/3 3071/3978/3 3143/4057/3
f 3143/4057/3 3142/4058/3 3139/4054/3
f 3113/4028/3 3061/3968/3 3140/4056/3
f 3140/4056/3 3141/4055/3 3113/4028/3
f 3142/4058/3 3143/4057/3 3062/3967/3
f 3062/3967/3 3114/4029/3 3142/4058/3
f 3020/3925/162 3059/4059/162 3060/4060/162
f 3060/4060/162 3019/3926/162 3020/3925/162
f 3019/3926/2274 3060/4060/2274 3116/4061/2275
f 3116/4061/2275 3105/4010/2275 3019/3926/2274
f 3105/4010/2275 3116/4061/2275 3065/4062/2276
f 3065/4062/2276 3026/3931/2276 3105/4010/2275
f 3026/3931/171 3065/4062/171 3066/4063/171
f 3066/4063/171 3025/3932/171 3026/3931/171
f 3025/3932/2277 3066/4063/2277 3119/4064/2278
f 3119/4064/2278 3104/4009/2278 3025/3932/2277
f 3104/4009/2278 3119/4064/2278 3059/4059/2279
f 3059/4059/2279 3020/3925/2279 3104/4009/2278
f 3022/3927/169 3061/4065/169 3062/4066/169
f 3062/4066/169 3021/3928/169 3022/3927/169
f 3021/3928/2280 3062/4066/2280 3143/4067/2281
f 3143/4067/2281 3110/4024/2281 3021/3928/2280
f 3110/4024/2281 3143/4067/2281 3071/4068/2282
f 3071/4068/2282 3032/3937/2282 3110/4024/2281
f 3032/3937/176 3071/4068/176 3072/4069/176
f 3072/4069/176 3031/3938/176 3032/3937/176
f 3031/3938/2283 3072/4069/2283 3140/4070/2284
f 3140/4070/2284 3111/4025/2284 3031/3938/2283
f 3111/4025/2284 3140/4070/2284 3061/4065/2285
f 3061/4065/2285 3022/3927/2285 3111/4025/2284
f 3028/3933/1 3067/4071/1 3068/4072/1
f 3068/4072/1 3027/3934/1 3028/3933/1
f 3027/3934/2286 3068/4072/2286 3132/4073/2287
f 3132/4073/2287 3109/4020/2287 3027/3934/2286
f 3109/4020/2287 3132/4073/2287 3073/4074/2288
f 3073/4074/2288 3034/3939/2288 3109/4020/2287
f 3034/3939/164 3073/4074/164 3074/4075/164
f 3074/4075/164 3033/3940/164 3034/3939/164
f 3033/3940/2289 3074/4075/2289 3135/4076/2290
f 3135/4076/2290 3108/4019/2290 3033/3940/2289
f 3108/4019/2290 3135/4076/2290 3067/4071/2291
f 3067/4071/2291 3028/3933/2291 3108/4019/2290
f 3024/3929/175 3063/4077/175 3064/4078/175
f 3064/4078/175 3023/3930/175 3024/3929/175
f 3023/3930/2292 3064/4078/2292 3124/4079/2293
f 3124/4079/2293 3107/4015/2293 3023/3930/2292
f 3107/4015/2293 3124/4079/2293 3069/4080/2294
f 3069/4080/2294 3030/3935/2294 3107/4015/2293
f 3030/3935/161 3069/4080/161 3070/4081/161
f 3070/4081/161 3029/3936/161 3030/3935/161
f 3029/3936/2295 3070/4081/2295 3127/4082/2296
f 3127/4082/2296 3106/4014/2296 3029/3936/2295
f 3106/4014/2296 3127/4082/2296 3063/4077/2297
f 3063/4077/2297 3024/3929/2297 3106/4014/2296
f 3115/4030/2201 3037/4083/176 3038/4084/171
f 3038/4084/171 3114/4029/2202 3115/4030/2201
f 3118/4034/2203 3040/4085/160 3037/4083/176
f 3037/4083/176 3115/4030/2201 3118/4034/2203
f 3121/4036/2204 3042/4086/161 3040/4085/160
f 3040/4085/160 3118/4034/2203 3121/4036/2204
f 3123/4038/2298 3044/4087/162 3042/4086/161
f 3042/4086/161 3121/4036/2204 3123/4038/2298
f 3126/4042/2299 3046/4088/163 3044/4087/162
f 3044/4087/162 3123/4038/2298 3126/4042/2299
f 3129/4044/2207 3048/4089/164 3046/4088/163
f 3046/4088/163 3126/4042/2299 3129/4044/2207
f 3131/4046/2208 3050/4090/175 3048/4089/164
f 3048/4089/164 3129/4044/2207 3131/4046/2208
f 3134/4050/2209 3052/4091/337 3050/4090/175
f 3050/4090/175 3131/4046/2208 3134/4050/2209
f 3137/4052/2210 3054/4092/169 3052/4091/337
f 3052/4091/337 3134/4050/2209 3137/4052/2210
f 3139/4054/2211 3056/4093/1 3054/4092/169
f 3054/4092/169 3137/4052/2210 3139/4054/2211
f 3142/4058/2212 3058/4094/170 3056/4093/1
f 3056/4093/1 3139/4054/2211 3142/4058/2212
f 3114/4029/2202 3038/4084/171 3058/4094/170
f 3058/4094/170 3142/4058/2212 3114/4029/2202
f 3113/4095/171 3076/4096/171 3077/4097/176
f 3077/4097/176 3112/4098/176 3113/4095/171
f 3112/4098/176 3077/4097/176 3078/4099/160
f 3078/4099/160 3117/4100/160 3112/4098/176
f 3117/4100/160 3078/4099/160 3079/4101/161
f 3079/4101/161 3120/4102/161 3117/4100/160
f 3120/4102/161 3079/4101/161 3080/4103/162
f 3080/4103/162 3122/4104/162 3120/4102/161
f 3122/4104/162 3080/4103/162 3081/4105/163
f 3081/4105/163 3125/4106/163 3122/4104/162
f 3125/4106/163 3081/4105/163 3082/4107/164
f 3082/4107/164 3128/4108/164 3125/4106/163
f 3128/4108/164 3082/4107/164 3083/4109/175
f 3083/4109/175 3130/4110/175 3128/4108/164
f 3130/4110/175 3083/4109/175 3084/4111/337
f 3084/4111/337 3133/4112/337 3130/4110/175
f 3133/4112/337 3084/4111/337 3085/4113/169
f 3085/4113/169 3136/4114/169 3133/4112/337
f 3136/4115/169 3085/4116/169 3086/4117/1
f 3086/4117/1 3138/4118/1 3136/4115/169
f 3138/4118/1 3086/4117/1 3087/4119/170
f 3087/4119/170 3141/4120/170 3138/4118/1
f 3141/4120/170 3087/4119/170 3076/4096/171
f 3076/4096/171 3113/4095/171 3141/4120/170
f 3144/4121/2 3146/4122/2 3145/4123/2
f 3144/4121/2 3145/4123/2 3147/4124/2
f 3144/4121/2 3147/4124/2 3148/4125/2
f 3144/4121/2 3148/4125/2 3149/4126/2
f 3144/4121/2 3149/4126/2 3150/4127/2
f 3144/4121/2 3150/4127/2 3146/4122/2
f 3146/4128/176 3152/4129/176 3151/4130/176
f 3151/4130/176 3145/4131/176 3146/4128/176
f 3145/4131/161 3151/4130/161 3153/4132/161
f 3153/4132/161 3147/4133/161 3145/4131/161
f 3147/4133/163 3153/4132/163 3154/4134/163
f 3154/4134/163 3148/4135/163 3147/4133/163
f 3148/4135/175 3154/4134/175 3155/4136/175
f 3155/4136/175 3149/4137/175 3148/4135/175
f 3149/4137/169 3155/4136/169 3156/4138/169
f 3156/4138/169 3150/4139/169 3149/4137/169
f 3150/4140/170 3156/4141/170 3152/4129/170
f 3152/4129/170 3146/4128/170 3150/4140/170
f 3152/4142/3 3157/4143/3 3151/4144/3
f 3151/4144/3 3157/4143/3 3153/4145/3
f 3153/4145/3 3157/4143/3 3154/4146/3
f 3154/4146/3 3157/4143/3 3155/4147/3
f 3155/4147/3 3157/4143/3 3156/4148/3
f 3156/4148/3 3157/4143/3 3152/4142/3
f 3161/4149/1537 3450/4150/1538 3447/4151/161
f 3447/4151/161 3160/4152/1539 3161/4149/1537
f 3162/4153/1540 3452/4154/1541 3450/4150/1538
f 3450/4150/1538 3161/4149/1537 3162/4153/1540
f 3163/4155/1542 3158/4156/1543 3452/4154/1541
f 3452/4154/1541 3162/4153/1540 3163/4155/1542
f 3164/4157/1544 3159/4158/1545 3158/4156/1545
f 3158/4156/1545 3163/4155/1544 3164/4157/1544
f 3165/4159/1546 3161/4149/1537 3160/4152/1539
f 3160/4152/1539 3293/4160/1547 3165/4159/1546
f 3166/4161/1548 3162/4153/1540 3161/4149/1537
f 3161/4149/1537 3165/4159/1546 3166/4161/1548
f 3167/4162/1549 3163/4155/1542 3162/4153/1540
f 3162/4153/1540 3166/4161/1548 3167/4162/1549
f 3168/4163/1550 3164/4157/1544 3163/4155/1544
f 3163/4155/1544 3167/4162/1550 3168/4163/1550
f 3169/4164/1551 3165/4159/1546 3293/4160/1547
f 3293/4160/1547 3298/4165/1552 3169/4164/1551
f 3170/4166/1553 3166/4161/1548 3165/4159/1546
f 3165/4159/1546 3169/4164/1551 3170/4166/1553
f 3171/4167/1554 3167/4162/1549 3166/4161/1548
f 3166/4161/1548 3170/4166/1553 3171/4167/1554
f 3172/4168/1555 3168/4163/1550 3167/4162/1550
f 3167/4162/1550 3171/4167/1555 3172/4168/1555
f 3173/4169/1556 3169/4164/1551 3298/4165/1552
f 3298/4165/1552 3303/4170/1557 3173/4169/1556
f 3174/4171/1558 3170/4166/1553 3169/4164/1551
f 3169/4164/1551 3173/4169/1556 3174/4171/1558
f 3175/4172/1559 3171/4167/1554 3170/4166/1553
f 3170/4166/1553 3174/4171/1558 3175/4172/1559
f 3176/4173/1560 3172/4168/1555 3171/4167/1555
f 3171/4167/1555 3175/4172/1560 3176/4173/1560
f 3177/4174/1561 3173/4169/1556 3303/4170/1557
f 3303/4170/1557 3308/4175/1562 3177/4174/1561
f 3178/4176/1563 3174/4171/1558 3173/4169/1556
f 3173/4169/1556 3177/4174/1561 3178/4176/1563
f 3179/4177/1564 3175/4172/1559 3174/4171/1558
f 3174/4171/1558 3178/4176/1563 3179/4177/1564
f 3180/4178/1565 3176/4173/1560 3175/4172/1560
f 3175/4172/1560 3179/4177/1565 3180/4178/1565
f 3181/4179/1566 3177/4174/1561 3308/4175/1562
f 3308/4175/1562 3313/4180/1567 3181/4179/1566
f 3182/4181/1568 3178/4176/1563 3177/4174/1561
f 3177/4174/1561 3181/4179/1566 3182/4181/1568
f 3183/4182/1569 3179/4177/1564 3178/4176/1563
f 3178/4176/1563 3182/4181/1568 3183/4182/1569
f 3184/4183/1570 3180/4178/1565 3179/4177/1565
f 3179/4177/1565 3183/4182/1570 3184/4183/1570
f 3185/4184/1571 3181/4179/1566 3313/4180/1567
f 3313/4180/1567 3318/4185/1572 3185/4184/1571
f 3186/4186/1573 3182/4181/1568 3181/4179/1566
f 3181/4179/1566 3185/4184/1571 3186/4186/1573
f 3187/4187/1574 3183/4182/1569 3182/4181/1568
f 3182/4181/1568 3186/4186/1573 3187/4187/1574
f 3188/4188/1575 3184/4183/1570 3183/4182/1570
f 3183/4182/1570 3187/4187/1575 3188/4188/1575
f 3189/4189/1576 3185/4184/1571 3318/4185/1572
f 3318/4185/1572 3323/4190/1577 3189/4189/1576
f 3190/4191/1578 3186/4186/1573 3185/4184/1571
f 3185/4184/1571 3189/4189/1576 3190/4191/1578
f 3191/4192/1579 3187/4187/1574 3186/4186/1573
f 3186/4186/1573 3190/4191/1578 3191/4192/1579
f 3192/4193/1580 3188/4188/1575 3187/4187/1575
f 3187/4187/1575 3191/4192/1580 3192/4193/1580
f 3193/4194/1581 3189/4189/1576 3323/4190/1577
f 3323/4190/1577 3328/4195/164 3193/4194/1581
f 3194/4196/1582 3190/4191/1578 3189/4189/1576
f 3189/4189/1576 3193/4194/1581 3194/4196/1582
f 3195/4197/1583 3191/4192/1579 3190/4191/1578
f 3190/4191/1578 3194/4196/1582 3195/4197/1583
f 3196/4198/1584 3192/4193/1580 3191/4192/1580
f 3191/4192/1580 3195/4197/1584 3196/4198/1584
f 3197/4199/1585 3193/4194/1581 3328/4195/164
f 3328/4195/164 3333/4200/1586 3197/4199/1585
f 3198/4201/1587 3194/4196/1582 3193/4194/1581
f 3193/4194/1581 3197/4199/1585 3198/4201/1587
f 3199/4202/1588 3195/4197/1583 3194/4196/1582
f 3194/4196/1582 3198/4201/1587 3199/4202/1588
f 3200/4203/1589 3196/4198/1584 3195/4197/1584
f 3195/4197/1584 3199/4202/1589 3200/4203/1589
f 3201/4204/1590 3197/4199/1585 3333/4200/1586
f 3333/4200/1586 3338/4205/1591 3201/4204/1590
f 3202/4206/1592 3198/4201/1587 3197/4199/1585
f 3197/4199/1585 3201/4204/1590 3202/4206/1592
f 3203/4207/1593 3199/4202/1588 3198/4201/1587
f 3198/4201/1587 3202/4206/1592 3203/4207/1593
f 3204/4208/1594 3200/4203/1589 3199/4202/1589
f 3199/4202/1589 3203/4207/1594 3204/4208/1594
f 3205/4209/2300 3201/4204/1590 3338/4205/1591
f 3338/4205/1591 3343/4210/1596 3205/4209/2300
f 3206/4211/1597 3202/4206/1592 3201/4204/1590
f 3201/4204/1590 3205/4209/2300 3206/4211/1597
f 3207/4212/1598 3203/4207/1593 3202/4206/1592
f 3202/4206/1592 3206/4211/1597 3207/4212/1598
f 3208/4213/2301 3204/4208/1594 3203/4207/1594
f 3203/4207/1594 3207/4212/2301 3208/4213/2301
f 3209/4214/1600 3205/4209/2300 3343/4210/1596
f 3343/4210/1596 3348/4215/1601 3209/4214/1600
f 3210/4216/1602 3206/4211/1597 3205/4209/2300
f 3205/4209/2300 3209/4214/1600 3210/4216/1602
f 3211/4217/1603 3207/4212/1598 3206/4211/1597
f 3206/4211/1597 3210/4216/1602 3211/4217/1603
f 3212/4218/1604 3208/4213/2301 3207/4212/2301
f 3207/4212/2301 3211/4217/1604 3212/4218/1604
f 3213/4219/1605 3209/4214/1600 3348/4215/1601
f 3348/4215/1601 3353/4220/1606 3213/4219/1605
f 3214/4221/1607 3210/4216/1602 3209/4214/1600
f 3209/4214/1600 3213/4219/1605 3214/4221/1607
f 3215/4222/1608 3211/4217/1603 3210/4216/1602
f 3210/4216/1602 3214/4221/1607 3215/4222/1608
f 3216/4223/1609 3212/4218/1604 3211/4217/1604
f 3211/4217/1604 3215/4222/1609 3216/4223/1609
f 3217/4224/2302 3213/4219/1605 3353/4220/1606
f 3353/4220/1606 3358/4225/1611 3217/4224/2302
f 3218/4226/1612 3214/4221/1607 3213/4219/1605
f 3213/4219/1605 3217/4224/2302 3218/4226/1612
f 3219/4227/1613 3215/4222/1608 3214/4221/1607
f 3214/4221/1607 3218/4226/1612 3219/4227/1613
f 3220/4228/2303 3216/4223/1609 3215/4222/1609
f 3215/4222/1609 3219/4227/2303 3220/4228/2303
f 3221/4229/1615 3217/4224/2302 3358/4225/1611
f 3358/4225/1611 3363/4230/1616 3221/4229/1615
f 3222/4231/1617 3218/4226/1612 3217/4224/2302
f 3217/4224/2302 3221/4229/1615 3222/4231/1617
f 3223/4232/1618 3219/4227/1613 3218/4226/1612
f 3218/4226/1612 3222/4231/1617 3223/4232/1618
f 3224/4233/1619 3220/4228/2303 3219/4227/2303
f 3219/4227/2303 3223/4232/1619 3224/4233/1619
f 3225/4234/1620 3221/4229/1615 3363/4230/1616
f 3363/4230/1616 3368/4235/1621 3225/4234/1620
f 3226/4236/1622 3222/4231/1617 3221/4229/1615
f 3221/4229/1615 3225/4234/1620 3226/4236/1622
f 3227/4237/1623 3223/4232/1618 3222/4231/1617
f 3222/4231/1617 3226/4236/1622 3227/4237/1623
f 3228/4238/1624 3224/4233/1619 3223/4232/1619
f 3223/4232/1619 3227/4237/1624 3228/4238/1624
f 3229/4239/1625 3225/4234/1620 3368/4235/1621
f 3368/4235/1621 3373/4240/169 3229/4239/1625
f 3230/4241/1626 3226/4236/1622 3225/4234/1620
f 3225/4234/1620 3229/4239/1625 3230/4241/1626
f 3535/4242/1627 3227/4237/1623 3226/4236/1622
f 3226/4236/1622 3230/4241/1626 3535/4242/1627
f 3536/4243/1628 3228/4238/1624 3227/4237/1624
f 3227/4237/1624 3535/4242/1628 3536/4243/1628
f 3159/4244/161 3164/4245/1539 3232/4246/1539
f 3232/4246/1539 3231/4247/161 3159/4244/161
f 3164/4245/1539 3168/4248/1547 3233/4249/1547
f 3233/4249/1547 3232/4246/1539 3164/4245/1539
f 3168/4248/1547 3172/4250/1552 3234/4251/1552
f 3234/4251/1552 3233/4249/1547 3168/4248/1547
f 3172/4250/1552 3176/4252/1557 3235/4253/1557
f 3235/4253/1557 3234/4251/1552 3172/4250/1552
f 3176/4252/1557 3180/4254/1562 3236/4255/1562
f 3236/4255/1562 3235/4253/1557 3176/4252/1557
f 3180/4254/1562 3184/4256/1567 3237/4257/1567
f 3237/4257/1567 3236/4255/1562 3180/4254/1562
f 3184/4256/1567 3188/4258/1572 3238/4259/1572
f 3238/4259/1572 3237/4257/1567 3184/4256/1567
f 3188/4258/1572 3192/4260/1577 3239/4261/1577
f 3239/4261/1577 3238/4259/1572 3188/4258/1572
f 3192/4260/1577 3196/4262/164 3240/4263/164
f 3240/4263/164 3239/4261/1577 3192/4260/1577
f 3196/4262/164 3200/4264/1586 3241/4265/1586
f 3241/4265/1586 3240/4263/164 3196/4262/164
f 3200/4264/1586 3204/4266/1591 3242/4267/1591
f 3242/4267/1591 3241/4265/1586 3200/4264/1586
f 3204/4266/1591 3208/4268/1596 3243/4269/1596
f 3243/4269/1596 3242/4267/1591 3204/4266/1591
f 3208/4268/1596 3212/4270/1601 3244/4271/1601
f 3244/4271/1601 3243/4269/1596 3208/4268/1596
f 3212/4270/1601 3216/4272/1606 3245/4273/1606
f 3245/4273/1606 3244/4271/1601 3212/4270/1601
f 3216/4272/1606 3220/4274/1611 3246/4275/1611
f 3246/4275/1611 3245/4273/1606 3216/4272/1606
f 3220/4274/1611 3224/4276/1616 3247/4277/1616
f 3247/4277/1616 3246/4275/1611 3220/4274/1611
f 3224/4276/1616 3228/4278/1621 3248/4279/1621
f 3248/4279/1621 3247/4277/1616 3224/4276/1616
f 3228/4278/1621 3536/4280/169 3249/4281/169
f 3249/4281/169 3248/4279/1621 3228/4278/1621
f 3231/4247/2 3232/4246/2 3251/4282/1629
f 3251/4282/1629 3250/4283/1630 3231/4247/2
f 3232/4246/2 3233/4249/2 3252/4284/1631
f 3252/4284/1631 3251/4282/1629 3232/4246/2
f 3233/4249/2 3234/4251/2 3253/4285/1632
f 3253/4285/1632 3252/4284/1631 3233/4249/2
f 3234/4251/2 3235/4253/2 3254/4286/1633
f 3254/4286/1633 3253/4285/1632 3234/4251/2
f 3235/4253/2 3236/4255/2 3255/4287/1634
f 3255/4287/1634 3254/4286/1633 3235/4253/2
f 3236/4255/2 3237/4257/2 3256/4288/1635
f 3256/4288/1635 3255/4287/1634 3236/4255/2
f 3237/4257/2 3238/4259/2 3257/4289/1636
f 3257/4289/1636 3256/4288/1635 3237/4257/2
f 3238/4259/2 3239/4261/2 3258/4290/1637
f 3258/4290/1637 3257/4289/1636 3238/4259/2
f 3239/4261/2 3240/4263/2 3259/4291/1638
f 3259/4291/1638 3258/4290/1637 3239/4261/2
f 3240/4263/2 3241/4265/2 3260/4292/1639
f 3260/4292/1639 3259/4291/1638 3240/4263/2
f 3241/4265/2 3242/4267/2 3261/4293/1640
f 3261/4293/1640 3260/4292/1639 3241/4265/2
f 3242/4267/2 3243/4269/2 3262/4294/1641
f 3262/4294/1641 3261/4293/1640 3242/4267/2
f 3243/4269/2 3244/4271/2 3263/4295/1642
f 3263/4295/1642 3262/4294/1641 3243/4269/2
f 3244/4271/2 3245/4273/2 3264/4296/1643
f 3264/4296/1643 3263/4295/1642 3244/4271/2
f 3245/4273/2 3246/4275/2 3265/4297/1644
f 3265/4297/1644 3264/4296/1643 3245/4273/2
f 3246/4275/2 3247/4277/2 3266/4298/1645
f 3266/4298/1645 3265/4297/1644 3246/4275/2
f 3247/4277/2 3248/4279/2 3267/4299/1646
f 3267/4299/1646 3266/4298/1645 3247/4277/2
f 3248/4279/2 3249/4281/2 3571/4300/1647
f 3571/4300/1647 3267/4299/1646 3248/4279/2
f 3250/4283/1630 3251/4282/1629 3269/4301/1648
f 3269/4301/1648 3268/4302/1649 3250/4283/1630
f 3251/4282/1629 3252/4284/1631 3270/4303/1650
f 3270/4303/1650 3269/4301/1648 3251/4282/1629
f 3252/4284/1631 3253/4285/1632 3271/4304/1651
f 3271/4304/1651 3270/4303/1650 3252/4284/1631
f 3253/4285/1632 3254/4286/1633 3272/4305/1652
f 3272/4305/1652 3271/4304/1651 3253/4285/1632
f 3254/4286/1633 3255/4287/1634 3273/4306/1653
f 3273/4306/1653 3272/4305/1652 3254/4286/1633
f 3255/4287/1634 3256/4288/1635 3274/4307/1654
f 3274/4307/1654 3273/4306/1653 3255/4287/1634
f 3256/4288/1635 3257/4289/1636 3275/4308/1655
f 3275/4308/1655 3274/4307/1654 3256/4288/1635
f 3257/4289/1636 3258/4290/1637 3276/4309/1656
f 3276/4309/1656 3275/4308/1655 3257/4289/1636
f 3258/4290/1637 3259/4291/1638 3277/4310/1657
f 3277/4310/1657 3276/4309/1656 3258/4290/1637
f 3259/4291/1638 3260/4292/1639 3278/4311/1658
f 3278/4311/1658 3277/4310/1657 3259/4291/1638
f 3260/4292/1639 3261/4293/1640 3279/4312/1659
f 3279/4312/1659 3278/4311/1658 3260/4292/1639
f 3261/4293/1640 3262/4294/1641 3280/4313/1660
f 3280/4313/1660 3279/4312/1659 3261/4293/1640
f 3262/4294/1641 3263/4295/1642 3281/4314/1661
f 3281/4314/1661 3280/4313/1660 3262/4294/1641
f 3263/4295/1642 3264/4296/1643 3282/4315/1662
f 3282/4315/1662 3281/4314/1661 3263/4295/1642
f 3264/4296/1643 3265/4297/1644 3283/4316/1663
f 3283/4316/1663 3282/4315/1662 3264/4296/1643
f 3265/4297/1644 3266/4298/1645 3284/4317/1664
f 3284/4317/1664 3283/4316/1663 3265/4297/1644
f 3266/4298/1645 3267/4299/1646 3285/4318/1665
f 3285/4318/1665 3284/4317/1664 3266/4298/1645
f 3267/4299/1646 3571/4300/1647 3286/4319/1666
f 3286/4319/1666 3285/4318/1665 3267/4299/1646
f 3268/4302/1649 3269/4301/1648 3429/4320/1667
f 3429/4320/1667 3590/4321/169 3268/4302/1649
f 3269/4301/1648 3270/4303/1650 3430/4322/1668
f 3430/4322/1668 3429/4320/1667 3269/4301/1648
f 3270/4303/1650 3271/4304/1651 3431/4323/1669
f 3431/4323/1669 3430/4322/1668 3270/4303/1650
f 3271/4304/1651 3272/4305/1652 3432/4324/1670
f 3432/4324/1670 3431/4323/1669 3271/4304/1651
f 3272/4305/1652 3273/4306/1653 3433/4325/1671
f 3433/4325/1671 3432/4324/1670 3272/4305/1652
f 3273/4306/1653 3274/4307/1654 3434/4326/1672
f 3434/4326/1672 3433/4325/1671 3273/4306/1653
f 3274/4307/1654 3275/4308/1655 3435/4327/1673
f 3435/4327/1673 3434/4326/1672 3274/4307/1654
f 3275/4308/1655 3276/4309/1656 3436/4328/1674
f 3436/4328/1674 3435/4327/1673 3275/4308/1655
f 3276/4309/1656 3277/4310/1657 3437/4329/171
f 3437/4329/171 3436/4328/1674 3276/4309/1656
f 3277/4310/1657 3278/4311/1658 3438/4330/1675
f 3438/4330/1675 3437/4329/171 3277/4310/1657
f 3278/4311/1658 3279/4312/1659 3439/4331/1676
f 3439/4331/1676 3438/4330/1675 3278/4311/1658
f 3279/4312/1659 3280/4313/1660 3440/4332/1677
f 3440/4332/1677 3439/4331/1676 3279/4312/1659
f 3280/4313/1660 3281/4314/1661 3441/4333/1678
f 3441/4333/1678 3440/4332/1677 3280/4313/1660
f 3281/4314/1661 3282/4315/1662 3442/4334/1679
f 3442/4334/1679 3441/4333/1678 3281/4314/1661
f 3282/4315/1662 3283/4316/1663 3443/4335/1680
f 3443/4335/1680 3442/4334/1679 3282/4315/1662
f 3283/4316/1663 3284/4317/1664 3444/4336/1681
f 3444/4336/1681 3443/4335/1680 3283/4316/1663
f 3284/4317/1664 3285/4318/1665 3445/4337/1682
f 3445/4337/1682 3444/4336/1681 3284/4317/1664
f 3285/4318/1665 3286/4319/1666 3446/4338/161
f 3446/4338/161 3445/4337/1682 3285/4318/1665
f 3287/4339/1683 3160/4152/1539 3447/4151/161
f 3447/4151/161 3607/4340/1684 3287/4339/1683
f 3288/4341/1685 3287/4339/1683 3607/4340/1684
f 3607/4340/1684 3609/4342/1686 3288/4341/1685
f 3289/4343/1687 3288/4341/1685 3609/4342/1686
f 3609/4342/1686 3290/4344/2304 3289/4343/1687
f 3291/4345/1689 3289/4343/1689 3290/4344/1690
f 3290/4344/1690 3292/4346/1690 3291/4345/1689
f 3294/4347/1691 3293/4160/1547 3160/4152/1539
f 3160/4152/1539 3287/4339/1683 3294/4347/1691
f 3295/4348/1692 3294/4347/1691 3287/4339/1683
f 3287/4339/1683 3288/4341/1685 3295/4348/1692
f 3296/4349/1693 3295/4348/1692 3288/4341/1685
f 3288/4341/1685 3289/4343/1687 3296/4349/1693
f 3297/4350/1694 3296/4349/1694 3289/4343/1689
f 3289/4343/1689 3291/4345/1689 3297/4350/1694
f 3299/4351/2305 3298/4165/1552 3293/4160/1547
f 3293/4160/1547 3294/4347/1691 3299/4351/2305
f 3300/4352/1696 3299/4351/2305 3294/4347/1691
f 3294/4347/1691 3295/4348/1692 3300/4352/1696
f 3301/4353/1697 3300/4352/1696 3295/4348/1692
f 3295/4348/1692 3296/4349/1693 3301/4353/1697
f 3302/4354/2306 3301/4353/2306 3296/4349/1694
f 3296/4349/1694 3297/4350/1694 3302/4354/2306
f 3304/4355/1699 3303/4170/1557 3298/4165/1552
f 3298/4165/1552 3299/4351/2305 3304/4355/1699
f 3305/4356/1700 3304/4355/1699 3299/4351/2305
f 3299/4351/2305 3300/4352/1696 3305/4356/1700
f 3306/4357/1701 3305/4356/1700 3300/4352/1696
f 3300/4352/1696 3301/4353/1697 3306/4357/1701
f 3307/4358/1702 3306/4357/1702 3301/4353/2306
f 3301/4353/2306 3302/4354/2306 3307/4358/1702
f 3309/4359/1703 3308/4175/1562 3303/4170/1557
f 3303/4170/1557 3304/4355/1699 3309/4359/1703
f 3310/4360/1704 3309/4359/1703 3304/4355/1699
f 3304/4355/1699 3305/4356/1700 3310/4360/1704
f 3311/4361/1705 3310/4360/1704 3305/4356/1700
f 3305/4356/1700 3306/4357/1701 3311/4361/1705
f 3312/4362/1706 3311/4361/1706 3306/4357/1702
f 3306/4357/1702 3307/4358/1702 3312/4362/1706
f 3314/4363/1707 3313/4180/1567 3308/4175/1562
f 3308/4175/1562 3309/4359/1703 3314/4363/1707
f 3315/4364/1708 3314/4363/1707 3309/4359/1703
f 3309/4359/1703 3310/4360/1704 3315/4364/1708
f 3316/4365/1709 3315/4364/1708 3310/4360/1704
f 3310/4360/1704 3311/4361/1705 3316/4365/1709
f 3317/4366/1710 3316/4365/1710 3311/4361/1706
f 3311/4361/1706 3312/4362/1706 3317/4366/1710
f 3319/4367/1711 3318/4185/1572 3313/4180/1567
f 3313/4180/1567 3314/4363/1707 3319/4367/1711
f 3320/4368/1712 3319/4367/1711 3314/4363/1707
f 3314/4363/1707 3315/4364/1708 3320/4368/1712
f 3321/4369/1713 3320/4368/1712 3315/4364/1708
f 3315/4364/1708 3316/4365/1709 3321/4369/1713
f 3322/4370/1714 3321/4369/1714 3316/4365/1710
f 3316/4365/1710 3317/4366/1710 3322/4370/1714
f 3324/4371/1715 3323/4190/1577 3318/4185/1572
f 3318/4185/1572 3319/4367/1711 3324/4371/1715
f 3325/4372/1716 3324/4371/1715 3319/4367/1711
f 3319/4367/1711 3320/4368/1712 3325/4372/1716
f 3326/4373/1717 3325/4372/1716 3320/4368/1712
f 3320/4368/1712 3321/4369/1713 3326/4373/1717
f 3327/4374/1718 3326/4373/1718 3321/4369/1714
f 3321/4369/1714 3322/4370/1714 3327/4374/1718
f 3329/4375/1719 3328/4195/164 3323/4190/1577
f 3323/4190/1577 3324/4371/1715 3329/4375/1719
f 3330/4376/1720 3329/4375/1719 3324/4371/1715
f 3324/4371/1715 3325/4372/1716 3330/4376/1720
f 3331/4377/1721 3330/4376/1720 3325/4372/1716
f 3325/4372/1716 3326/4373/1717 3331/4377/1721
f 3332/4378/2307 3331/4377/2307 3326/4373/1718
f 3326/4373/1718 3327/4374/1718 3332/4378/2307
f 3334/4379/1723 3333/4200/1586 3328/4195/164
f 3328/4195/164 3329/4375/1719 3334/4379/1723
f 3335/4380/1724 3334/4379/1723 3329/4375/1719
f 3329/4375/1719 3330/4376/1720 3335/4380/1724
f 3336/4381/1725 3335/4380/1724 3330/4376/1720
f 3330/4376/1720 3331/4377/1721 3336/4381/1725
f 3337/4382/1726 3336/4381/1726 3331/4377/2307
f 3331/4377/2307 3332/4378/2307 3337/4382/1726
f 3339/4383/1727 3338/4205/1591 3333/4200/1586
f 3333/4200/1586 3334/4379/1723 3339/4383/1727
f 3340/4384/1728 3339/4383/1727 3334/4379/1723
f 3334/4379/1723 3335/4380/1724 3340/4384/1728
f 3341/4385/1729 3340/4384/1728 3335/4380/1724
f 3335/4380/1724 3336/4381/1725 3341/4385/1729
f 3342/4386/1730 3341/4385/1730 3336/4381/1726
f 3336/4381/1726 3337/4382/1726 3342/4386/1730
f 3344/4387/2308 3343/4210/1596 3338/4205/1591
f 3338/4205/1591 3339/4383/1727 3344/4387/2308
f 3345/4388/1732 3344/4387/2308 3339/4383/1727
f 3339/4383/1727 3340/4384/1728 3345/4388/1732
f 3346/4389/1733 3345/4388/1732 3340/4384/1728
f 3340/4384/1728 3341/4385/1729 3346/4389/1733
f 3347/4390/2309 3346/4389/2309 3341/4385/1730
f 3341/4385/1730 3342/4386/1730 3347/4390/2309
f 3349/4391/1735 3348/4215/1601 3343/4210/1596
f 3343/4210/1596 3344/4387/2308 3349/4391/1735
f 3350/4392/1736 3349/4391/1735 3344/4387/2308
f 3344/4387/2308 3345/4388/1732 3350/4392/1736
f 3351/4393/1737 3350/4392/1736 3345/4388/1732
f 3345/4388/1732 3346/4389/1733 3351/4393/1737
f 3352/4394/1738 3351/4393/1738 3346/4389/2309
f 3346/4389/2309 3347/4390/2309 3352/4394/1738
f 3354/4395/1739 3353/4220/1606 3348/4215/1601
f 3348/4215/1601 3349/4391/1735 3354/4395/1739
f 3355/4396/1740 3354/4395/1739 3349/4391/1735
f 3349/4391/1735 3350/4392/1736 3355/4396/1740
f 3356/4397/1741 3355/4396/1740 3350/4392/1736
f 3350/4392/1736 3351/4393/1737 3356/4397/1741
f 3357/4398/1742 3356/4397/1742 3351/4393/1738
f 3351/4393/1738 3352/4394/1738 3357/4398/1742
f 3359/4399/2310 3358/4225/1611 3353/4220/1606
f 3353/4220/1606 3354/4395/1739 3359/4399/2310
f 3360/4400/1744 3359/4399/2310 3354/4395/1739
f 3354/4395/1739 3355/4396/1740 3360/4400/1744
f 3361/4401/1745 3360/4400/1744 3355/4396/1740
f 3355/4396/1740 3356/4397/1741 3361/4401/1745
f 3362/4402/2311 3361/4401/2311 3356/4397/1742
f 3356/4397/1742 3357/4398/1742 3362/4402/2311
f 3364/4403/1747 3363/4230/1616 3358/4225/1611
f 3358/4225/1611 3359/4399/2310 3364/4403/1747
f 3365/4404/1748 3364/4403/1747 3359/4399/2310
f 3359/4399/2310 3360/4400/1744 3365/4404/1748
f 3366/4405/1749 3365/4404/1748 3360/4400/1744
f 3360/4400/1744 3361/4401/1745 3366/4405/1749
f 3367/4406/1750 3366/4405/1750 3361/4401/2311
f 3361/4401/2311 3362/4402/2311 3367/4406/1750
f 3369/4407/1751 3368/4235/1621 3363/4230/1616
f 3363/4230/1616 3364/4403/1747 3369/4407/1751
f 3370/4408/1752 3369/4407/1751 3364/4403/1747
f 3364/4403/1747 3365/4404/1748 3370/4408/1752
f 3371/4409/1753 3370/4408/1752 3365/4404/1748
f 3365/4404/1748 3366/4405/1749 3371/4409/1753
f 3372/4410/1754 3371/4409/1754 3366/4405/1750
f 3366/4405/1750 3367/4406/1750 3372/4410/1754
f 3374/4411/1755 3373/4240/169 3368/4235/1621
f 3368/4235/1621 3369/4407/1751 3374/4411/1755
f 3375/4412/1756 3374/4411/1755 3369/4407/1751
f 3369/4407/1751 3370/4408/1752 3375/4412/1756
f 3376/4413/1757 3375/4412/1756 3370/4408/1752
f 3370/4408/1752 3371/4409/1753 3376/4413/1757
f 3677/4414/1758 3376/4413/1758 3371/4409/1754
f 3371/4409/1754 3372/4410/1754 3677/4414/1758
f 3292/4415/161 3378/4416/161 3377/4417/1539
f 3377/4417/1539 3291/4418/1539 3292/4415/161
f 3291/4418/1539 3377/4417/1539 3379/4419/1547
f 3379/4419/1547 3297/4420/1547 3291/4418/1539
f 3297/4420/1547 3379/4419/1547 3380/4421/1552
f 3380/4421/1552 3302/4422/1552 3297/4420/1547
f 3302/4422/1552 3380/4421/1552 3381/4423/1557
f 3381/4423/1557 3307/4424/1557 3302/4422/1552
f 3307/4424/1557 3381/4423/1557 3382/4425/1562
f 3382/4425/1562 3312/4426/1562 3307/4424/1557
f 3312/4426/1562 3382/4425/1562 3383/4427/1567
f 3383/4427/1567 3317/4428/1567 3312/4426/1562
f 3317/4428/1567 3383/4427/1567 3384/4429/1572
f 3384/4429/1572 3322/4430/1572 3317/4428/1567
f 3322/4430/1572 3384/4429/1572 3385/4431/1577
f 3385/4431/1577 3327/4432/1577 3322/4430/1572
f 3327/4432/1577 3385/4431/1577 3386/4433/164
f 3386/4433/164 3332/4434/164 3327/4432/1577
f 3332/4434/164 3386/4433/164 3387/4435/1586
f 3387/4435/1586 3337/4436/1586 3332/4434/164
f 3337/4436/1586 3387/4435/1586 3388/4437/1591
f 3388/4437/1591 3342/4438/1591 3337/4436/1586
f 3342/4438/1591 3388/4437/1591 3389/4439/1596
f 3389/4439/1596 3347/4440/1596 3342/4438/1591
f 3347/4440/1596 3389/4439/1596 3390/4441/1601
f 3390/4441/1601 3352/4442/1601 3347/4440/1596
f 3352/4442/1601 3390/4441/1601 3391/4443/1606
f 3391/4443/1606 3357/4444/1606 3352/4442/1601
f 3357/4444/1606 3391/4443/1606 3392/4445/1611
f 3392/4445/1611 3362/4446/1611 3357/4444/1606
f 3362/4446/1611 3392/4445/1611 3393/4447/1616
f 3393/4447/1616 3367/4448/1616 3362/4446/1611
f 3367/4448/1616 3393/4447/1616 3394/4449/1621
f 3394/4449/1621 3372/4450/1621 3367/4448/1616
f 3372/4450/1621 3394/4449/1621 3695/4451/169
f 3695/4451/169 3677/4452/169 3372/4450/1621
f 3378/4416/3 3696/4453/1759 3395/4454/1760
f 3395/4454/1760 3377/4417/3 3378/4416/3
f 3377/4417/3 3395/4454/1760 3396/4455/1761
f 3396/4455/1761 3379/4419/3 3377/4417/3
f 3379/4419/3 3396/4455/1761 3397/4456/1762
f 3397/4456/1762 3380/4421/3 3379/4419/3
f 3380/4421/3 3397/4456/1762 3398/4457/1763
f 3398/4457/1763 3381/4423/3 3380/4421/3
f 3381/4423/3 3398/4457/1763 3399/4458/1764
f 3399/4458/1764 3382/4425/3 3381/4423/3
f 3382/4425/3 3399/4458/1764 3400/4459/1765
f 3400/4459/1765 3383/4427/3 3382/4425/3
f 3383/4427/3 3400/4459/1765 3401/4460/1766
f 3401/4460/1766 3384/4429/3 3383/4427/3
f 3384/4429/3 3401/4460/1766 3402/4461/1767
f 3402/4461/1767 3385/4431/3 3384/4429/3
f 3385/4431/3 3402/4461/1767 3403/4462/1768
f 3403/4462/1768 3386/4433/3 3385/4431/3
f 3386/4433/3 3403/4462/1768 3404/4463/1769
f 3404/4463/1769 3387/4435/3 3386/4433/3
f 3387/4435/3 3404/4463/1769 3405/4464/1770
f 3405/4464/1770 3388/4437/3 3387/4435/3
f 3388/4437/3 3405/4464/1770 3406/4465/1771
f 3406/4465/1771 3389/4439/3 3388/4437/3
f 3389/4439/3 3406/4465/1771 3407/4466/1772
f 3407/4466/1772 3390/4441/3 3389/4439/3
f 3390/4441/3 3407/4466/1772 3408/4467/1773
f 3408/4467/1773 3391/4443/3 3390/4441/3
f 3391/4443/3 3408/4467/1773 3409/4468/1774
f 3409/4468/1774 3392/4445/3 3391/4443/3
f 3392/4445/3 3409/4468/1774 3410/4469/1775
f 3410/4469/1775 3393/4447/3 3392/4445/3
f 3393/4447/3 3410/4469/1775 3411/4470/1776
f 3411/4470/1776 3394/4449/3 3393/4447/3
f 3394/4449/3 3411/4470/1776 3714/4471/1777
f 3714/4471/1777 3695/4451/3 3394/4449/3
f 3696/4453/1759 3715/4472/1778 3412/4473/1779
f 3412/4473/1779 3395/4454/1760 3696/4453/1759
f 3395/4454/1760 3412/4473/1779 3413/4474/1780
f 3413/4474/1780 3396/4455/1761 3395/4454/1760
f 3396/4455/1761 3413/4474/1780 3414/4475/1781
f 3414/4475/1781 3397/4456/1762 3396/4455/1761
f 3397/4456/1762 3414/4475/1781 3415/4476/1782
f 3415/4476/1782 3398/4457/1763 3397/4456/1762
f 3398/4457/1763 3415/4476/1782 3416/4477/1783
f 3416/4477/1783 3399/4458/1764 3398/4457/1763
f 3399/4458/1764 3416/4477/1783 3417/4478/1784
f 3417/4478/1784 3400/4459/1765 3399/4458/1764
f 3400/4459/1765 3417/4478/1784 3418/4479/1785
f 3418/4479/1785 3401/4460/1766 3400/4459/1765
f 3401/4460/1766 3418/4479/1785 3419/4480/1786
f 3419/4480/1786 3402/4461/1767 3401/4460/1766
f 3402/4461/1767 3419/4480/1786 3420/4481/1787
f 3420/4481/1787 3403/4462/1768 3402/4461/1767
f 3403/4462/1768 3420/4481/1787 3421/4482/1788
f 3421/4482/1788 3404/4463/1769 3403/4462/1768
f 3404/4463/1769 3421/4482/1788 3422/4483/1789
f 3422/4483/1789 3405/4464/1770 3404/4463/1769
f 3405/4464/1770 3422/4483/1789 3423/4484/1790
f 3423/4484/1790 3406/4465/1771 3405/4464/1770
f 3406/4465/1771 3423/4484/1790 3424/4485/1791
f 3424/4485/1791 3407/4466/1772 3406/4465/1771
f 3407/4466/1772 3424/4485/1791 3425/4486/1792
f 3425/4486/1792 3408/4467/1773 3407/4466/1772
f 3408/4467/1773 3425/4486/1792 3426/4487/1793
f 3426/4487/1793 3409/4468/1774 3408/4467/1773
f 3409/4468/1774 3426/4487/1793 3427/4488/1794
f 3427/4488/1794 3410/4469/1775 3409/4468/1774
f 3410/4469/1775 3427/4488/1794 3428/4489/1795
f 3428/4489/1795 3411/4470/1776 3410/4469/1775
f 3411/4470/1776 3428/4489/1795 3733/4490/1796
f 3733/4490/1796 3714/4471/1777 3411/4470/1776
f 3715/4472/1778 3590/4321/169 3429/4320/1667
f 3429/4320/1667 3412/4473/1779 3715/4472/1778
f 3412/4473/1779 3429/4320/1667 3430/4322/1668
f 3430/4322/1668 3413/4474/1780 3412/4473/1779
f 3413/4474/1780 3430/4322/1668 3431/4323/1669
f 3431/4323/1669 3414/4475/1781 3413/4474/1780
f 3414/4475/1781 3431/4323/1669 3432/4324/1670
f 3432/4324/1670 3415/4476/1782 3414/4475/1781
f 3415/4476/1782 3432/4324/1670 3433/4325/1671
f 3433/4325/1671 3416/4477/1783 3415/4476/1782
f 3416/4477/1783 3433/4325/1671 3434/4326/1672
f 3434/4326/1672 3417/4478/1784 3416/4477/1783
f 3417/4478/1784 3434/4326/1672 3435/4327/1673
f 3435/4327/1673 3418/4479/1785 3417/4478/1784
f 3418/4479/1785 3435/4327/1673 3436/4328/1674
f 3436/4328/1674 3419/4480/1786 3418/4479/1785
f 3419/4480/1786 3436/4328/1674 3437/4329/171
f 3437/4329/171 3420/4481/1787 3419/4480/1786
f 3420/4481/1787 3437/4329/171 3438/4330/1675
f 3438/4330/1675 3421/4482/1788 3420/4481/1787
f 3421/4482/1788 3438/4330/1675 3439/4331/1676
f 3439/4331/1676 3422/4483/1789 3421/4482/1788
f 3422/4483/1789 3439/4331/1676 3440/4332/1677
f 3440/4332/1677 3423/4484/1790 3422/4483/1789
f 3423/4484/1790 3440/4332/1677 3441/4333/1678
f 3441/4333/1678 3424/4485/1791 3423/4484/1790
f 3424/4485/1791 3441/4333/1678 3442/4334/1679
f 3442/4334/1679 3425/4486/1792 3424/4485/1791
f 3425/4486/1792 3442/4334/1679 3443/4335/1680
f 3443/4335/1680 3426/4487/1793 3425/4486/1792
f 3426/4487/1793 3443/4335/1680 3444/4336/1681
f 3444/4336/1681 3427/4488/1794 3426/4487/1793
f 3427/4488/1794 3444/4336/1681 3445/4337/1682
f 3445/4337/1682 3428/4489/1795 3427/4488/1794
f 3428/4489/1795 3445/4337/1682 3446/4338/161
f 3446/4338/161 3733/4490/1796 3428/4489/1795
f 3449/4491/1797 3448/4492/1798 3447/4151/161
f 3447/4151/161 3450/4150/1538 3449/4491/1797
f 3451/4493/1799 3449/4491/1797 3450/4150/1538
f 3450/4150/1538 3452/4154/1541 3451/4493/1799
f 3453/4494/1800 3451/4493/1799 3452/4154/1541
f 3452/4154/1541 3158/4156/1543 3453/4494/1800
f 3454/4495/1801 3453/4494/1801 3158/4156/1545
f 3158/4156/1545 3159/4158/1545 3454/4495/1801
f 3456/4496/1802 3455/4497/1681 3448/4492/1798
f 3448/4492/1798 3449/4491/1797 3456/4496/1802
f 3457/4498/1803 3456/4496/1802 3449/4491/1797
f 3449/4491/1797 3451/4493/1799 3457/4498/1803
f 3458/4499/1804 3457/4498/1803 3451/4493/1799
f 3451/4493/1799 3453/4494/1800 3458/4499/1804
f 3459/4500/1805 3458/4499/1805 3453/4494/1801
f 3453/4494/1801 3454/4495/1801 3459/4500/1805
f 3461/4501/2312 3460/4502/1680 3455/4497/1681
f 3455/4497/1681 3456/4496/1802 3461/4501/2312
f 3462/4503/1807 3461/4501/2312 3456/4496/1802
f 3456/4496/1802 3457/4498/1803 3462/4503/1807
f 3463/4504/1808 3462/4503/1807 3457/4498/1803
f 3457/4498/1803 3458/4499/1804 3463/4504/1808
f 3464/4505/2313 3463/4504/2313 3458/4499/1805
f 3458/4499/1805 3459/4500/1805 3464/4505/2313
f 3466/4506/1810 3465/4507/1679 3460/4502/1680
f 3460/4502/1680 3461/4501/2312 3466/4506/1810
f 3467/4508/1811 3466/4506/1810 3461/4501/2312
f 3461/4501/2312 3462/4503/1807 3467/4508/1811
f 3468/4509/1812 3467/4508/1811 3462/4503/1807
f 3462/4503/1807 3463/4504/1808 3468/4509/1812
f 3469/4510/1813 3468/4509/1813 3463/4504/2313
f 3463/4504/2313 3464/4505/2313 3469/4510/1813
f 3471/4511/1814 3470/4512/1678 3465/4507/1679
f 3465/4507/1679 3466/4506/1810 3471/4511/1814
f 3472/4513/1815 3471/4511/1814 3466/4506/1810
f 3466/4506/1810 3467/4508/1811 3472/4513/1815
f 3473/4514/1816 3472/4513/1815 3467/4508/1811
f 3467/4508/1811 3468/4509/1812 3473/4514/1816
f 3474/4515/1817 3473/4514/1817 3468/4509/1813
f 3468/4509/1813 3469/4510/1813 3474/4515/1817
f 3476/4516/1818 3475/4517/1677 3470/4512/1678
f 3470/4512/1678 3471/4511/1814 3476/4516/1818
f 3477/4518/1819 3476/4516/1818 3471/4511/1814
f 3471/4511/1814 3472/4513/1815 3477/4518/1819
f 3478/4519/1820 3477/4518/1819 3472/4513/1815
f 3472/4513/1815 3473/4514/1816 3478/4519/1820
f 3479/4520/1821 3478/4519/1821 3473/4514/1817
f 3473/4514/1817 3474/4515/1817 3479/4520/1821
f 3481/4521/1822 3480/4522/1676 3475/4517/1677
f 3475/4517/1677 3476/4516/1818 3481/4521/1822
f 3482/4523/1823 3481/4521/1822 3476/4516/1818
f 3476/4516/1818 3477/4518/1819 3482/4523/1823
f 3483/4524/1824 3482/4523/1823 3477/4518/1819
f 3477/4518/1819 3478/4519/1820 3483/4524/1824
f 3484/4525/1825 3483/4524/1825 3478/4519/1821
f 3478/4519/1821 3479/4520/1821 3484/4525/1825
f 3486/4526/1826 3485/4527/1827 3480/4522/1676
f 3480/4522/1676 3481/4521/1822 3486/4526/1826
f 3487/4528/2314 3486/4526/1826 3481/4521/1822
f 3481/4521/1822 3482/4523/1823 3487/4528/2314
f 3488/4529/1829 3487/4528/2314 3482/4523/1823
f 3482/4523/1823 3483/4524/1824 3488/4529/1829
f 3489/4530/1830 3488/4529/1830 3483/4524/1825
f 3483/4524/1825 3484/4525/1825 3489/4530/1830
f 3491/4531/1831 3490/4532/171 3485/4527/1827
f 3485/4527/1827 3486/4526/1826 3491/4531/1831
f 3492/4533/1832 3491/4531/1831 3486/4526/1826
f 3486/4526/1826 3487/4528/2314 3492/4533/1832
f 3493/4534/2315 3492/4533/1832 3487/4528/2314
f 3487/4528/2314 3488/4529/1829 3493/4534/2315
f 3494/4535/1834 3493/4534/1834 3488/4529/1830
f 3488/4529/1830 3489/4530/1830 3494/4535/1834
f 3496/4536/1835 3495/4537/1836 3490/4532/171
f 3490/4532/171 3491/4531/1831 3496/4536/1835
f 3497/4538/1837 3496/4536/1835 3491/4531/1831
f 3491/4531/1831 3492/4533/1832 3497/4538/1837
f 3498/4539/1838 3497/4538/1837 3492/4533/1832
f 3492/4533/1832 3493/4534/2315 3498/4539/1838
f 3499/4540/1839 3498/4539/1839 3493/4534/1834
f 3493/4534/1834 3494/4535/1834 3499/4540/1839
f 3501/4541/1840 3500/4542/1673 3495/4537/1836
f 3495/4537/1836 3496/4536/1835 3501/4541/1840
f 3502/4543/1841 3501/4541/1840 3496/4536/1835
f 3496/4536/1835 3497/4538/1837 3502/4543/1841
f 3503/4544/1842 3502/4543/1841 3497/4538/1837
f 3497/4538/1837 3498/4539/1838 3503/4544/1842
f 3504/4545/1843 3503/4544/1843 3498/4539/1839
f 3498/4539/1839 3499/4540/1839 3504/4545/1843
f 3506/4546/1844 3505/4547/1672 3500/4542/1673
f 3500/4542/1673 3501/4541/1840 3506/4546/1844
f 3507/4548/1845 3506/4546/1844 3501/4541/1840
f 3501/4541/1840 3502/4543/1841 3507/4548/1845
f 3508/4549/1846 3507/4548/1845 3502/4543/1841
f 3502/4543/1841 3503/4544/1842 3508/4549/1846
f 3509/4550/1847 3508/4549/1847 3503/4544/1843
f 3503/4544/1843 3504/4545/1843 3509/4550/1847
f 3511/4551/1848 3510/4552/1671 3505/4547/1672
f 3505/4547/1672 3506/4546/1844 3511/4551/1848
f 3512/4553/1849 3511/4551/1848 3506/4546/1844
f 3506/4546/1844 3507/4548/1845 3512/4553/1849
f 3513/4554/1850 3512/4553/1849 3507/4548/1845
f 3507/4548/1845 3508/4549/1846 3513/4554/1850
f 3514/4555/1851 3513/4554/1851 3508/4549/1847
f 3508/4549/1847 3509/4550/1847 3514/4555/1851
f 3516/4556/1852 3515/4557/1670 3510/4552/1671
f 3510/4552/1671 3511/4551/1848 3516/4556/1852
f 3517/4558/1853 3516/4556/1852 3511/4551/1848
f 3511/4551/1848 3512/4553/1849 3517/4558/1853
f 3518/4559/1854 3517/4558/1853 3512/4553/1849
f 3512/4553/1849 3513/4554/1850 3518/4559/1854
f 3519/4560/1855 3518/4559/1855 3513/4554/1851
f 3513/4554/1851 3514/4555/1851 3519/4560/1855
f 3521/4561/1856 3520/4562/1669 3515/4557/1670
f 3515/4557/1670 3516/4556/1852 3521/4561/1856
f 3522/4563/1857 3521/4561/1856 3516/4556/1852
f 3516/4556/1852 3517/4558/1853 3522/4563/1857
f 3523/4564/1858 3522/4563/1857 3517/4558/1853
f 3517/4558/1853 3518/4559/1854 3523/4564/1858
f 3524/4565/2316 3523/4564/2316 3518/4559/1855
f 3518/4559/1855 3519/4560/1855 3524/4565/2316
f 3526/4566/1860 3525/4567/1668 3520/4562/1669
f 3520/4562/1669 3521/4561/1856 3526/4566/1860
f 3527/4568/1861 3526/4566/1860 3521/4561/1856
f 3521/4561/1856 3522/4563/1857 3527/4568/1861
f 3528/4569/1862 3527/4568/1861 3522/4563/1857
f 3522/4563/1857 3523/4564/1858 3528/4569/1862
f 3529/4570/1863 3528/4569/1863 3523/4564/2316
f 3523/4564/2316 3524/4565/2316 3529/4570/1863
f 3531/4571/1864 3530/4572/1865 3525/4567/1668
f 3525/4567/1668 3526/4566/1860 3531/4571/1864
f 3532/4573/1866 3531/4571/1864 3526/4566/1860
f 3526/4566/1860 3527/4568/1861 3532/4573/1866
f 3533/4574/1867 3532/4573/1866 3527/4568/1861
f 3527/4568/1861 3528/4569/1862 3533/4574/1867
f 3534/4575/1868 3533/4574/1868 3528/4569/1863
f 3528/4569/1863 3529/4570/1863 3534/4575/1868
f 3229/4239/1625 3373/4240/169 3530/4572/1865
f 3530/4572/1865 3531/4571/1864 3229/4239/1625
f 3230/4241/1626 3229/4239/1625 3531/4571/1864
f 3531/4571/1864 3532/4573/1866 3230/4241/1626
f 3535/4242/1627 3230/4241/1626 3532/4573/1866
f 3532/4573/1866 3533/4574/1867 3535/4242/1627
f 3536/4243/1628 3535/4242/1628 3533/4574/1868
f 3533/4574/1868 3534/4575/1868 3536/4243/1628
f 3159/4244/161 3231/4247/161 3537/4576/1798
f 3537/4576/1798 3454/4577/1798 3159/4244/161
f 3454/4577/1798 3537/4576/1798 3538/4578/1681
f 3538/4578/1681 3459/4579/1681 3454/4577/1798
f 3459/4579/1681 3538/4578/1681 3539/4580/1680
f 3539/4580/1680 3464/4581/1680 3459/4579/1681
f 3464/4581/1680 3539/4580/1680 3540/4582/1679
f 3540/4582/1679 3469/4583/1679 3464/4581/1680
f 3469/4583/1679 3540/4582/1679 3541/4584/1678
f 3541/4584/1678 3474/4585/1678 3469/4583/1679
f 3474/4585/1678 3541/4584/1678 3542/4586/1677
f 3542/4586/1677 3479/4587/1677 3474/4585/1678
f 3479/4587/1677 3542/4586/1677 3543/4588/1676
f 3543/4588/1676 3484/4589/1676 3479/4587/1677
f 3484/4589/1676 3543/4588/1676 3544/4590/1827
f 3544/4590/1827 3489/4591/1827 3484/4589/1676
f 3489/4591/1827 3544/4590/1827 3545/4592/171
f 3545/4592/171 3494/4593/171 3489/4591/1827
f 3494/4593/171 3545/4592/171 3546/4594/1836
f 3546/4594/1836 3499/4595/1836 3494/4593/171
f 3499/4595/1836 3546/4594/1836 3547/4596/1673
f 3547/4596/1673 3504/4597/1673 3499/4595/1836
f 3504/4597/1673 3547/4596/1673 3548/4598/1672
f 3548/4598/1672 3509/4599/1672 3504/4597/1673
f 3509/4599/1672 3548/4598/1672 3549/4600/1671
f 3549/4600/1671 3514/4601/1671 3509/4599/1672
f 3514/4601/1671 3549/4600/1671 3550/4602/1670
f 3550/4602/1670 3519/4603/1670 3514/4601/1671
f 3519/4603/1670 3550/4602/1670 3551/4604/1669
f 3551/4604/1669 3524/4605/1669 3519/4603/1670
f 3524/4605/1669 3551/4604/1669 3552/4606/1668
f 3552/4606/1668 3529/4607/1668 3524/4605/1669
f 3529/4607/1668 3552/4606/1668 3553/4608/1865
f 3553/4608/1865 3534/4609/1865 3529/4607/1668
f 3534/4609/1865 3553/4608/1865 3249/4281/169
f 3249/4281/169 3536/4280/169 3534/4609/1865
f 3231/4247/2 3250/4283/1630 3554/4610/1869
f 3554/4610/1869 3537/4576/2 3231/4247/2
f 3537/4576/2 3554/4610/1869 3555/4611/1870
f 3555/4611/1870 3538/4578/2 3537/4576/2
f 3538/4578/2 3555/4611/1870 3556/4612/1871
f 3556/4612/1871 3539/4580/2 3538/4578/2
f 3539/4580/2 3556/4612/1871 3557/4613/1872
f 3557/4613/1872 3540/4582/2 3539/4580/2
f 3540/4582/2 3557/4613/1872 3558/4614/1873
f 3558/4614/1873 3541/4584/2 3540/4582/2
f 3541/4584/2 3558/4614/1873 3559/4615/1874
f 3559/4615/1874 3542/4586/2 3541/4584/2
f 3542/4586/2 3559/4615/1874 3560/4616/1875
f 3560/4616/1875 3543/4588/2 3542/4586/2
f 3543/4588/2 3560/4616/1875 3561/4617/1876
f 3561/4617/1876 3544/4590/2 3543/4588/2
f 3544/4590/2 3561/4617/1876 3562/4618/1877
f 3562/4618/1877 3545/4592/2 3544/4590/2
f 3545/4592/2 3562/4618/1877 3563/4619/1878
f 3563/4619/1878 3546/4594/2 3545/4592/2
f 3546/4594/2 3563/4619/1878 3564/4620/1879
f 3564/4620/1879 3547/4596/2 3546/4594/2
f 3547/4596/2 3564/4620/1879 3565/4621/1880
f 3565/4621/1880 3548/4598/2 3547/4596/2
f 3548/4598/2 3565/4621/1880 3566/4622/1881
f 3566/4622/1881 3549/4600/2 3548/4598/2
f 3549/4600/2 3566/4622/1881 3567/4623/1882
f 3567/4623/1882 3550/4602/2 3549/4600/2
f 3550/4602/2 3567/4623/1882 3568/4624/1883
f 3568/4624/1883 3551/4604/2 3550/4602/2
f 3551/4604/2 3568/4624/1883 3569/4625/1884
f 3569/4625/1884 3552/4606/2 3551/4604/2
f 3552/4606/2 3569/4625/1884 3570/4626/1885
f 3570/4626/1885 3553/4608/2 3552/4606/2
f 3553/4608/2 3570/4626/1885 3571/4300/1647
f 3571/4300/1647 3249/4281/2 3553/4608/2
f 3250/4283/1630 3268/4302/1649 3572/4627/1886
f 3572/4627/1886 3554/4610/1869 3250/4283/1630
f 3554/4610/1869 3572/4627/1886 3573/4628/1887
f 3573/4628/1887 3555/4611/1870 3554/4610/1869
f 3555/4611/1870 3573/4628/1887 3574/4629/1888
f 3574/4629/1888 3556/4612/1871 3555/4611/1870
f 3556/4612/1871 3574/4629/1888 3575/4630/1889
f 3575/4630/1889 3557/4613/1872 3556/4612/1871
f 3557/4613/1872 3575/4630/1889 3576/4631/1890
f 3576/4631/1890 3558/4614/1873 3557/4613/1872
f 3558/4614/1873 3576/4631/1890 3577/4632/1891
f 3577/4632/1891 3559/4615/1874 3558/4614/1873
f 3559/4615/1874 3577/4632/1891 3578/4633/1892
f 3578/4633/1892 3560/4616/1875 3559/4615/1874
f 3560/4616/1875 3578/4633/1892 3579/4634/1893
f 3579/4634/1893 3561/4617/1876 3560/4616/1875
f 3561/4617/1876 3579/4634/1893 3580/4635/1894
f 3580/4635/1894 3562/4618/1877 3561/4617/1876
f 3562/4618/1877 3580/4635/1894 3581/4636/1895
f 3581/4636/1895 3563/4619/1878 3562/4618/1877
f 3563/4619/1878 3581/4636/1895 3582/4637/1896
f 3582/4637/1896 3564/4620/1879 3563/4619/1878
f 3564/4620/1879 3582/4637/1896 3583/4638/1897
f 3583/4638/1897 3565/4621/1880 3564/4620/1879
f 3565/4621/1880 3583/4638/1897 3584/4639/1898
f 3584/4639/1898 3566/4622/1881 3565/4621/1880
f 3566/4622/1881 3584/4639/1898 3585/4640/1899
f 3585/4640/1899 3567/4623/1882 3566/4622/1881
f 3567/4623/1882 3585/4640/1899 3586/4641/1900
f 3586/4641/1900 3568/4624/1883 3567/4623/1882
f 3568/4624/1883 3586/4641/1900 3587/4642/1901
f 3587/4642/1901 3569/4625/1884 3568/4624/1883
f 3569/4625/1884 3587/4642/1901 3588/4643/1902
f 3588/4643/1902 3570/4626/1885 3569/4625/1884
f 3570/4626/1885 3588/4643/1902 3286/4319/1666
f 3286/4319/1666 3571/4300/1647 3570/4626/1885
f 3268/4302/1649 3590/4321/169 3589/4644/1903
f 3589/4644/1903 3572/4627/1886 3268/4302/1649
f 3572/4627/1886 3589/4644/1903 3591/4645/1616
f 3591/4645/1616 3573/4628/1887 3572/4627/1886
f 3573/4628/1887 3591/4645/1616 3592/4646/1611
f 3592/4646/1611 3574/4629/1888 3573/4628/1887
f 3574/4629/1888 3592/4646/1611 3593/4647/1606
f 3593/4647/1606 3575/4630/1889 3574/4629/1888
f 3575/4630/1889 3593/4647/1606 3594/4648/1601
f 3594/4648/1601 3576/4631/1890 3575/4630/1889
f 3576/4631/1890 3594/4648/1601 3595/4649/1596
f 3595/4649/1596 3577/4632/1891 3576/4631/1890
f 3577/4632/1891 3595/4649/1596 3596/4650/1591
f 3596/4650/1591 3578/4633/1892 3577/4632/1891
f 3578/4633/1892 3596/4650/1591 3597/4651/1904
f 3597/4651/1904 3579/4634/1893 3578/4633/1892
f 3579/4634/1893 3597/4651/1904 3598/4652/164
f 3598/4652/164 3580/4635/1894 3579/4634/1893
f 3580/4635/1894 3598/4652/164 3599/4653/1905
f 3599/4653/1905 3581/4636/1895 3580/4635/1894
f 3581/4636/1895 3599/4653/1905 3600/4654/1572
f 3600/4654/1572 3582/4637/1896 3581/4636/1895
f 3582/4637/1896 3600/4654/1572 3601/4655/1567
f 3601/4655/1567 3583/4638/1897 3582/4637/1896
f 3583/4638/1897 3601/4655/1567 3602/4656/1562
f 3602/4656/1562 3584/4639/1898 3583/4638/1897
f 3584/4639/1898 3602/4656/1562 3603/4657/1557
f 3603/4657/1557 3585/4640/1899 3584/4639/1898
f 3585/4640/1899 3603/4657/1557 3604/4658/1552
f 3604/4658/1552 3586/4641/1900 3585/4640/1899
f 3586/4641/1900 3604/4658/1552 3605/4659/1547
f 3605/4659/1547 3587/4642/1901 3586/4641/1900
f 3587/4642/1901 3605/4659/1547 3606/4660/1906
f 3606/4660/1906 3588/4643/1902 3587/4642/1901
f 3588/4643/1902 3606/4660/1906 3446/4338/161
f 3446/4338/161 3286/4319/1666 3588/4643/1902
f 3608/4661/1907 3607/4340/1684 3447/4151/161
f 3447/4151/161 3448/4492/1798 3608/4661/1907
f 3610/4662/1908 3609/4342/1686 3607/4340/1684
f 3607/4340/1684 3608/4661/1907 3610/4662/1908
f 3611/4663/1909 3290/4344/2304 3609/4342/1686
f 3609/4342/1686 3610/4662/1908 3611/4663/1909
f 3612/4664/1910 3292/4346/1690 3290/4344/1690
f 3290/4344/1690 3611/4663/1910 3612/4664/1910
f 3613/4665/1911 3608/4661/1907 3448/4492/1798
f 3448/4492/1798 3455/4497/1681 3613/4665/1911
f 3614/4666/1912 3610/4662/1908 3608/4661/1907
f 3608/4661/1907 3613/4665/1911 3614/4666/1912
f 3615/4667/1913 3611/4663/1909 3610/4662/1908
f 3610/4662/1908 3614/4666/1912 3615/4667/1913
f 3616/4668/1914 3612/4664/1910 3611/4663/1910
f 3611/4663/1910 3615/4667/1914 3616/4668/1914
f 3617/4669/2317 3613/4665/1911 3455/4497/1681
f 3455/4497/1681 3460/4502/1680 3617/4669/2317
f 3618/4670/1916 3614/4666/1912 3613/4665/1911
f 3613/4665/1911 3617/4669/2317 3618/4670/1916
f 3619/4671/1917 3615/4667/1913 3614/4666/1912
f 3614/4666/1912 3618/4670/1916 3619/4671/1917
f 3620/4672/2318 3616/4668/1914 3615/4667/1914
f 3615/4667/1914 3619/4671/2318 3620/4672/2318
f 3621/4673/1919 3617/4669/2317 3460/4502/1680
f 3460/4502/1680 3465/4507/1679 3621/4673/1919
f 3622/4674/1920 3618/4670/1916 3617/4669/2317
f 3617/4669/2317 3621/4673/1919 3622/4674/1920
f 3623/4675/1921 3619/4671/1917 3618/4670/1916
f 3618/4670/1916 3622/4674/1920 3623/4675/1921
f 3624/4676/1922 3620/4672/2318 3619/4671/2318
f 3619/4671/2318 3623/4675/1922 3624/4676/1922
f 3625/4677/1923 3621/4673/1919 3465/4507/1679
f 3465/4507/1679 3470/4512/1678 3625/4677/1923
f 3626/4678/1924 3622/4674/1920 3621/4673/1919
f 3621/4673/1919 3625/4677/1923 3626/4678/1924
f 3627/4679/1925 3623/4675/1921 3622/4674/1920
f 3622/4674/1920 3626/4678/1924 3627/4679/1925
f 3628/4680/1926 3624/4676/1922 3623/4675/1922
f 3623/4675/1922 3627/4679/1926 3628/4680/1926
f 3629/4681/1927 3625/4677/1923 3470/4512/1678
f 3470/4512/1678 3475/4517/1677 3629/4681/1927
f 3630/4682/1928 3626/4678/1924 3625/4677/1923
f 3625/4677/1923 3629/4681/1927 3630/4682/1928
f 3631/4683/1929 3627/4679/1925 3626/4678/1924
f 3626/4678/1924 3630/4682/1928 3631/4683/1929
f 3632/4684/1930 3628/4680/1926 3627/4679/1926
f 3627/4679/1926 3631/4683/1930 3632/4684/1930
f 3633/4685/1931 3629/4681/1927 3475/4517/1677
f 3475/4517/1677 3480/4522/1676 3633/4685/1931
f 3634/4686/1932 3630/4682/1928 3629/4681/1927
f 3629/4681/1927 3633/4685/1931 3634/4686/1932
f 3635/4687/1933 3631/4683/1929 3630/4682/1928
f 3630/4682/1928 3634/4686/1932 3635/4687/1933
f 3636/4688/1934 3632/4684/1930 3631/4683/1930
f 3631/4683/1930 3635/4687/1934 3636/4688/1934
f 3637/4689/1935 3633/4685/1931 3480/4522/1676
f 3480/4522/1676 3485/4527/1827 3637/4689/1935
f 3638/4690/2319 3634/4686/1932 3633/4685/1931
f 3633/4685/1931 3637/4689/1935 3638/4690/2319
f 3639/4691/1937 3635/4687/1933 3634/4686/1932
f 3634/4686/1932 3638/4690/2319 3639/4691/1937
f 3640/4692/1938 3636/4688/1934 3635/4687/1934
f 3635/4687/1934 3639/4691/1938 3640/4692/1938
f 3641/4693/1939 3637/4689/1935 3485/4527/1827
f 3485/4527/1827 3490/4532/171 3641/4693/1939
f 3642/4694/1940 3638/4690/2319 3637/4689/1935
f 3637/4689/1935 3641/4693/1939 3642/4694/1940
f 3643/4695/2320 3639/4691/1937 3638/4690/2319
f 3638/4690/2319 3642/4694/1940 3643/4695/2320
f 3644/4696/1942 3640/4692/1938 3639/4691/1938
f 3639/4691/1938 3643/4695/1942 3644/4696/1942
f 3645/4697/1943 3641/4693/1939 3490/4532/171
f 3490/4532/171 3495/4537/1836 3645/4697/1943
f 3646/4698/2321 3642/4694/1940 3641/4693/1939
f 3641/4693/1939 3645/4697/1943 3646/4698/2321
f 3647/4699/1945 3643/4695/2320 3642/4694/1940
f 3642/4694/1940 3646/4698/2321 3647/4699/1945
f 3648/4700/1946 3644/4696/1942 3643/4695/1942
f 3643/4695/1942 3647/4699/1946 3648/4700/1946
f 3649/4701/1947 3645/4697/1943 3495/4537/1836
f 3495/4537/1836 3500/4542/1673 3649/4701/1947
f 3650/4702/1948 3646/4698/2321 3645/4697/1943
f 3645/4697/1943 3649/4701/1947 3650/4702/1948
f 3651/4703/1949 3647/4699/1945 3646/4698/2321
f 3646/4698/2321 3650/4702/1948 3651/4703/1949
f 3652/4704/1950 3648/4700/1946 3647/4699/1946
f 3647/4699/1946 3651/4703/1950 3652/4704/1950
f 3653/4705/1951 3649/4701/1947 3500/4542/1673
f 3500/4542/1673 3505/4547/1672 3653/4705/1951
f 3654/4706/1952 3650/4702/1948 3649/4701/1947
f 3649/4701/1947 3653/4705/1951 3654/4706/1952
f 3655/4707/1953 3651/4703/1949 3650/4702/1948
f 3650/4702/1948 3654/4706/1952 3655/4707/1953
f 3656/4708/1954 3652/4704/1950 3651/4703/1950
f 3651/4703/1950 3655/4707/1954 3656/4708/1954
f 3657/4709/1955 3653/4705/1951 3505/4547/1672
f 3505/4547/1672 3510/4552/1671 3657/4709/1955
f 3658/4710/1956 3654/4706/1952 3653/4705/1951
f 3653/4705/1951 3657/4709/1955 3658/4710/1956
f 3659/4711/1957 3655/4707/1953 3654/4706/1952
f 3654/4706/1952 3658/4710/1956 3659/4711/1957
f 3660/4712/1958 3656/4708/1954 3655/4707/1954
f 3655/4707/1954 3659/4711/1958 3660/4712/1958
f 3661/4713/1959 3657/4709/1955 3510/4552/1671
f 3510/4552/1671 3515/4557/1670 3661/4713/1959
f 3662/4714/1960 3658/4710/1956 3657/4709/1955
f 3657/4709/1955 3661/4713/1959 3662/4714/1960
f 3663/4715/1961 3659/4711/1957 3658/4710/1956
f 3658/4710/1956 3662/4714/1960 3663/4715/1961
f 3664/4716/1962 3660/4712/1958 3659/4711/1958
f 3659/4711/1958 3663/4715/1962 3664/4716/1962
f 3665/4717/2322 3661/4713/1959 3515/4557/1670
f 3515/4557/1670 3520/4562/1669 3665/4717/2322
f 3666/4718/1964 3662/4714/1960 3661/4713/1959
f 3661/4713/1959 3665/4717/2322 3666/4718/1964
f 3667/4719/1965 3663/4715/1961 3662/4714/1960
f 3662/4714/1960 3666/4718/1964 3667/4719/1965
f 3668/4720/2323 3664/4716/1962 3663/4715/1962
f 3663/4715/1962 3667/4719/2323 3668/4720/2323
f 3669/4721/1967 3665/4717/2322 3520/4562/1669
f 3520/4562/1669 3525/4567/1668 3669/4721/1967
f 3670/4722/1968 3666/4718/1964 3665/4717/2322
f 3665/4717/2322 3669/4721/1967 3670/4722/1968
f 3671/4723/1969 3667/4719/1965 3666/4718/1964
f 3666/4718/1964 3670/4722/1968 3671/4723/1969
f 3672/4724/1970 3668/4720/2323 3667/4719/2323
f 3667/4719/2323 3671/4723/1970 3672/4724/1970
f 3673/4725/1971 3669/4721/1967 3525/4567/1668
f 3525/4567/1668 3530/4572/1865 3673/4725/1971
f 3674/4726/1972 3670/4722/1968 3669/4721/1967
f 3669/4721/1967 3673/4725/1971 3674/4726/1972
f 3675/4727/1973 3671/4723/1969 3670/4722/1968
f 3670/4722/1968 3674/4726/1972 3675/4727/1973
f 3676/4728/1974 3672/4724/1970 3671/4723/1970
f 3671/4723/1970 3675/4727/1974 3676/4728/1974
f 3374/4411/1755 3673/4725/1971 3530/4572/1865
f 3530/4572/1865 3373/4240/169 3374/4411/1755
f 3375/4412/1756 3674/4726/1972 3673/4725/1971
f 3673/4725/1971 3374/4411/1755 3375/4412/1756
f 3376/4413/1757 3675/4727/1973 3674/4726/1972
f 3674/4726/1972 3375/4412/1756 3376/4413/1757
f 3677/4414/1758 3676/4728/1974 3675/4727/1974
f 3675/4727/1974 3376/4413/1758 3677/4414/1758
f 3292/4415/161 3612/4729/1798 3678/4730/1798
f 3678/4730/1798 3378/4416/161 3292/4415/161
f 3612/4729/1798 3616/4731/1681 3679/4732/1681
f 3679/4732/1681 3678/4730/1798 3612/4729/1798
f 3616/4731/1681 3620/4733/1680 3680/4734/1680
f 3680/4734/1680 3679/4732/1681 3616/4731/1681
f 3620/4733/1680 3624/4735/1679 3681/4736/1679
f 3681/4736/1679 3680/4734/1680 3620/4733/1680
f 3624/4735/1679 3628/4737/1678 3682/4738/1678
f 3682/4738/1678 3681/4736/1679 3624/4735/1679
f 3628/4737/1678 3632/4739/1677 3683/4740/1677
f 3683/4740/1677 3682/4738/1678 3628/4737/1678
f 3632/4739/1677 3636/4741/1676 3684/4742/1676
f 3684/4742/1676 3683/4740/1677 3632/4739/1677
f 3636/4741/1676 3640/4743/1827 3685/4744/1827
f 3685/4744/1827 3684/4742/1676 3636/4741/1676
f 3640/4743/1827 3644/4745/171 3686/4746/171
f 3686/4746/171 3685/4744/1827 3640/4743/1827
f 3644/4745/171 3648/4747/1836 3687/4748/1836
f 3687/4748/1836 3686/4746/171 3644/4745/171
f 3648/4747/1836 3652/4749/1673 3688/4750/1673
f 3688/4750/1673 3687/4748/1836 3648/4747/1836
f 3652/4749/1673 3656/4751/1672 3689/4752/1672
f 3689/4752/1672 3688/4750/1673 3652/4749/1673
f 3656/4751/1672 3660/4753/1671 3690/4754/1671
f 3690/4754/1671 3689/4752/1672 3656/4751/1672
f 3660/4753/1671 3664/4755/1670 3691/4756/1670
f 3691/4756/1670 3690/4754/1671 3660/4753/1671
f 3664/4755/1670 3668/4757/1669 3692/4758/1669
f 3692/4758/1669 3691/4756/1670 3664/4755/1670
f 3668/4757/1669 3672/4759/1668 3693/4760/1668
f 3693/4760/1668 3692/4758/1669 3668/4757/1669
f 3672/4759/1668 3676/4761/1865 3694/4762/1865
f 3694/4762/1865 3693/4760/1668 3672/4759/1668
f 3676/4761/1865 3677/4452/169 3695/4451/169
f 3695/4451/169 3694/4762/1865 3676/4761/1865
f 3378/4416/3 3678/4730/3 3697/4763/1975
f 3697/4763/1975 3696/4453/1759 3378/4416/3
f 3678/4730/3 3679/4732/3 3698/4764/1976
f 3698/4764/1976 3697/4763/1975 3678/4730/3
f 3679/4732/3 3680/4734/3 3699/4765/1977
f 3699/4765/1977 3698/4764/1976 3679/4732/3
f 3680/4734/3 3681/4736/3 3700/4766/1978
f 3700/4766/1978 3699/4765/1977 3680/4734/3
f 3681/4736/3 3682/4738/3 3701/4767/1979
f 3701/4767/1979 3700/4766/1978 3681/4736/3
f 3682/4738/3 3683/4740/3 3702/4768/1980
f 3702/4768/1980 3701/4767/1979 3682/4738/3
f 3683/4740/3 3684/4742/3 3703/4769/1981
f 3703/4769/1981 3702/4768/1980 3683/4740/3
f 3684/4742/3 3685/4744/3 3704/4770/1982
f 3704/4770/1982 3703/4769/1981 3684/4742/3
f 3685/4744/3 3686/4746/3 3705/4771/1983
f 3705/4771/1983 3704/4770/1982 3685/4744/3
f 3686/4746/3 3687/4748/3 3706/4772/1984
f 3706/4772/1984 3705/4771/1983 3686/4746/3
f 3687/4748/3 3688/4750/3 3707/4773/1985
f 3707/4773/1985 3706/4772/1984 3687/4748/3
f 3688/4750/3 3689/4752/3 3708/4774/1986
f 3708/4774/1986 3707/4773/1985 3688/4750/3
f 3689/4752/3 3690/4754/3 3709/4775/1987
f 3709/4775/1987 3708/4774/1986 3689/4752/3
f 3690/4754/3 3691/4756/3 3710/4776/1988
f 3710/4776/1988 3709/4775/1987 3690/4754/3
f 3691/4756/3 3692/4758/3 3711/4777/1989
f 3711/4777/1989 3710/4776/1988 3691/4756/3
f 3692/4758/3 3693/4760/3 3712/4778/1990
f 3712/4778/1990 3711/4777/1989 3692/4758/3
f 3693/4760/3 3694/4762/3 3713/4779/1991
f 3713/4779/1991 3712/4778/1990 3693/4760/3
f 3694/4762/3 3695/4451/3 3714/4471/1777
f 3714/4471/1777 3713/4779/1991 3694/4762/3
f 3696/4453/1759 3697/4763/1975 3716/4780/1992
f 3716/4780/1992 3715/4472/1778 3696/4453/1759
f 3697/4763/1975 3698/4764/1976 3717/4781/1993
f 3717/4781/1993 3716/4780/1992 3697/4763/1975
f 3698/4764/1976 3699/4765/1977 3718/4782/1994
f 3718/4782/1994 3717/4781/1993 3698/4764/1976
f 3699/4765/1977 3700/4766/1978 3719/4783/1995
f 3719/4783/1995 3718/4782/1994 3699/4765/1977
f 3700/4766/1978 3701/4767/1979 3720/4784/1996
f 3720/4784/1996 3719/4783/1995 3700/4766/1978
f 3701/4767/1979 3702/4768/1980 3721/4785/1997
f 3721/4785/1997 3720/4784/1996 3701/4767/1979
f 3702/4768/1980 3703/4769/1981 3722/4786/1998
f 3722/4786/1998 3721/4785/1997 3702/4768/1980
f 3703/4769/1981 3704/4770/1982 3723/4787/1999
f 3723/4787/1999 3722/4786/1998 3703/4769/1981
f 3704/4770/1982 3705/4771/1983 3724/4788/2000
f 3724/4788/2000 3723/4787/1999 3704/4770/1982
f 3705/4771/1983 3706/4772/1984 3725/4789/2001
f 3725/4789/2001 3724/4788/2000 3705/4771/1983
f 3706/4772/1984 3707/4773/1985 3726/4790/2002
f 3726/4790/2002 3725/4789/2001 3706/4772/1984
f 3707/4773/1985 3708/4774/1986 3727/4791/2003
f 3727/4791/2003 3726/4790/2002 3707/4773/1985
f 3708/4774/1986 3709/4775/1987 3728/4792/2004
f 3728/4792/2004 3727/4791/2003 3708/4774/1986
f 3709/4775/1987 3710/4776/1988 3729/4793/2005
f 3729/4793/2005 3728/4792/2004 3709/4775/1987
f 3710/4776/1988 3711/4777/1989 3730/4794/2006
f 3730/4794/2006 3729/4793/2005 3710/4776/1988
f 3711/4777/1989 3712/4778/1990 3731/4795/2007
f 3731/4795/2007 3730/4794/2006 3711/4777/1989
f 3712/4778/1990 3713/4779/1991 3732/4796/2008
f 3732/4796/2008 3731/4795/2007 3712/4778/1990
f 3713/4779/1991 3714/4471/1777 3733/4490/1796
f 3733/4490/1796 3732/4796/2008 3713/4779/1991
f 3715/4472/1778 3716/4780/1992 3589/4644/1903
f 3589/4644/1903 3590/4321/169 3715/4472/1778
f 3716/4780/1992 3717/4781/1993 3591/4645/1616
f 3591/4645/1616 3589/4644/1903 3716/4780/1992
f 3717/4781/1993 3718/4782/1994 3592/4646/1611
f 3592/4646/1611 3591/4645/1616 3717/4781/1993
f 3718/4782/1994 3719/4783/1995 3593/4647/1606
f 3593/4647/1606 3592/4646/1611 3718/4782/1994
f 3719/4783/1995 3720/4784/1996 3594/4648/1601
f 3594/4648/1601 3593/4647/1606 3719/4783/1995
f 3720/4784/1996 3721/4785/1997 3595/4649/1596
f 3595/4649/1596 3594/4648/1601 3720/4784/1996
f 3721/4785/1997 3722/4786/1998 3596/4650/1591
f 3596/4650/1591 3595/4649/1596 3721/4785/1997
f 3722/4786/1998 3723/4787/1999 3597/4651/1904
f 3597/4651/1904 3596/4650/1591 3722/4786/1998
f 3723/4787/1999 3724/4788/2000 3598/4652/164
f 3598/4652/164 3597/4651/1904 3723/4787/1999
f 3724/4788/2000 3725/4789/2001 3599/4653/1905
f 3599/4653/1905 3598/4652/164 3724/4788/2000
f 3725/4789/2001 3726/4790/2002 3600/4654/1572
f 3600/4654/1572 3599/4653/1905 3725/4789/2001
f 3726/4790/2002 3727/4791/2003 3601/4655/1567
f 3601/4655/1567 3600/4654/1572 3726/4790/2002
f 3727/4791/2003 3728/4792/2004 3602/4656/1562
f 3602/4656/1562 3601/4655/1567 3727/4791/2003
f 3728/4792/2004 3729/4793/2005 3603/4657/1557
f 3603/4657/1557 3602/4656/1562 3728/4792/2004
f 3729/4793/2005 3730/4794/2006 3604/4658/1552
f 3604/4658/1552 3603/4657/1557 3729/4793/2005
f 3730/4794/2006 3731/4795/2007 3605/4659/1547
f 3605/4659/1547 3604/4658/1552 3730/4794/2006
f 3731/4795/2007 3732/4796/2008 3606/4660/1906
f 3606/4660/1906 3605/4659/1547 3731/4795/2007
f 3732/4796/2008 3733/4490/1796 3446/4338/161
f 3446/4338/161 3606/4660/1906 3732/4796/2008
f 3734/4797/2009 3738/4798/2010 3737/4799/2011
f 3737/4799/2011 3735/4800/2012 3734/4797/2009
f 3736/4801/2013 3739/4802/2014 3738/4803/2010
f 3738/4803/2010 3734/4804/2009 3736/4801/2013
f 3735/4800/2012 3737/4799/2011 3739/4802/2014
f 3739/4802/2014 3736/4801/2013 3735/4800/2012
f 3740/4805/2015 3744/4806/2016 3743/4807/2017
f 3743/4807/2017 3741/4808/2018 3740/4805/2015
f 3742/4809/2019 3745/4810/2324 3744/4806/2016
f 3744/4806/2016 3740/4805/2015 3742/4809/2019
f 3741/4811/2018 3743/4812/2017 3745/4810/2324
f 3745/4810/2324 3742/4809/2019 3741/4811/2018
f 3746/4813/2021 3750/4814/2022 3749/4815/2023
f 3749/4815/2023 3747/4816/2024 3746/4813/2021
f 3748/4817/2025 3751/4818/2026 3750/4819/2022
f 3750/4819/2022 3746/4820/2021 3748/4817/2025
f 3747/4816/2024 3749/4815/2023 3751/4818/2026
f 3751/4818/2026 3748/4817/2025 3747/4816/2024
f 3752/4821/2027 3756/4822/2028 3755/4823/2029
f 3755/4823/2029 3753/4824/2030 3752/4821/2027
f 3754/4825/2031 3757/4826/2032 3756/4822/2028
f 3756/4822/2028 3752/4821/2027 3754/4825/2031
f 3753/4827/2030 3755/4828/2029 3757/4826/2032
f 3757/4826/2032 3754/4825/2031 3753/4827/2030
f 3758/4829/2033 3762/4830/2034 3761/4831/2035
f 3761/4831/2035 3759/4832/2036 3758/4829/2033
f 3760/4833/2037 3763/4834/2038 3762/4835/2034
f 3762/4835/2034 3758/4836/2033 3760/4833/2037
f 3759/4832/2036 3761/4831/2035 3763/4834/2038
f 3763/4834/2038 3760/4833/2037 3759/4832/2036
f 3764/4837/2039 3768/4838/2040 3767/4839/2041
f 3767/4839/2041 3765/4840/2042 3764/4837/2039
f 3766/4841/2043 3769/4842/2044 3768/4838/2040
f 3768/4838/2040 3764/4837/2039 3766/4841/2043
f 3765/4843/2042 3767/4844/2041 3769/4842/2044
f 3769/4842/2044 3766/4841/2043 3765/4843/2042
f 3770/4845/2045 3774/4846/2046 3773/4847/2047
f 3773/4847/2047 3771/4848/2048 3770/4845/2045
f 3772/4849/2049 3775/4850/2050 3774/4851/2046
f 3774/4851/2046 3770/4852/2045 3772/4849/2049
f 3771/4848/2048 3773/4847/2047 3775/4850/2050
f 3775/4850/2050 3772/4849/2049 3771/4848/2048
f 3776/4853/2051 3780/4854/2052 3779/4855/2053
f 3779/4855/2053 3777/4856/2054 3776/4853/2051
f 3778/4857/2055 3781/4858/2325 3780/4854/2052
f 3780/4854/2052 3776/4853/2051 3778/4857/2055
f 3777/4859/2054 3779/4860/2053 3781/4858/2325
f 3781/4858/2325 3778/4857/2055 3777/4859/2054
f 3782/4861/2057 3786/4862/2058 3785/4863/2059
f 3785/4863/2059 3783/4864/2060 3782/4861/2057
f 3784/4865/2061 3787/4866/2062 3786/4867/2058
f 3786/4867/2058 3782/4868/2057 3784/4865/2061
f 3783/4864/2060 3785/4863/2059 3787/4866/2062
f 3787/4866/2062 3784/4865/2061 3783/4864/2060
f 3788/4869/2063 3792/4870/2064 3791/4871/2065
f 3791/4871/2065 3789/4872/2066 3788/4869/2063
f 3790/4873/2326 3793/4874/2327 3792/4870/2064
f 3792/4870/2064 3788/4869/2063 3790/4873/2326
f 3789/4875/2066 3791/4876/2065 3793/4874/2327
f 3793/4874/2327 3790/4873/2326 3789/4875/2066
f 3794/4877/2069 3798/4878/2070 3797/4879/2071
f 3797/4879/2071 3795/4880/2072 3794/4877/2069
f 3796/4881/2073 3799/4882/2074 3798/4883/2070
f 3798/4883/2070 3794/4884/2069 3796/4881/2073
f 3795/4880/2072 3797/4879/2071 3799/4882/2074
f 3799/4882/2074 3796/4881/2073 3795/4880/2072
f 3800/4885/2075 3804/4886/2076 3803/4887/2077
f 3803/4887/2077 3801/4888/2078 3800/4885/2075
f 3802/4889/2079 3805/4890/2328 3804/4886/2076
f 3804/4886/2076 3800/4885/2075 3802/4889/2079
f 3801/4891/2078 3803/4892/2077 3805/4890/2328
f 3805/4890/2328 3802/4889/2079 3801/4891/2078
f 3806/4893/2081 3810/4894/2082 3809/4895/2083
f 3809/4895/2083 3807/4896/2084 3806/4893/2081
f 3808/4897/2085 3811/4898/2086 3810/4899/2082
f 3810/4899/2082 3806/4900/2081 3808/4897/2085
f 3807/4896/2084 3809/4895/2083 3811/4898/2086
f 3811/4898/2086 3808/4897/2085 3807/4896/2084
f 3812/4901/2329 3816/4902/2088 3815/4903/2089
f 3815/4903/2089 3813/4904/2090 3812/4901/2329
f 3814/4905/2091 3817/4906/2092 3816/4902/2088
f 3816/4902/2088 3812/4901/2329 3814/4905/2091
f 3813/4907/2090 3815/4908/2089 3817/4906/2092
f 3817/4906/2092 3814/4905/2091 3813/4907/2090
f 3818/4909/2093 3822/4910/2094 3821/4911/2095
f 3821/4911/2095 3819/4912/2096 3818/4909/2093
f 3820/4913/2097 3823/4914/2098 3822/4915/2094
f 3822/4915/2094 3818/4916/2093 3820/4913/2097
f 3819/4912/2096 3821/4911/2095 3823/4914/2098
f 3823/4914/2098 3820/4913/2097 3819/4912/2096
f 3824/4917/2330 3828/4918/2100 3827/4919/2101
f 3827/4919/2101 3825/4920/2102 3824/4917/2330
f 3826/4921/2103 3829/4922/2331 3828/4918/2100
f 3828/4918/2100 3824/4917/2330 3826/4921/2103
f 3825/4923/2102 3827/4924/2101 3829/4922/2331
f 3829/4922/2331 3826/4921/2103 3825/4923/2102
f 3830/4925/2105 3831/4926/2106 3833/4927/2332
f 3833/4927/2332 3834/4928/2108 3830/4925/2105
f 3832/4929/2109 3830/4930/2105 3834/4931/2108
f 3834/4931/2108 3835/4932/2110 3832/4929/2109
f 3831/4926/2106 3832/4929/2109 3835/4932/2110
f 3835/4932/2110 3833/4927/2332 3831/4926/2106
f 3836/4933/2333 3837/4934/2112 3839/4935/2334
f 3839/4935/2334 3840/4936/2114 3836/4933/2333
f 3838/4937/2115 3836/4933/2333 3840/4936/2114
f 3840/4936/2114 3841/4938/2335 3838/4937/2115
f 3837/4939/2112 3838/4937/2115 3841/4938/2335
f 3841/4938/2335 3839/4940/2334 3837/4939/2112
f 3842/4941/2336 3843/4942/2118 3845/4943/2119
f 3845/4943/2119 3846/4944/2120 3842/4941/2336
f 3844/4945/2121 3842/4946/2336 3846/4947/2120
f 3846/4947/2120 3847/4948/2122 3844/4945/2121
f 3843/4942/2118 3844/4945/2121 3847/4948/2122
f 3847/4948/2122 3845/4943/2119 3843/4942/2118
f 3848/4949/2337 3849/4950/2124 3851/4951/2125
f 3851/4951/2125 3852/4952/2126 3848/4949/2337
f 3850/4953/2338 3848/4949/2337 3852/4952/2126
f 3852/4952/2126 3853/4954/2339 3850/4953/2338
f 3849/4955/2124 3850/4953/2338 3853/4954/2339
f 3853/4954/2339 3851/4956/2125 3849/4955/2124
f 3854/4957/2129 3855/4958/2130 3857/4959/2340
f 3857/4959/2340 3858/4960/2132 3854/4957/2129
f 3856/4961/2133 3854/4962/2129 3858/4963/2132
f 3858/4963/2132 3859/4964/2134 3856/4961/2133
f 3855/4958/2130 3856/4961/2133 3859/4964/2134
f 3859/4964/2134 3857/4959/2340 3855/4958/2130
f 3860/4965/2341 3861/4966/2136 3863/4967/2137
f 3863/4967/2137 3864/4968/2138 3860/4965/2341
f 3862/4969/2139 3860/4965/2341 3864/4968/2138
f 3864/4968/2138 3865/4970/2140 3862/4969/2139
f 3861/4971/2136 3862/4969/2139 3865/4970/2140
f 3865/4970/2140 3863/4972/2137 3861/4971/2136
f 3866/4973/2342 3867/4974/2343 3869/4975/2143
f 3869/4975/2143 3870/4976/2144 3866/4973/2342
f 3868/4977/2145 3866/4978/2342 3870/4979/2144
f 3870/4979/2144 3871/4980/2146 3868/4977/2145
f 3867/4974/2343 3868/4977/2145 3871/4980/2146
f 3871/4980/2146 3869/4975/2143 3867/4974/2343
f 3872/4981/2344 3873/4982/2148 3875/4983/2149
f 3875/4983/2149 3876/4984/2150 3872/4981/2344
f 3874/4985/2345 3872/4981/2344 3876/4984/2150
f 3876/4984/2150 3877/4986/2346 3874/4985/2345
f 3873/4987/2148 3874/4985/2345 3877/4986/2346
f 3877/4986/2346 3875/4988/2149 3873/4987/2148
f 3878/4989/2153 3879/4990/2154 3881/4991/2155
f 3881/4991/2155 3882/4992/2156 3878/4989/2153
f 3880/4993/2157 3878/4994/2153 3882/4995/2156
f 3882/4995/2156 3883/4996/2158 3880/4993/2157
f 3879/4990/2154 3880/4993/2157 3883/4996/2158
f 3883/4996/2158 3881/4991/2155 3879/4990/2154
f 3884/4997/2159 3885/4998/2160 3887/4999/2161
f 3887/4999/2161 3888/5000/2162 3884/4997/2159
f 3886/5001/2163 3884/4997/2159 3888/5000/2162
f 3888/5000/2162 3889/5002/2347 3886/5001/2163
f 3885/5003/2160 3886/5001/2163 3889/5002/2347
f 3889/5002/2347 3887/5004/2161 3885/5003/2160
f 3890/5005/2165 3891/5006/2166 3893/5007/2348
f 3893/5007/2348 3894/5008/2168 3890/5005/2165
f 3892/5009/2169 3890/5010/2165 3894/5011/2168
f 3894/5011/2168 3895/5012/2170 3892/5009/2169
f 3891/5006/2166 3892/5009/2169 3895/5012/2170
f 3895/5012/2170 3893/5007/2348 3891/5006/2166
f 3896/5013/2171 3897/5014/2172 3899/5015/2173
f 3899/5015/2173 3900/5016/2174 3896/5013/2171
f 3898/5017/2175 3896/5013/2171 3900/5016/2174
f 3900/5016/2174 3901/5018/2176 3898/5017/2175
f 3897/5019/2172 3898/5017/2175 3901/5018/2176
f 3901/5018/2176 3899/5020/2173 3897/5019/2172
f 3902/5021/2177 3903/5022/2178 3905/5023/2179
f 3905/5023/2179 3906/5024/2180 3902/5021/2177
f 3904/5025/2181 3902/5026/2177 3906/5027/2180
f 3906/5027/2180 3907/5028/2182 3904/5025/2181
f 3903/5022/2178 3904/5025/2181 3907/5028/2182
f 3907/5028/2182 3905/5023/2179 3903/5022/2178
f 3908/5029/2349 3909/5030/2184 3911/5031/2185
f 3911/5031/2185 3912/5032/2186 3908/5029/2349
f 3910/5033/2187 3908/5029/2349 3912/5032/2186
f 3912/5032/2186 3913/5034/2350 3910/5033/2187
f 3909/5035/2184 3910/5033/2187 3913/5034/2350
f 3913/5034/2350 3911/5036/2185 3909/5035/2184
f 3914/5037/2189 3915/5038/2190 3917/5039/2191
f 3917/5039/2191 3918/5040/2192 3914/5037/2189
f 3916/5041/2193 3914/5042/2189 3918/5043/2192
f 3918/5043/2192 3919/5044/2194 3916/5041/2193
f 3915/5038/2190 3916/5041/2193 3919/5044/2194
f 3919/5044/2194 3917/5039/2191 3915/5038/2190
f 3920/5045/2195 3921/5046/2196 3923/5047/2197
f 3923/5047/2197 3924/5048/2198 3920/5045/2195
f 3922/5049/2199 3920/5045/2195 3924/5048/2198
f 3924/5048/2198 3925/5050/2351 3922/5049/2199
f 3921/5051/2196 3922/5049/2199 3925/5050/2351
f 3925/5050/2351 3923/5052/2197 3921/5051/2196
f 3986/5053/3 3983/5054/3 3984/5055/3
f 3984/5055/3 3985/5056/3 3986/5053/3
f 3992/5057/3 3990/5058/3 3989/5059/3
f 3989/5059/3 3991/5060/3 3992/5057/3
f 3998/5061/3 3996/5062/3 3995/5063/3
f 3995/5063/3 3997/5064/3 3998/5061/3
f 4004/5065/3 4002/5066/3 4001/5067/3
f 4001/5067/3 4003/5068/3 4004/5065/3
f 3939/5069/2352 4032/5070/176 4031/5071/171
f 4031/5071/171 3938/5072/2202 3939/5069/2352
f 3940/5073/2203 4033/5074/160 4032/5070/176
f 4032/5070/176 3939/5069/2352 3940/5073/2203
f 3941/5075/2204 4034/5076/161 4033/5074/160
f 4033/5074/160 3940/5073/2203 3941/5075/2204
f 3942/5077/2353 4035/5078/162 4034/5076/161
f 4034/5076/161 3941/5075/2204 3942/5077/2353
f 3943/5079/2299 4036/5080/163 4035/5078/162
f 4035/5078/162 3942/5077/2353 3943/5079/2299
f 3944/5081/2207 4037/5082/164 4036/5080/163
f 4036/5080/163 3943/5079/2299 3944/5081/2207
f 3945/5083/2208 4038/5084/175 4037/5082/164
f 4037/5082/164 3944/5081/2207 3945/5083/2208
f 3946/5085/2354 4039/5086/337 4038/5084/175
f 4038/5084/175 3945/5083/2208 3946/5085/2354
f 3947/5087/2210 4040/5088/169 4039/5086/337
f 4039/5086/337 3946/5085/2354 3947/5087/2210
f 3948/5089/2211 4041/5090/1 4040/5088/169
f 4040/5088/169 3947/5087/2210 3948/5089/2211
f 3949/5091/2212 4042/5092/170 4041/5090/1
f 4041/5090/1 3948/5089/2211 3949/5091/2212
f 3938/5072/2202 4031/5071/171 4042/5092/170
f 4042/5092/170 3949/5091/2212 3938/5072/2202
f 4010/5093/2 4007/5094/2 4008/5095/2
f 4008/5095/2 4009/5096/2 4010/5093/2
f 4016/5097/2 4014/5098/2 4013/5099/2
f 4013/5099/2 4015/5100/2 4016/5097/2
f 4022/5101/2 4020/5102/2 4019/5103/2
f 4019/5103/2 4021/5104/2 4022/5101/2
f 4028/5105/2 4026/5106/2 4025/5107/2
f 4025/5107/2 4027/5108/2 4028/5105/2
f 3974/5109/2 4043/5110/2 4044/5111/2
f 3974/5109/2 4044/5111/2 4045/5112/2
f 3974/5109/2 4045/5112/2 4046/5113/2
f 3974/5109/2 4046/5113/2 4047/5114/2
f 3974/5109/2 4047/5114/2 4048/5115/2
f 3974/5109/2 4048/5115/2 4049/5116/2
f 3974/5109/2 4049/5116/2 4050/5117/2
f 3974/5109/2 4050/5117/2 4051/5118/2
f 3974/5109/2 4051/5118/2 4052/5119/2
f 3974/5109/2 4052/5119/2 4053/5120/2
f 3974/5109/2 4053/5120/2 4054/5121/2
f 3974/5109/2 4054/5121/2 4043/5110/2
f 3927/5122/2213 3926/5123/2214 3976/5124/171
f 3976/5124/171 3975/5125/176 3927/5122/2213
f 3926/5123/2214 3937/5126/2215 4127/5127/170
f 4127/5127/170 3976/5124/171 3926/5123/2214
f 3937/5126/2215 3936/5128/2216 3977/5129/1
f 3977/5129/1 4127/5127/170 3937/5126/2215
f 3936/5128/2216 3935/5130/2217 3978/5131/169
f 3978/5131/169 3977/5129/1 3936/5128/2216
f 3935/5132/2217 3934/5133/2218 4131/5134/337
f 4131/5134/337 3978/5135/169 3935/5132/2217
f 3934/5133/2218 3933/5136/2219 3979/5137/175
f 3979/5137/175 4131/5134/337 3934/5133/2218
f 3933/5136/2219 3932/5138/2220 3980/5139/164
f 3980/5139/164 3979/5137/175 3933/5136/2219
f 3932/5138/2220 3931/5140/2221 3981/5141/163
f 3981/5141/163 3980/5139/164 3932/5138/2220
f 3931/5140/2221 3930/5142/2222 3982/5143/162
f 3982/5143/162 3981/5141/163 3931/5140/2221
f 3930/5142/2222 3929/5144/2223 4137/5145/161
f 4137/5145/161 3982/5143/162 3930/5142/2222
f 3929/5144/2223 3928/5146/2224 4139/5147/160
f 4139/5147/160 4137/5145/161 3929/5144/2223
f 3928/5146/2224 3927/5122/2213 3975/5125/176
f 3975/5125/176 4139/5147/160 3928/5146/2224
f 3939/5069/3 3938/5072/3 3983/5054/3
f 3983/5054/3 3986/5053/3 3939/5069/3
f 3926/5148/3 3927/5149/3 3985/5056/3
f 3985/5056/3 3984/5055/3 3926/5148/3
f 3940/5073/3 3939/5069/3 3986/5053/3
f 3986/5053/3 3988/5150/3 3940/5073/3
f 3927/5149/3 3928/5151/3 3987/5152/3
f 3987/5152/3 3985/5056/3 3927/5149/3
f 3941/5075/3 3940/5073/3 3988/5150/3
f 3988/5150/3 3990/5058/3 3941/5075/3
f 3928/5151/3 3929/5153/3 3989/5059/3
f 3989/5059/3 3987/5152/3 3928/5151/3
f 3942/5077/3 3941/5075/3 3990/5058/3
f 3990/5058/3 3992/5057/3 3942/5077/3
f 3929/5153/3 3930/5154/3 3991/5060/3
f 3991/5060/3 3989/5059/3 3929/5153/3
f 3943/5079/3 3942/5077/3 3992/5057/3
f 3992/5057/3 3994/5155/3 3943/5079/3
f 3930/5154/3 3931/5156/3 3993/5157/3
f 3993/5157/3 3991/5060/3 3930/5154/3
f 3944/5081/3 3943/5079/3 3994/5155/3
f 3994/5155/3 3996/5062/3 3944/5081/3
f 3931/5156/3 3932/5158/3 3995/5063/3
f 3995/5063/3 3993/5157/3 3931/5156/3
f 3945/5083/3 3944/5081/3 3996/5062/3
f 3996/5062/3 3998/5061/3 3945/5083/3
f 3932/5158/3 3933/5159/3 3997/5064/3
f 3997/5064/3 3995/5063/3 3932/5158/3
f 3946/5085/3 3945/5083/3 3998/5061/3
f 3998/5061/3 4000/5160/3 3946/5085/3
f 3933/5159/3 3934/5161/3 3999/5162/3
f 3999/5162/3 3997/5064/3 3933/5159/3
f 3947/5087/3 3946/5085/3 4000/5160/3
f 4000/5160/3 4002/5066/3 3947/5087/3
f 3934/5161/3 3935/5163/3 4001/5067/3
f 4001/5067/3 3999/5162/3 3934/5161/3
f 3948/5089/3 3947/5087/3 4002/5066/3
f 4002/5066/3 4004/5065/3 3948/5089/3
f 3935/5163/3 3936/5164/3 4003/5068/3
f 4003/5068/3 4001/5067/3 3935/5163/3
f 3949/5091/3 3948/5089/3 4004/5065/3
f 4004/5065/3 4006/5165/3 3949/5091/3
f 3936/5164/3 3937/5166/3 4005/5167/3
f 4005/5167/3 4003/5068/3 3936/5164/3
f 3938/5072/3 3949/5091/3 4006/5165/3
f 4006/5165/3 3983/5054/3 3938/5072/3
f 3937/5166/3 3926/5148/3 3984/5055/3
f 3984/5055/3 4005/5167/3 3937/5166/3
f 3963/5168/2 3962/5169/2 4007/5094/2
f 4007/5094/2 4010/5093/2 3963/5168/2
f 3950/5170/2 3951/5171/2 4009/5096/2
f 4009/5096/2 4008/5095/2 3950/5170/2
f 3964/5172/2 3963/5168/2 4010/5093/2
f 4010/5093/2 4012/5173/2 3964/5172/2
f 3951/5171/2 3952/5174/2 4011/5175/2
f 4011/5175/2 4009/5096/2 3951/5171/2
f 3965/5176/2 3964/5172/2 4012/5173/2
f 4012/5173/2 4014/5098/2 3965/5176/2
f 3952/5174/2 3953/5177/2 4013/5099/2
f 4013/5099/2 4011/5175/2 3952/5174/2
f 3966/5178/2 3965/5176/2 4014/5098/2
f 4014/5098/2 4016/5097/2 3966/5178/2
f 3953/5177/2 3954/5179/2 4015/5100/2
f 4015/5100/2 4013/5099/2 3953/5177/2
f 3967/5180/2 3966/5178/2 4016/5097/2
f 4016/5097/2 4018/5181/2 3967/5180/2
f 3954/5179/2 3955/5182/2 4017/5183/2
f 4017/5183/2 4015/5100/2 3954/5179/2
f 3968/5184/2 3967/5180/2 4018/5181/2
f 4018/5181/2 4020/5102/2 3968/5184/2
f 3955/5182/2 3956/5185/2 4019/5103/2
f 4019/5103/2 4017/5183/2 3955/5182/2
f 3969/5186/2 3968/5184/2 4020/5102/2
f 4020/5102/2 4022/5101/2 3969/5186/2
f 3956/5185/2 3957/5187/2 4021/5104/2
f 4021/5104/2 4019/5103/2 3956/5185/2
f 3970/5188/2 3969/5186/2 4022/5101/2
f 4022/5101/2 4024/5189/2 3970/5188/2
f 3957/5187/2 3958/5190/2 4023/5191/2
f 4023/5191/2 4021/5104/2 3957/5187/2
f 3971/5192/2 3970/5188/2 4024/5189/2
f 4024/5189/2 4026/5106/2 3971/5192/2
f 3958/5190/2 3959/5193/2 4025/5107/2
f 4025/5107/2 4023/5191/2 3958/5190/2
f 3972/5194/2 3971/5192/2 4026/5106/2
f 4026/5106/2 4028/5105/2 3972/5194/2
f 3959/5193/2 3960/5195/2 4027/5108/2
f 4027/5108/2 4025/5107/2 3959/5193/2
f 3973/5196/2 3972/5194/2 4028/5105/2
f 4028/5105/2 4030/5197/2 3973/5196/2
f 3960/5195/2 3961/5198/2 4029/5199/2
f 4029/5199/2 4027/5108/2 3960/5195/2
f 3962/5169/2 3973/5196/2 4030/5197/2
f 4030/5197/2 4007/5094/2 3962/5169/2
f 3961/5198/2 3950/5170/2 4008/5095/2
f 4008/5095/2 4029/5199/2 3961/5198/2
f 3986/5053/162 3985/5056/162 4010/5200/162
f 4010/5200/162 4009/5201/162 3986/5053/162
f 3985/5056/2225 3987/5152/2226 4012/5202/2226
f 4012/5202/2226 4010/5200/2225 3985/5056/2225
f 3987/5152/2226 3989/5059/2227 4014/5203/2227
f 4014/5203/2227 4012/5202/2226 3987/5152/2226
f 3989/5059/171 3990/5058/171 4013/5204/171
f 4013/5204/171 4014/5203/171 3989/5059/171
f 3990/5058/2228 3988/5150/2229 4011/5205/2229
f 4011/5205/2229 4013/5204/2228 3990/5058/2228
f 3988/5150/2229 3986/5053/2230 4009/5201/2230
f 4009/5201/2230 4011/5205/2229 3988/5150/2229
f 3984/5055/169 3983/5054/169 4008/5206/169
f 4008/5206/169 4007/5207/169 3984/5055/169
f 3983/5054/2231 4006/5165/2232 4029/5208/2232
f 4029/5208/2232 4008/5206/2231 3983/5054/2231
f 4006/5165/2232 4004/5065/2233 4027/5209/2233
f 4027/5209/2233 4029/5208/2232 4006/5165/2232
f 4004/5065/176 4003/5068/176 4028/5210/176
f 4028/5210/176 4027/5209/176 4004/5065/176
f 4003/5068/2234 4005/5167/2235 4030/5211/2235
f 4030/5211/2235 4028/5210/2234 4003/5068/2234
f 4005/5167/2235 3984/5055/2236 4007/5207/2236
f 4007/5207/2236 4030/5211/2235 4005/5167/2235
f 3998/5061/1 3997/5064/1 4022/5212/1
f 4022/5212/1 4021/5213/1 3998/5061/1
f 3997/5064/2237 3999/5162/2238 4024/5214/2238
f 4024/5214/2238 4022/5212/2237 3997/5064/2237
f 3999/5162/2238 4001/5067/2239 4026/5215/2239
f 4026/5215/2239 4024/5214/2238 3999/5162/2238
f 4001/5067/164 4002/5066/164 4025/5216/164
f 4025/5216/164 4026/5215/164 4001/5067/164
f 4002/5066/2240 4000/5160/2241 4023/5217/2241
f 4023/5217/2241 4025/5216/2240 4002/5066/2240
f 4000/5160/2241 3998/5061/2242 4021/5213/2242
f 4021/5213/2242 4023/5217/2241 4000/5160/2241
f 3992/5057/175 3991/5060/175 4016/5218/175
f 4016/5218/175 4015/5219/175 3992/5057/175
f 3991/5060/2243 3993/5157/2244 4018/5220/2244
f 4018/5220/2244 4016/5218/2243 3991/5060/2243
f 3993/5157/2244 3995/5063/2245 4020/5221/2245
f 4020/5221/2245 4018/5220/2244 3993/5157/2244
f 3995/5063/161 3996/5062/161 4019/5222/161
f 4019/5222/161 4020/5221/161 3995/5063/161
f 3996/5062/2246 3994/5155/2247 4017/5223/2247
f 4017/5223/2247 4019/5222/2246 3996/5062/2246
f 3994/5155/2247 3992/5057/2248 4015/5219/2248
f 4015/5219/2248 4017/5223/2247 3994/5155/2247
f 3951/5171/2355 3950/5170/2250 4031/5224/171
f 4031/5224/171 4032/5225/176 3951/5171/2355
f 3952/5174/2356 3951/5171/2355 4032/5225/176
f 4032/5225/176 4033/5226/160 3952/5174/2356
f 3953/5177/2252 3952/5174/2356 4033/5226/160
f 4033/5226/160 4034/5227/161 3953/5177/2252
f 3954/5179/2357 3953/5177/2252 4034/5227/161
f 4034/5227/161 4035/5228/162 3954/5179/2357
f 3955/5182/2358 3954/5179/2357 4035/5228/162
f 4035/5228/162 4036/5229/163 3955/5182/2358
f 3956/5185/2255 3955/5182/2358 4036/5229/163
f 4036/5229/163 4037/5230/164 3956/5185/2255
f 3957/5187/2256 3956/5185/2255 4037/5230/164
f 4037/5230/164 4038/5231/175 3957/5187/2256
f 3958/5190/2359 3957/5187/2256 4038/5231/175
f 4038/5231/175 4039/5232/337 3958/5190/2359
f 3959/5193/2258 3958/5190/2359 4039/5232/337
f 4039/5232/337 4040/5233/169 3959/5193/2258
f 3960/5195/2259 3959/5193/2258 4040/5233/169
f 4040/5233/169 4041/5234/1 3960/5195/2259
f 3961/5198/2260 3960/5195/2259 4041/5234/1
f 4041/5234/1 4042/5235/170 3961/5198/2260
f 3950/5170/2250 3961/5198/2260 4042/5235/170
f 4042/5235/170 4031/5224/171 3950/5170/2250
f 3962/5236/171 3963/5237/176 4044/5238/176
f 4044/5238/176 4043/5239/171 3962/5236/171
f 3963/5237/176 3964/5240/160 4045/5241/160
f 4045/5241/160 4044/5238/176 3963/5237/176
f 3964/5240/160 3965/5242/161 4046/5243/161
f 4046/5243/161 4045/5241/160 3964/5240/160
f 3965/5242/161 3966/5244/162 4047/5245/162
f 4047/5245/162 4046/5243/161 3965/5242/161
f 3966/5244/162 3967/5246/163 4048/5247/163
f 4048/5247/163 4047/5245/162 3966/5244/162
f 3967/5246/163 3968/5248/164 4049/5249/164
f 4049/5249/164 4048/5247/163 3967/5246/163
f 3968/5248/164 3969/5250/175 4050/5251/175
f 4050/5251/175 4049/5249/164 3968/5248/164
f 3969/5250/175 3970/5252/337 4051/5253/337
f 4051/5253/337 4050/5251/175 3969/5250/175
f 3970/5252/337 3971/5254/169 4052/5255/169
f 4052/5255/169 4051/5253/337 3970/5252/337
f 3971/5256/169 3972/5257/1 4053/5258/1
f 4053/5258/1 4052/5259/169 3971/5256/169
f 3972/5257/1 3973/5260/170 4054/5261/170
f 4054/5261/170 4053/5258/1 3972/5257/1
f 3973/5260/170 3962/5236/171 4043/5239/171
f 4043/5239/171 4054/5261/170 3973/5260/170
f 4056/5262/2 4055/5263/2 4058/5264/2
f 4058/5264/2 4057/5265/2 4056/5262/2
f 4060/5266/2 4059/5267/2 4062/5268/2
f 4062/5268/2 4061/5269/2 4060/5266/2
f 4064/5270/2 4063/5271/2 4066/5272/2
f 4066/5272/2 4065/5273/2 4064/5270/2
f 4068/5274/2 4067/5275/2 4070/5276/2
f 4070/5276/2 4069/5277/2 4068/5274/2
f 4072/5278/2355 4071/5279/2250 4074/5280/171
f 4074/5280/171 4073/5281/176 4072/5278/2355
f 4075/5282/2356 4072/5278/2355 4073/5281/176
f 4073/5281/176 4076/5283/160 4075/5282/2356
f 4077/5284/2252 4075/5282/2356 4076/5283/160
f 4076/5283/160 4078/5285/161 4077/5284/2252
f 4079/5286/2357 4077/5284/2252 4078/5285/161
f 4078/5285/161 4080/5287/162 4079/5286/2357
f 4081/5288/2358 4079/5286/2357 4080/5287/162
f 4080/5287/162 4082/5289/163 4081/5288/2358
f 4083/5290/2255 4081/5288/2358 4082/5289/163
f 4082/5289/163 4084/5291/164 4083/5290/2255
f 4085/5292/2256 4083/5290/2255 4084/5291/164
f 4084/5291/164 4086/5293/175 4085/5292/2256
f 4087/5294/2359 4085/5292/2256 4086/5293/175
f 4086/5293/175 4088/5295/337 4087/5294/2359
f 4089/5296/2258 4087/5294/2359 4088/5295/337
f 4088/5295/337 4090/5297/169 4089/5296/2258
f 4091/5298/2259 4089/5296/2258 4090/5297/169
f 4090/5297/169 4092/5299/1 4091/5298/2259
f 4093/5300/2260 4091/5298/2259 4092/5299/1
f 4092/5299/1 4094/5301/170 4093/5300/2260
f 4071/5279/2250 4093/5300/2260 4094/5301/170
f 4094/5301/170 4074/5280/171 4071/5279/2250
f 4096/5302/3 4095/5303/3 4098/5304/3
f 4098/5304/3 4097/5305/3 4096/5302/3
f 4100/5306/3 4099/5307/3 4102/5308/3
f 4102/5308/3 4101/5309/3 4100/5306/3
f 4104/5310/3 4103/5311/3 4106/5312/3
f 4106/5312/3 4105/5313/3 4104/5310/3
f 4108/5314/3 4107/5315/3 4110/5316/3
f 4110/5316/3 4109/5317/3 4108/5314/3
f 4111/5318/3 4113/5319/3 4112/5320/3
f 4111/5318/3 4114/5321/3 4113/5319/3
f 4111/5318/3 4115/5322/3 4114/5321/3
f 4111/5318/3 4116/5323/3 4115/5322/3
f 4111/5318/3 4117/5324/3 4116/5323/3
f 4111/5318/3 4118/5325/3 4117/5324/3
f 4111/5318/3 4119/5326/3 4118/5325/3
f 4111/5318/3 4120/5327/3 4119/5326/3
f 4111/5318/3 4121/5328/3 4120/5327/3
f 4111/5318/3 4122/5329/3 4121/5328/3
f 4111/5318/3 4123/5330/3 4122/5329/3
f 4111/5318/3 4112/5320/3 4123/5330/3
f 4124/5331/2262 3975/5125/176 3976/5124/171
f 3976/5124/171 4125/5332/2263 4124/5331/2262
f 4125/5332/2263 3976/5124/171 4127/5127/170
f 4127/5127/170 4126/5333/2264 4125/5332/2263
f 4126/5333/2264 4127/5127/170 3977/5129/1
f 3977/5129/1 4128/5334/2265 4126/5333/2264
f 4128/5334/2265 3977/5129/1 3978/5131/169
f 3978/5131/169 4129/5335/2266 4128/5334/2265
f 4129/5336/2266 3978/5135/169 4131/5134/337
f 4131/5134/337 4130/5337/2267 4129/5336/2266
f 4130/5337/2267 4131/5134/337 3979/5137/175
f 3979/5137/175 4132/5338/2268 4130/5337/2267
f 4132/5338/2268 3979/5137/175 3980/5139/164
f 3980/5139/164 4133/5339/2269 4132/5338/2268
f 4133/5339/2269 3980/5139/164 3981/5141/163
f 3981/5141/163 4134/5340/2270 4133/5339/2269
f 4134/5340/2270 3981/5141/163 3982/5143/162
f 3982/5143/162 4135/5341/2271 4134/5340/2270
f 4135/5341/2271 3982/5143/162 4137/5145/161
f 4137/5145/161 4136/5342/2272 4135/5341/2271
f 4136/5342/2272 4137/5145/161 4139/5147/160
f 4139/5147/160 4138/5343/2273 4136/5342/2272
f 4138/5343/2273 4139/5147/160 3975/5125/176
f 3975/5125/176 4124/5331/2262 4138/5343/2273
f 4072/5278/2 4056/5262/2 4057/5265/2
f 4057/5265/2 4071/5279/2 4072/5278/2
f 4125/5344/2 4058/5264/2 4055/5263/2
f 4055/5263/2 4124/5345/2 4125/5344/2
f 4075/5282/2 4140/5346/2 4056/5262/2
f 4056/5262/2 4072/5278/2 4075/5282/2
f 4124/5345/2 4055/5263/2 4141/5347/2
f 4141/5347/2 4138/5348/2 4124/5345/2
f 4077/5284/2 4061/5269/2 4140/5346/2
f 4140/5346/2 4075/5282/2 4077/5284/2
f 4138/5348/2 4141/5347/2 4062/5268/2
f 4062/5268/2 4136/5349/2 4138/5348/2
f 4079/5286/2 4060/5266/2 4061/5269/2
f 4061/5269/2 4077/5284/2 4079/5286/2
f 4136/5349/2 4062/5268/2 4059/5267/2
f 4059/5267/2 4135/5350/2 4136/5349/2
f 4081/5288/2 4142/5351/2 4060/5266/2
f 4060/5266/2 4079/5286/2 4081/5288/2
f 4135/5350/2 4059/5267/2 4143/5352/2
f 4143/5352/2 4134/5353/2 4135/5350/2
f 4083/5290/2 4065/5273/2 4142/5351/2
f 4142/5351/2 4081/5288/2 4083/5290/2
f 4134/5353/2 4143/5352/2 4066/5272/2
f 4066/5272/2 4133/5354/2 4134/5353/2
f 4085/5292/2 4064/5270/2 4065/5273/2
f 4065/5273/2 4083/5290/2 4085/5292/2
f 4133/5354/2 4066/5272/2 4063/5271/2
f 4063/5271/2 4132/5355/2 4133/5354/2
f 4087/5294/2 4144/5356/2 4064/5270/2
f 4064/5270/2 4085/5292/2 4087/5294/2
f 4132/5355/2 4063/5271/2 4145/5357/2
f 4145/5357/2 4130/5358/2 4132/5355/2
f 4089/5296/2 4069/5277/2 4144/5356/2
f 4144/5356/2 4087/5294/2 4089/5296/2
f 4130/5358/2 4145/5357/2 4070/5276/2
f 4070/5276/2 4129/5359/2 4130/5358/2
f 4091/5298/2 4068/5274/2 4069/5277/2
f 4069/5277/2 4089/5296/2 4091/5298/2
f 4129/5359/2 4070/5276/2 4067/5275/2
f 4067/5275/2 4128/5360/2 4129/5359/2
f 4093/5300/2 4146/5361/2 4068/5274/2
f 4068/5274/2 4091/5298/2 4093/5300/2
f 4128/5360/2 4067/5275/2 4147/5362/2
f 4147/5362/2 4126/5363/2 4128/5360/2
f 4071/5279/2 4057/5265/2 4146/5361/2
f 4146/5361/2 4093/5300/2 4071/5279/2
f 4126/5363/2 4147/5362/2 4058/5264/2
f 4058/5264/2 4125/5344/2 4126/5363/2
f 4148/5364/3 4096/5302/3 4097/5305/3
f 4097/5305/3 4149/5365/3 4148/5364/3
f 4150/5366/3 4098/5304/3 4095/5303/3
f 4095/5303/3 4151/5367/3 4150/5366/3
f 4153/5368/3 4152/5369/3 4096/5302/3
f 4096/5302/3 4148/5364/3 4153/5368/3
f 4151/5367/3 4095/5303/3 4155/5370/3
f 4155/5370/3 4154/5371/3 4151/5367/3
f 4156/5372/3 4101/5309/3 4152/5369/3
f 4152/5369/3 4153/5368/3 4156/5372/3
f 4154/5371/3 4155/5370/3 4102/5308/3
f 4102/5308/3 4157/5373/3 4154/5371/3
f 4158/5374/3 4100/5306/3 4101/5309/3
f 4101/5309/3 4156/5372/3 4158/5374/3
f 4157/5373/3 4102/5308/3 4099/5307/3
f 4099/5307/3 4159/5375/3 4157/5373/3
f 4161/5376/3 4160/5377/3 4100/5306/3
f 4100/5306/3 4158/5374/3 4161/5376/3
f 4159/5375/3 4099/5307/3 4163/5378/3
f 4163/5378/3 4162/5379/3 4159/5375/3
f 4164/5380/3 4105/5313/3 4160/5377/3
f 4160/5377/3 4161/5376/3 4164/5380/3
f 4162/5379/3 4163/5378/3 4106/5312/3
f 4106/5312/3 4165/5381/3 4162/5379/3
f 4166/5382/3 4104/5310/3 4105/5313/3
f 4105/5313/3 4164/5380/3 4166/5382/3
f 4165/5381/3 4106/5312/3 4103/5311/3
f 4103/5311/3 4167/5383/3 4165/5381/3
f 4169/5384/3 4168/5385/3 4104/5310/3
f 4104/5310/3 4166/5382/3 4169/5384/3
f 4167/5383/3 4103/5311/3 4171/5386/3
f 4171/5386/3 4170/5387/3 4167/5383/3
f 4172/5388/3 4109/5317/3 4168/5385/3
f 4168/5385/3 4169/5384/3 4172/5388/3
f 4170/5387/3 4171/5386/3 4110/5316/3
f 4110/5316/3 4173/5389/3 4170/5387/3
f 4174/5390/3 4108/5314/3 4109/5317/3
f 4109/5317/3 4172/5388/3 4174/5390/3
f 4173/5389/3 4110/5316/3 4107/5315/3
f 4107/5315/3 4175/5391/3 4173/5389/3
f 4177/5392/3 4176/5393/3 4108/5314/3
f 4108/5314/3 4174/5390/3 4177/5392/3
f 4175/5391/3 4107/5315/3 4179/5394/3
f 4179/5394/3 4178/5395/3 4175/5391/3
f 4149/5365/3 4097/5305/3 4176/5393/3
f 4176/5393/3 4177/5392/3 4149/5365/3
f 4178/5395/3 4179/5394/3 4098/5304/3
f 4098/5304/3 4150/5366/3 4178/5395/3
f 4056/5262/162 4095/5396/162 4096/5397/162
f 4096/5397/162 4055/5263/162 4056/5262/162
f 4055/5263/2274 4096/5397/2274 4152/5398/2275
f 4152/5398/2275 4141/5347/2275 4055/5263/2274
f 4141/5347/2275 4152/5398/2275 4101/5399/2276
f 4101/5399/2276 4062/5268/2276 4141/5347/2275
f 4062/5268/171 4101/5399/171 4102/5400/171
f 4102/5400/171 4061/5269/171 4062/5268/171
f 4061/5269/2277 4102/5400/2277 4155/5401/2278
f 4155/5401/2278 4140/5346/2278 4061/5269/2277
f 4140/5346/2278 4155/5401/2278 4095/5396/2279
f 4095/5396/2279 4056/5262/2279 4140/5346/2278
f 4058/5264/169 4097/5402/169 4098/5403/169
f 4098/5403/169 4057/5265/169 4058/5264/169
f 4057/5265/2280 4098/5403/2280 4179/5404/2281
f 4179/5404/2281 4146/5361/2281 4057/5265/2280
f 4146/5361/2281 4179/5404/2281 4107/5405/2282
f 4107/5405/2282 4068/5274/2282 4146/5361/2281
f 4068/5274/176 4107/5405/176 4108/5406/176
f 4108/5406/176 4067/5275/176 4068/5274/176
f 4067/5275/2283 4108/5406/2283 4176/5407/2284
f 4176/5407/2284 4147/5362/2284 4067/5275/2283
f 4147/5362/2284 4176/5407/2284 4097/5402/2285
f 4097/5402/2285 4058/5264/2285 4147/5362/2284
f 4064/5270/1 4103/5408/1 4104/5409/1
f 4104/5409/1 4063/5271/1 4064/5270/1
f 4063/5271/2286 4104/5409/2286 4168/5410/2287
f 4168/5410/2287 4145/5357/2287 4063/5271/2286
f 4145/5357/2287 4168/5410/2287 4109/5411/2288
f 4109/5411/2288 4070/5276/2288 4145/5357/2287
f 4070/5276/164 4109/5411/164 4110/5412/164
f 4110/5412/164 4069/5277/164 4070/5276/164
f 4069/5277/2289 4110/5412/2289 4171/5413/2290
f 4171/5413/2290 4144/5356/2290 4069/5277/2289
f 4144/5356/2290 4171/5413/2290 4103/5408/2291
f 4103/5408/2291 4064/5270/2291 4144/5356/2290
f 4060/5266/175 4099/5414/175 4100/5415/175
f 4100/5415/175 4059/5267/175 4060/5266/175
f 4059/5267/2292 4100/5415/2292 4160/5416/2293
f 4160/5416/2293 4143/5352/2293 4059/5267/2292
f 4143/5352/2293 4160/5416/2293 4105/5417/2294
f 4105/5417/2294 4066/5272/2294 4143/5352/2293
f 4066/5272/161 4105/5417/161 4106/5418/161
f 4106/5418/161 4065/5273/161 4066/5272/161
f 4065/5273/2295 4106/5418/2295 4163/5419/2296
f 4163/5419/2296 4142/5351/2296 4065/5273/2295
f 4142/5351/2296 4163/5419/2296 4099/5414/2297
f 4099/5414/2297 4060/5266/2297 4142/5351/2296
f 4151/5367/2352 4073/5420/176 4074/5421/171
f 4074/5421/171 4150/5366/2202 4151/5367/2352
f 4154/5371/2203 4076/5422/160 4073/5420/176
f 4073/5420/176 4151/5367/2352 4154/5371/2203
f 4157/5373/2204 4078/5423/161 4076/5422/160
f 4076/5422/160 4154/5371/2203 4157/5373/2204
f 4159/5375/2353 4080/5424/162 4078/5423/161
f 4078/5423/161 4157/5373/2204 4159/5375/2353
f 4162/5379/2299 4082/5425/163 4080/5424/162
f 4080/5424/162 4159/5375/2353 4162/5379/2299
f 4165/5381/2207 4084/5426/164 4082/5425/163
f 4082/5425/163 4162/5379/2299 4165/5381/2207
f 4167/5383/2208 4086/5427/175 4084/5426/164
f 4084/5426/164 4165/5381/2207 4167/5383/2208
f 4170/5387/2354 4088/5428/337 4086/5427/175
f 4086/5427/175 4167/5383/2208 4170/5387/2354
f 4173/5389/2210 4090/5429/169 4088/5428/337
f 4088/5428/337 4170/5387/2354 4173/5389/2210
f 4175/5391/2211 4092/5430/1 4090/5429/169
f 4090/5429/169 4173/5389/2210 4175/5391/2211
f 4178/5395/2212 4094/5431/170 4092/5430/1
f 4092/5430/1 4175/5391/2211 4178/5395/2212
f 4150/5366/2202 4074/5421/171 4094/5431/170
f 4094/5431/170 4178/5395/2212 4150/5366/2202
f 4149/5432/171 4112/5433/171 4113/5434/176
f 4113/5434/176 4148/5435/176 4149/5432/171
f 4148/5435/176 4113/5434/176 4114/5436/160
f 4114/5436/160 4153/5437/160 4148/5435/176
f 4153/5437/160 4114/5436/160 4115/5438/161
f 4115/5438/161 4156/5439/161 4153/5437/160
f 4156/5439/161 4115/5438/161 4116/5440/162
f 4116/5440/162 4158/5441/162 4156/5439/161
f 4158/5441/162 4116/5440/162 4117/5442/163
f 4117/5442/163 4161/5443/163 4158/5441/162
f 4161/5443/163 4117/5442/163 4118/5444/164
f 4118/5444/164 4164/5445/164 4161/5443/163
f 4164/5445/164 4118/5444/164 4119/5446/175
f 4119/5446/175 4166/5447/175 4164/5445/164
f 4166/5447/175 4119/5446/175 4120/5448/337
f 4120/5448/337 4169/5449/337 4166/5447/175
f 4169/5449/337 4120/5448/337 4121/5450/169
f 4121/5450/169 4172/5451/169 4169/5449/337
f 4172/5452/169 4121/5453/169 4122/5454/1
f 4122/5454/1 4174/5455/1 4172/5452/169
f 4174/5455/1 4122/5454/1 4123/5456/170
f 4123/5456/170 4177/5457/170 4174/5455/1
f 4177/5457/170 4123/5456/170 4112/5433/171
f 4112/5433/171 4149/5432/171 4177/5457/170
f 4180/5458/3 4182/5459/3 4181/5460/3
f 4180/5458/3 4183/5461/3 4182/5459/3
f 4180/5458/3 4184/5462/3 4183/5461/3
f 4180/5458/3 4185/5463/3 4184/5462/3
f 4180/5458/3 4186/5464/3 4185/5463/3
f 4180/5458/3 4181/5460/3 4186/5464/3
f 4181/5465/176 4182/5466/176 4188/5467/176
f 4188/5467/176 4187/5468/176 4181/5465/176
f 4182/5466/161 4183/5469/161 4189/5470/161
f 4189/5470/161 4188/5467/161 4182/5466/161
f 4183/5469/163 4184/5471/163 4190/5472/163
f 4190/5472/163 4189/5470/163 4183/5469/163
f 4184/5471/175 4185/5473/175 4191/5474/175
f 4191/5474/175 4190/5472/175 4184/5471/175
f 4185/5473/169 4186/5475/169 4192/5476/169
f 4192/5476/169 4191/5474/169 4185/5473/169
f 4186/5477/170 4181/5465/170 4187/5468/170
f 4187/5468/170 4192/5478/170 4186/5477/170
f 4187/5479/2 4188/5480/2 4193/5481/2
f 4188/5480/2 4189/5482/2 4193/5481/2
f 4189/5482/2 4190/5483/2 4193/5481/2
f 4190/5483/2 4191/5484/2 4193/5481/2
f 4191/5484/2 4192/5485/2 4193/5481/2
f 4192/5485/2 4187/5479/2 4193/5481/2
f 4194/5486/2 4196/5487/2 4195/5488/2
f 4194/5486/2 4195/5488/2 4197/5489/2
f 4194/5486/2 4197/5489/2 4198/5490/2
f 4194/5486/2 4198/5490/2 4199/5491/2
f 4194/5486/2 4199/5491/2 4200/5492/2
f 4194/5486/2 4200/5492/2 4196/5487/2
f 4196/5493/176 4202/5494/176 4201/5495/176
f 4201/5495/176 4195/5496/176 4196/5493/176
f 4195/5496/161 4201/5495/161 4203/5497/161
f 4203/5497/161 4197/5498/161 4195/5496/161
f 4197/5498/163 4203/5497/163 4204/5499/163
f 4204/5499/163 4198/5500/163 4197/5498/163
f 4198/5500/175 4204/5499/175 4205/5501/175
f 4205/5501/175 4199/5502/175 4198/5500/175
f 4199/5502/169 4205/5501/169 4206/5503/169
f 4206/5503/169 4200/5504/169 4199/5502/169
f 4200/5505/170 4206/5506/170 4202/5494/170
f 4202/5494/170 4196/5493/170 4200/5505/170
f 4202/5507/3 4207/5508/3 4201/5509/3
f 4201/5509/3 4207/5508/3 4203/5510/3
f 4203/5510/3 4207/5508/3 4204/5511/3
f 4204/5511/3 4207/5508/3 4205/5512/3
f 4205/5512/3 4207/5508/3 4206/5513/3
f 4206/5513/3 4207/5508/3 4202/5507/3
f 4223/5514/2 4224/5515/2 4212/5516/2
f 4212/5516/2 4211/5517/2 4223/5514/2
f 4224/5515/2 4225/5518/2 4213/5519/2
f 4213/5519/2 4212/5516/2 4224/5515/2
f 4225/5518/2 4298/5520/2 4299/5521/2
f 4299/5521/2 4213/5519/2 4225/5518/2
f 4214/5522/2 4234/5523/2 4235/5524/2
f 4214/5522/2 4235/5524/2 4236/5525/2
f 4214/5522/2 4236/5525/2 4303/5526/2
f 4304/5527/2 4226/5528/2 4219/5529/2
f 4219/5529/2 4307/5530/2 4304/5527/2
f 4226/5528/2 4227/5531/2 4220/5532/2
f 4220/5532/2 4219/5529/2 4226/5528/2
f 4227/5531/2 4218/5533/2 4221/5534/2
f 4221/5534/2 4220/5532/2 4227/5531/2
f 4222/5535/2 4240/5536/2 4241/5537/2
f 4222/5535/2 4241/5537/2 4242/5538/2
f 4222/5535/2 4242/5538/2 4243/5539/2
f 4223/5514/2 4211/5517/2 4221/5534/2
f 4221/5534/2 4218/5533/2 4223/5514/2
f 4244/5540/2 4222/5535/2 4243/5539/2
f 4209/5541/2360 4224/5515/2361 4223/5514/2362
f 4223/5514/2362 4208/5542/2363 4209/5541/2360
f 4210/5543/2364 4225/5518/2365 4224/5515/2361
f 4224/5515/2361 4209/5541/2360 4210/5543/2364
f 4319/5544/2366 4298/5520/2367 4225/5518/2365
f 4225/5518/2365 4210/5543/2364 4319/5544/2366
f 4216/5545/2368 4226/5528/2369 4304/5527/2370
f 4304/5527/2370 4215/5546/2371 4216/5545/2368
f 4217/5547/2372 4227/5531/2373 4226/5528/2369
f 4226/5528/2369 4216/5545/2368 4217/5547/2372
f 4228/5548/2374 4218/5533/2375 4227/5531/2373
f 4227/5531/2373 4217/5547/2372 4228/5548/2374
f 4208/5542/2363 4223/5514/2362 4218/5533/2375
f 4218/5533/2375 4228/5548/2374 4208/5542/2363
f 4238/5549/2 4214/5522/2 4237/5550/2
f 4221/5534/2 4211/5517/2 4229/5551/2
f 4229/5551/2 4231/5552/2 4221/5534/2
f 4239/5553/2 4234/5523/2 4214/5522/2
f 4238/5549/2 4239/5553/2 4214/5522/2
f 4245/5554/2 4246/5555/2 4222/5535/2
f 4244/5540/2 4245/5554/2 4222/5535/2
f 4211/5517/2376 4212/5516/2377 4235/5524/2377
f 4235/5524/2377 4234/5523/2376 4211/5517/2376
f 4212/5516/2377 4213/5519/2378 4236/5525/2378
f 4236/5525/2378 4235/5524/2377 4212/5516/2377
f 4213/5519/2378 4299/5521/2379 4303/5526/2379
f 4303/5526/2379 4236/5525/2378 4213/5519/2378
f 4328/5556/2380 4230/5557/2381 4238/5549/2381
f 4238/5549/2381 4237/5550/2380 4328/5556/2380
f 4230/5557/2381 4229/5551/2382 4239/5553/2382
f 4239/5553/2382 4238/5549/2381 4230/5557/2381
f 4229/5551/2382 4211/5517/2376 4234/5523/2376
f 4234/5523/2376 4239/5553/2382 4229/5551/2382
f 4307/5530/2383 4219/5529/2384 4241/5537/2384
f 4241/5537/2384 4240/5536/2383 4307/5530/2383
f 4219/5529/2384 4220/5532/2385 4242/5538/2385
f 4242/5538/2385 4241/5537/2384 4219/5529/2384
f 4220/5532/2385 4221/5534/2386 4243/5539/2386
f 4243/5539/2386 4242/5538/2385 4220/5532/2385
f 4221/5534/2386 4231/5552/2387 4244/5540/2387
f 4244/5540/2387 4243/5539/2386 4221/5534/2386
f 4231/5552/2387 4232/5558/2388 4245/5554/2388
f 4245/5554/2388 4244/5540/2387 4231/5552/2387
f 4232/5558/2388 4233/5559/2389 4246/5555/2389
f 4246/5555/2389 4245/5554/2388 4232/5558/2388
f 4328/5556/2 4233/5559/2 4232/5558/2
f 4232/5558/2 4230/5557/2 4328/5556/2
f 4230/5557/2 4232/5558/2 4231/5552/2
f 4231/5552/2 4229/5551/2 4230/5557/2
f 4209/5541/2360 4208/5542/2363 4287/5560/2390
f 4287/5560/2390 4247/5561/2391 4209/5541/2360
f 4210/5543/2364 4209/5541/2360 4247/5561/2391
f 4247/5561/2391 4248/5562/2392 4210/5543/2364
f 4319/5544/2366 4210/5543/2364 4248/5562/2392
f 4248/5562/2392 4334/5563/2393 4319/5544/2366
f 4216/5545/2368 4215/5546/2371 4289/5564/2394
f 4289/5564/2394 4288/5565/2395 4216/5545/2368
f 4217/5547/2372 4216/5545/2368 4288/5565/2395
f 4288/5565/2395 4290/5566/2396 4217/5547/2372
f 4228/5548/2374 4217/5547/2372 4290/5566/2396
f 4290/5566/2396 4291/5567/2397 4228/5548/2374
f 4208/5542/2363 4228/5548/2374 4291/5567/2397
f 4291/5567/2397 4287/5560/2390 4208/5542/2363
f 4249/5568/3 4252/5569/3 4251/5570/3
f 4251/5570/3 4250/5571/3 4249/5568/3
f 4250/5571/3 4251/5570/3 4254/5572/3
f 4254/5572/3 4253/5573/3 4250/5571/3
f 4253/5573/3 4254/5572/3 4344/5574/3
f 4344/5574/3 4345/5575/3 4253/5573/3
f 4255/5576/3 4257/5577/3 4256/5578/3
f 4255/5576/3 4258/5579/3 4257/5577/3
f 4255/5576/3 4349/5580/3 4258/5579/3
f 4259/5581/3 4262/5582/3 4261/5583/3
f 4261/5583/3 4260/5584/3 4259/5581/3
f 4260/5584/3 4261/5583/3 4264/5585/3
f 4264/5585/3 4263/5586/3 4260/5584/3
f 4263/5586/3 4264/5585/3 4266/5587/3
f 4266/5587/3 4265/5588/3 4263/5586/3
f 4267/5589/3 4268/5590/3 4357/5591/3
f 4267/5589/3 4269/5592/3 4268/5590/3
f 4267/5589/3 4270/5593/3 4269/5592/3
f 4249/5568/3 4265/5588/3 4266/5587/3
f 4266/5587/3 4252/5569/3 4249/5568/3
f 4271/5594/3 4270/5593/3 4267/5589/3
f 4272/5595/2398 4273/5596/2399 4249/5568/2400
f 4249/5568/2400 4250/5571/2401 4272/5595/2398
f 4274/5597/2402 4272/5595/2398 4250/5571/2401
f 4250/5571/2401 4253/5573/2403 4274/5597/2402
f 4364/5598/2404 4274/5597/2402 4253/5573/2403
f 4253/5573/2403 4345/5575/2405 4364/5598/2404
f 4275/5599/2406 4366/5600/2407 4259/5581/2408
f 4259/5581/2408 4260/5584/2409 4275/5599/2406
f 4276/5601/2410 4275/5599/2406 4260/5584/2409
f 4260/5584/2409 4263/5586/2411 4276/5601/2410
f 4277/5602/2412 4276/5601/2410 4263/5586/2411
f 4263/5586/2411 4265/5588/2413 4277/5602/2412
f 4273/5596/2399 4277/5602/2412 4265/5588/2413
f 4265/5588/2413 4249/5568/2400 4273/5596/2399
f 4278/5603/3 4370/5604/3 4255/5576/3
f 4266/5587/3 4280/5605/3 4279/5606/3
f 4279/5606/3 4252/5569/3 4266/5587/3
f 4281/5607/3 4255/5576/3 4256/5578/3
f 4278/5603/3 4255/5576/3 4281/5607/3
f 4282/5608/3 4267/5589/3 4375/5609/3
f 4271/5594/3 4267/5589/3 4282/5608/3
f 4252/5569/2414 4256/5578/2414 4257/5577/2415
f 4257/5577/2415 4251/5570/2415 4252/5569/2414
f 4251/5570/2415 4257/5577/2415 4258/5579/2416
f 4258/5579/2416 4254/5572/2416 4251/5570/2415
f 4254/5572/2416 4258/5579/2416 4349/5580/2417
f 4349/5580/2417 4344/5574/2417 4254/5572/2416
f 4283/5610/2418 4370/5604/2418 4278/5603/2419
f 4278/5603/2419 4284/5611/2419 4283/5610/2418
f 4284/5611/2419 4278/5603/2419 4281/5607/2420
f 4281/5607/2420 4279/5606/2420 4284/5611/2419
f 4279/5606/2420 4281/5607/2420 4256/5578/2414
f 4256/5578/2414 4252/5569/2414 4279/5606/2420
f 4262/5582/2421 4357/5591/2421 4268/5590/2422
f 4268/5590/2422 4261/5583/2422 4262/5582/2421
f 4261/5583/2422 4268/5590/2422 4269/5592/2423
f 4269/5592/2423 4264/5585/2423 4261/5583/2422
f 4264/5585/2423 4269/5592/2423 4270/5593/2424
f 4270/5593/2424 4266/5587/2424 4264/5585/2423
f 4266/5587/2424 4270/5593/2424 4271/5594/2425
f 4271/5594/2425 4280/5605/2425 4266/5587/2424
f 4280/5605/2425 4271/5594/2425 4282/5608/2426
f 4282/5608/2426 4285/5612/2426 4280/5605/2425
f 4285/5612/2426 4282/5608/2426 4375/5609/2427
f 4375/5609/2427 4286/5613/2427 4285/5612/2426
f 4283/5610/3 4284/5611/3 4285/5612/3
f 4285/5612/3 4286/5613/3 4283/5610/3
f 4284/5611/3 4279/5606/3 4280/5605/3
f 4280/5605/3 4285/5612/3 4284/5611/3
f 4272/5595/2398 4247/5561/2391 4287/5560/2390
f 4287/5560/2390 4273/5596/2399 4272/5595/2398
f 4274/5597/2402 4248/5562/2392 4247/5561/2391
f 4247/5561/2391 4272/5595/2398 4274/5597/2402
f 4364/5598/2404 4334/5563/2393 4248/5562/2392
f 4248/5562/2392 4274/5597/2402 4364/5598/2404
f 4275/5599/2406 4288/5565/2395 4289/5564/2394
f 4289/5564/2394 4366/5600/2407 4275/5599/2406
f 4276/5601/2410 4290/5566/2396 4288/5565/2395
f 4288/5565/2395 4275/5599/2406 4276/5601/2410
f 4277/5602/2412 4291/5567/2397 4290/5566/2396
f 4290/5566/2396 4276/5601/2410 4277/5602/2412
f 4273/5596/2399 4287/5560/2390 4291/5567/2397
f 4291/5567/2397 4277/5602/2412 4273/5596/2399
f 4292/5614/2 4295/5615/2 4294/5616/2
f 4294/5616/2 4293/5617/2 4292/5614/2
f 4293/5617/2 4294/5616/2 4297/5618/2
f 4297/5618/2 4296/5619/2 4293/5617/2
f 4296/5619/2 4297/5618/2 4299/5521/2
f 4299/5521/2 4298/5520/2 4296/5619/2
f 4214/5522/2 4301/5620/2 4300/5621/2
f 4214/5522/2 4302/5622/2 4301/5620/2
f 4214/5522/2 4303/5526/2 4302/5622/2
f 4304/5527/2 4307/5530/2 4306/5623/2
f 4306/5623/2 4305/5624/2 4304/5527/2
f 4305/5624/2 4306/5623/2 4309/5625/2
f 4309/5625/2 4308/5626/2 4305/5624/2
f 4308/5626/2 4309/5625/2 4311/5627/2
f 4311/5627/2 4310/5628/2 4308/5626/2
f 4222/5535/2 4312/5629/2 4240/5536/2
f 4222/5535/2 4313/5630/2 4312/5629/2
f 4222/5535/2 4314/5631/2 4313/5630/2
f 4292/5614/2 4310/5628/2 4311/5627/2
f 4311/5627/2 4295/5615/2 4292/5614/2
f 4315/5632/2 4314/5631/2 4222/5535/2
f 4316/5633/2428 4317/5634/2429 4292/5614/2430
f 4292/5614/2430 4293/5617/2431 4316/5633/2428
f 4318/5635/2432 4316/5633/2428 4293/5617/2431
f 4293/5617/2431 4296/5619/2433 4318/5635/2432
f 4319/5544/2366 4318/5635/2432 4296/5619/2433
f 4296/5619/2433 4298/5520/2367 4319/5544/2366
f 4320/5636/2434 4215/5546/2371 4304/5527/2370
f 4304/5527/2370 4305/5624/2435 4320/5636/2434
f 4321/5637/2436 4320/5636/2434 4305/5624/2435
f 4305/5624/2435 4308/5626/2437 4321/5637/2436
f 4322/5638/2438 4321/5637/2436 4308/5626/2437
f 4308/5626/2437 4310/5628/2439 4322/5638/2438
f 4317/5634/2429 4322/5638/2438 4310/5628/2439
f 4310/5628/2439 4292/5614/2430 4317/5634/2429
f 4323/5639/2 4237/5550/2 4214/5522/2
f 4311/5627/2 4325/5640/2 4324/5641/2
f 4324/5641/2 4295/5615/2 4311/5627/2
f 4326/5642/2 4214/5522/2 4300/5621/2
f 4323/5639/2 4214/5522/2 4326/5642/2
f 4327/5643/2 4222/5535/2 4246/5555/2
f 4315/5632/2 4222/5535/2 4327/5643/2
f 4295/5615/2440 4300/5621/2440 4301/5620/2441
f 4301/5620/2441 4294/5616/2441 4295/5615/2440
f 4294/5616/2441 4301/5620/2441 4302/5622/2442
f 4302/5622/2442 4297/5618/2442 4294/5616/2441
f 4297/5618/2442 4302/5622/2442 4303/5526/2379
f 4303/5526/2379 4299/5521/2379 4297/5618/2442
f 4328/5556/2380 4237/5550/2380 4323/5639/2443
f 4323/5639/2443 4329/5644/2443 4328/5556/2380
f 4329/5644/2443 4323/5639/2443 4326/5642/2444
f 4326/5642/2444 4324/5641/2444 4329/5644/2443
f 4324/5641/2444 4326/5642/2444 4300/5621/2440
f 4300/5621/2440 4295/5615/2440 4324/5641/2444
f 4307/5530/2383 4240/5536/2383 4312/5629/2445
f 4312/5629/2445 4306/5623/2445 4307/5530/2383
f 4306/5623/2445 4312/5629/2445 4313/5630/2446
f 4313/5630/2446 4309/5625/2446 4306/5623/2445
f 4309/5625/2446 4313/5630/2446 4314/5631/2447
f 4314/5631/2447 4311/5627/2447 4309/5625/2446
f 4311/5627/2447 4314/5631/2447 4315/5632/2448
f 4315/5632/2448 4325/5640/2448 4311/5627/2447
f 4325/5640/2448 4315/5632/2448 4327/5643/2449
f 4327/5643/2449 4330/5645/2449 4325/5640/2448
f 4330/5645/2449 4327/5643/2449 4246/5555/2389
f 4246/5555/2389 4233/5559/2389 4330/5645/2449
f 4328/5556/2 4329/5644/2 4330/5645/2
f 4330/5645/2 4233/5559/2 4328/5556/2
f 4329/5644/2 4324/5641/2 4325/5640/2
f 4325/5640/2 4330/5645/2 4329/5644/2
f 4316/5633/2428 4331/5646/2450 4332/5647/2451
f 4332/5647/2451 4317/5634/2429 4316/5633/2428
f 4318/5635/2432 4333/5648/2452 4331/5646/2450
f 4331/5646/2450 4316/5633/2428 4318/5635/2432
f 4319/5544/2366 4334/5563/2393 4333/5648/2452
f 4333/5648/2452 4318/5635/2432 4319/5544/2366
f 4320/5636/2434 4335/5649/2453 4289/5564/2394
f 4289/5564/2394 4215/5546/2371 4320/5636/2434
f 4321/5637/2436 4336/5650/2454 4335/5649/2453
f 4335/5649/2453 4320/5636/2434 4321/5637/2436
f 4322/5638/2438 4337/5651/2455 4336/5650/2454
f 4336/5650/2454 4321/5637/2436 4322/5638/2438
f 4317/5634/2429 4332/5647/2451 4337/5651/2455
f 4337/5651/2455 4322/5638/2438 4317/5634/2429
f 4338/5652/3 4341/5653/3 4340/5654/3
f 4340/5654/3 4339/5655/3 4338/5652/3
f 4341/5653/3 4343/5656/3 4342/5657/3
f 4342/5657/3 4340/5654/3 4341/5653/3
f 4343/5656/3 4345/5575/3 4344/5574/3
f 4344/5574/3 4342/5657/3 4343/5656/3
f 4255/5576/3 4347/5658/3 4346/5659/3
f 4255/5576/3 4346/5659/3 4348/5660/3
f 4255/5576/3 4348/5660/3 4349/5580/3
f 4259/5581/3 4351/5661/3 4350/5662/3
f 4350/5662/3 4262/5582/3 4259/5581/3
f 4351/5661/3 4353/5663/3 4352/5664/3
f 4352/5664/3 4350/5662/3 4351/5661/3
f 4353/5663/3 4355/5665/3 4354/5666/3
f 4354/5666/3 4352/5664/3 4353/5663/3
f 4267/5589/3 4357/5591/3 4356/5667/3
f 4267/5589/3 4356/5667/3 4358/5668/3
f 4267/5589/3 4358/5668/3 4359/5669/3
f 4338/5652/3 4339/5655/3 4354/5666/3
f 4354/5666/3 4355/5665/3 4338/5652/3
f 4360/5670/3 4267/5589/3 4359/5669/3
f 4361/5671/2456 4341/5653/2457 4338/5652/2458
f 4338/5652/2458 4362/5672/2459 4361/5671/2456
f 4363/5673/2460 4343/5656/2461 4341/5653/2457
f 4341/5653/2457 4361/5671/2456 4363/5673/2460
f 4364/5598/2404 4345/5575/2405 4343/5656/2461
f 4343/5656/2461 4363/5673/2460 4364/5598/2404
f 4365/5674/2462 4351/5661/2463 4259/5581/2408
f 4259/5581/2408 4366/5600/2407 4365/5674/2462
f 4367/5675/2464 4353/5663/2465 4351/5661/2463
f 4351/5661/2463 4365/5674/2462 4367/5675/2464
f 4368/5676/2466 4355/5665/2467 4353/5663/2465
f 4353/5663/2465 4367/5675/2464 4368/5676/2466
f 4362/5672/2459 4338/5652/2458 4355/5665/2467
f 4355/5665/2467 4368/5676/2466 4362/5672/2459
f 4369/5677/3 4255/5576/3 4370/5604/3
f 4354/5666/3 4339/5655/3 4372/5678/3
f 4372/5678/3 4371/5679/3 4354/5666/3
f 4373/5680/3 4347/5658/3 4255/5576/3
f 4369/5677/3 4373/5680/3 4255/5576/3
f 4374/5681/3 4375/5609/3 4267/5589/3
f 4360/5670/3 4374/5681/3 4267/5589/3
f 4339/5655/2468 4340/5654/2469 4346/5659/2469
f 4346/5659/2469 4347/5658/2468 4339/5655/2468
f 4340/5654/2469 4342/5657/2470 4348/5660/2470
f 4348/5660/2470 4346/5659/2469 4340/5654/2469
f 4342/5657/2470 4344/5574/2417 4349/5580/2417
f 4349/5580/2417 4348/5660/2470 4342/5657/2470
f 4283/5610/2418 4376/5682/2471 4369/5677/2471
f 4369/5677/2471 4370/5604/2418 4283/5610/2418
f 4376/5682/2471 4372/5678/2472 4373/5680/2472
f 4373/5680/2472 4369/5677/2471 4376/5682/2471
f 4372/5678/2472 4339/5655/2468 4347/5658/2468
f 4347/5658/2468 4373/5680/2472 4372/5678/2472
f 4262/5582/2421 4350/5662/2473 4356/5667/2473
f 4356/5667/2473 4357/5591/2421 4262/5582/2421
f 4350/5662/2473 4352/5664/2474 4358/5668/2474
f 4358/5668/2474 4356/5667/2473 4350/5662/2473
f 4352/5664/2474 4354/5666/2475 4359/5669/2475
f 4359/5669/2475 4358/5668/2474 4352/5664/2474
f 4354/5666/2475 4371/5679/2476 4360/5670/2476
f 4360/5670/2476 4359/5669/2475 4354/5666/2475
f 4371/5679/2476 4377/5683/2477 4374/5681/2477
f 4374/5681/2477 4360/5670/2476 4371/5679/2476
f 4377/5683/2477 4286/5613/2427 4375/5609/2427
f 4375/5609/2427 4374/5681/2477 4377/5683/2477
f 4283/5610/3 4286/5613/3 4377/5683/3
f 4377/5683/3 4376/5682/3 4283/5610/3
f 4376/5682/3 4377/5683/3 4371/5679/3
f 4371/5679/3 4372/5678/3 4376/5682/3
f 4361/5671/2456 4362/5672/2459 4332/5647/2451
f 4332/5647/2451 4331/5646/2450 4361/5671/2456
f 4363/5673/2460 4361/5671/2456 4331/5646/2450
f 4331/5646/2450 4333/5648/2452 4363/5673/2460
f 4364/5598/2404 4363/5673/2460 4333/5648/2452
f 4333/5648/2452 4334/5563/2393 4364/5598/2404
f 4365/5674/2462 4366/5600/2407 4289/5564/2394
f 4289/5564/2394 4335/5649/2453 4365/5674/2462
f 4367/5675/2464 4365/5674/2462 4335/5649/2453
f 4335/5649/2453 4336/5650/2454 4367/5675/2464
f 4368/5676/2466 4367/5675/2464 4336/5650/2454
f 4336/5650/2454 4337/5651/2455 4368/5676/2466
f 4362/5672/2459 4368/5676/2466 4337/5651/2455
f 4337/5651/2455 4332/5647/2451 4362/5672/2459
f 4378/5684/2394 4379/5685/439 4387/5686/439
f 4387/5686/439 4386/5687/2394 4378/5684/2394
f 4379/5685/439 4380/5688/2478 4388/5689/2478
f 4388/5689/2478 4387/5686/439 4379/5685/439
f 4380/5688/2478 4381/5690/630 4389/5691/630
f 4389/5691/630 4388/5689/2478 4380/5688/2478
f 4381/5690/630 4382/5692/2393 4390/5693/2393
f 4390/5693/2393 4389/5691/630 4381/5690/630
f 4382/5694/2393 4383/5695/549 4391/5696/549
f 4391/5696/549 4390/5697/2393 4382/5694/2393
f 4383/5695/549 4384/5698/2479 4392/5699/2479
f 4392/5699/2479 4391/5696/549 4383/5695/549
f 4384/5698/2479 4385/5700/419 4393/5701/419
f 4393/5701/419 4392/5699/2479 4384/5698/2479
f 4385/5700/419 4378/5684/2394 4386/5687/2394
f 4386/5687/2394 4393/5701/419 4385/5700/419
f 4394/5702/2480 4398/5703/2481 4399/5704/2482
f 4395/5705/2483 4400/5706/2484 4401/5707/2485
f 4396/5708/2486 4402/5709/2487 4403/5710/2488
f 4397/5711/2489 4404/5712/2490 4405/5713/2491
f 4401/5707/2485 4408/5714/2492 4406/5715/2493
f 4406/5715/2493 4395/5705/2483 4401/5707/2485
f 4399/5704/2482 4398/5703/2481 4464/5716/2494
f 4464/5716/2494 4465/5717/2495 4399/5704/2482
f 4396/5708/2486 4409/5718/2496 4407/5719/2497
f 4407/5719/2497 4402/5709/2487 4396/5708/2486
f 4404/5712/2490 4397/5711/2489 4468/5720/2498
f 4468/5720/2498 4469/5721/2499 4404/5712/2490
f 4398/5722/2481 4394/5702/2480 4396/5708/2486
f 4396/5708/2486 4403/5723/2488 4398/5722/2481
f 4401/5707/2485 4400/5724/2484 4397/5725/2489
f 4397/5725/2489 4405/5713/2491 4401/5707/2485
f 4470/5726/2500 4471/5727/2501 4400/5706/2484
f 4400/5706/2484 4395/5705/2483 4470/5726/2500
f 4472/5728/2502 4473/5729/2503 4403/5710/2488
f 4403/5710/2488 4402/5709/2487 4472/5728/2502
f 4408/5714/2492 4394/5702/2480 4399/5704/2482
f 4399/5704/2482 4406/5715/2493 4408/5714/2492
f 4409/5718/2496 4405/5713/2491 4404/5712/2490
f 4404/5712/2490 4407/5719/2497 4409/5718/2496
f 4470/5726/2500 4395/5705/2483 4410/5730/169
f 4410/5730/169 4475/5731/169 4470/5726/2500
f 4395/5705/2483 4406/5715/2493 4411/5732/169
f 4411/5732/169 4410/5730/169 4395/5705/2483
f 4406/5715/2493 4477/5733/169 4478/5734/169
f 4478/5734/169 4411/5732/169 4406/5715/2493
f 4404/5712/2490 4469/5721/2499 4479/5735/161
f 4479/5735/161 4412/5736/161 4404/5712/2490
f 4481/5737/161 4407/5719/2497 4413/5738/161
f 4413/5738/161 4483/5739/161 4481/5737/161
f 4407/5719/2497 4404/5712/2490 4412/5736/161
f 4412/5736/161 4413/5738/161 4407/5719/2497
f 4477/5733/169 4406/5715/2493 4414/5740/169
f 4414/5740/169 4485/5741/169 4477/5733/169
f 4406/5715/2493 4399/5704/2482 4415/5742/169
f 4415/5742/169 4414/5740/169 4406/5715/2493
f 4399/5704/2482 4465/5717/2495 4487/5743/169
f 4487/5743/169 4415/5742/169 4399/5704/2482
f 4472/5728/2502 4402/5709/2487 4416/5744/161
f 4416/5744/161 4489/5745/161 4472/5728/2502
f 4402/5709/2487 4407/5719/2497 4417/5746/161
f 4417/5746/161 4416/5744/161 4402/5709/2487
f 4407/5719/2497 4481/5737/161 4491/5747/161
f 4491/5747/161 4417/5746/161 4407/5719/2497
f 4411/5748/2504 4478/5749/2504 4483/5750/2504
f 4483/5750/2504 4413/5751/2504 4411/5748/2504
f 4485/5752/2505 4414/5753/2505 4417/5754/2505
f 4417/5754/2505 4491/5755/2505 4485/5752/2505
f 4400/5724/2484 4471/5756/2501 4419/5757/2504
f 4419/5757/2504 4418/5758/2504 4400/5724/2484
f 4471/5756/2501 4468/5759/2498 4420/5760/2504
f 4420/5760/2504 4419/5757/2504 4471/5756/2501
f 4468/5759/2498 4397/5725/2489 4421/5761/2504
f 4421/5761/2504 4420/5760/2504 4468/5759/2498
f 4397/5725/2489 4400/5724/2484 4418/5758/2504
f 4418/5758/2504 4421/5761/2504 4397/5725/2489
f 4464/5762/2494 4398/5722/2481 4423/5763/2505
f 4423/5763/2505 4422/5764/2505 4464/5762/2494
f 4398/5722/2481 4403/5723/2488 4424/5765/2505
f 4424/5765/2505 4423/5763/2505 4398/5722/2481
f 4403/5723/2488 4473/5766/2503 4425/5767/2505
f 4425/5767/2505 4424/5765/2505 4403/5723/2488
f 4473/5766/2503 4464/5762/2494 4422/5764/2505
f 4422/5764/2505 4425/5767/2505 4473/5766/2503
f 4475/5768/2505 4410/5769/2505 4427/5770/2505
f 4427/5770/2505 4426/5771/2505 4475/5768/2505
f 4410/5769/2505 4412/5772/2505 4428/5773/2505
f 4428/5773/2505 4427/5770/2505 4410/5769/2505
f 4412/5772/2505 4479/5774/2505 4429/5775/2505
f 4429/5775/2505 4428/5773/2505 4412/5772/2505
f 4479/5774/2505 4475/5768/2505 4426/5771/2505
f 4426/5771/2505 4429/5775/2505 4479/5774/2505
f 4415/5776/2504 4487/5777/2504 4431/5778/2504
f 4431/5778/2504 4430/5779/2504 4415/5776/2504
f 4487/5777/2504 4489/5780/2504 4432/5781/2504
f 4432/5781/2504 4431/5778/2504 4487/5777/2504
f 4489/5780/2504 4416/5782/2504 4433/5783/2504
f 4433/5783/2504 4432/5781/2504 4489/5780/2504
f 4416/5782/2504 4415/5776/2504 4430/5779/2504
f 4430/5779/2504 4433/5783/2504 4416/5782/2504
f 4419/5784/3 4420/5785/3 4429/5775/3
f 4429/5775/3 4426/5771/3 4419/5784/3
f 4420/5785/2506 4421/5786/2506 4428/5773/2506
f 4428/5773/2506 4429/5775/2506 4420/5785/2506
f 4421/5786/2507 4418/5787/2507 4427/5770/2507
f 4427/5770/2507 4428/5773/2507 4421/5786/2507
f 4418/5787/2508 4419/5784/2508 4426/5771/2508
f 4426/5771/2508 4427/5770/2508 4418/5787/2508
f 4425/5788/3 4422/5789/3 4431/5778/3
f 4431/5778/3 4432/5781/3 4425/5788/3
f 4422/5789/2509 4423/5790/2509 4430/5779/2509
f 4430/5779/2509 4431/5778/2509 4422/5789/2509
f 4423/5790/2510 4424/5791/2510 4433/5783/2510
f 4433/5783/2510 4430/5779/2510 4423/5790/2510
f 4424/5791/2511 4425/5788/2511 4432/5781/2511
f 4432/5781/2511 4433/5783/2511 4424/5791/2511
f 4394/5702/2480 4408/5714/2492 4435/5792/3
f 4435/5792/3 4434/5793/3 4394/5702/2480
f 4408/5714/2492 4409/5718/2496 4436/5794/3
f 4436/5794/3 4435/5792/3 4408/5714/2492
f 4409/5718/2496 4396/5708/2486 4437/5795/3
f 4437/5795/3 4436/5794/3 4409/5718/2496
f 4396/5708/2486 4394/5702/2480 4434/5793/3
f 4434/5793/3 4437/5795/3 4396/5708/2486
f 4408/5714/2492 4401/5707/2485 4439/5796/3
f 4439/5796/3 4438/5797/3 4408/5714/2492
f 4401/5707/2485 4405/5713/2491 4440/5798/3
f 4440/5798/3 4439/5796/3 4401/5707/2485
f 4405/5713/2491 4409/5718/2496 4441/5799/3
f 4441/5799/3 4440/5798/3 4405/5713/2491
f 4409/5718/2496 4408/5714/2492 4438/5797/3
f 4438/5797/3 4441/5799/3 4409/5718/2496
f 4410/5769/2 4411/5748/2 4443/5800/2
f 4443/5800/2 4442/5801/2 4410/5769/2
f 4411/5748/2 4413/5751/2 4444/5802/2
f 4444/5802/2 4443/5800/2 4411/5748/2
f 4413/5751/2 4412/5772/2 4445/5803/2
f 4445/5803/2 4444/5802/2 4413/5751/2
f 4412/5772/2 4410/5769/2 4442/5801/2
f 4442/5801/2 4445/5803/2 4412/5772/2
f 4414/5753/2 4415/5776/2 4447/5804/2
f 4447/5804/2 4446/5805/2 4414/5753/2
f 4415/5776/2 4416/5782/2 4448/5806/2
f 4448/5806/2 4447/5804/2 4415/5776/2
f 4416/5782/2 4417/5754/2 4449/5807/2
f 4449/5807/2 4448/5806/2 4416/5782/2
f 4417/5754/2 4414/5753/2 4446/5805/2
f 4446/5805/2 4449/5807/2 4417/5754/2
f 4435/5808/2512 4436/5809/2513 4449/5807/2514
f 4449/5807/2514 4446/5805/2515 4435/5808/2512
f 4436/5809/2516 4437/5810/2516 4448/5806/2516
f 4448/5806/2516 4449/5807/2516 4436/5809/2516
f 4437/5810/2517 4434/5811/2518 4447/5804/2519
f 4447/5804/2519 4448/5806/2520 4437/5810/2517
f 4434/5811/2521 4435/5808/2521 4446/5805/2521
f 4446/5805/2521 4447/5804/2521 4434/5811/2521
f 4441/5812/2522 4438/5813/2523 4443/5800/2524
f 4443/5800/2524 4444/5802/2525 4441/5812/2522
f 4438/5813/2521 4439/5814/2521 4442/5801/2521
f 4442/5801/2521 4443/5800/2521 4438/5813/2521
f 4439/5814/2526 4440/5815/2527 4445/5803/2528
f 4445/5803/2528 4442/5801/2529 4439/5814/2526
f 4440/5815/2516 4441/5812/2516 4444/5802/2516
f 4444/5802/2516 4445/5803/2516 4440/5815/2516
f 4450/5816/2530 4452/5817/2531 4451/5818/2532
f 4453/5819/2533 4455/5820/2534 4454/5821/2535
f 4456/5822/2536 4458/5823/2537 4457/5824/2538
f 4459/5825/2539 4461/5826/2540 4460/5827/2541
f 4455/5820/2534 4453/5819/2533 4463/5828/2542
f 4463/5828/2542 4462/5829/2543 4455/5820/2534
f 4452/5817/2531 4465/5717/2495 4464/5716/2494
f 4464/5716/2494 4451/5818/2532 4452/5817/2531
f 4456/5822/2536 4457/5824/2538 4467/5830/2544
f 4467/5830/2544 4466/5831/2545 4456/5822/2536
f 4460/5827/2541 4469/5721/2499 4468/5720/2498
f 4468/5720/2498 4459/5825/2539 4460/5827/2541
f 4451/5832/2532 4458/5833/2537 4456/5822/2536
f 4456/5822/2536 4450/5816/2530 4451/5832/2532
f 4455/5820/2534 4461/5826/2540 4459/5834/2539
f 4459/5834/2539 4454/5835/2535 4455/5820/2534
f 4470/5726/2500 4453/5819/2533 4454/5821/2535
f 4454/5821/2535 4471/5727/2501 4470/5726/2500
f 4472/5728/2502 4457/5824/2538 4458/5823/2537
f 4458/5823/2537 4473/5729/2503 4472/5728/2502
f 4462/5829/2543 4463/5828/2542 4452/5817/2531
f 4452/5817/2531 4450/5816/2530 4462/5829/2543
f 4466/5831/2545 4467/5830/2544 4460/5827/2541
f 4460/5827/2541 4461/5826/2540 4466/5831/2545
f 4470/5726/2500 4475/5731/169 4474/5836/169
f 4474/5836/169 4453/5819/2533 4470/5726/2500
f 4453/5819/2533 4474/5836/169 4476/5837/169
f 4476/5837/169 4463/5828/2542 4453/5819/2533
f 4463/5828/2542 4476/5837/169 4478/5734/169
f 4478/5734/169 4477/5733/169 4463/5828/2542
f 4460/5827/2541 4480/5838/161 4479/5735/161
f 4479/5735/161 4469/5721/2499 4460/5827/2541
f 4481/5737/161 4483/5739/161 4482/5839/161
f 4482/5839/161 4467/5830/2544 4481/5737/161
f 4467/5830/2544 4482/5839/161 4480/5838/161
f 4480/5838/161 4460/5827/2541 4467/5830/2544
f 4477/5733/169 4485/5741/169 4484/5840/169
f 4484/5840/169 4463/5828/2542 4477/5733/169
f 4463/5828/2542 4484/5840/169 4486/5841/169
f 4486/5841/169 4452/5817/2531 4463/5828/2542
f 4452/5817/2531 4486/5841/169 4487/5743/169
f 4487/5743/169 4465/5717/2495 4452/5817/2531
f 4472/5728/2502 4489/5745/161 4488/5842/161
f 4488/5842/161 4457/5824/2538 4472/5728/2502
f 4457/5824/2538 4488/5842/161 4490/5843/161
f 4490/5843/161 4467/5830/2544 4457/5824/2538
f 4467/5830/2544 4490/5843/161 4491/5747/161
f 4491/5747/161 4481/5737/161 4467/5830/2544
f 4476/5844/2504 4482/5845/2504 4483/5750/2504
f 4483/5750/2504 4478/5749/2504 4476/5844/2504
f 4485/5752/2505 4491/5755/2505 4490/5846/2505
f 4490/5846/2505 4484/5847/2505 4485/5752/2505
f 4454/5835/2535 4493/5848/2504 4492/5849/2504
f 4492/5849/2504 4471/5756/2501 4454/5835/2535
f 4471/5756/2501 4492/5849/2504 4494/5850/2504
f 4494/5850/2504 4468/5759/2498 4471/5756/2501
f 4468/5759/2498 4494/5850/2504 4495/5851/2504
f 4495/5851/2504 4459/5834/2539 4468/5759/2498
f 4459/5834/2539 4495/5851/2504 4493/5848/2504
f 4493/5848/2504 4454/5835/2535 4459/5834/2539
f 4464/5762/2494 4497/5852/2505 4496/5853/2505
f 4496/5853/2505 4451/5832/2532 4464/5762/2494
f 4451/5832/2532 4496/5853/2505 4498/5854/2505
f 4498/5854/2505 4458/5833/2537 4451/5832/2532
f 4458/5833/2537 4498/5854/2505 4499/5855/2505
f 4499/5855/2505 4473/5766/2503 4458/5833/2537
f 4473/5766/2503 4499/5855/2505 4497/5852/2505
f 4497/5852/2505 4464/5762/2494 4473/5766/2503
f 4475/5768/2505 4501/5856/2505 4500/5857/2505
f 4500/5857/2505 4474/5858/2505 4475/5768/2505
f 4474/5858/2505 4500/5857/2505 4502/5859/2505
f 4502/5859/2505 4480/5860/2505 4474/5858/2505
f 4480/5860/2505 4502/5859/2505 4503/5861/2505
f 4503/5861/2505 4479/5774/2505 4480/5860/2505
f 4479/5774/2505 4503/5861/2505 4501/5856/2505
f 4501/5856/2505 4475/5768/2505 4479/5774/2505
f 4486/5862/2504 4505/5863/2504 4504/5864/2504
f 4504/5864/2504 4487/5777/2504 4486/5862/2504
f 4487/5777/2504 4504/5864/2504 4506/5865/2504
f 4506/5865/2504 4489/5780/2504 4487/5777/2504
f 4489/5780/2504 4506/5865/2504 4507/5866/2504
f 4507/5866/2504 4488/5867/2504 4489/5780/2504
f 4488/5867/2504 4507/5866/2504 4505/5863/2504
f 4505/5863/2504 4486/5862/2504 4488/5867/2504
f 4492/5868/2 4501/5856/2 4503/5861/2
f 4503/5861/2 4494/5869/2 4492/5868/2
f 4494/5869/2506 4503/5861/2506 4502/5859/2506
f 4502/5859/2506 4495/5870/2506 4494/5869/2506
f 4495/5870/2546 4502/5859/2546 4500/5857/2546
f 4500/5857/2546 4493/5871/2546 4495/5870/2546
f 4493/5871/2508 4500/5857/2508 4501/5856/2508
f 4501/5856/2508 4492/5868/2508 4493/5871/2508
f 4499/5872/2 4506/5865/2 4504/5864/2
f 4504/5864/2 4497/5873/2 4499/5872/2
f 4497/5873/2509 4504/5864/2509 4505/5863/2509
f 4505/5863/2509 4496/5874/2509 4497/5873/2509
f 4496/5874/2547 4505/5863/2547 4507/5866/2547
f 4507/5866/2547 4498/5875/2547 4496/5874/2547
f 4498/5875/2511 4507/5866/2511 4506/5865/2511
f 4506/5865/2511 4499/5872/2511 4498/5875/2511
f 4450/5816/2530 4509/5876/2 4508/5877/2
f 4508/5877/2 4462/5829/2543 4450/5816/2530
f 4462/5829/2543 4508/5877/2 4510/5878/2
f 4510/5878/2 4466/5831/2545 4462/5829/2543
f 4466/5831/2545 4510/5878/2 4511/5879/2
f 4511/5879/2 4456/5822/2536 4466/5831/2545
f 4456/5822/2536 4511/5879/2 4509/5876/2
f 4509/5876/2 4450/5816/2530 4456/5822/2536
f 4462/5829/2543 4513/5880/2 4512/5881/2
f 4512/5881/2 4455/5820/2534 4462/5829/2543
f 4455/5820/2534 4512/5881/2 4514/5882/2
f 4514/5882/2 4461/5826/2540 4455/5820/2534
f 4461/5826/2540 4514/5882/2 4515/5883/2
f 4515/5883/2 4466/5831/2545 4461/5826/2540
f 4466/5831/2545 4515/5883/2 4513/5880/2
f 4513/5880/2 4462/5829/2543 4466/5831/2545
f 4474/5858/3 4517/5884/3 4516/5885/3
f 4516/5885/3 4476/5844/3 4474/5858/3
f 4476/5844/3 4516/5885/3 4518/5886/3
f 4518/5886/3 4482/5845/3 4476/5844/3
f 4482/5845/3 4518/5886/3 4519/5887/3
f 4519/5887/3 4480/5860/3 4482/5845/3
f 4480/5860/3 4519/5887/3 4517/5884/3
f 4517/5884/3 4474/5858/3 4480/5860/3
f 4484/5847/3 4521/5888/3 4520/5889/3
f 4520/5889/3 4486/5862/3 4484/5847/3
f 4486/5862/3 4520/5889/3 4522/5890/3
f 4522/5890/3 4488/5867/3 4486/5862/3
f 4488/5867/3 4522/5890/3 4523/5891/3
f 4523/5891/3 4490/5846/3 4488/5867/3
f 4490/5846/3 4523/5891/3 4521/5888/3
f 4521/5888/3 4484/5847/3 4490/5846/3
f 4508/5892/2548 4521/5888/2549 4523/5891/2550
f 4523/5891/2550 4510/5893/2551 4508/5892/2548
f 4510/5893/2552 4523/5891/2552 4522/5890/2552
f 4522/5890/2552 4511/5894/2552 4510/5893/2552
f 4511/5894/2553 4522/5890/2554 4520/5889/2555
f 4520/5889/2555 4509/5895/2556 4511/5894/2553
f 4509/5895/2557 4520/5889/2557 4521/5888/2557
f 4521/5888/2557 4508/5892/2557 4509/5895/2557
f 4515/5896/2558 4518/5886/2559 4516/5885/2560
f 4516/5885/2560 4513/5897/2561 4515/5896/2558
f 4513/5897/2557 4516/5885/2557 4517/5884/2557
f 4517/5884/2557 4512/5898/2557 4513/5897/2557
f 4512/5898/2562 4517/5884/2563 4519/5887/2528
f 4519/5887/2528 4514/5899/2564 4512/5898/2562
f 4514/5899/2552 4519/5887/2552 4518/5886/2552
f 4518/5886/2552 4515/5896/2552 4514/5899/2552
f 4539/5900/3 4527/5901/3 4528/5902/3
f 4528/5902/3 4540/5903/3 4539/5900/3
f 4540/5903/3 4528/5902/3 4529/5904/3
f 4529/5904/3 4541/5905/3 4540/5903/3
f 4541/5905/3 4529/5904/3 4615/5906/3
f 4615/5906/3 4614/5907/3 4541/5905/3
f 4530/5908/3 4551/5909/3 4550/5910/3
f 4530/5908/3 4552/5911/3 4551/5909/3
f 4530/5908/3 4619/5912/3 4552/5911/3
f 4620/5913/3 4623/5914/3 4535/5915/3
f 4535/5915/3 4542/5916/3 4620/5913/3
f 4542/5916/3 4535/5915/3 4536/5917/3
f 4536/5917/3 4543/5918/3 4542/5916/3
f 4543/5918/3 4536/5917/3 4537/5919/3
f 4537/5919/3 4534/5920/3 4543/5918/3
f 4538/5921/3 4557/5922/3 4556/5923/3
f 4538/5921/3 4558/5924/3 4557/5922/3
f 4538/5921/3 4559/5925/3 4558/5924/3
f 4539/5900/3 4534/5920/3 4537/5919/3
f 4537/5919/3 4527/5901/3 4539/5900/3
f 4560/5926/3 4559/5925/3 4538/5921/3
f 4525/5927/2565 4524/5928/2566 4539/5900/2567
f 4539/5900/2567 4540/5903/2465 4525/5927/2565
f 4526/5929/2462 4525/5927/2565 4540/5903/2465
f 4540/5903/2465 4541/5905/2463 4526/5929/2462
f 4635/5930/2407 4526/5929/2462 4541/5905/2463
f 4541/5905/2463 4614/5907/2408 4635/5930/2407
f 4532/5931/2460 4531/5932/2404 4620/5913/2405
f 4620/5913/2405 4542/5916/2461 4532/5931/2460
f 4533/5933/2456 4532/5931/2460 4542/5916/2461
f 4542/5916/2461 4543/5918/2457 4533/5933/2456
f 4544/5934/2568 4533/5933/2456 4543/5918/2457
f 4543/5918/2457 4534/5920/2569 4544/5934/2568
f 4524/5928/2566 4544/5934/2568 4534/5920/2569
f 4534/5920/2569 4539/5900/2567 4524/5928/2566
f 4554/5935/3 4553/5936/3 4530/5908/3
f 4537/5919/3 4547/5937/3 4545/5938/3
f 4545/5938/3 4527/5901/3 4537/5919/3
f 4555/5939/3 4530/5908/3 4550/5910/3
f 4554/5935/3 4530/5908/3 4555/5939/3
f 4561/5940/3 4538/5921/3 4562/5941/3
f 4560/5926/3 4538/5921/3 4561/5940/3
f 4527/5901/2468 4550/5910/2468 4551/5909/2472
f 4551/5909/2472 4528/5902/2472 4527/5901/2468
f 4528/5902/2472 4551/5909/2472 4552/5911/2471
f 4552/5911/2471 4529/5904/2471 4528/5902/2472
f 4529/5904/2471 4552/5911/2471 4619/5912/2418
f 4619/5912/2418 4615/5906/2418 4529/5904/2471
f 4644/5942/2417 4553/5936/2417 4554/5935/2470
f 4554/5935/2470 4546/5943/2470 4644/5942/2417
f 4546/5943/2470 4554/5935/2470 4555/5939/2469
f 4555/5939/2469 4545/5938/2469 4546/5943/2470
f 4545/5938/2469 4555/5939/2469 4550/5910/2468
f 4550/5910/2468 4527/5901/2468 4545/5938/2469
f 4623/5914/2427 4556/5923/2427 4557/5922/2477
f 4557/5922/2477 4535/5915/2477 4623/5914/2427
f 4535/5915/2477 4557/5922/2477 4558/5924/2570
f 4558/5924/2570 4536/5917/2570 4535/5915/2477
f 4536/5917/2570 4558/5924/2570 4559/5925/2571
f 4559/5925/2571 4537/5919/2571 4536/5917/2570
f 4537/5919/2571 4559/5925/2571 4560/5926/2474
f 4560/5926/2474 4547/5937/2474 4537/5919/2571
f 4547/5937/2474 4560/5926/2474 4561/5940/2473
f 4561/5940/2473 4548/5944/2473 4547/5937/2474
f 4548/5944/2473 4561/5940/2473 4562/5941/2421
f 4562/5941/2421 4549/5945/2421 4548/5944/2473
f 4644/5942/3 4546/5943/3 4548/5944/3
f 4548/5944/3 4549/5945/3 4644/5942/3
f 4546/5943/3 4545/5938/3 4547/5937/3
f 4547/5937/3 4548/5944/3 4546/5943/3
f 4525/5927/2565 4563/5946/2454 4603/5947/2572
f 4603/5947/2572 4524/5928/2566 4525/5927/2565
f 4526/5929/2462 4564/5948/2453 4563/5946/2454
f 4563/5946/2454 4525/5927/2565 4526/5929/2462
f 4635/5930/2407 4650/5949/2394 4564/5948/2453
f 4564/5948/2453 4526/5929/2462 4635/5930/2407
f 4532/5931/2460 4604/5950/2452 4605/5951/2393
f 4605/5951/2393 4531/5932/2404 4532/5931/2460
f 4533/5933/2456 4606/5952/2450 4604/5950/2452
f 4604/5950/2452 4532/5931/2460 4533/5933/2456
f 4544/5934/2568 4607/5953/2573 4606/5952/2450
f 4606/5952/2450 4533/5933/2456 4544/5934/2568
f 4524/5928/2566 4603/5947/2572 4607/5953/2573
f 4607/5953/2573 4544/5934/2568 4524/5928/2566
f 4565/5954/2 4566/5955/2 4567/5956/2
f 4567/5956/2 4568/5957/2 4565/5954/2
f 4566/5955/2 4569/5958/2 4570/5959/2
f 4570/5959/2 4567/5956/2 4566/5955/2
f 4569/5958/2 4661/5960/2 4660/5961/2
f 4660/5961/2 4570/5959/2 4569/5958/2
f 4571/5962/2 4572/5963/2 4573/5964/2
f 4571/5962/2 4573/5964/2 4574/5965/2
f 4571/5962/2 4574/5965/2 4665/5966/2
f 4575/5967/2 4576/5968/2 4577/5969/2
f 4577/5969/2 4578/5970/2 4575/5967/2
f 4576/5968/2 4579/5971/2 4580/5972/2
f 4580/5972/2 4577/5969/2 4576/5968/2
f 4579/5971/2 4581/5973/2 4582/5974/2
f 4582/5974/2 4580/5972/2 4579/5971/2
f 4583/5975/2 4673/5976/2 4584/5977/2
f 4583/5975/2 4584/5977/2 4585/5978/2
f 4583/5975/2 4585/5978/2 4586/5979/2
f 4565/5954/2 4568/5957/2 4582/5974/2
f 4582/5974/2 4581/5973/2 4565/5954/2
f 4587/5980/2 4583/5975/2 4586/5979/2
f 4588/5981/2574 4566/5955/2437 4565/5954/2575
f 4565/5954/2575 4589/5982/2576 4588/5981/2574
f 4590/5983/2434 4569/5958/2435 4566/5955/2437
f 4566/5955/2437 4588/5981/2574 4590/5983/2434
f 4680/5984/2371 4661/5960/2370 4569/5958/2435
f 4569/5958/2435 4590/5983/2434 4680/5984/2371
f 4591/5985/2432 4576/5968/2433 4575/5967/2367
f 4575/5967/2367 4682/5986/2366 4591/5985/2432
f 4592/5987/2428 4579/5971/2431 4576/5968/2433
f 4576/5968/2433 4591/5985/2432 4592/5987/2428
f 4593/5988/2577 4581/5973/2578 4579/5971/2431
f 4579/5971/2431 4592/5987/2428 4593/5988/2577
f 4589/5982/2576 4565/5954/2575 4581/5973/2578
f 4581/5973/2578 4593/5988/2577 4589/5982/2576
f 4594/5989/2 4571/5962/2 4686/5990/2
f 4582/5974/2 4568/5957/2 4595/5991/2
f 4595/5991/2 4596/5992/2 4582/5974/2
f 4597/5993/2 4572/5963/2 4571/5962/2
f 4594/5989/2 4597/5993/2 4571/5962/2
f 4598/5994/2 4691/5995/2 4583/5975/2
f 4587/5980/2 4598/5994/2 4583/5975/2
f 4568/5957/2440 4567/5956/2444 4573/5964/2444
f 4573/5964/2444 4572/5963/2440 4568/5957/2440
f 4567/5956/2444 4570/5959/2443 4574/5965/2443
f 4574/5965/2443 4573/5964/2444 4567/5956/2444
f 4570/5959/2443 4660/5961/2380 4665/5966/2380
f 4665/5966/2380 4574/5965/2443 4570/5959/2443
f 4599/5996/2379 4600/5997/2442 4594/5989/2442
f 4594/5989/2442 4686/5990/2379 4599/5996/2379
f 4600/5997/2442 4595/5991/2441 4597/5993/2441
f 4597/5993/2441 4594/5989/2442 4600/5997/2442
f 4595/5991/2441 4568/5957/2440 4572/5963/2440
f 4572/5963/2440 4597/5993/2441 4595/5991/2441
f 4578/5970/2389 4577/5969/2449 4584/5977/2449
f 4584/5977/2449 4673/5976/2389 4578/5970/2389
f 4577/5969/2449 4580/5972/2579 4585/5978/2579
f 4585/5978/2579 4584/5977/2449 4577/5969/2449
f 4580/5972/2579 4582/5974/2580 4586/5979/2580
f 4586/5979/2580 4585/5978/2579 4580/5972/2579
f 4582/5974/2580 4596/5992/2446 4587/5980/2446
f 4587/5980/2446 4586/5979/2580 4582/5974/2580
f 4596/5992/2446 4601/5998/2445 4598/5994/2445
f 4598/5994/2445 4587/5980/2446 4596/5992/2446
f 4601/5998/2445 4602/5999/2383 4691/5995/2383
f 4691/5995/2383 4598/5994/2445 4601/5998/2445
f 4599/5996/2 4602/5999/2 4601/5998/2
f 4601/5998/2 4600/5997/2 4599/5996/2
f 4600/5997/2 4601/5998/2 4596/5992/2
f 4596/5992/2 4595/5991/2 4600/5997/2
f 4588/5981/2574 4589/5982/2576 4603/5947/2572
f 4603/5947/2572 4563/5946/2454 4588/5981/2574
f 4590/5983/2434 4588/5981/2574 4563/5946/2454
f 4563/5946/2454 4564/5948/2453 4590/5983/2434
f 4680/5984/2371 4590/5983/2434 4564/5948/2453
f 4564/5948/2453 4650/5949/2394 4680/5984/2371
f 4591/5985/2432 4682/5986/2366 4605/5951/2393
f 4605/5951/2393 4604/5950/2452 4591/5985/2432
f 4592/5987/2428 4591/5985/2432 4604/5950/2452
f 4604/5950/2452 4606/5952/2450 4592/5987/2428
f 4593/5988/2577 4592/5987/2428 4606/5952/2450
f 4606/5952/2450 4607/5953/2573 4593/5988/2577
f 4589/5982/2576 4593/5988/2577 4607/5953/2573
f 4607/5953/2573 4603/5947/2572 4589/5982/2576
f 4608/6000/3 4609/6001/3 4610/6002/3
f 4610/6002/3 4611/6003/3 4608/6000/3
f 4609/6001/3 4612/6004/3 4613/6005/3
f 4613/6005/3 4610/6002/3 4609/6001/3
f 4612/6004/3 4614/5907/3 4615/5906/3
f 4615/5906/3 4613/6005/3 4612/6004/3
f 4530/5908/3 4616/6006/3 4617/6007/3
f 4530/5908/3 4617/6007/3 4618/6008/3
f 4530/5908/3 4618/6008/3 4619/5912/3
f 4620/5913/3 4621/6009/3 4622/6010/3
f 4622/6010/3 4623/5914/3 4620/5913/3
f 4621/6009/3 4624/6011/3 4625/6012/3
f 4625/6012/3 4622/6010/3 4621/6009/3
f 4624/6011/3 4626/6013/3 4627/6014/3
f 4627/6014/3 4625/6012/3 4624/6011/3
f 4538/5921/3 4556/5923/3 4628/6015/3
f 4538/5921/3 4628/6015/3 4629/6016/3
f 4538/5921/3 4629/6016/3 4630/6017/3
f 4608/6000/3 4611/6003/3 4627/6014/3
f 4627/6014/3 4626/6013/3 4608/6000/3
f 4631/6018/3 4538/5921/3 4630/6017/3
f 4632/6019/2410 4609/6001/2411 4608/6000/2581
f 4608/6000/2581 4633/6020/2582 4632/6019/2410
f 4634/6021/2583 4612/6004/2409 4609/6001/2411
f 4609/6001/2411 4632/6019/2410 4634/6021/2583
f 4635/5930/2407 4614/5907/2408 4612/6004/2409
f 4612/6004/2409 4634/6021/2583 4635/5930/2407
f 4636/6022/2402 4621/6009/2403 4620/5913/2405
f 4620/5913/2405 4531/5932/2404 4636/6022/2402
f 4637/6023/2398 4624/6011/2401 4621/6009/2403
f 4621/6009/2403 4636/6022/2402 4637/6023/2398
f 4638/6024/2584 4626/6013/2585 4624/6011/2401
f 4624/6011/2401 4637/6023/2398 4638/6024/2584
f 4633/6020/2582 4608/6000/2581 4626/6013/2585
f 4626/6013/2585 4638/6024/2584 4633/6020/2582
f 4639/6025/3 4530/5908/3 4553/5936/3
f 4627/6014/3 4611/6003/3 4640/6026/3
f 4640/6026/3 4641/6027/3 4627/6014/3
f 4642/6028/3 4616/6006/3 4530/5908/3
f 4639/6025/3 4642/6028/3 4530/5908/3
f 4643/6029/3 4562/5941/3 4538/5921/3
f 4631/6018/3 4643/6029/3 4538/5921/3
f 4611/6003/2414 4610/6002/2420 4617/6007/2420
f 4617/6007/2420 4616/6006/2414 4611/6003/2414
f 4610/6002/2420 4613/6005/2419 4618/6008/2419
f 4618/6008/2419 4617/6007/2420 4610/6002/2420
f 4613/6005/2419 4615/5906/2418 4619/5912/2418
f 4619/5912/2418 4618/6008/2419 4613/6005/2419
f 4644/5942/2417 4645/6030/2416 4639/6025/2416
f 4639/6025/2416 4553/5936/2417 4644/5942/2417
f 4645/6030/2416 4640/6026/2415 4642/6028/2415
f 4642/6028/2415 4639/6025/2416 4645/6030/2416
f 4640/6026/2415 4611/6003/2414 4616/6006/2414
f 4616/6006/2414 4642/6028/2415 4640/6026/2415
f 4623/5914/2427 4622/6010/2426 4628/6015/2426
f 4628/6015/2426 4556/5923/2427 4623/5914/2427
f 4622/6010/2426 4625/6012/2425 4629/6016/2425
f 4629/6016/2425 4628/6015/2426 4622/6010/2426
f 4625/6012/2425 4627/6014/2424 4630/6017/2424
f 4630/6017/2424 4629/6016/2425 4625/6012/2425
f 4627/6014/2424 4641/6027/2586 4631/6018/2586
f 4631/6018/2586 4630/6017/2424 4627/6014/2424
f 4641/6027/2586 4646/6031/2422 4643/6029/2587
f 4643/6029/2587 4631/6018/2586 4641/6027/2586
f 4646/6031/2422 4549/5945/2421 4562/5941/2421
f 4562/5941/2421 4643/6029/2587 4646/6031/2422
f 4644/5942/3 4549/5945/3 4646/6031/3
f 4646/6031/3 4645/6030/3 4644/5942/3
f 4645/6030/3 4646/6031/3 4641/6027/3
f 4641/6027/3 4640/6026/3 4645/6030/3
f 4632/6019/2410 4633/6020/2582 4648/6032/2588
f 4648/6032/2588 4647/6033/2396 4632/6019/2410
f 4634/6021/2583 4632/6019/2410 4647/6033/2396
f 4647/6033/2396 4649/6034/2395 4634/6021/2583
f 4635/5930/2407 4634/6021/2583 4649/6034/2395
f 4649/6034/2395 4650/5949/2394 4635/5930/2407
f 4636/6022/2402 4531/5932/2404 4605/5951/2393
f 4605/5951/2393 4651/6035/2392 4636/6022/2402
f 4637/6023/2398 4636/6022/2402 4651/6035/2392
f 4651/6035/2392 4652/6036/2391 4637/6023/2398
f 4638/6024/2584 4637/6023/2398 4652/6036/2391
f 4652/6036/2391 4653/6037/2589 4638/6024/2584
f 4633/6020/2582 4638/6024/2584 4653/6037/2589
f 4653/6037/2589 4648/6032/2588 4633/6020/2582
f 4654/6038/2 4655/6039/2 4656/6040/2
f 4656/6040/2 4657/6041/2 4654/6038/2
f 4657/6041/2 4656/6040/2 4658/6042/2
f 4658/6042/2 4659/6043/2 4657/6041/2
f 4659/6043/2 4658/6042/2 4660/5961/2
f 4660/5961/2 4661/5960/2 4659/6043/2
f 4571/5962/2 4662/6044/2 4663/6045/2
f 4571/5962/2 4664/6046/2 4662/6044/2
f 4571/5962/2 4665/5966/2 4664/6046/2
f 4575/5967/2 4578/5970/2 4666/6047/2
f 4666/6047/2 4667/6048/2 4575/5967/2
f 4667/6048/2 4666/6047/2 4668/6049/2
f 4668/6049/2 4669/6050/2 4667/6048/2
f 4669/6050/2 4668/6049/2 4670/6051/2
f 4670/6051/2 4671/6052/2 4669/6050/2
f 4583/5975/2 4672/6053/2 4673/5976/2
f 4583/5975/2 4674/6054/2 4672/6053/2
f 4583/5975/2 4675/6055/2 4674/6054/2
f 4654/6038/2 4671/6052/2 4670/6051/2
f 4670/6051/2 4655/6039/2 4654/6038/2
f 4676/6056/2 4675/6055/2 4583/5975/2
f 4677/6057/2372 4678/6058/2590 4654/6038/2591
f 4654/6038/2591 4657/6041/2373 4677/6057/2372
f 4679/6059/2592 4677/6057/2372 4657/6041/2373
f 4657/6041/2373 4659/6043/2369 4679/6059/2592
f 4680/5984/2371 4679/6059/2592 4659/6043/2369
f 4659/6043/2369 4661/5960/2370 4680/5984/2371
f 4681/6060/2364 4682/5986/2366 4575/5967/2367
f 4575/5967/2367 4667/6048/2365 4681/6060/2364
f 4683/6061/2360 4681/6060/2364 4667/6048/2365
f 4667/6048/2365 4669/6050/2361 4683/6061/2360
f 4684/6062/2593 4683/6061/2360 4669/6050/2361
f 4669/6050/2361 4671/6052/2594 4684/6062/2593
f 4678/6058/2590 4684/6062/2593 4671/6052/2594
f 4671/6052/2594 4654/6038/2591 4678/6058/2590
f 4685/6063/2 4686/5990/2 4571/5962/2
f 4670/6051/2 4687/6064/2 4688/6065/2
f 4688/6065/2 4655/6039/2 4670/6051/2
f 4689/6066/2 4571/5962/2 4663/6045/2
f 4685/6063/2 4571/5962/2 4689/6066/2
f 4690/6067/2 4583/5975/2 4691/5995/2
f 4676/6056/2 4583/5975/2 4690/6067/2
f 4655/6039/2376 4663/6045/2376 4662/6044/2382
f 4662/6044/2382 4656/6040/2382 4655/6039/2376
f 4656/6040/2382 4662/6044/2382 4664/6046/2381
f 4664/6046/2381 4658/6042/2381 4656/6040/2382
f 4658/6042/2381 4664/6046/2381 4665/5966/2380
f 4665/5966/2380 4660/5961/2380 4658/6042/2381
f 4599/5996/2379 4686/5990/2379 4685/6063/2378
f 4685/6063/2378 4692/6068/2378 4599/5996/2379
f 4692/6068/2378 4685/6063/2378 4689/6066/2377
f 4689/6066/2377 4688/6065/2377 4692/6068/2378
f 4688/6065/2377 4689/6066/2377 4663/6045/2376
f 4663/6045/2376 4655/6039/2376 4688/6065/2377
f 4578/5970/2389 4673/5976/2389 4672/6053/2388
f 4672/6053/2388 4666/6047/2388 4578/5970/2389
f 4666/6047/2388 4672/6053/2388 4674/6054/2387
f 4674/6054/2387 4668/6049/2387 4666/6047/2388
f 4668/6049/2387 4674/6054/2387 4675/6055/2386
f 4675/6055/2386 4670/6051/2386 4668/6049/2387
f 4670/6051/2386 4675/6055/2386 4676/6056/2595
f 4676/6056/2595 4687/6064/2595 4670/6051/2386
f 4687/6064/2595 4676/6056/2595 4690/6067/2596
f 4690/6067/2596 4693/6069/2384 4687/6064/2595
f 4693/6069/2384 4690/6067/2596 4691/5995/2383
f 4691/5995/2383 4602/5999/2383 4693/6069/2384
f 4599/5996/2 4692/6068/2 4693/6069/2
f 4693/6069/2 4602/5999/2 4599/5996/2
f 4692/6068/2 4688/6065/2 4687/6064/2
f 4687/6064/2 4693/6069/2 4692/6068/2
f 4677/6057/2372 4647/6033/2396 4648/6032/2588
f 4648/6032/2588 4678/6058/2590 4677/6057/2372
f 4679/6059/2592 4649/6034/2395 4647/6033/2396
f 4647/6033/2396 4677/6057/2372 4679/6059/2592
f 4680/5984/2371 4650/5949/2394 4649/6034/2395
f 4649/6034/2395 4679/6059/2592 4680/5984/2371
f 4681/6060/2364 4651/6035/2392 4605/5951/2393
f 4605/5951/2393 4682/5986/2366 4681/6060/2364
f 4683/6061/2360 4652/6036/2391 4651/6035/2392
f 4651/6035/2392 4681/6060/2364 4683/6061/2360
f 4684/6062/2593 4653/6037/2589 4652/6036/2391
f 4652/6036/2391 4683/6061/2360 4684/6062/2593
f 4678/6058/2590 4648/6032/2588 4653/6037/2589
f 4653/6037/2589 4684/6062/2593 4678/6058/2590
f 4694/6070/2393 4702/6071/2393 4703/6072/549
f 4703/6072/549 4695/6073/549 4694/6070/2393
f 4695/6073/549 4703/6072/549 4704/6074/2597
f 4704/6074/2597 4696/6075/2597 4695/6073/549
f 4696/6075/2597 4704/6074/2597 4705/6076/419
f 4705/6076/419 4697/6077/419 4696/6075/2597
f 4697/6077/419 4705/6076/419 4706/6078/2394
f 4706/6078/2394 4698/6079/2394 4697/6077/419
f 4698/6080/2394 4706/6081/2394 4707/6082/550
f 4707/6082/550 4699/6083/550 4698/6080/2394
f 4699/6083/550 4707/6082/550 4708/6084/2598
f 4708/6084/2598 4700/6085/2598 4699/6083/550
f 4700/6085/2598 4708/6084/2598 4709/6086/630
f 4709/6086/630 4701/6087/630 4700/6085/2598
f 4701/6087/630 4709/6086/630 4702/6071/2393
f 4702/6071/2393 4694/6070/2393 4701/6087/630
f 4710/6088/2540 4715/6089/2541 4714/6090/2539
f 4711/6091/2599 4717/6092/2536 4716/6093/2537
f 4712/6094/2534 4719/6095/2535 4718/6096/2533
f 4713/6097/2532 4721/6098/2530 4720/6099/2531
f 4717/6092/2536 4711/6091/2599 4722/6100/2544
f 4722/6100/2544 4724/6101/2545 4717/6092/2536
f 4715/6089/2541 4781/6102/2600 4780/6103/2498
f 4780/6103/2498 4714/6090/2539 4715/6089/2541
f 4712/6094/2534 4718/6096/2533 4723/6104/2542
f 4723/6104/2542 4725/6105/2543 4712/6094/2534
f 4720/6099/2531 4785/6106/2495 4784/6107/2494
f 4784/6107/2494 4713/6097/2532 4720/6099/2531
f 4714/6108/2539 4719/6109/2535 4712/6094/2534
f 4712/6094/2534 4710/6088/2540 4714/6108/2539
f 4717/6092/2536 4721/6098/2530 4713/6110/2532
f 4713/6110/2532 4716/6111/2537 4717/6092/2536
f 4786/6112/2502 4711/6091/2599 4716/6093/2537
f 4716/6093/2537 4787/6113/2601 4786/6112/2502
f 4788/6114/2500 4718/6096/2533 4719/6095/2535
f 4719/6095/2535 4789/6115/2501 4788/6114/2500
f 4724/6101/2545 4722/6100/2544 4715/6089/2541
f 4715/6089/2541 4710/6088/2540 4724/6101/2545
f 4725/6105/2543 4723/6104/2542 4720/6099/2531
f 4720/6099/2531 4721/6098/2530 4725/6105/2543
f 4786/6112/2502 4791/6116/161 4726/6117/161
f 4726/6117/161 4711/6091/2599 4786/6112/2502
f 4711/6091/2599 4726/6117/161 4727/6118/161
f 4727/6118/161 4722/6100/2544 4711/6091/2599
f 4722/6100/2544 4727/6118/161 4794/6119/161
f 4794/6119/161 4793/6120/161 4722/6100/2544
f 4720/6099/2531 4728/6121/169 4795/6122/169
f 4795/6122/169 4785/6106/2495 4720/6099/2531
f 4797/6123/169 4799/6124/169 4729/6125/169
f 4729/6125/169 4723/6104/2542 4797/6123/169
f 4723/6104/2542 4729/6125/169 4728/6121/169
f 4728/6121/169 4720/6099/2531 4723/6104/2542
f 4793/6120/161 4801/6126/161 4730/6127/161
f 4730/6127/161 4722/6100/2544 4793/6120/161
f 4722/6100/2544 4730/6127/161 4731/6128/161
f 4731/6128/161 4715/6089/2541 4722/6100/2544
f 4715/6089/2541 4731/6128/161 4803/6129/161
f 4803/6129/161 4781/6102/2600 4715/6089/2541
f 4788/6114/2500 4805/6130/169 4732/6131/169
f 4732/6131/169 4718/6096/2533 4788/6114/2500
f 4718/6096/2533 4732/6131/169 4733/6132/169
f 4733/6132/169 4723/6104/2542 4718/6096/2533
f 4723/6104/2542 4733/6132/169 4807/6133/169
f 4807/6133/169 4797/6123/169 4723/6104/2542
f 4727/6134/2505 4729/6135/2505 4799/6136/2505
f 4799/6136/2505 4794/6137/2505 4727/6134/2505
f 4801/6138/2504 4807/6139/2504 4733/6140/2504
f 4733/6140/2504 4730/6141/2504 4801/6138/2504
f 4716/6111/2537 4734/6142/2505 4735/6143/2505
f 4735/6143/2505 4787/6144/2601 4716/6111/2537
f 4787/6144/2601 4735/6143/2505 4736/6145/2505
f 4736/6145/2505 4784/6146/2494 4787/6144/2601
f 4784/6146/2494 4736/6145/2505 4737/6147/2505
f 4737/6147/2505 4713/6110/2532 4784/6146/2494
f 4713/6110/2532 4737/6147/2505 4734/6142/2505
f 4734/6142/2505 4716/6111/2537 4713/6110/2532
f 4780/6148/2498 4738/6149/2504 4739/6150/2504
f 4739/6150/2504 4714/6108/2539 4780/6148/2498
f 4714/6108/2539 4739/6150/2504 4740/6151/2504
f 4740/6151/2504 4719/6109/2535 4714/6108/2539
f 4719/6109/2535 4740/6151/2504 4741/6152/2504
f 4741/6152/2504 4789/6153/2501 4719/6109/2535
f 4789/6153/2501 4741/6152/2504 4738/6149/2504
f 4738/6149/2504 4780/6148/2498 4789/6153/2501
f 4791/6154/2504 4742/6155/2504 4743/6156/2504
f 4743/6156/2504 4726/6157/2504 4791/6154/2504
f 4726/6157/2504 4743/6156/2504 4744/6158/2504
f 4744/6158/2504 4728/6159/2504 4726/6157/2504
f 4728/6159/2504 4744/6158/2504 4745/6160/2504
f 4745/6160/2504 4795/6161/2504 4728/6159/2504
f 4795/6161/2504 4745/6160/2504 4742/6155/2504
f 4742/6155/2504 4791/6154/2504 4795/6161/2504
f 4731/6162/2505 4746/6163/2505 4747/6164/2505
f 4747/6164/2505 4803/6165/2505 4731/6162/2505
f 4803/6165/2505 4747/6164/2505 4748/6166/2505
f 4748/6166/2505 4805/6167/2505 4803/6165/2505
f 4805/6167/2505 4748/6166/2505 4749/6168/2505
f 4749/6168/2505 4732/6169/2505 4805/6167/2505
f 4732/6169/2505 4749/6168/2505 4746/6163/2505
f 4746/6163/2505 4731/6162/2505 4732/6169/2505
f 4735/6170/2 4742/6155/2 4745/6160/2
f 4745/6160/2 4736/6171/2 4735/6170/2
f 4736/6171/2509 4745/6160/2509 4744/6158/2509
f 4744/6158/2509 4737/6172/2509 4736/6171/2509
f 4737/6172/2547 4744/6158/2547 4743/6156/2547
f 4743/6156/2547 4734/6173/2547 4737/6172/2547
f 4734/6173/2511 4743/6156/2511 4742/6155/2511
f 4742/6155/2511 4735/6170/2511 4734/6173/2511
f 4741/6174/2 4748/6166/2 4747/6164/2
f 4747/6164/2 4738/6175/2 4741/6174/2
f 4738/6175/2506 4747/6164/2506 4746/6163/2506
f 4746/6163/2506 4739/6176/2506 4738/6175/2506
f 4739/6176/2546 4746/6163/2546 4749/6168/2546
f 4749/6168/2546 4740/6177/2546 4739/6176/2546
f 4740/6177/2508 4749/6168/2508 4748/6166/2508
f 4748/6166/2508 4741/6174/2508 4740/6177/2508
f 4710/6088/2540 4750/6178/2 4751/6179/2
f 4751/6179/2 4724/6101/2545 4710/6088/2540
f 4724/6101/2545 4751/6179/2 4752/6180/2
f 4752/6180/2 4725/6105/2543 4724/6101/2545
f 4725/6105/2543 4752/6180/2 4753/6181/2
f 4753/6181/2 4712/6094/2534 4725/6105/2543
f 4712/6094/2534 4753/6181/2 4750/6178/2
f 4750/6178/2 4710/6088/2540 4712/6094/2534
f 4724/6101/2545 4754/6182/2 4755/6183/2
f 4755/6183/2 4717/6092/2536 4724/6101/2545
f 4717/6092/2536 4755/6183/2 4756/6184/2
f 4756/6184/2 4721/6098/2530 4717/6092/2536
f 4721/6098/2530 4756/6184/2 4757/6185/2
f 4757/6185/2 4725/6105/2543 4721/6098/2530
f 4725/6105/2543 4757/6185/2 4754/6182/2
f 4754/6182/2 4724/6101/2545 4725/6105/2543
f 4726/6157/3 4758/6186/3 4759/6187/3
f 4759/6187/3 4727/6134/3 4726/6157/3
f 4727/6134/3 4759/6187/3 4760/6188/3
f 4760/6188/3 4729/6135/3 4727/6134/3
f 4729/6135/3 4760/6188/3 4761/6189/3
f 4761/6189/3 4728/6159/3 4729/6135/3
f 4728/6159/3 4761/6189/3 4758/6186/3
f 4758/6186/3 4726/6157/3 4728/6159/3
f 4730/6141/3 4762/6190/3 4763/6191/3
f 4763/6191/3 4731/6162/3 4730/6141/3
f 4731/6162/3 4763/6191/3 4764/6192/3
f 4764/6192/3 4732/6169/3 4731/6162/3
f 4732/6169/3 4764/6192/3 4765/6193/3
f 4765/6193/3 4733/6140/3 4732/6169/3
f 4733/6140/3 4765/6193/3 4762/6190/3
f 4762/6190/3 4730/6141/3 4733/6140/3
f 4751/6194/2602 4762/6190/2603 4765/6193/2604
f 4765/6193/2604 4752/6195/2605 4751/6194/2602
f 4752/6195/2606 4765/6193/2606 4764/6192/2606
f 4764/6192/2606 4753/6196/2606 4752/6195/2606
f 4753/6196/2607 4764/6192/2608 4763/6191/2609
f 4763/6191/2609 4750/6197/2610 4753/6196/2607
f 4750/6197/2611 4763/6191/2611 4762/6190/2611
f 4762/6190/2611 4751/6194/2611 4750/6197/2611
f 4757/6198/2612 4760/6188/2613 4759/6187/2614
f 4759/6187/2614 4754/6199/2615 4757/6198/2612
f 4754/6199/2611 4759/6187/2611 4758/6186/2611
f 4758/6186/2611 4755/6200/2611 4754/6199/2611
f 4755/6200/2616 4758/6186/2617 4761/6189/2618
f 4761/6189/2618 4756/6201/2619 4755/6200/2616
f 4756/6201/2606 4761/6189/2606 4760/6188/2606
f 4760/6188/2606 4757/6198/2606 4756/6201/2606
f 4766/6202/2491 4767/6203/2489 4768/6204/2490
f 4769/6205/2620 4770/6206/2488 4771/6207/2486
f 4772/6208/2485 4773/6209/2483 4774/6210/2484
f 4775/6211/2481 4776/6212/2482 4777/6213/2480
f 4771/6207/2486 4778/6214/2496 4779/6215/2497
f 4779/6215/2497 4769/6205/2620 4771/6207/2486
f 4768/6204/2490 4767/6203/2489 4780/6103/2498
f 4780/6103/2498 4781/6102/2600 4768/6204/2490
f 4772/6208/2485 4782/6216/2621 4783/6217/2493
f 4783/6217/2493 4773/6209/2483 4772/6208/2485
f 4776/6212/2482 4775/6211/2481 4784/6107/2494
f 4784/6107/2494 4785/6106/2495 4776/6212/2482
f 4767/6218/2489 4766/6202/2491 4772/6208/2485
f 4772/6208/2485 4774/6219/2484 4767/6218/2489
f 4771/6207/2486 4770/6220/2488 4775/6221/2481
f 4775/6221/2481 4777/6213/2480 4771/6207/2486
f 4786/6112/2502 4787/6113/2601 4770/6206/2488
f 4770/6206/2488 4769/6205/2620 4786/6112/2502
f 4788/6114/2500 4789/6115/2501 4774/6210/2484
f 4774/6210/2484 4773/6209/2483 4788/6114/2500
f 4778/6214/2496 4766/6202/2491 4768/6204/2490
f 4768/6204/2490 4779/6215/2497 4778/6214/2496
f 4782/6216/2621 4777/6213/2480 4776/6212/2482
f 4776/6212/2482 4783/6217/2493 4782/6216/2621
f 4786/6112/2502 4769/6205/2620 4790/6222/161
f 4790/6222/161 4791/6116/161 4786/6112/2502
f 4769/6205/2620 4779/6215/2497 4792/6223/161
f 4792/6223/161 4790/6222/161 4769/6205/2620
f 4779/6215/2497 4793/6120/161 4794/6119/161
f 4794/6119/161 4792/6223/161 4779/6215/2497
f 4776/6212/2482 4785/6106/2495 4795/6122/169
f 4795/6122/169 4796/6224/169 4776/6212/2482
f 4797/6123/169 4783/6217/2493 4798/6225/169
f 4798/6225/169 4799/6124/169 4797/6123/169
f 4783/6217/2493 4776/6212/2482 4796/6224/169
f 4796/6224/169 4798/6225/169 4783/6217/2493
f 4793/6120/161 4779/6215/2497 4800/6226/161
f 4800/6226/161 4801/6126/161 4793/6120/161
f 4779/6215/2497 4768/6204/2490 4802/6227/161
f 4802/6227/161 4800/6226/161 4779/6215/2497
f 4768/6204/2490 4781/6102/2600 4803/6129/161
f 4803/6129/161 4802/6227/161 4768/6204/2490
f 4788/6114/2500 4773/6209/2483 4804/6228/169
f 4804/6228/169 4805/6130/169 4788/6114/2500
f 4773/6209/2483 4783/6217/2493 4806/6229/169
f 4806/6229/169 4804/6228/169 4773/6209/2483
f 4783/6217/2493 4797/6123/169 4807/6133/169
f 4807/6133/169 4806/6229/169 4783/6217/2493
f 4792/6230/2505 4794/6137/2505 4799/6136/2505
f 4799/6136/2505 4798/6231/2505 4792/6230/2505
f 4801/6138/2504 4800/6232/2504 4806/6233/2504
f 4806/6233/2504 4807/6139/2504 4801/6138/2504
f 4770/6220/2488 4787/6144/2601 4808/6234/2505
f 4808/6234/2505 4809/6235/2505 4770/6220/2488
f 4787/6144/2601 4784/6146/2494 4810/6236/2505
f 4810/6236/2505 4808/6234/2505 4787/6144/2601
f 4784/6146/2494 4775/6221/2481 4811/6237/2505
f 4811/6237/2505 4810/6236/2505 4784/6146/2494
f 4775/6221/2481 4770/6220/2488 4809/6235/2505
f 4809/6235/2505 4811/6237/2505 4775/6221/2481
f 4780/6148/2498 4767/6218/2489 4812/6238/2504
f 4812/6238/2504 4813/6239/2504 4780/6148/2498
f 4767/6218/2489 4774/6219/2484 4814/6240/2504
f 4814/6240/2504 4812/6238/2504 4767/6218/2489
f 4774/6219/2484 4789/6153/2501 4815/6241/2504
f 4815/6241/2504 4814/6240/2504 4774/6219/2484
f 4789/6153/2501 4780/6148/2498 4813/6239/2504
f 4813/6239/2504 4815/6241/2504 4789/6153/2501
f 4791/6154/2504 4790/6242/2504 4816/6243/2504
f 4816/6243/2504 4817/6244/2504 4791/6154/2504
f 4790/6242/2504 4796/6245/2504 4818/6246/2504
f 4818/6246/2504 4816/6243/2504 4790/6242/2504
f 4796/6245/2504 4795/6161/2504 4819/6247/2504
f 4819/6247/2504 4818/6246/2504 4796/6245/2504
f 4795/6161/2504 4791/6154/2504 4817/6244/2504
f 4817/6244/2504 4819/6247/2504 4795/6161/2504
f 4802/6248/2505 4803/6165/2505 4820/6249/2505
f 4820/6249/2505 4821/6250/2505 4802/6248/2505
f 4803/6165/2505 4805/6167/2505 4822/6251/2505
f 4822/6251/2505 4820/6249/2505 4803/6165/2505
f 4805/6167/2505 4804/6252/2505 4823/6253/2505
f 4823/6253/2505 4822/6251/2505 4805/6167/2505
f 4804/6252/2505 4802/6248/2505 4821/6250/2505
f 4821/6250/2505 4823/6253/2505 4804/6252/2505
f 4808/6254/3 4810/6255/3 4819/6247/3
f 4819/6247/3 4817/6244/3 4808/6254/3
f 4810/6255/2509 4811/6256/2509 4818/6246/2509
f 4818/6246/2509 4819/6247/2509 4810/6255/2509
f 4811/6256/2510 4809/6257/2510 4816/6243/2510
f 4816/6243/2510 4818/6246/2510 4811/6256/2510
f 4809/6257/2511 4808/6254/2511 4817/6244/2511
f 4817/6244/2511 4816/6243/2511 4809/6257/2511
f 4815/6258/3 4813/6259/3 4820/6249/3
f 4820/6249/3 4822/6251/3 4815/6258/3
f 4813/6259/2506 4812/6260/2506 4821/6250/2506
f 4821/6250/2506 4820/6249/2506 4813/6259/2506
f 4812/6260/2507 4814/6261/2507 4823/6253/2507
f 4823/6253/2507 4821/6250/2507 4812/6260/2507
f 4814/6261/2508 4815/6258/2508 4822/6251/2508
f 4822/6251/2508 4823/6253/2508 4814/6261/2508
f 4766/6202/2491 4778/6214/2496 4824/6262/3
f 4824/6262/3 4825/6263/3 4766/6202/2491
f 4778/6214/2496 4782/6216/2621 4826/6264/3
f 4826/6264/3 4824/6262/3 4778/6214/2496
f 4782/6216/2621 4772/6208/2485 4827/6265/3
f 4827/6265/3 4826/6264/3 4782/6216/2621
f 4772/6208/2485 4766/6202/2491 4825/6263/3
f 4825/6263/3 4827/6265/3 4772/6208/2485
f 4778/6214/2496 4771/6207/2486 4828/6266/3
f 4828/6266/3 4829/6267/3 4778/6214/2496
f 4771/6207/2486 4777/6213/2480 4830/6268/3
f 4830/6268/3 4828/6266/3 4771/6207/2486
f 4777/6213/2480 4782/6216/2621 4831/6269/3
f 4831/6269/3 4830/6268/3 4777/6213/2480
f 4782/6216/2621 4778/6214/2496 4829/6267/3
f 4829/6267/3 4831/6269/3 4782/6216/2621
f 4790/6242/2 4792/6230/2 4832/6270/2
f 4832/6270/2 4833/6271/2 4790/6242/2
f 4792/6230/2 4798/6231/2 4834/6272/2
f 4834/6272/2 4832/6270/2 4792/6230/2
f 4798/6231/2 4796/6245/2 4835/6273/2
f 4835/6273/2 4834/6272/2 4798/6231/2
f 4796/6245/2 4790/6242/2 4833/6271/2
f 4833/6271/2 4835/6273/2 4796/6245/2
f 4800/6232/2 4802/6248/2 4836/6274/2
f 4836/6274/2 4837/6275/2 4800/6232/2
f 4802/6248/2 4804/6252/2 4838/6276/2
f 4838/6276/2 4836/6274/2 4802/6248/2
f 4804/6252/2 4806/6233/2 4839/6277/2
f 4839/6277/2 4838/6276/2 4804/6252/2
f 4806/6233/2 4800/6232/2 4837/6275/2
f 4837/6275/2 4839/6277/2 4806/6233/2
f 4824/6278/2622 4826/6279/2623 4839/6277/2624
f 4839/6277/2624 4837/6275/2625 4824/6278/2622
f 4826/6279/2626 4827/6280/2626 4838/6276/2626
f 4838/6276/2626 4839/6277/2626 4826/6279/2626
f 4827/6280/2627 4825/6281/2628 4836/6274/2629
f 4836/6274/2629 4838/6276/2630 4827/6280/2627
f 4825/6281/2631 4824/6278/2631 4837/6275/2631
f 4837/6275/2631 4836/6274/2631 4825/6281/2631
f 4831/6282/2632 4829/6283/2633 4832/6270/2634
f 4832/6270/2634 4834/6272/2635 4831/6282/2632
f 4829/6283/2631 4828/6284/2631 4833/6271/2631
f 4833/6271/2631 4832/6270/2631 4829/6283/2631
f 4828/6284/2636 4830/6285/2637 4835/6273/2618
f 4835/6273/2618 4833/6271/2638 4828/6284/2636
f 4830/6285/2626 4831/6282/2626 4834/6272/2626
f 4834/6272/2626 4835/6273/2626 4830/6285/2626
f 4840/6286/2 4841/6287/2 4842/6288/2
f 4843/6289/2 4844/6290/2 4842/6288/2
f 4844/6290/2 4845/6291/2 4846/6292/2
f 4847/6293/2 4848/6294/2 4846/6292/2
f 4848/6294/2 4849/6295/2 4850/6296/2
f 4851/6297/2 4852/6298/2 4850/6296/2
f 4852/6298/2 4853/6299/2 4854/6300/2
f 4855/6301/2 4856/6302/2 4854/6300/2
f 4856/6302/2 4857/6303/2 4858/6304/2
f 4859/6305/2 4860/6306/2 4858/6304/2
f 4860/6306/2 4861/6307/2 5136/6308/2
f 4862/6309/2 4863/6310/2 4883/6311/2
f 4863/6310/2 4864/6312/2 4865/6313/2
f 4866/6314/2 4867/6315/2 4865/6313/2
f 4867/6315/2 4868/6316/2 4869/6317/2
f 4870/6318/2 4871/6319/2 4869/6317/2
f 4871/6319/2 4872/6320/2 4873/6321/2
f 4874/6322/2 4875/6323/2 4873/6321/2
f 4875/6323/2 4876/6324/2 4877/6325/2
f 4878/6326/2 4879/6327/2 4877/6325/2
f 4879/6327/2 4880/6328/2 4881/6329/2
f 4882/6330/2 4840/6286/2 4881/6329/2
f 4840/6286/2 4842/6288/2 4885/6331/2
f 4885/6331/2 4884/6332/2 4840/6286/2
f 4842/6288/2 4844/6290/2 4886/6333/2
f 4886/6333/2 4885/6331/2 4842/6288/2
f 4844/6290/2 4846/6292/2 4886/6333/2
f 4846/6292/2 4848/6294/2 4886/6333/2
f 4848/6294/2 4850/6296/2 4887/6334/2
f 4887/6334/2 4886/6333/2 4848/6294/2
f 4850/6296/2 4852/6298/2 4888/6335/2
f 4888/6335/2 4887/6334/2 4850/6296/2
f 4852/6298/2 4854/6300/2 4888/6335/2
f 4854/6300/2 4856/6302/2 4888/6335/2
f 4856/6302/2 4858/6304/2 4889/6336/2
f 4889/6336/2 4888/6335/2 4856/6302/2
f 4858/6304/2 4860/6306/2 5164/6337/2
f 5164/6337/2 4889/6336/2 4858/6304/2
f 4860/6306/2 5136/6308/2 5164/6337/2
f 4883/6311/2 4863/6310/2 4891/6338/2
f 4891/6338/2 4890/6339/2 4883/6311/2
f 4863/6310/2 4865/6313/2 4891/6338/2
f 4865/6313/2 4867/6315/2 4891/6338/2
f 4867/6315/2 4869/6317/2 4892/6340/2
f 4892/6340/2 4891/6338/2 4867/6315/2
f 4869/6317/2 4871/6319/2 4893/6341/2
f 4893/6341/2 4892/6340/2 4869/6317/2
f 4871/6319/2 4873/6321/2 4893/6341/2
f 4873/6321/2 4875/6323/2 4893/6341/2
f 4875/6323/2 4877/6325/2 4894/6342/2
f 4894/6342/2 4893/6341/2 4875/6323/2
f 4877/6325/2 4879/6327/2 4884/6332/2
f 4884/6332/2 4894/6342/2 4877/6325/2
f 4879/6327/2 4881/6329/2 4884/6332/2
f 4881/6329/2 4840/6286/2 4884/6332/2
f 4889/6336/2 5164/6337/2 4907/6343/2
f 4907/6343/2 4906/6344/2 4889/6336/2
f 5170/6345/2 4900/6346/2 4909/6347/2
f 4909/6347/2 4908/6348/2 5170/6345/2
f 4900/6346/2 4889/6336/2 4906/6344/2
f 4906/6344/2 4909/6347/2 4900/6346/2
f 4887/6334/2 4888/6335/2 4911/6349/2
f 4911/6349/2 4910/6350/2 4887/6334/2
f 4888/6335/2 4889/6336/2 4912/6351/2
f 4912/6351/2 4911/6349/2 4888/6335/2
f 4889/6336/2 4900/6346/2 4913/6352/2
f 4913/6352/2 4912/6351/2 4889/6336/2
f 4900/6346/2 4899/6353/2 4914/6354/2
f 4914/6354/2 4913/6352/2 4900/6346/2
f 4899/6353/2 4898/6355/2 4915/6356/2
f 4915/6356/2 4914/6354/2 4899/6353/2
f 4898/6355/2 4887/6334/2 4910/6350/2
f 4910/6350/2 4915/6356/2 4898/6355/2
f 4885/6331/2 4886/6333/2 4917/6357/2
f 4917/6357/2 4916/6358/2 4885/6331/2
f 4886/6333/2 4887/6334/2 4918/6359/2
f 4918/6359/2 4917/6357/2 4886/6333/2
f 4887/6334/2 4898/6355/2 4919/6360/2
f 4919/6360/2 4918/6359/2 4887/6334/2
f 4898/6355/2 4897/6361/2 4920/6362/2
f 4920/6362/2 4919/6360/2 4898/6355/2
f 4897/6361/2 4896/6363/2 4921/6364/2
f 4921/6364/2 4920/6362/2 4897/6361/2
f 4896/6363/2 4885/6331/2 4916/6358/2
f 4916/6358/2 4921/6364/2 4896/6363/2
f 4884/6332/2 4885/6331/2 4923/6365/2
f 4923/6365/2 4922/6366/2 4884/6332/2
f 4885/6331/2 4896/6363/2 4924/6367/2
f 4924/6367/2 4923/6365/2 4885/6331/2
f 4896/6363/2 4895/6368/2 4925/6369/2
f 4925/6369/2 4924/6367/2 4896/6363/2
f 4895/6368/2 4905/6370/2 4926/6371/2
f 4926/6371/2 4925/6369/2 4895/6368/2
f 4905/6370/2 4894/6342/2 4927/6372/2
f 4927/6372/2 4926/6371/2 4905/6370/2
f 4894/6342/2 4884/6332/2 4922/6366/2
f 4922/6366/2 4927/6372/2 4894/6342/2
f 4892/6340/2 4893/6341/2 4929/6373/2
f 4929/6373/2 4928/6374/2 4892/6340/2
f 4893/6341/2 4894/6342/2 4930/6375/2
f 4930/6375/2 4929/6373/2 4893/6341/2
f 4894/6342/2 4905/6370/2 4931/6376/2
f 4931/6376/2 4930/6375/2 4894/6342/2
f 4905/6370/2 4904/6377/2 4932/6378/2
f 4932/6378/2 4931/6376/2 4905/6370/2
f 4904/6377/2 4903/6379/2 4933/6380/2
f 4933/6380/2 4932/6378/2 4904/6377/2
f 4903/6379/2 4892/6340/2 4928/6374/2
f 4928/6374/2 4933/6380/2 4903/6379/2
f 4890/6339/2 4891/6338/2 4935/6381/2
f 4935/6381/2 4934/6382/2 4890/6339/2
f 4891/6338/2 4892/6340/2 4936/6383/2
f 4936/6383/2 4935/6381/2 4891/6338/2
f 4892/6340/2 4903/6379/2 4937/6384/2
f 4937/6384/2 4936/6383/2 4892/6340/2
f 4903/6379/2 4902/6385/2 4938/6386/2
f 4938/6386/2 4937/6384/2 4903/6379/2
f 4902/6385/2 4901/6387/2 4939/6388/2
f 4939/6388/2 4938/6386/2 4902/6385/2
f 4901/6387/2 4890/6339/2 4934/6382/2
f 4934/6382/2 4939/6388/2 4901/6387/2
f 4942/6389/3 4941/6390/3 4940/6391/3
f 4943/6392/3 4941/6390/3 4944/6393/3
f 4944/6393/3 4946/6394/3 4945/6395/3
f 4947/6396/3 4946/6394/3 4948/6397/3
f 4948/6397/3 4950/6398/3 4949/6399/3
f 4951/6400/3 4950/6398/3 4952/6401/3
f 4952/6401/3 4954/6402/3 4953/6403/3
f 4955/6404/3 4954/6402/3 4956/6405/3
f 4956/6405/3 4958/6406/3 4957/6407/3
f 4959/6408/3 4958/6406/3 4960/6409/3
f 4960/6409/3 5233/6410/3 4961/6411/3
f 4963/6412/3 4962/6413/3 4964/6414/3
f 4964/6414/3 4966/6415/3 4965/6416/3
f 4967/6417/3 4966/6415/3 4968/6418/3
f 4968/6418/3 4970/6419/3 4969/6420/3
f 4971/6421/3 4970/6419/3 4972/6422/3
f 4972/6422/3 4974/6423/3 4973/6424/3
f 4975/6425/3 4974/6423/3 4976/6426/3
f 4976/6426/3 4978/6427/3 4977/6428/3
f 4979/6429/3 4978/6427/3 4980/6430/3
f 4980/6430/3 4982/6431/3 4981/6432/3
f 4983/6433/3 4982/6431/3 4942/6389/3
f 4841/6434/2639 4840/6435/2639 4942/6389/2639
f 4942/6389/2639 4940/6391/2639 4841/6434/2639
f 4842/6436/2640 4841/6437/2640 4940/6391/2640
f 4940/6391/2640 4941/6390/2640 4842/6436/2640
f 4843/6438/2641 4842/6436/2641 4941/6390/2641
f 4941/6390/2641 4943/6392/2641 4843/6438/2641
f 4844/6439/2642 4843/6440/2642 4943/6392/2642
f 4943/6392/2642 4944/6393/2642 4844/6439/2642
f 4845/6441/2643 4844/6439/2643 4944/6393/2643
f 4944/6393/2643 4945/6395/2643 4845/6441/2643
f 4846/6442/2644 4845/6443/2644 4945/6395/2644
f 4945/6395/2644 4946/6394/2644 4846/6442/2644
f 4847/6444/2645 4846/6442/2645 4946/6394/2645
f 4946/6394/2645 4947/6396/2645 4847/6444/2645
f 4848/6445/2646 4847/6446/2646 4947/6396/2646
f 4947/6396/2646 4948/6397/2646 4848/6445/2646
f 4849/6447/2647 4848/6445/2647 4948/6397/2647
f 4948/6397/2647 4949/6399/2647 4849/6447/2647
f 4850/6448/2648 4849/6449/2648 4949/6399/2648
f 4949/6399/2648 4950/6398/2648 4850/6448/2648
f 4851/6450/2649 4850/6448/2649 4950/6398/2649
f 4950/6398/2649 4951/6400/2649 4851/6450/2649
f 4852/6451/2650 4851/6452/2650 4951/6400/2650
f 4951/6400/2650 4952/6401/2650 4852/6451/2650
f 4853/6453/2651 4852/6451/2651 4952/6401/2651
f 4952/6401/2651 4953/6403/2651 4853/6453/2651
f 4854/6454/2652 4853/6455/2652 4953/6403/2652
f 4953/6403/2652 4954/6402/2652 4854/6454/2652
f 4855/6456/2653 4854/6454/2653 4954/6402/2653
f 4954/6402/2653 4955/6404/2653 4855/6456/2653
f 4856/6457/2654 4855/6458/2654 4955/6404/2654
f 4955/6404/2654 4956/6405/2654 4856/6457/2654
f 4857/6459/2655 4856/6457/2655 4956/6405/2655
f 4956/6405/2655 4957/6407/2655 4857/6459/2655
f 4858/6460/2656 4857/6461/2656 4957/6407/2656
f 4957/6407/2656 4958/6406/2656 4858/6460/2656
f 4859/6462/2657 4858/6460/2657 4958/6406/2657
f 4958/6406/2657 4959/6408/2657 4859/6462/2657
f 4860/6463/2658 4859/6464/2658 4959/6408/2658
f 4959/6408/2658 4960/6409/2658 4860/6463/2658
f 4861/6465/2659 4860/6463/2659 4960/6409/2659
f 4960/6409/2659 4961/6411/2659 4861/6465/2659
f 5136/6466/161 4861/6467/2660 4961/6411/2660
f 4961/6411/2660 5233/6410/161 5136/6466/161
f 4862/6468/2661 4883/6469/169 4962/6413/169
f 4962/6413/169 4963/6412/2661 4862/6468/2661
f 4863/6470/2662 4862/6471/2662 4963/6412/2662
f 4963/6412/2662 4964/6414/2662 4863/6470/2662
f 4864/6472/2663 4863/6470/2663 4964/6414/2663
f 4964/6414/2663 4965/6416/2663 4864/6472/2663
f 4865/6473/2664 4864/6474/2664 4965/6416/2664
f 4965/6416/2664 4966/6415/2664 4865/6473/2664
f 4866/6475/2665 4865/6473/2665 4966/6415/2665
f 4966/6415/2665 4967/6417/2665 4866/6475/2665
f 4867/6476/2666 4866/6477/2666 4967/6417/2666
f 4967/6417/2666 4968/6418/2666 4867/6476/2666
f 4868/6478/2667 4867/6476/2667 4968/6418/2667
f 4968/6418/2667 4969/6420/2667 4868/6478/2667
f 4869/6479/2668 4868/6480/2668 4969/6420/2668
f 4969/6420/2668 4970/6419/2668 4869/6479/2668
f 4870/6481/2669 4869/6479/2669 4970/6419/2669
f 4970/6419/2669 4971/6421/2669 4870/6481/2669
f 4871/6482/2670 4870/6483/2670 4971/6421/2670
f 4971/6421/2670 4972/6422/2670 4871/6482/2670
f 4872/6484/2671 4871/6482/2671 4972/6422/2671
f 4972/6422/2671 4973/6424/2671 4872/6484/2671
f 4873/6485/2672 4872/6486/2672 4973/6424/2672
f 4973/6424/2672 4974/6423/2672 4873/6485/2672
f 4874/6487/2673 4873/6485/2674 4974/6423/2673
f 4974/6423/2673 4975/6425/2673 4874/6487/2673
f 4875/6488/2675 4874/6489/2675 4975/6425/2675
f 4975/6425/2675 4976/6426/2675 4875/6488/2675
f 4876/6490/2676 4875/6488/2676 4976/6426/2676
f 4976/6426/2676 4977/6428/2676 4876/6490/2676
f 4877/6491/2677 4876/6492/2677 4977/6428/2677
f 4977/6428/2677 4978/6427/2677 4877/6491/2677
f 4878/6493/2678 4877/6491/2678 4978/6427/2678
f 4978/6427/2678 4979/6429/2678 4878/6493/2678
f 4879/6494/2679 4878/6495/2679 4979/6429/2679
f 4979/6429/2679 4980/6430/2679 4879/6494/2679
f 4880/6496/2680 4879/6494/2680 4980/6430/2680
f 4980/6430/2680 4981/6432/2680 4880/6496/2680
f 4881/6497/2681 4880/6498/2681 4981/6432/2681
f 4981/6432/2681 4982/6431/2681 4881/6497/2681
f 4882/6499/2682 4881/6497/2682 4982/6431/2682
f 4982/6431/2682 4983/6433/2682 4882/6499/2682
f 4840/6435/2683 4882/6500/2683 4983/6433/2683
f 4983/6433/2683 4942/6389/2683 4840/6435/2683
f 4942/6389/3 4985/6501/3 4984/6502/3
f 4984/6502/3 4941/6390/3 4942/6389/3
f 4941/6390/3 4984/6502/3 4986/6503/3
f 4986/6503/3 4944/6393/3 4941/6390/3
f 4944/6393/3 4986/6503/3 4946/6394/3
f 4946/6394/3 4986/6503/3 4948/6397/3
f 4948/6397/3 4986/6503/3 4987/6504/3
f 4987/6504/3 4950/6398/3 4948/6397/3
f 4950/6398/3 4987/6504/3 4988/6505/3
f 4988/6505/3 4952/6401/3 4950/6398/3
f 4952/6401/3 4988/6505/3 4954/6402/3
f 4954/6402/3 4988/6505/3 4956/6405/3
f 4956/6405/3 4988/6505/3 4989/6506/3
f 4989/6506/3 4958/6406/3 4956/6405/3
f 4958/6406/3 4989/6506/3 5262/6507/3
f 5262/6507/3 4960/6409/3 4958/6406/3
f 4960/6409/3 5262/6507/3 5233/6410/3
f 4962/6413/3 4990/6508/3 4991/6509/3
f 4991/6509/3 4964/6414/3 4962/6413/3
f 4964/6414/3 4991/6509/3 4966/6415/3
f 4966/6415/3 4991/6509/3 4968/6418/3
f 4968/6418/3 4991/6509/3 4992/6510/3
f 4992/6510/3 4970/6419/3 4968/6418/3
f 4970/6419/3 4992/6510/3 4993/6511/3
f 4993/6511/3 4972/6422/3 4970/6419/3
f 4972/6422/3 4993/6511/3 4974/6423/3
f 4974/6423/3 4993/6511/3 4976/6426/3
f 4976/6426/3 4993/6511/3 4994/6512/3
f 4994/6512/3 4978/6427/3 4976/6426/3
f 4978/6427/3 4994/6512/3 4985/6501/3
f 4985/6501/3 4980/6430/3 4978/6427/3
f 4980/6430/3 4985/6501/3 4982/6431/3
f 4982/6431/3 4985/6501/3 4942/6389/3
f 4989/6506/3 4996/6513/3 4995/6514/3
f 4995/6514/3 5262/6507/3 4989/6506/3
f 4997/6515/3 4998/6516/3 5000/6517/3
f 5000/6517/3 4999/6518/3 4997/6515/3
f 4999/6518/3 5000/6517/3 4996/6513/3
f 4996/6513/3 4989/6506/3 4999/6518/3
f 4987/6504/3 5002/6519/3 5001/6520/3
f 5001/6520/3 4988/6505/3 4987/6504/3
f 4988/6505/3 5001/6520/3 5003/6521/3
f 5003/6521/3 4989/6506/3 4988/6505/3
f 4989/6506/3 5003/6521/3 5004/6522/3
f 5004/6522/3 4999/6518/3 4989/6506/3
f 4999/6518/3 5004/6522/3 5006/6523/3
f 5006/6523/3 5005/6524/3 4999/6518/3
f 5005/6524/3 5006/6523/3 5008/6525/3
f 5008/6525/3 5007/6526/3 5005/6524/3
f 5007/6526/3 5008/6525/3 5002/6519/3
f 5002/6519/3 4987/6504/3 5007/6526/3
f 4984/6502/3 5010/6527/3 5009/6528/3
f 5009/6528/3 4986/6503/3 4984/6502/3
f 4986/6503/3 5009/6528/3 5011/6529/3
f 5011/6529/3 4987/6504/3 4986/6503/3
f 4987/6504/3 5011/6529/3 5012/6530/3
f 5012/6530/3 5007/6526/3 4987/6504/3
f 5007/6526/3 5012/6530/3 5014/6531/3
f 5014/6531/3 5013/6532/3 5007/6526/3
f 5013/6532/3 5014/6531/3 5016/6533/3
f 5016/6533/3 5015/6534/3 5013/6532/3
f 5015/6534/3 5016/6533/3 5010/6527/3
f 5010/6527/3 4984/6502/3 5015/6534/3
f 4985/6501/3 5018/6535/3 5017/6536/3
f 5017/6536/3 4984/6502/3 4985/6501/3
f 4984/6502/3 5017/6536/3 5019/6537/3
f 5019/6537/3 5015/6534/3 4984/6502/3
f 5015/6534/3 5019/6537/3 5021/6538/3
f 5021/6538/3 5020/6539/3 5015/6534/3
f 5020/6539/3 5021/6538/3 5023/6540/3
f 5023/6540/3 5022/6541/3 5020/6539/3
f 5022/6541/3 5023/6540/3 5024/6542/3
f 5024/6542/3 4994/6512/3 5022/6541/3
f 4994/6512/3 5024/6542/3 5018/6535/3
f 5018/6535/3 4985/6501/3 4994/6512/3
f 4992/6510/3 5026/6543/3 5025/6544/3
f 5025/6544/3 4993/6511/3 4992/6510/3
f 4993/6511/3 5025/6544/3 5027/6545/3
f 5027/6545/3 4994/6512/3 4993/6511/3
f 4994/6512/3 5027/6545/3 5028/6546/3
f 5028/6546/3 5022/6541/3 4994/6512/3
f 5022/6541/3 5028/6546/3 5030/6547/3
f 5030/6547/3 5029/6548/3 5022/6541/3
f 5029/6548/3 5030/6547/3 5032/6549/3
f 5032/6549/3 5031/6550/3 5029/6548/3
f 5031/6550/3 5032/6549/3 5026/6543/3
f 5026/6543/3 4992/6510/3 5031/6550/3
f 4990/6508/3 5034/6551/3 5033/6552/3
f 5033/6552/3 4991/6509/3 4990/6508/3
f 4991/6509/3 5033/6552/3 5035/6553/3
f 5035/6553/3 4992/6510/3 4991/6509/3
f 4992/6510/3 5035/6553/3 5036/6554/3
f 5036/6554/3 5031/6550/3 4992/6510/3
f 5031/6550/3 5036/6554/3 5038/6555/3
f 5038/6555/3 5037/6556/3 5031/6550/3
f 5037/6556/3 5038/6555/3 5040/6557/3
f 5040/6557/3 5039/6558/3 5037/6556/3
f 5039/6558/3 5040/6557/3 5034/6551/3
f 5034/6551/3 4990/6508/3 5039/6558/3
f 4901/6559/161 4902/6560/2684 5037/6556/2684
f 5037/6556/2684 5039/6558/161 4901/6559/161
f 4902/6560/2684 4903/6561/2685 5031/6550/2685
f 5031/6550/2685 5037/6556/2684 4902/6560/2684
f 4903/6561/2685 4904/6562/2686 5029/6548/2686
f 5029/6548/2686 5031/6550/2685 4903/6561/2685
f 4904/6562/2686 4905/6563/2687 5022/6541/2687
f 5022/6541/2687 5029/6548/2686 4904/6562/2686
f 4905/6563/2687 4895/6564/2688 5020/6539/2688
f 5020/6539/2688 5022/6541/2687 4905/6563/2687
f 4895/6564/2688 4896/6565/2689 5015/6534/2689
f 5015/6534/2689 5020/6539/2688 4895/6564/2688
f 4896/6565/2689 4897/6566/2690 5013/6532/2690
f 5013/6532/2690 5015/6534/2689 4896/6565/2689
f 4897/6566/2690 4898/6567/2691 5007/6526/2691
f 5007/6526/2691 5013/6532/2690 4897/6566/2690
f 4898/6567/2691 4899/6568/2692 5005/6524/2692
f 5005/6524/2692 5007/6526/2691 4898/6567/2691
f 4899/6568/2692 4900/6569/2693 4999/6518/2693
f 4999/6518/2693 5005/6524/2692 4899/6568/2692
f 4900/6569/2693 5170/6570/169 4997/6515/169
f 4997/6515/169 4999/6518/2693 4900/6569/2693
f 4909/6571/164 4906/6572/164 4996/6513/164
f 4996/6513/164 5000/6517/164 4909/6571/164
f 4906/6572/2694 4907/6573/169 4995/6514/169
f 4995/6514/169 4996/6513/2694 4906/6572/2694
f 4908/6574/161 4909/6571/2695 5000/6517/2695
f 5000/6517/2695 4998/6516/161 4908/6574/161
f 4912/6575/2696 4913/6576/2696 5004/6522/2696
f 5004/6522/2696 5003/6521/2696 4912/6575/2696
f 4913/6576/2697 4914/6577/2697 5006/6523/2697
f 5006/6523/2697 5004/6522/2697 4913/6576/2697
f 4914/6577/2698 4915/6578/2698 5008/6525/2698
f 5008/6525/2698 5006/6523/2698 4914/6577/2698
f 4915/6578/2699 4910/6579/2699 5002/6519/2699
f 5002/6519/2699 5008/6525/2699 4915/6578/2699
f 4910/6579/2700 4911/6580/2700 5001/6520/2700
f 5001/6520/2700 5002/6519/2700 4910/6579/2700
f 4911/6580/2701 4912/6575/2701 5003/6521/2701
f 5003/6521/2701 5001/6520/2701 4911/6580/2701
f 4920/6581/2702 4921/6582/2702 5016/6533/2702
f 5016/6533/2702 5014/6531/2702 4920/6581/2702
f 4921/6582/2703 4916/6583/2703 5010/6527/2703
f 5010/6527/2703 5016/6533/2703 4921/6582/2703
f 4916/6583/2704 4917/6584/2704 5009/6528/2704
f 5009/6528/2704 5010/6527/2704 4916/6583/2704
f 4917/6584/2705 4918/6585/2705 5011/6529/2705
f 5011/6529/2705 5009/6528/2705 4917/6584/2705
f 4918/6585/2706 4919/6586/2706 5012/6530/2706
f 5012/6530/2706 5011/6529/2706 4918/6585/2706
f 4919/6586/2707 4920/6581/2707 5014/6531/2707
f 5014/6531/2707 5012/6530/2707 4919/6586/2707
f 4922/6587/2708 4923/6588/2708 5017/6536/2708
f 5017/6536/2708 5018/6535/2708 4922/6587/2708
f 4923/6588/2709 4924/6589/2709 5019/6537/2709
f 5019/6537/2709 5017/6536/2709 4923/6588/2709
f 4924/6589/2710 4925/6590/2710 5021/6538/2710
f 5021/6538/2710 5019/6537/2710 4924/6589/2710
f 4925/6590/2711 4926/6591/2711 5023/6540/2711
f 5023/6540/2711 5021/6538/2711 4925/6590/2711
f 4926/6591/2712 4927/6592/2712 5024/6542/2712
f 5024/6542/2712 5023/6540/2712 4926/6591/2712
f 4927/6592/2713 4922/6587/2713 5018/6535/2713
f 5018/6535/2713 5024/6542/2713 4927/6592/2713
f 4931/6593/2714 4932/6594/2714 5030/6547/2714
f 5030/6547/2714 5028/6546/2714 4931/6593/2714
f 4932/6594/2715 4933/6595/2715 5032/6549/2715
f 5032/6549/2715 5030/6547/2715 4932/6594/2715
f 4933/6595/2716 4928/6596/2716 5026/6543/2716
f 5026/6543/2716 5032/6549/2716 4933/6595/2716
f 4928/6596/2717 4929/6597/2717 5025/6544/2717
f 5025/6544/2717 5026/6543/2717 4928/6596/2717
f 4929/6597/2718 4930/6598/2718 5027/6545/2718
f 5027/6545/2718 5025/6544/2718 4929/6597/2718
f 4930/6598/2719 4931/6593/2719 5028/6546/2719
f 5028/6546/2719 5027/6545/2719 4930/6598/2719
f 4936/6599/2720 4937/6600/2720 5036/6554/2720
f 5036/6554/2720 5035/6553/2720 4936/6599/2720
f 4937/6600/2721 4938/6601/2721 5038/6555/2721
f 5038/6555/2721 5036/6554/2721 4937/6600/2721
f 4938/6601/2722 4939/6602/2722 5040/6557/2722
f 5040/6557/2722 5038/6555/2722 4938/6601/2722
f 4939/6602/2723 4934/6603/2723 5034/6551/2723
f 5034/6551/2723 5040/6557/2723 4939/6602/2723
f 4934/6603/2724 4935/6604/2724 5033/6552/2724
f 5033/6552/2724 5034/6551/2724 4934/6603/2724
f 4935/6604/2725 4936/6599/2725 5035/6553/2725
f 5035/6553/2725 5033/6552/2725 4935/6604/2725
f 5066/6605/2726 5065/6606/2727 5041/6607/2727
f 5041/6607/2727 5042/6608/2726 5066/6605/2726
f 5067/6609/2728 5066/6605/2726 5042/6608/2726
f 5042/6608/2726 5043/6610/2728 5067/6609/2728
f 5068/6611/2729 5067/6609/2728 5043/6610/2728
f 5043/6610/2728 5044/6612/2729 5068/6611/2729
f 5069/6613/2730 5068/6611/2729 5044/6612/2729
f 5044/6612/2729 5045/6614/2730 5069/6613/2730
f 5070/6615/2731 5069/6613/2730 5045/6614/2730
f 5045/6614/2730 5046/6616/2732 5070/6615/2731
f 5071/6617/2733 5070/6615/2731 5046/6616/2732
f 5046/6616/2732 5047/6618/2733 5071/6617/2733
f 5072/6619/2734 5071/6617/2733 5047/6618/2733
f 5047/6618/2733 5048/6620/2734 5072/6619/2734
f 5073/6621/2735 5072/6619/2734 5048/6620/2734
f 5048/6620/2734 5049/6622/2735 5073/6621/2735
f 5074/6623/2736 5073/6621/2735 5049/6622/2735
f 5049/6622/2735 5050/6624/2737 5074/6623/2736
f 5075/6625/2738 5074/6623/2736 5050/6624/2737
f 5050/6624/2737 5051/6626/2738 5075/6625/2738
f 5076/6627/2739 5075/6625/2738 5051/6626/2738
f 5051/6626/2738 5052/6628/2739 5076/6627/2739
f 5077/6629/2740 5076/6627/2739 5052/6628/2739
f 5052/6628/2739 5053/6630/2740 5077/6629/2740
f 5078/6631/2741 5077/6629/2740 5053/6630/2740
f 5053/6630/2740 5054/6632/2741 5078/6631/2741
f 5079/6633/2742 5078/6631/2741 5054/6632/2741
f 5054/6632/2741 5055/6634/2742 5079/6633/2742
f 5080/6635/2743 5079/6633/2742 5055/6634/2742
f 5055/6634/2742 5056/6636/2743 5080/6635/2743
f 5081/6637/2744 5080/6635/2743 5056/6636/2743
f 5056/6636/2743 5057/6638/2744 5081/6637/2744
f 5344/6639/161 5081/6637/2744 5057/6638/2744
f 5057/6638/2744 5343/6640/161 5344/6639/161
f 5083/6641/2745 5082/6642/2746 5058/6643/2746
f 5058/6643/2746 5059/6644/2745 5083/6641/2745
f 5084/6645/2747 5083/6641/2745 5059/6644/2745
f 5059/6644/2745 5060/6646/2747 5084/6645/2747
f 5085/6647/2748 5084/6645/2747 5060/6646/2747
f 5060/6646/2747 5061/6648/2748 5085/6647/2748
f 5086/6649/2749 5085/6647/2748 5061/6648/2748
f 5061/6648/2748 5062/6650/2750 5086/6649/2749
f 5087/6651/2751 5086/6649/2749 5062/6650/2750
f 5062/6650/2750 5063/6652/2751 5087/6651/2751
f 5088/6653/2752 5087/6651/2751 5063/6652/2751
f 5063/6652/2751 5064/6654/2752 5088/6653/2752
f 5065/6606/2727 5088/6653/2752 5064/6654/2752
f 5064/6654/2752 5041/6607/2727 5065/6606/2727
f 5058/6643/2746 5082/6642/2746 5359/6655/169
f 5359/6655/169 5089/6656/169 5058/6643/2746
f 5042/6657/3 5041/6658/3 5090/6659/3
f 5065/6606/2753 5066/6605/2754 5094/6660/2755
f 5043/6661/3 5042/6657/3 5090/6659/3
f 5066/6605/2754 5067/6609/2756 5095/6662/2757
f 5095/6662/2757 5094/6660/2755 5066/6605/2754
f 5044/6663/3 5043/6661/3 5090/6659/3
f 5067/6609/2756 5068/6611/2758 5096/6664/2759
f 5096/6664/2759 5095/6662/2757 5067/6609/2756
f 5045/6665/3 5044/6663/3 5090/6659/3
f 5068/6611/2758 5069/6613/2760 5096/6664/2759
f 5046/6666/3 5045/6665/3 5090/6659/3
f 5090/6659/3 5091/6667/3 5046/6666/3
f 5069/6613/2760 5070/6615/2761 5097/6668/2762
f 5097/6668/2762 5096/6664/2759 5069/6613/2760
f 5047/6669/3 5046/6666/3 5091/6667/3
f 5070/6615/2761 5071/6617/2763 5097/6668/2762
f 5048/6670/3 5047/6669/3 5091/6667/3
f 5071/6617/2763 5072/6619/2764 5098/6671/2765
f 5098/6671/2765 5097/6668/2762 5071/6617/2763
f 5049/6672/3 5048/6670/3 5091/6667/3
f 5072/6619/2764 5073/6621/2766 5099/6673/2767
f 5099/6673/2767 5098/6671/2765 5072/6619/2764
f 5050/6674/3 5049/6672/3 5091/6667/3
f 5073/6621/2766 5074/6623/2768 5099/6673/2767
f 5051/6675/3 5050/6674/3 5091/6667/3
f 5091/6667/3 5092/6676/3 5051/6675/3
f 5074/6623/2768 5075/6625/2769 5100/6677/2770
f 5100/6677/2770 5099/6673/2767 5074/6623/2768
f 5052/6678/3 5051/6675/3 5092/6676/3
f 5075/6625/2769 5076/6627/2771 5100/6677/2770
f 5053/6679/3 5052/6678/3 5092/6676/3
f 5076/6627/2771 5077/6629/2772 5101/6680/2773
f 5101/6680/2773 5100/6677/2770 5076/6627/2771
f 5054/6681/3 5053/6679/3 5092/6676/3
f 5077/6629/2772 5078/6631/2774 5102/6682/2775
f 5102/6682/2775 5101/6680/2773 5077/6629/2772
f 5055/6683/3 5054/6681/3 5092/6676/3
f 5078/6631/2774 5079/6633/2776 5102/6682/2775
f 5056/6684/3 5055/6683/3 5092/6676/3
f 5092/6676/3 5372/6685/3 5056/6684/3
f 5079/6633/2776 5080/6635/2777 5103/6686/2778
f 5103/6686/2778 5102/6682/2775 5079/6633/2776
f 5057/6687/3 5056/6684/3 5372/6685/3
f 5080/6635/2777 5081/6637/2779 5103/6686/2778
f 5343/6688/3 5057/6687/3 5372/6685/3
f 5081/6637/2779 5344/6639/2780 5108/6689/2781
f 5108/6689/2781 5103/6686/2778 5081/6637/2779
f 5359/6655/2782 5082/6642/2783 5104/6690/2784
f 5104/6690/2784 5375/6691/2785 5359/6655/2782
f 5059/6692/3 5058/6693/3 5376/6694/3
f 5082/6642/2783 5083/6641/2786 5104/6690/2784
f 5060/6695/3 5059/6692/3 5376/6694/3
f 5376/6694/3 5093/6696/3 5060/6695/3
f 5083/6641/2786 5084/6645/2787 5105/6697/2788
f 5105/6697/2788 5104/6690/2784 5083/6641/2786
f 5061/6698/3 5060/6695/3 5093/6696/3
f 5084/6645/2787 5085/6647/2789 5105/6697/2788
f 5062/6699/3 5061/6698/3 5093/6696/3
f 5085/6647/2789 5086/6649/2790 5106/6700/2791
f 5106/6700/2791 5105/6697/2788 5085/6647/2789
f 5063/6701/3 5062/6699/3 5093/6696/3
f 5086/6649/2790 5087/6651/2792 5107/6702/2793
f 5107/6702/2793 5106/6700/2791 5086/6649/2790
f 5064/6703/3 5063/6701/3 5093/6696/3
f 5087/6651/2792 5088/6653/2794 5107/6702/2793
f 5041/6658/3 5064/6703/3 5093/6696/3
f 5093/6696/3 5090/6659/3 5041/6658/3
f 5088/6653/2794 5065/6606/2753 5094/6660/2755
f 5094/6660/2755 5107/6702/2793 5088/6653/2794
f 5058/6693/3 5089/6704/3 5376/6694/3
f 5091/6667/3 5090/6659/3 5109/6705/3
f 5092/6676/3 5091/6667/3 5109/6705/3
f 5372/6685/3 5092/6676/3 5109/6705/3
f 5093/6696/3 5376/6694/3 5109/6705/3
f 5090/6659/3 5093/6696/3 5109/6705/3
f 5094/6660/2 5095/6662/2 5110/6706/2
f 5095/6662/2 5096/6664/2 5110/6706/2
f 5096/6664/2 5097/6668/2 5111/6707/2
f 5111/6707/2 5110/6706/2 5096/6664/2
f 5097/6668/2 5098/6671/2 5111/6707/2
f 5098/6671/2 5099/6673/2 5111/6707/2
f 5099/6673/2 5100/6677/2 5112/6708/2
f 5112/6708/2 5111/6707/2 5099/6673/2
f 5100/6677/2 5101/6680/2 5112/6708/2
f 5101/6680/2 5102/6682/2 5112/6708/2
f 5102/6682/2 5103/6686/2 5384/6709/2
f 5384/6709/2 5112/6708/2 5102/6682/2
f 5103/6686/2 5108/6689/2 5384/6709/2
f 5375/6691/2 5104/6690/2 5385/6710/2
f 5104/6690/2 5105/6697/2 5113/6711/2
f 5113/6711/2 5385/6710/2 5104/6690/2
f 5105/6697/2 5106/6700/2 5113/6711/2
f 5106/6700/2 5107/6702/2 5113/6711/2
f 5107/6702/2 5094/6660/2 5110/6706/2
f 5110/6706/2 5113/6711/2 5107/6702/2
f 5110/6706/2 5111/6707/2 5387/6712/2
f 5111/6707/2 5112/6708/2 5387/6712/2
f 5112/6708/2 5384/6709/2 5387/6712/2
f 5385/6710/2 5113/6711/2 5387/6712/2
f 5113/6711/2 5110/6706/2 5387/6712/2
f 5114/6713/2 5116/6714/2 5115/6715/2
f 5117/6716/2 5116/6714/2 5118/6717/2
f 5118/6717/2 5120/6718/2 5119/6719/2
f 5121/6720/2 5120/6718/2 5122/6721/2
f 5122/6721/2 5124/6722/2 5123/6723/2
f 5125/6724/2 5124/6722/2 5126/6725/2
f 5126/6725/2 5128/6726/2 5127/6727/2
f 5129/6728/2 5128/6726/2 5130/6729/2
f 5130/6729/2 5132/6730/2 5131/6731/2
f 5133/6732/2 5132/6730/2 5134/6733/2
f 5134/6733/2 5136/6308/2 5135/6734/2
f 5137/6735/2 4883/6311/2 5138/6736/2
f 5138/6736/2 5140/6737/2 5139/6738/2
f 5141/6739/2 5140/6737/2 5142/6740/2
f 5142/6740/2 5144/6741/2 5143/6742/2
f 5145/6743/2 5144/6741/2 5146/6744/2
f 5146/6744/2 5148/6745/2 5147/6746/2
f 5149/6747/2 5148/6745/2 5150/6748/2
f 5150/6748/2 5152/6749/2 5151/6750/2
f 5153/6751/2 5152/6749/2 5154/6752/2
f 5154/6752/2 5156/6753/2 5155/6754/2
f 5157/6755/2 5156/6753/2 5114/6713/2
f 5114/6713/2 5159/6756/2 5158/6757/2
f 5158/6757/2 5116/6714/2 5114/6713/2
f 5116/6714/2 5158/6757/2 5160/6758/2
f 5160/6758/2 5118/6717/2 5116/6714/2
f 5118/6717/2 5160/6758/2 5120/6718/2
f 5120/6718/2 5160/6758/2 5122/6721/2
f 5122/6721/2 5160/6758/2 5161/6759/2
f 5161/6759/2 5124/6722/2 5122/6721/2
f 5124/6722/2 5161/6759/2 5162/6760/2
f 5162/6760/2 5126/6725/2 5124/6722/2
f 5126/6725/2 5162/6760/2 5128/6726/2
f 5128/6726/2 5162/6760/2 5130/6729/2
f 5130/6729/2 5162/6760/2 5163/6761/2
f 5163/6761/2 5132/6730/2 5130/6729/2
f 5132/6730/2 5163/6761/2 5164/6337/2
f 5164/6337/2 5134/6733/2 5132/6730/2
f 5134/6733/2 5164/6337/2 5136/6308/2
f 4883/6311/2 4890/6339/2 5165/6762/2
f 5165/6762/2 5138/6736/2 4883/6311/2
f 5138/6736/2 5165/6762/2 5140/6737/2
f 5140/6737/2 5165/6762/2 5142/6740/2
f 5142/6740/2 5165/6762/2 5166/6763/2
f 5166/6763/2 5144/6741/2 5142/6740/2
f 5144/6741/2 5166/6763/2 5167/6764/2
f 5167/6764/2 5146/6744/2 5144/6741/2
f 5146/6744/2 5167/6764/2 5148/6745/2
f 5148/6745/2 5167/6764/2 5150/6748/2
f 5150/6748/2 5167/6764/2 5168/6765/2
f 5168/6765/2 5152/6749/2 5150/6748/2
f 5152/6749/2 5168/6765/2 5159/6756/2
f 5159/6756/2 5154/6752/2 5152/6749/2
f 5154/6752/2 5159/6756/2 5156/6753/2
f 5156/6753/2 5159/6756/2 5114/6713/2
f 5163/6761/2 5169/6766/2 4907/6343/2
f 4907/6343/2 5164/6337/2 5163/6761/2
f 5170/6345/2 4908/6348/2 5172/6767/2
f 5172/6767/2 5171/6768/2 5170/6345/2
f 5171/6768/2 5172/6767/2 5169/6766/2
f 5169/6766/2 5163/6761/2 5171/6768/2
f 5161/6759/2 5174/6769/2 5173/6770/2
f 5173/6770/2 5162/6760/2 5161/6759/2
f 5162/6760/2 5173/6770/2 5175/6771/2
f 5175/6771/2 5163/6761/2 5162/6760/2
f 5163/6761/2 5175/6771/2 5176/6772/2
f 5176/6772/2 5171/6768/2 5163/6761/2
f 5171/6768/2 5176/6772/2 5178/6773/2
f 5178/6773/2 5177/6774/2 5171/6768/2
f 5177/6774/2 5178/6773/2 5180/6775/2
f 5180/6775/2 5179/6776/2 5177/6774/2
f 5179/6776/2 5180/6775/2 5174/6769/2
f 5174/6769/2 5161/6759/2 5179/6776/2
f 5158/6757/2 5182/6777/2 5181/6778/2
f 5181/6778/2 5160/6758/2 5158/6757/2
f 5160/6758/2 5181/6778/2 5183/6779/2
f 5183/6779/2 5161/6759/2 5160/6758/2
f 5161/6759/2 5183/6779/2 5184/6780/2
f 5184/6780/2 5179/6776/2 5161/6759/2
f 5179/6776/2 5184/6780/2 5186/6781/2
f 5186/6781/2 5185/6782/2 5179/6776/2
f 5185/6782/2 5186/6781/2 5188/6783/2
f 5188/6783/2 5187/6784/2 5185/6782/2
f 5187/6784/2 5188/6783/2 5182/6777/2
f 5182/6777/2 5158/6757/2 5187/6784/2
f 5159/6756/2 5190/6785/2 5189/6786/2
f 5189/6786/2 5158/6757/2 5159/6756/2
f 5158/6757/2 5189/6786/2 5191/6787/2
f 5191/6787/2 5187/6784/2 5158/6757/2
f 5187/6784/2 5191/6787/2 5193/6788/2
f 5193/6788/2 5192/6789/2 5187/6784/2
f 5192/6789/2 5193/6788/2 5195/6790/2
f 5195/6790/2 5194/6791/2 5192/6789/2
f 5194/6791/2 5195/6790/2 5196/6792/2
f 5196/6792/2 5168/6765/2 5194/6791/2
f 5168/6765/2 5196/6792/2 5190/6785/2
f 5190/6785/2 5159/6756/2 5168/6765/2
f 5166/6763/2 5198/6793/2 5197/6794/2
f 5197/6794/2 5167/6764/2 5166/6763/2
f 5167/6764/2 5197/6794/2 5199/6795/2
f 5199/6795/2 5168/6765/2 5167/6764/2
f 5168/6765/2 5199/6795/2 5200/6796/2
f 5200/6796/2 5194/6791/2 5168/6765/2
f 5194/6791/2 5200/6796/2 5202/6797/2
f 5202/6797/2 5201/6798/2 5194/6791/2
f 5201/6798/2 5202/6797/2 5204/6799/2
f 5204/6799/2 5203/6800/2 5201/6798/2
f 5203/6800/2 5204/6799/2 5198/6793/2
f 5198/6793/2 5166/6763/2 5203/6800/2
f 4890/6339/2 5206/6801/2 5205/6802/2
f 5205/6802/2 5165/6762/2 4890/6339/2
f 5165/6762/2 5205/6802/2 5207/6803/2
f 5207/6803/2 5166/6763/2 5165/6762/2
f 5166/6763/2 5207/6803/2 5208/6804/2
f 5208/6804/2 5203/6800/2 5166/6763/2
f 5203/6800/2 5208/6804/2 5210/6805/2
f 5210/6805/2 5209/6806/2 5203/6800/2
f 5209/6806/2 5210/6805/2 5211/6807/2
f 5211/6807/2 4901/6387/2 5209/6806/2
f 4901/6387/2 5211/6807/2 5206/6801/2
f 5206/6801/2 4890/6339/2 4901/6387/2
f 5212/6808/3 5214/6809/3 5213/6810/3
f 5215/6811/3 5216/6812/3 5213/6810/3
f 5216/6812/3 5218/6813/3 5217/6814/3
f 5219/6815/3 5220/6816/3 5217/6814/3
f 5220/6816/3 5222/6817/3 5221/6818/3
f 5223/6819/3 5224/6820/3 5221/6818/3
f 5224/6820/3 5226/6821/3 5225/6822/3
f 5227/6823/3 5228/6824/3 5225/6822/3
f 5228/6824/3 5230/6825/3 5229/6826/3
f 5231/6827/3 5232/6828/3 5229/6826/3
f 5232/6828/3 5234/6829/3 5233/6410/3
f 5235/6830/3 5236/6831/3 4962/6413/3
f 5236/6831/3 5238/6832/3 5237/6833/3
f 5239/6834/3 5240/6835/3 5237/6833/3
f 5240/6835/3 5242/6836/3 5241/6837/3
f 5243/6838/3 5244/6839/3 5241/6837/3
f 5244/6839/3 5246/6840/3 5245/6841/3
f 5247/6842/3 5248/6843/3 5245/6841/3
f 5248/6843/3 5250/6844/3 5249/6845/3
f 5251/6846/3 5252/6847/3 5249/6845/3
f 5252/6847/3 5254/6848/3 5253/6849/3
f 5255/6850/3 5212/6808/3 5253/6849/3
f 5115/6851/2795 5214/6809/2795 5212/6808/2795
f 5212/6808/2795 5114/6852/2795 5115/6851/2795
f 5116/6853/2796 5213/6810/2796 5214/6809/2796
f 5214/6809/2796 5115/6854/2796 5116/6853/2796
f 5117/6855/2797 5215/6811/2797 5213/6810/2797
f 5213/6810/2797 5116/6853/2797 5117/6855/2797
f 5118/6856/2798 5216/6812/2798 5215/6811/2798
f 5215/6811/2798 5117/6857/2798 5118/6856/2798
f 5119/6858/2799 5218/6813/2799 5216/6812/2799
f 5216/6812/2799 5118/6856/2799 5119/6858/2799
f 5120/6859/2800 5217/6814/2800 5218/6813/2800
f 5218/6813/2800 5119/6860/2800 5120/6859/2800
f 5121/6861/2801 5219/6815/2801 5217/6814/2801
f 5217/6814/2801 5120/6859/2801 5121/6861/2801
f 5122/6862/2802 5220/6816/2802 5219/6815/2802
f 5219/6815/2802 5121/6863/2802 5122/6862/2802
f 5123/6864/2803 5222/6817/2803 5220/6816/2803
f 5220/6816/2803 5122/6862/2803 5123/6864/2803
f 5124/6865/2804 5221/6818/2804 5222/6817/2804
f 5222/6817/2804 5123/6866/2804 5124/6865/2804
f 5125/6867/2805 5223/6819/2805 5221/6818/2805
f 5221/6818/2805 5124/6865/2805 5125/6867/2805
f 5126/6868/2806 5224/6820/2806 5223/6819/2806
f 5223/6819/2806 5125/6869/2806 5126/6868/2806
f 5127/6870/2807 5226/6821/2807 5224/6820/2807
f 5224/6820/2807 5126/6868/2807 5127/6870/2807
f 5128/6871/2808 5225/6822/2808 5226/6821/2808
f 5226/6821/2808 5127/6872/2808 5128/6871/2808
f 5129/6873/2809 5227/6823/2809 5225/6822/2809
f 5225/6822/2809 5128/6871/2809 5129/6873/2809
f 5130/6874/2810 5228/6824/2810 5227/6823/2810
f 5227/6823/2810 5129/6875/2810 5130/6874/2810
f 5131/6876/2811 5230/6825/2811 5228/6824/2811
f 5228/6824/2811 5130/6874/2811 5131/6876/2811
f 5132/6877/2812 5229/6826/2812 5230/6825/2812
f 5230/6825/2812 5131/6878/2812 5132/6877/2812
f 5133/6879/2813 5231/6827/2813 5229/6826/2813
f 5229/6826/2813 5132/6877/2813 5133/6879/2813
f 5134/6880/2814 5232/6828/2814 5231/6827/2814
f 5231/6827/2814 5133/6881/2814 5134/6880/2814
f 5135/6882/2815 5234/6829/2815 5232/6828/2815
f 5232/6828/2815 5134/6880/2815 5135/6882/2815
f 5136/6466/161 5233/6410/161 5234/6829/2816
f 5234/6829/2816 5135/6883/2816 5136/6466/161
f 5137/6884/2817 5235/6830/2817 4962/6413/169
f 4962/6413/169 4883/6469/169 5137/6884/2817
f 5138/6885/2818 5236/6831/2818 5235/6830/2818
f 5235/6830/2818 5137/6886/2818 5138/6885/2818
f 5139/6887/2819 5238/6832/2819 5236/6831/2819
f 5236/6831/2819 5138/6885/2819 5139/6887/2819
f 5140/6888/2820 5237/6833/2820 5238/6832/2820
f 5238/6832/2820 5139/6889/2820 5140/6888/2820
f 5141/6890/2821 5239/6834/2821 5237/6833/2821
f 5237/6833/2821 5140/6888/2821 5141/6890/2821
f 5142/6891/2822 5240/6835/2822 5239/6834/2822
f 5239/6834/2822 5141/6892/2822 5142/6891/2822
f 5143/6893/2823 5242/6836/2823 5240/6835/2823
f 5240/6835/2823 5142/6891/2823 5143/6893/2823
f 5144/6894/2824 5241/6837/2824 5242/6836/2824
f 5242/6836/2824 5143/6895/2824 5144/6894/2824
f 5145/6896/2825 5243/6838/2825 5241/6837/2825
f 5241/6837/2825 5144/6894/2825 5145/6896/2825
f 5146/6897/2826 5244/6839/2826 5243/6838/2826
f 5243/6838/2826 5145/6898/2826 5146/6897/2826
f 5147/6899/2827 5246/6840/2827 5244/6839/2827
f 5244/6839/2827 5146/6897/2827 5147/6899/2827
f 5148/6900/2828 5245/6841/2828 5246/6840/2828
f 5246/6840/2828 5147/6901/2828 5148/6900/2828
f 5149/6902/2829 5247/6842/2829 5245/6841/2829
f 5245/6841/2829 5148/6900/2829 5149/6902/2829
f 5150/6903/2830 5248/6843/2830 5247/6842/2830
f 5247/6842/2830 5149/6904/2830 5150/6903/2830
f 5151/6905/2831 5250/6844/2831 5248/6843/2831
f 5248/6843/2831 5150/6903/2831 5151/6905/2831
f 5152/6906/2832 5249/6845/2832 5250/6844/2832
f 5250/6844/2832 5151/6907/2832 5152/6906/2832
f 5153/6908/2833 5251/6846/2833 5249/6845/2833
f 5249/6845/2833 5152/6906/2833 5153/6908/2833
f 5154/6909/2834 5252/6847/2834 5251/6846/2834
f 5251/6846/2834 5153/6910/2834 5154/6909/2834
f 5155/6911/2835 5254/6848/2835 5252/6847/2835
f 5252/6847/2835 5154/6909/2835 5155/6911/2835
f 5156/6912/2836 5253/6849/2836 5254/6848/2836
f 5254/6848/2836 5155/6913/2836 5156/6912/2836
f 5157/6914/2837 5255/6850/2837 5253/6849/2837
f 5253/6849/2837 5156/6912/2837 5157/6914/2837
f 5114/6852/2838 5212/6808/2838 5255/6850/2838
f 5255/6850/2838 5157/6915/2838 5114/6852/2838
f 5212/6808/3 5213/6810/3 5257/6916/3
f 5257/6916/3 5256/6917/3 5212/6808/3
f 5213/6810/3 5216/6812/3 5258/6918/3
f 5258/6918/3 5257/6916/3 5213/6810/3
f 5216/6812/3 5217/6814/3 5258/6918/3
f 5217/6814/3 5220/6816/3 5258/6918/3
f 5220/6816/3 5221/6818/3 5259/6919/3
f 5259/6919/3 5258/6918/3 5220/6816/3
f 5221/6818/3 5224/6820/3 5260/6920/3
f 5260/6920/3 5259/6919/3 5221/6818/3
f 5224/6820/3 5225/6822/3 5260/6920/3
f 5225/6822/3 5228/6824/3 5260/6920/3
f 5228/6824/3 5229/6826/3 5261/6921/3
f 5261/6921/3 5260/6920/3 5228/6824/3
f 5229/6826/3 5232/6828/3 5262/6507/3
f 5262/6507/3 5261/6921/3 5229/6826/3
f 5232/6828/3 5233/6410/3 5262/6507/3
f 4962/6413/3 5236/6831/3 5263/6922/3
f 5263/6922/3 4990/6508/3 4962/6413/3
f 5236/6831/3 5237/6833/3 5263/6922/3
f 5237/6833/3 5240/6835/3 5263/6922/3
f 5240/6835/3 5241/6837/3 5264/6923/3
f 5264/6923/3 5263/6922/3 5240/6835/3
f 5241/6837/3 5244/6839/3 5265/6924/3
f 5265/6924/3 5264/6923/3 5241/6837/3
f 5244/6839/3 5245/6841/3 5265/6924/3
f 5245/6841/3 5248/6843/3 5265/6924/3
f 5248/6843/3 5249/6845/3 5266/6925/3
f 5266/6925/3 5265/6924/3 5248/6843/3
f 5249/6845/3 5252/6847/3 5256/6917/3
f 5256/6917/3 5266/6925/3 5249/6845/3
f 5252/6847/3 5253/6849/3 5256/6917/3
f 5253/6849/3 5212/6808/3 5256/6917/3
f 5261/6921/3 5262/6507/3 4995/6514/3
f 4995/6514/3 5267/6926/3 5261/6921/3
f 4997/6515/3 5269/6927/3 5268/6928/3
f 5268/6928/3 4998/6516/3 4997/6515/3
f 5269/6927/3 5261/6921/3 5267/6926/3
f 5267/6926/3 5268/6928/3 5269/6927/3
f 5259/6919/3 5260/6920/3 5271/6929/3
f 5271/6929/3 5270/6930/3 5259/6919/3
f 5260/6920/3 5261/6921/3 5272/6931/3
f 5272/6931/3 5271/6929/3 5260/6920/3
f 5261/6921/3 5269/6927/3 5273/6932/3
f 5273/6932/3 5272/6931/3 5261/6921/3
f 5269/6927/3 5275/6933/3 5274/6934/3
f 5274/6934/3 5273/6932/3 5269/6927/3
f 5275/6933/3 5277/6935/3 5276/6936/3
f 5276/6936/3 5274/6934/3 5275/6933/3
f 5277/6935/3 5259/6919/3 5270/6930/3
f 5270/6930/3 5276/6936/3 5277/6935/3
f 5257/6916/3 5258/6918/3 5279/6937/3
f 5279/6937/3 5278/6938/3 5257/6916/3
f 5258/6918/3 5259/6919/3 5280/6939/3
f 5280/6939/3 5279/6937/3 5258/6918/3
f 5259/6919/3 5277/6935/3 5281/6940/3
f 5281/6940/3 5280/6939/3 5259/6919/3
f 5277/6935/3 5283/6941/3 5282/6942/3
f 5282/6942/3 5281/6940/3 5277/6935/3
f 5283/6941/3 5285/6943/3 5284/6944/3
f 5284/6944/3 5282/6942/3 5283/6941/3
f 5285/6943/3 5257/6916/3 5278/6938/3
f 5278/6938/3 5284/6944/3 5285/6943/3
f 5256/6917/3 5257/6916/3 5287/6945/3
f 5287/6945/3 5286/6946/3 5256/6917/3
f 5257/6916/3 5285/6943/3 5288/6947/3
f 5288/6947/3 5287/6945/3 5257/6916/3
f 5285/6943/3 5290/6948/3 5289/6949/3
f 5289/6949/3 5288/6947/3 5285/6943/3
f 5290/6948/3 5292/6950/3 5291/6951/3
f 5291/6951/3 5289/6949/3 5290/6948/3
f 5292/6950/3 5266/6925/3 5293/6952/3
f 5293/6952/3 5291/6951/3 5292/6950/3
f 5266/6925/3 5256/6917/3 5286/6946/3
f 5286/6946/3 5293/6952/3 5266/6925/3
f 5264/6923/3 5265/6924/3 5295/6953/3
f 5295/6953/3 5294/6954/3 5264/6923/3
f 5265/6924/3 5266/6925/3 5296/6955/3
f 5296/6955/3 5295/6953/3 5265/6924/3
f 5266/6925/3 5292/6950/3 5297/6956/3
f 5297/6956/3 5296/6955/3 5266/6925/3
f 5292/6950/3 5299/6957/3 5298/6958/3
f 5298/6958/3 5297/6956/3 5292/6950/3
f 5299/6957/3 5301/6959/3 5300/6960/3
f 5300/6960/3 5298/6958/3 5299/6957/3
f 5301/6959/3 5264/6923/3 5294/6954/3
f 5294/6954/3 5300/6960/3 5301/6959/3
f 4990/6508/3 5263/6922/3 5303/6961/3
f 5303/6961/3 5302/6962/3 4990/6508/3
f 5263/6922/3 5264/6923/3 5304/6963/3
f 5304/6963/3 5303/6961/3 5263/6922/3
f 5264/6923/3 5301/6959/3 5305/6964/3
f 5305/6964/3 5304/6963/3 5264/6923/3
f 5301/6959/3 5307/6965/3 5306/6966/3
f 5306/6966/3 5305/6964/3 5301/6959/3
f 5307/6965/3 5039/6558/3 5308/6967/3
f 5308/6967/3 5306/6966/3 5307/6965/3
f 5039/6558/3 4990/6508/3 5302/6962/3
f 5302/6962/3 5308/6967/3 5039/6558/3
f 4901/6559/161 5039/6558/161 5307/6965/2839
f 5307/6965/2839 5209/6968/2839 4901/6559/161
f 5209/6968/2839 5307/6965/2839 5301/6959/2840
f 5301/6959/2840 5203/6969/2840 5209/6968/2839
f 5203/6969/2840 5301/6959/2840 5299/6957/2841
f 5299/6957/2841 5201/6970/2841 5203/6969/2840
f 5201/6970/2841 5299/6957/2841 5292/6950/2842
f 5292/6950/2842 5194/6971/2842 5201/6970/2841
f 5194/6971/2842 5292/6950/2842 5290/6948/2843
f 5290/6948/2843 5192/6972/2843 5194/6971/2842
f 5192/6972/2843 5290/6948/2843 5285/6943/2844
f 5285/6943/2844 5187/6973/2844 5192/6972/2843
f 5187/6973/2844 5285/6943/2844 5283/6941/2845
f 5283/6941/2845 5185/6974/2845 5187/6973/2844
f 5185/6974/2845 5283/6941/2845 5277/6935/2846
f 5277/6935/2846 5179/6975/2846 5185/6974/2845
f 5179/6975/2846 5277/6935/2846 5275/6933/2847
f 5275/6933/2847 5177/6976/2847 5179/6975/2846
f 5177/6976/2847 5275/6933/2847 5269/6927/2848
f 5269/6927/2848 5171/6977/2848 5177/6976/2847
f 5171/6977/2848 5269/6927/2848 4997/6515/169
f 4997/6515/169 5170/6570/169 5171/6977/2848
f 5172/6978/171 5268/6928/171 5267/6926/171
f 5267/6926/171 5169/6979/171 5172/6978/171
f 5169/6979/2849 5267/6926/2849 4995/6514/169
f 4995/6514/169 4907/6573/169 5169/6979/2849
f 4908/6574/161 4998/6516/161 5268/6928/2850
f 5268/6928/2850 5172/6978/2850 4908/6574/161
f 5175/6980/2851 5272/6931/2851 5273/6932/2851
f 5273/6932/2851 5176/6981/2851 5175/6980/2851
f 5176/6981/2852 5273/6932/2852 5274/6934/2852
f 5274/6934/2852 5178/6982/2852 5176/6981/2852
f 5178/6982/2853 5274/6934/2853 5276/6936/2853
f 5276/6936/2853 5180/6983/2853 5178/6982/2853
f 5180/6983/2854 5276/6936/2854 5270/6930/2854
f 5270/6930/2854 5174/6984/2854 5180/6983/2854
f 5174/6984/2855 5270/6930/2855 5271/6929/2855
f 5271/6929/2855 5173/6985/2855 5174/6984/2855
f 5173/6985/2856 5271/6929/2856 5272/6931/2856
f 5272/6931/2856 5175/6980/2856 5173/6985/2856
f 5186/6986/2857 5282/6942/2857 5284/6944/2857
f 5284/6944/2857 5188/6987/2857 5186/6986/2857
f 5188/6987/2858 5284/6944/2858 5278/6938/2858
f 5278/6938/2858 5182/6988/2858 5188/6987/2858
f 5182/6988/2859 5278/6938/2859 5279/6937/2859
f 5279/6937/2859 5181/6989/2859 5182/6988/2859
f 5181/6989/2860 5279/6937/2860 5280/6939/2860
f 5280/6939/2860 5183/6990/2860 5181/6989/2860
f 5183/6990/2861 5280/6939/2861 5281/6940/2861
f 5281/6940/2861 5184/6991/2861 5183/6990/2861
f 5184/6991/2862 5281/6940/2862 5282/6942/2862
f 5282/6942/2862 5186/6986/2862 5184/6991/2862
f 5190/6992/2863 5286/6946/2863 5287/6945/2863
f 5287/6945/2863 5189/6993/2863 5190/6992/2863
f 5189/6993/2864 5287/6945/2864 5288/6947/2864
f 5288/6947/2864 5191/6994/2864 5189/6993/2864
f 5191/6994/2865 5288/6947/2865 5289/6949/2865
f 5289/6949/2865 5193/6995/2865 5191/6994/2865
f 5193/6995/2866 5289/6949/2866 5291/6951/2866
f 5291/6951/2866 5195/6996/2866 5193/6995/2866
f 5195/6996/2867 5291/6951/2867 5293/6952/2867
f 5293/6952/2867 5196/6997/2867 5195/6996/2867
f 5196/6997/2868 5293/6952/2868 5286/6946/2868
f 5286/6946/2868 5190/6992/2868 5196/6997/2868
f 5200/6998/2869 5297/6956/2869 5298/6958/2869
f 5298/6958/2869 5202/6999/2869 5200/6998/2869
f 5202/6999/2870 5298/6958/2870 5300/6960/2870
f 5300/6960/2870 5204/7000/2870 5202/6999/2870
f 5204/7000/2871 5300/6960/2871 5294/6954/2871
f 5294/6954/2871 5198/7001/2871 5204/7000/2871
f 5198/7001/2872 5294/6954/2872 5295/6953/2872
f 5295/6953/2872 5197/7002/2872 5198/7001/2872
f 5197/7002/2873 5295/6953/2873 5296/6955/2873
f 5296/6955/2873 5199/7003/2873 5197/7002/2873
f 5199/7003/2874 5296/6955/2874 5297/6956/2874
f 5297/6956/2874 5200/6998/2874 5199/7003/2874
f 5207/7004/2875 5304/6963/2875 5305/6964/2875
f 5305/6964/2875 5208/7005/2875 5207/7004/2875
f 5208/7005/2876 5305/6964/2876 5306/6966/2876
f 5306/6966/2876 5210/7006/2876 5208/7005/2876
f 5210/7006/2877 5306/6966/2877 5308/6967/2877
f 5308/6967/2877 5211/7007/2877 5210/7006/2877
f 5211/7007/2878 5308/6967/2878 5302/6962/2878
f 5302/6962/2878 5206/7008/2878 5211/7007/2878
f 5206/7008/2879 5302/6962/2879 5303/6961/2879
f 5303/6961/2879 5205/7009/2879 5206/7008/2879
f 5205/7009/2880 5303/6961/2880 5304/6963/2880
f 5304/6963/2880 5207/7004/2880 5205/7009/2880
f 5311/7010/2881 5310/7011/2881 5309/7012/2882
f 5309/7012/2882 5312/7013/2882 5311/7010/2881
f 5314/7014/2883 5313/7015/2883 5310/7011/2881
f 5310/7011/2881 5311/7010/2881 5314/7014/2883
f 5316/7016/2884 5315/7017/2884 5313/7015/2883
f 5313/7015/2883 5314/7014/2883 5316/7016/2884
f 5318/7018/2885 5317/7019/2885 5315/7017/2884
f 5315/7017/2884 5316/7016/2884 5318/7018/2885
f 5320/7020/2886 5319/7021/2886 5317/7019/2885
f 5317/7019/2885 5318/7018/2885 5320/7020/2886
f 5322/7022/2887 5321/7023/2887 5319/7021/2886
f 5319/7021/2886 5320/7020/2886 5322/7022/2887
f 5324/7024/2888 5323/7025/2888 5321/7023/2887
f 5321/7023/2887 5322/7022/2887 5324/7024/2888
f 5326/7026/2889 5325/7027/2889 5323/7025/2888
f 5323/7025/2888 5324/7024/2888 5326/7026/2889
f 5328/7028/2890 5327/7029/2890 5325/7027/2889
f 5325/7027/2889 5326/7026/2889 5328/7028/2890
f 5330/7030/2891 5329/7031/2891 5327/7029/2890
f 5327/7029/2890 5328/7028/2890 5330/7030/2891
f 5332/7032/2892 5331/7033/2892 5329/7031/2891
f 5329/7031/2891 5330/7030/2891 5332/7032/2892
f 5334/7034/2893 5333/7035/2893 5331/7033/2892
f 5331/7033/2892 5332/7032/2892 5334/7034/2893
f 5336/7036/2894 5335/7037/2894 5333/7035/2893
f 5333/7035/2893 5334/7034/2893 5336/7036/2894
f 5338/7038/2895 5337/7039/2895 5335/7037/2894
f 5335/7037/2894 5336/7036/2894 5338/7038/2895
f 5340/7040/2896 5339/7041/2896 5337/7039/2895
f 5337/7039/2895 5338/7038/2895 5340/7040/2896
f 5342/7042/2897 5341/7043/2897 5339/7041/2896
f 5339/7041/2896 5340/7040/2896 5342/7042/2897
f 5344/6639/161 5343/6640/161 5341/7043/2897
f 5341/7043/2897 5342/7042/2897 5344/6639/161
f 5347/7044/2898 5346/7045/2898 5345/7046/2899
f 5345/7046/2899 5348/7047/2899 5347/7044/2898
f 5350/7048/2900 5349/7049/2900 5346/7045/2898
f 5346/7045/2898 5347/7044/2898 5350/7048/2900
f 5352/7050/2901 5351/7051/2901 5349/7049/2900
f 5349/7049/2900 5350/7048/2900 5352/7050/2901
f 5354/7052/2902 5353/7053/2903 5351/7051/2901
f 5351/7051/2901 5352/7050/2901 5354/7052/2902
f 5356/7054/2904 5355/7055/2904 5353/7053/2903
f 5353/7053/2903 5354/7052/2902 5356/7054/2904
f 5358/7056/2905 5357/7057/2905 5355/7055/2904
f 5355/7055/2904 5356/7054/2904 5358/7056/2905
f 5312/7013/2882 5309/7012/2882 5357/7057/2905
f 5357/7057/2905 5358/7056/2905 5312/7013/2882
f 5345/7046/2899 5089/6656/169 5359/6655/169
f 5359/6655/169 5348/7047/2899 5345/7046/2899
f 5310/7058/3 5360/7059/3 5309/7060/3
f 5312/7013/2906 5361/7061/2907 5311/7010/2908
f 5313/7062/3 5360/7059/3 5310/7058/3
f 5311/7010/2908 5361/7061/2907 5362/7063/2909
f 5362/7063/2909 5314/7014/2910 5311/7010/2908
f 5315/7064/3 5360/7059/3 5313/7062/3
f 5314/7014/2910 5362/7063/2909 5363/7065/2911
f 5363/7065/2911 5316/7016/2912 5314/7014/2910
f 5317/7066/3 5360/7059/3 5315/7064/3
f 5316/7016/2912 5363/7065/2911 5318/7018/2913
f 5319/7067/3 5364/7068/3 5360/7059/3
f 5360/7059/3 5317/7066/3 5319/7067/3
f 5318/7018/2913 5363/7065/2911 5365/7069/2914
f 5365/7069/2914 5320/7020/2915 5318/7018/2913
f 5321/7070/3 5364/7068/3 5319/7067/3
f 5320/7020/2915 5365/7069/2914 5322/7022/2916
f 5323/7071/3 5364/7068/3 5321/7070/3
f 5322/7022/2916 5365/7069/2914 5366/7072/2917
f 5366/7072/2917 5324/7024/2918 5322/7022/2916
f 5325/7073/3 5364/7068/3 5323/7071/3
f 5324/7024/2918 5366/7072/2917 5367/7074/2919
f 5367/7074/2919 5326/7026/2920 5324/7024/2918
f 5327/7075/3 5364/7068/3 5325/7073/3
f 5326/7026/2920 5367/7074/2919 5328/7028/2921
f 5329/7076/3 5368/7077/3 5364/7068/3
f 5364/7068/3 5327/7075/3 5329/7076/3
f 5328/7028/2921 5367/7074/2919 5369/7078/2922
f 5369/7078/2922 5330/7030/2923 5328/7028/2921
f 5331/7079/3 5368/7077/3 5329/7076/3
f 5330/7030/2923 5369/7078/2922 5332/7032/2924
f 5333/7080/3 5368/7077/3 5331/7079/3
f 5332/7032/2924 5369/7078/2922 5370/7081/2925
f 5370/7081/2925 5334/7034/2926 5332/7032/2924
f 5335/7082/3 5368/7077/3 5333/7080/3
f 5334/7034/2926 5370/7081/2925 5371/7083/2927
f 5371/7083/2927 5336/7036/2928 5334/7034/2926
f 5337/7084/3 5368/7077/3 5335/7082/3
f 5336/7036/2928 5371/7083/2927 5338/7038/2929
f 5339/7085/3 5372/6685/3 5368/7077/3
f 5368/7077/3 5337/7084/3 5339/7085/3
f 5338/7038/2929 5371/7083/2927 5373/7086/2930
f 5373/7086/2930 5340/7040/2931 5338/7038/2929
f 5341/7087/3 5372/6685/3 5339/7085/3
f 5340/7040/2931 5373/7086/2930 5342/7042/2932
f 5343/6688/3 5372/6685/3 5341/7087/3
f 5342/7042/2932 5373/7086/2930 5108/6689/2781
f 5108/6689/2781 5344/6639/2780 5342/7042/2932
f 5359/6655/2782 5375/6691/2785 5374/7088/2933
f 5374/7088/2933 5348/7047/2934 5359/6655/2782
f 5346/7089/3 5376/6694/3 5345/7090/3
f 5348/7047/2934 5374/7088/2933 5347/7044/2935
f 5349/7091/3 5377/7092/3 5376/6694/3
f 5376/6694/3 5346/7089/3 5349/7091/3
f 5347/7044/2935 5374/7088/2933 5378/7093/2936
f 5378/7093/2936 5350/7048/2937 5347/7044/2935
f 5351/7094/3 5377/7092/3 5349/7091/3
f 5350/7048/2937 5378/7093/2936 5352/7050/2938
f 5353/7095/3 5377/7092/3 5351/7094/3
f 5352/7050/2938 5378/7093/2936 5379/7096/2939
f 5379/7096/2939 5354/7052/2940 5352/7050/2938
f 5355/7097/3 5377/7092/3 5353/7095/3
f 5354/7052/2940 5379/7096/2939 5380/7098/2941
f 5380/7098/2941 5356/7054/2942 5354/7052/2940
f 5357/7099/3 5377/7092/3 5355/7097/3
f 5356/7054/2942 5380/7098/2941 5358/7056/2943
f 5309/7060/3 5360/7059/3 5377/7092/3
f 5377/7092/3 5357/7099/3 5309/7060/3
f 5358/7056/2943 5380/7098/2941 5361/7061/2907
f 5361/7061/2907 5312/7013/2906 5358/7056/2943
f 5345/7090/3 5376/6694/3 5089/6704/3
f 5364/7068/3 5109/6705/3 5360/7059/3
f 5368/7077/3 5109/6705/3 5364/7068/3
f 5372/6685/3 5109/6705/3 5368/7077/3
f 5377/7092/3 5109/6705/3 5376/6694/3
f 5360/7059/3 5109/6705/3 5377/7092/3
f 5361/7061/2 5381/7100/2 5362/7063/2
f 5362/7063/2 5381/7100/2 5363/7065/2
f 5363/7065/2 5381/7100/2 5382/7101/2
f 5382/7101/2 5365/7069/2 5363/7065/2
f 5365/7069/2 5382/7101/2 5366/7072/2
f 5366/7072/2 5382/7101/2 5367/7074/2
f 5367/7074/2 5382/7101/2 5383/7102/2
f 5383/7102/2 5369/7078/2 5367/7074/2
f 5369/7078/2 5383/7102/2 5370/7081/2
f 5370/7081/2 5383/7102/2 5371/7083/2
f 5371/7083/2 5383/7102/2 5384/6709/2
f 5384/6709/2 5373/7086/2 5371/7083/2
f 5373/7086/2 5384/6709/2 5108/6689/2
f 5375/6691/2 5385/6710/2 5374/7088/2
f 5374/7088/2 5385/6710/2 5386/7103/2
f 5386/7103/2 5378/7093/2 5374/7088/2
f 5378/7093/2 5386/7103/2 5379/7096/2
f 5379/7096/2 5386/7103/2 5380/7098/2
f 5380/7098/2 5386/7103/2 5381/7100/2
f 5381/7100/2 5361/7061/2 5380/7098/2
f 5381/7100/2 5387/6712/2 5382/7101/2
f 5382/7101/2 5387/6712/2 5383/7102/2
f 5383/7102/2 5387/6712/2 5384/6709/2
f 5385/6710/2 5387/6712/2 5386/7103/2
f 5386/7103/2 5387/6712/2 5381/7100/2
f 5388/7104/2944 5392/7105/2945 5393/7106/2945
f 5393/7106/2945 5389/7107/2946 5388/7104/2944
f 5389/7107/2947 5393/7106/2948 5394/7108/2948
f 5394/7108/2948 5390/7109/2949 5389/7107/2947
f 5390/7109/2950 5394/7108/2951 5395/7110/2951
f 5395/7110/2951 5391/7111/2952 5390/7109/2950
f 5391/7112/2953 5395/7113/2954 5392/7105/2955
f 5392/7105/2955 5388/7104/2956 5391/7112/2953
f 5392/7105/2945 5396/7114/2945 5397/7115/2945
f 5397/7115/2945 5393/7106/2945 5392/7105/2945
f 5393/7106/2948 5397/7115/2957 5398/7116/2957
f 5398/7116/2957 5394/7108/2948 5393/7106/2948
f 5394/7108/2951 5398/7116/2951 5399/7117/2951
f 5399/7117/2951 5395/7110/2951 5394/7108/2951
f 5395/7113/2954 5399/7118/2958 5396/7114/2958
f 5396/7114/2958 5392/7105/2955 5395/7113/2954
f 5396/7114/2945 5400/7119/2959 5401/7120/2959
f 5401/7120/2959 5397/7115/2945 5396/7114/2945
f 5397/7115/2957 5401/7120/2960 5402/7121/2960
f 5402/7121/2960 5398/7116/2957 5397/7115/2957
f 5398/7116/2951 5402/7121/2961 5403/7122/2961
f 5403/7122/2961 5399/7117/2951 5398/7116/2951
f 5399/7118/2958 5403/7123/2962 5400/7119/2962
f 5400/7119/2962 5396/7114/2958 5399/7118/2958
f 5400/7124/2959 5404/7125/2 5405/7126/2959
f 5405/7126/2959 5401/7127/2959 5400/7124/2959
f 5401/7127/2960 5405/7126/2963 5406/7128/2964
f 5406/7128/2964 5402/7129/2960 5401/7127/2960
f 5402/7129/2961 5406/7128/3 5407/7130/3
f 5407/7130/3 5403/7131/2961 5402/7129/2961
f 5403/7132/2962 5407/7133/2965 5404/7125/2966
f 5404/7125/2966 5400/7124/2962 5403/7132/2962
f 5404/7125/2 5408/7134/2 5409/7135/2
f 5409/7135/2 5405/7126/2959 5404/7125/2
f 5405/7126/2963 5409/7135/2967 5410/7136/2967
f 5410/7136/2967 5406/7128/2964 5405/7126/2963
f 5406/7128/3 5410/7136/3 5411/7137/3
f 5411/7137/3 5407/7130/3 5406/7128/3
f 5407/7133/2965 5411/7138/2968 5408/7134/2968
f 5408/7134/2968 5404/7125/2966 5407/7133/2965
f 5408/7134/2 5412/7139/2969 5413/7140/2970
f 5413/7140/2970 5409/7135/2 5408/7134/2
f 5409/7135/2967 5413/7140/2971 5414/7141/2972
f 5414/7141/2972 5410/7136/2967 5409/7135/2967
f 5410/7136/3 5414/7141/2973 5415/7142/2974
f 5415/7142/2974 5411/7137/3 5410/7136/3
f 5411/7138/2968 5415/7143/2975 5412/7139/2976
f 5412/7139/2976 5408/7134/2968 5411/7138/2968
f 5505/7144/2977 5488/7145/2978 5489/7146/2977
f 5489/7146/2977 5504/7147/2977 5505/7144/2977
f 5522/7148/2979 5505/7144/2980 5504/7147/2979
f 5504/7147/2979 5521/7149/2981 5522/7148/2979
f 5538/7150/2982 5539/7151/2983 5522/7148/2982
f 5522/7148/2982 5521/7149/2982 5538/7150/2982
f 5488/7145/2984 5539/7152/2985 5538/7153/2984
f 5538/7153/2984 5489/7146/2986 5488/7145/2984
f 5421/7154/2987 5417/7155/2988 5416/7156/2988
f 5416/7156/2988 5420/7157/2987 5421/7154/2987
f 5422/7158/2989 5418/7159/2990 5417/7155/2990
f 5417/7155/2990 5421/7154/2989 5422/7158/2989
f 5423/7160/2991 5419/7161/2992 5418/7159/2993
f 5418/7159/2993 5422/7158/2994 5423/7160/2991
f 5420/7157/2995 5416/7156/2996 5419/7162/2996
f 5419/7162/2996 5423/7163/2995 5420/7157/2995
f 5425/7164/2997 5421/7154/2987 5420/7157/2987
f 5420/7157/2987 5424/7165/2997 5425/7164/2997
f 5426/7166/2998 5422/7158/2989 5421/7154/2989
f 5421/7154/2989 5425/7164/2998 5426/7166/2998
f 5427/7167/2999 5423/7160/2991 5422/7158/2994
f 5422/7158/2994 5426/7166/3000 5427/7167/2999
f 5424/7165/3001 5420/7157/2995 5423/7163/2995
f 5423/7163/2995 5427/7168/3001 5424/7165/3001
f 5429/7169/3002 5425/7164/2997 5424/7165/2997
f 5424/7165/2997 5428/7170/3002 5429/7169/3002
f 5430/7171/3003 5426/7166/2998 5425/7164/2998
f 5425/7164/2998 5429/7169/3003 5430/7171/3003
f 5431/7172/3004 5427/7167/2999 5426/7166/3000
f 5426/7166/3000 5430/7171/3004 5431/7172/3004
f 5428/7170/3005 5424/7165/3001 5427/7168/3001
f 5427/7168/3001 5431/7173/3005 5428/7170/3005
f 5433/7174/3006 5429/7169/3002 5428/7170/3002
f 5428/7170/3002 5432/7175/3007 5433/7174/3006
f 5434/7176/3008 5430/7171/3003 5429/7169/3003
f 5429/7169/3003 5433/7174/3008 5434/7176/3008
f 5435/7177/3009 5431/7172/3004 5430/7171/3004
f 5430/7171/3004 5434/7176/3010 5435/7177/3009
f 5432/7175/3011 5428/7170/3005 5431/7173/3005
f 5431/7173/3005 5435/7178/3011 5432/7175/3011
f 5437/7179/3012 5433/7174/3006 5432/7175/3007
f 5432/7175/3007 5436/7180/3012 5437/7179/3012
f 5438/7181/3013 5434/7176/3008 5433/7174/3008
f 5433/7174/3008 5437/7179/3014 5438/7181/3013
f 5439/7182/3015 5435/7177/3009 5434/7176/3010
f 5434/7176/3010 5438/7181/3015 5439/7182/3015
f 5436/7180/3016 5432/7175/3011 5435/7178/3011
f 5435/7178/3011 5439/7183/3017 5436/7180/3016
f 5441/7184/3018 5437/7179/3012 5436/7180/3012
f 5436/7180/3012 5440/7185/3018 5441/7184/3018
f 5442/7186/3019 5438/7181/3013 5437/7179/3014
f 5437/7179/3014 5441/7184/3019 5442/7186/3019
f 5443/7187/3020 5439/7182/3015 5438/7181/3015
f 5438/7181/3015 5442/7186/3020 5443/7187/3020
f 5440/7185/3021 5436/7180/3016 5439/7183/3017
f 5439/7183/3017 5443/7188/3021 5440/7185/3021
f 5445/7189/3022 5441/7184/3018 5440/7185/3018
f 5440/7185/3018 5444/7190/3022 5445/7189/3022
f 5446/7191/3023 5442/7186/3019 5441/7184/3019
f 5441/7184/3019 5445/7189/3023 5446/7191/3023
f 5447/7192/3024 5443/7187/3020 5442/7186/3020
f 5442/7186/3020 5446/7191/3024 5447/7192/3024
f 5444/7190/3025 5440/7185/3021 5443/7188/3021
f 5443/7188/3021 5447/7193/3025 5444/7190/3025
f 5449/7194/3026 5445/7189/3022 5444/7190/3022
f 5444/7190/3022 5448/7195/3026 5449/7194/3026
f 5450/7196/3027 5446/7191/3023 5445/7189/3023
f 5445/7189/3023 5449/7194/3027 5450/7196/3027
f 5451/7197/3028 5447/7192/3024 5446/7191/3024
f 5446/7191/3024 5450/7196/3028 5451/7197/3028
f 5448/7195/3029 5444/7190/3025 5447/7193/3025
f 5447/7193/3025 5451/7198/3029 5448/7195/3029
f 5453/7199/3030 5449/7200/3026 5448/7201/3026
f 5448/7201/3026 5452/7202/3030 5453/7199/3030
f 5454/7203/3031 5450/7204/3027 5449/7200/3027
f 5449/7200/3027 5453/7199/3031 5454/7203/3031
f 5455/7205/3032 5451/7206/3028 5450/7204/3028
f 5450/7204/3028 5454/7203/3032 5455/7205/3032
f 5452/7202/3033 5448/7201/3029 5451/7207/3029
f 5451/7207/3029 5455/7208/3033 5452/7202/3033
f 5457/7209/3034 5453/7199/3030 5452/7202/3030
f 5452/7202/3030 5456/7210/3034 5457/7209/3034
f 5458/7211/3035 5454/7203/3031 5453/7199/3031
f 5453/7199/3031 5457/7209/3035 5458/7211/3035
f 5459/7212/3036 5455/7205/3032 5454/7203/3032
f 5454/7203/3032 5458/7211/3036 5459/7212/3036
f 5456/7210/3037 5452/7202/3033 5455/7208/3033
f 5455/7208/3033 5459/7213/3037 5456/7210/3037
f 5461/7214/3038 5457/7209/3034 5456/7210/3034
f 5456/7210/3034 5460/7215/3038 5461/7214/3038
f 5462/7216/3039 5458/7211/3035 5457/7209/3035
f 5457/7209/3035 5461/7214/3039 5462/7216/3039
f 5463/7217/3040 5459/7212/3036 5458/7211/3036
f 5458/7211/3036 5462/7216/3040 5463/7217/3040
f 5460/7215/3041 5456/7210/3037 5459/7213/3037
f 5459/7213/3037 5463/7218/3041 5460/7215/3041
f 5465/7219/3042 5461/7214/3038 5460/7215/3038
f 5460/7215/3038 5464/7220/3042 5465/7219/3042
f 5466/7221/3043 5462/7216/3039 5461/7214/3039
f 5461/7214/3039 5465/7219/3044 5466/7221/3043
f 5467/7222/3045 5463/7217/3040 5462/7216/3040
f 5462/7216/3040 5466/7221/3045 5467/7222/3045
f 5464/7220/3046 5460/7215/3041 5463/7218/3041
f 5463/7218/3041 5467/7223/3047 5464/7220/3046
f 5469/7224/3048 5465/7219/3042 5464/7220/3042
f 5464/7220/3042 5468/7225/3049 5469/7224/3048
f 5470/7226/3050 5466/7221/3043 5465/7219/3044
f 5465/7219/3044 5469/7224/3050 5470/7226/3050
f 5471/7227/3051 5467/7222/3045 5466/7221/3045
f 5466/7221/3045 5470/7226/3052 5471/7227/3051
f 5468/7225/3053 5464/7220/3046 5467/7223/3047
f 5467/7223/3047 5471/7228/3053 5468/7225/3053
f 5473/7229/3054 5469/7224/3048 5468/7225/3049
f 5468/7225/3049 5472/7230/3055 5473/7229/3054
f 5474/7231/3056 5470/7226/3050 5469/7224/3050
f 5469/7224/3050 5473/7229/3057 5474/7231/3056
f 5475/7232/3058 5471/7227/3051 5470/7226/3052
f 5470/7226/3052 5474/7231/3059 5475/7232/3058
f 5472/7230/3060 5468/7225/3053 5471/7228/3053
f 5471/7228/3053 5475/7233/3061 5472/7230/3060
f 5472/7230/3055 5476/7234/3062 5477/7235/3063
f 5477/7235/3063 5473/7229/3054 5472/7230/3055
f 5477/7235/3064 5478/7236/3065 5474/7231/3056
f 5474/7231/3056 5473/7229/3057 5477/7235/3064
f 5478/7236/3066 5479/7237/3067 5475/7232/3058
f 5475/7232/3058 5474/7231/3059 5478/7236/3066
f 5479/7238/3068 5476/7234/3069 5472/7230/3060
f 5472/7230/3060 5475/7233/3061 5479/7238/3068
f 5555/7239/3070 5556/7240/3071 5571/7241/3071
f 5571/7241/3071 5572/7242/3070 5555/7239/3070
f 5571/7241/3072 5587/7243/3072 5588/7244/3072
f 5588/7244/3072 5572/7242/3072 5571/7241/3072
f 5587/7243/3073 5603/7245/3073 5604/7246/3074
f 5604/7246/3074 5588/7244/3074 5587/7243/3073
f 5603/7247/3075 5556/7240/3075 5555/7239/3075
f 5555/7239/3075 5604/7248/3075 5603/7247/3075
f 5413/7140/2970 5412/7139/2969 5480/7249/3076
f 5480/7249/3076 5513/7250/3076 5413/7140/2970
f 5513/7250/3076 5480/7249/3076 5481/7251/3077
f 5481/7251/3077 5512/7252/3077 5513/7250/3076
f 5512/7252/3077 5481/7251/3077 5482/7253/3078
f 5482/7253/3078 5511/7254/3078 5512/7252/3077
f 5511/7254/3078 5482/7253/3078 5483/7255/3079
f 5483/7255/3079 5510/7256/3079 5511/7254/3078
f 5510/7256/3079 5483/7255/3079 5484/7257/3080
f 5484/7257/3080 5509/7258/3081 5510/7256/3079
f 5509/7258/3081 5484/7257/3080 5485/7259/3081
f 5485/7259/3081 5508/7260/3082 5509/7258/3081
f 5508/7260/3082 5485/7259/3081 5486/7261/3082
f 5486/7261/3082 5507/7262/3083 5508/7260/3082
f 5507/7262/3083 5486/7261/3082 5487/7263/3083
f 5487/7263/3083 5506/7264/2978 5507/7262/3083
f 5506/7264/2978 5487/7263/3083 5488/7145/2978
f 5488/7145/2978 5505/7144/2977 5506/7264/2978
f 5416/7156/2988 5417/7155/2988 5497/7265/3084
f 5497/7265/3084 5496/7266/3084 5416/7156/2988
f 5496/7266/3084 5497/7265/3084 5498/7267/3085
f 5498/7267/3085 5495/7268/3085 5496/7266/3084
f 5495/7268/3085 5498/7267/3085 5499/7269/3086
f 5499/7269/3086 5494/7270/3086 5495/7268/3085
f 5494/7270/3086 5499/7269/3086 5500/7271/3087
f 5500/7271/3087 5493/7272/3087 5494/7270/3086
f 5493/7272/3087 5500/7271/3087 5501/7273/3088
f 5501/7273/3088 5492/7274/3088 5493/7272/3087
f 5492/7274/3088 5501/7273/3088 5502/7275/3089
f 5502/7275/3089 5491/7276/3089 5492/7274/3088
f 5491/7276/3089 5502/7275/3089 5503/7277/3090
f 5503/7277/3090 5490/7278/3090 5491/7276/3089
f 5490/7278/3090 5503/7277/3090 5504/7147/2977
f 5504/7147/2977 5489/7146/2977 5490/7278/3090
f 5530/7279/3091 5414/7141/2972 5413/7140/2971
f 5413/7140/2971 5513/7250/3091 5530/7279/3091
f 5529/7280/3092 5530/7279/3091 5513/7250/3091
f 5513/7250/3091 5512/7252/3092 5529/7280/3092
f 5528/7281/3093 5529/7280/3092 5512/7252/3092
f 5512/7252/3092 5511/7254/3093 5528/7281/3093
f 5527/7282/3094 5528/7281/3093 5511/7254/3093
f 5511/7254/3093 5510/7256/3094 5527/7282/3094
f 5526/7283/3095 5527/7282/3094 5510/7256/3094
f 5510/7256/3094 5509/7258/3095 5526/7283/3095
f 5525/7284/3096 5526/7283/3095 5509/7258/3095
f 5509/7258/3095 5508/7260/3096 5525/7284/3096
f 5524/7285/3097 5525/7284/3096 5508/7260/3096
f 5508/7260/3096 5507/7262/3097 5524/7285/3097
f 5524/7285/3097 5507/7262/3097 5506/7264/2980
f 5506/7264/2980 5523/7286/2980 5524/7285/3097
f 5523/7286/2980 5506/7264/2980 5505/7144/2980
f 5505/7144/2980 5522/7148/2979 5523/7286/2980
f 5417/7155/2990 5418/7159/2990 5514/7287/3098
f 5514/7287/3098 5497/7265/3098 5417/7155/2990
f 5497/7265/3098 5514/7287/3098 5515/7288/3099
f 5515/7288/3099 5498/7267/3099 5497/7265/3098
f 5498/7267/3099 5515/7288/3099 5516/7289/3100
f 5516/7289/3100 5499/7269/3100 5498/7267/3099
f 5499/7269/3100 5516/7289/3100 5517/7290/3101
f 5517/7290/3101 5500/7271/3101 5499/7269/3100
f 5500/7271/3101 5517/7290/3101 5518/7291/3102
f 5518/7291/3102 5501/7273/3102 5500/7271/3101
f 5501/7273/3102 5518/7291/3102 5519/7292/3103
f 5519/7292/3103 5502/7275/3103 5501/7273/3102
f 5502/7275/3103 5519/7292/3103 5520/7293/2981
f 5520/7293/2981 5503/7277/2981 5502/7275/3103
f 5503/7277/2981 5520/7293/2981 5521/7149/2981
f 5521/7149/2981 5504/7147/2979 5503/7277/2981
f 5547/7294/3104 5415/7142/2974 5414/7141/2973
f 5414/7141/2973 5530/7279/3104 5547/7294/3104
f 5546/7295/3105 5547/7294/3104 5530/7279/3104
f 5530/7279/3104 5529/7280/3105 5546/7295/3105
f 5545/7296/3106 5546/7295/3105 5529/7280/3105
f 5529/7280/3105 5528/7281/3106 5545/7296/3106
f 5544/7297/3107 5545/7296/3106 5528/7281/3106
f 5528/7281/3106 5527/7282/3107 5544/7297/3107
f 5543/7298/3108 5544/7297/3107 5527/7282/3107
f 5527/7282/3107 5526/7283/3109 5543/7298/3108
f 5542/7299/3109 5543/7298/3108 5526/7283/3109
f 5526/7283/3109 5525/7284/3110 5542/7299/3109
f 5541/7300/3110 5542/7299/3109 5525/7284/3110
f 5525/7284/3110 5524/7285/3111 5541/7300/3110
f 5540/7301/3111 5541/7300/3110 5524/7285/3111
f 5524/7285/3111 5523/7286/2983 5540/7301/3111
f 5539/7151/2983 5540/7301/3111 5523/7286/2983
f 5523/7286/2983 5522/7148/2982 5539/7151/2983
f 5514/7287/3112 5418/7159/2993 5419/7161/2992
f 5419/7161/2992 5531/7302/3112 5514/7287/3112
f 5515/7288/3113 5514/7287/3112 5531/7302/3112
f 5531/7302/3112 5532/7303/3113 5515/7288/3113
f 5516/7289/3114 5515/7288/3113 5532/7303/3113
f 5532/7303/3113 5533/7304/3114 5516/7289/3114
f 5517/7290/3115 5516/7289/3114 5533/7304/3114
f 5533/7304/3114 5534/7305/3115 5517/7290/3115
f 5518/7291/3116 5517/7290/3115 5534/7305/3115
f 5534/7305/3115 5535/7306/3116 5518/7291/3116
f 5519/7292/3117 5518/7291/3116 5535/7306/3116
f 5535/7306/3116 5536/7307/3117 5519/7292/3117
f 5520/7293/3118 5519/7292/3117 5536/7307/3117
f 5536/7307/3117 5537/7308/3118 5520/7293/3118
f 5521/7149/2982 5520/7293/3118 5537/7308/3118
f 5537/7308/3118 5538/7150/2982 5521/7149/2982
f 5412/7139/2976 5415/7143/2975 5547/7309/3119
f 5547/7309/3119 5480/7249/3119 5412/7139/2976
f 5480/7249/3119 5547/7309/3119 5546/7310/3120
f 5546/7310/3120 5481/7251/3120 5480/7249/3119
f 5481/7251/3120 5546/7310/3120 5545/7311/3121
f 5545/7311/3121 5482/7253/3121 5481/7251/3120
f 5482/7253/3121 5545/7311/3121 5544/7312/3122
f 5544/7312/3122 5483/7255/3122 5482/7253/3121
f 5483/7255/3122 5544/7312/3122 5543/7313/3123
f 5543/7313/3123 5484/7257/3123 5483/7255/3122
f 5484/7257/3123 5543/7313/3123 5542/7314/3124
f 5542/7314/3124 5485/7259/3124 5484/7257/3123
f 5485/7259/3124 5542/7314/3124 5541/7315/3125
f 5541/7315/3125 5486/7261/3125 5485/7259/3124
f 5486/7261/3125 5541/7315/3125 5540/7316/2985
f 5540/7316/2985 5487/7263/2985 5486/7261/3125
f 5487/7263/2985 5540/7316/2985 5539/7152/2985
f 5539/7152/2985 5488/7145/2984 5487/7263/2985
f 5419/7162/2996 5416/7156/2996 5496/7266/3126
f 5496/7266/3126 5531/7317/3126 5419/7162/2996
f 5531/7317/3126 5496/7266/3126 5495/7268/3127
f 5495/7268/3127 5532/7318/3127 5531/7317/3126
f 5532/7318/3127 5495/7268/3127 5494/7270/3128
f 5494/7270/3128 5533/7319/3128 5532/7318/3127
f 5533/7319/3128 5494/7270/3128 5493/7272/3129
f 5493/7272/3129 5534/7320/3129 5533/7319/3128
f 5534/7320/3129 5493/7272/3129 5492/7274/3130
f 5492/7274/3130 5535/7321/3130 5534/7320/3129
f 5535/7321/3130 5492/7274/3130 5491/7276/3131
f 5491/7276/3131 5536/7322/3131 5535/7321/3130
f 5536/7322/3131 5491/7276/3131 5490/7278/2986
f 5490/7278/2986 5537/7323/2986 5536/7322/3131
f 5537/7323/2986 5490/7278/2986 5489/7146/2986
f 5489/7146/2986 5538/7153/2984 5537/7323/2986
f 5388/7104/2944 5389/7107/2946 5564/7324/3132
f 5564/7324/3132 5563/7325/3133 5388/7104/2944
f 5563/7325/3133 5564/7324/3132 5565/7326/3134
f 5565/7326/3134 5562/7327/3134 5563/7325/3133
f 5562/7327/3134 5565/7326/3134 5566/7328/3135
f 5566/7328/3135 5561/7329/3136 5562/7327/3134
f 5561/7329/3136 5566/7328/3135 5567/7330/3136
f 5567/7330/3136 5560/7331/3136 5561/7329/3136
f 5560/7331/3136 5567/7330/3136 5568/7332/3137
f 5568/7332/3137 5559/7333/3137 5560/7331/3136
f 5559/7333/3137 5568/7332/3137 5569/7334/3138
f 5569/7334/3138 5558/7335/3138 5559/7333/3137
f 5558/7335/3138 5569/7334/3138 5570/7336/3138
f 5570/7336/3138 5557/7337/3139 5558/7335/3138
f 5557/7337/3139 5570/7336/3138 5571/7241/3071
f 5571/7241/3071 5556/7240/3071 5557/7337/3139
f 5579/7338/3140 5477/7235/3063 5476/7234/3062
f 5476/7234/3062 5548/7339/3140 5579/7338/3140
f 5578/7340/3141 5579/7338/3140 5548/7339/3140
f 5548/7339/3140 5549/7341/3141 5578/7340/3141
f 5577/7342/3141 5578/7340/3141 5549/7341/3141
f 5549/7341/3141 5550/7343/3142 5577/7342/3141
f 5576/7344/3142 5577/7342/3141 5550/7343/3142
f 5550/7343/3142 5551/7345/3142 5576/7344/3142
f 5575/7346/3143 5576/7344/3142 5551/7345/3142
f 5551/7345/3142 5552/7347/3143 5575/7346/3143
f 5574/7348/3144 5575/7346/3143 5552/7347/3143
f 5552/7347/3143 5553/7349/3144 5574/7348/3144
f 5573/7350/3144 5574/7348/3144 5553/7349/3144
f 5553/7349/3144 5554/7351/3144 5573/7350/3144
f 5572/7242/3070 5573/7350/3144 5554/7351/3144
f 5554/7351/3144 5555/7239/3070 5572/7242/3070
f 5389/7107/2947 5390/7109/2949 5580/7352/3145
f 5580/7352/3145 5564/7324/3146 5389/7107/2947
f 5564/7324/3146 5580/7352/3145 5581/7353/3147
f 5581/7353/3147 5565/7326/3147 5564/7324/3146
f 5565/7326/3147 5581/7353/3147 5582/7354/3147
f 5582/7354/3147 5566/7328/3147 5565/7326/3147
f 5566/7328/3147 5582/7354/3147 5583/7355/3148
f 5583/7355/3148 5567/7330/3148 5566/7328/3147
f 5567/7330/3148 5583/7355/3148 5584/7356/3148
f 5584/7356/3148 5568/7332/3148 5567/7330/3148
f 5568/7332/3148 5584/7356/3148 5585/7357/3148
f 5585/7357/3148 5569/7334/3148 5568/7332/3148
f 5569/7334/3148 5585/7357/3148 5586/7358/3072
f 5586/7358/3072 5570/7336/3072 5569/7334/3148
f 5570/7336/3072 5586/7358/3072 5587/7243/3072
f 5587/7243/3072 5571/7241/3072 5570/7336/3072
f 5478/7236/3065 5477/7235/3064 5579/7338/3149
f 5579/7338/3149 5595/7359/3149 5478/7236/3065
f 5595/7359/3149 5579/7338/3149 5578/7340/3149
f 5578/7340/3149 5594/7360/3150 5595/7359/3149
f 5594/7360/3150 5578/7340/3149 5577/7342/3150
f 5577/7342/3150 5593/7361/3150 5594/7360/3150
f 5593/7361/3150 5577/7342/3150 5576/7344/3150
f 5576/7344/3150 5592/7362/3150 5593/7361/3150
f 5592/7362/3150 5576/7344/3150 5575/7346/3151
f 5575/7346/3151 5591/7363/3151 5592/7362/3150
f 5591/7363/3151 5575/7346/3151 5574/7348/3151
f 5574/7348/3151 5590/7364/3151 5591/7363/3151
f 5590/7364/3151 5574/7348/3151 5573/7350/3151
f 5573/7350/3151 5589/7365/3151 5590/7364/3151
f 5589/7365/3151 5573/7350/3151 5572/7242/3072
f 5572/7242/3072 5588/7244/3072 5589/7365/3151
f 5580/7352/3152 5390/7109/2950 5391/7111/2952
f 5391/7111/2952 5596/7366/3153 5580/7352/3152
f 5581/7353/3154 5580/7352/3152 5596/7366/3153
f 5596/7366/3153 5597/7367/3154 5581/7353/3154
f 5582/7354/3155 5581/7353/3154 5597/7367/3154
f 5597/7367/3154 5598/7368/3156 5582/7354/3155
f 5583/7355/3156 5582/7354/3155 5598/7368/3156
f 5598/7368/3156 5599/7369/3156 5583/7355/3156
f 5584/7356/3157 5583/7355/3156 5599/7369/3156
f 5599/7369/3156 5600/7370/3157 5584/7356/3157
f 5585/7357/3158 5584/7356/3157 5600/7370/3157
f 5600/7370/3157 5601/7371/3158 5585/7357/3158
f 5586/7358/3159 5585/7357/3158 5601/7371/3158
f 5601/7371/3158 5602/7372/3159 5586/7358/3159
f 5586/7358/3159 5602/7372/3159 5603/7245/3073
f 5603/7245/3073 5587/7243/3073 5586/7358/3159
f 5479/7237/3067 5478/7236/3066 5595/7359/3160
f 5595/7359/3160 5611/7373/3161 5479/7237/3067
f 5611/7373/3161 5595/7359/3160 5594/7360/3162
f 5594/7360/3162 5610/7374/3162 5611/7373/3161
f 5610/7374/3162 5594/7360/3162 5593/7361/3162
f 5593/7361/3162 5609/7375/3163 5610/7374/3162
f 5609/7375/3163 5593/7361/3162 5592/7362/3163
f 5592/7362/3163 5608/7376/3163 5609/7375/3163
f 5608/7376/3163 5592/7362/3163 5591/7363/3164
f 5591/7363/3164 5607/7377/3164 5608/7376/3163
f 5607/7377/3164 5591/7363/3164 5590/7364/3165
f 5590/7364/3165 5606/7378/3165 5607/7377/3164
f 5606/7378/3165 5590/7364/3165 5589/7365/3165
f 5589/7365/3165 5605/7379/3165 5606/7378/3165
f 5605/7379/3165 5589/7365/3165 5588/7244/3074
f 5588/7244/3074 5604/7246/3074 5605/7379/3165
f 5596/7380/3166 5391/7112/2953 5388/7104/2956
f 5388/7104/2956 5563/7325/3167 5596/7380/3166
f 5596/7380/3166 5563/7325/3167 5562/7327/3168
f 5562/7327/3168 5597/7381/3168 5596/7380/3166
f 5597/7381/3168 5562/7327/3168 5561/7329/3168
f 5561/7329/3168 5598/7382/3168 5597/7381/3168
f 5598/7382/3168 5561/7329/3168 5560/7331/3169
f 5560/7331/3169 5599/7383/3169 5598/7382/3168
f 5599/7383/3169 5560/7331/3169 5559/7333/3169
f 5559/7333/3169 5600/7384/3169 5599/7383/3169
f 5600/7384/3169 5559/7333/3169 5558/7335/3169
f 5558/7335/3169 5601/7385/3169 5600/7384/3169
f 5601/7385/3169 5558/7335/3169 5557/7337/3075
f 5557/7337/3075 5602/7386/3075 5601/7385/3169
f 5602/7386/3075 5557/7337/3075 5556/7240/3075
f 5556/7240/3075 5603/7247/3075 5602/7386/3075
f 5476/7234/3069 5479/7238/3068 5611/7387/3170
f 5611/7387/3170 5548/7339/3170 5476/7234/3069
f 5548/7339/3170 5611/7387/3170 5610/7388/3170
f 5610/7388/3170 5549/7341/3171 5548/7339/3170
f 5549/7341/3171 5610/7388/3170 5609/7389/3171
f 5609/7389/3171 5550/7343/3171 5549/7341/3171
f 5550/7343/3171 5609/7389/3171 5608/7390/3171
f 5608/7390/3171 5551/7345/3171 5550/7343/3171
f 5551/7345/3171 5608/7390/3171 5607/7391/3172
f 5607/7391/3172 5552/7347/3172 5551/7345/3171
f 5552/7347/3172 5607/7391/3172 5606/7392/3172
f 5606/7392/3172 5553/7349/3172 5552/7347/3172
f 5553/7349/3172 5606/7392/3172 5605/7393/3172
f 5605/7393/3172 5554/7351/3172 5553/7349/3172
f 5554/7351/3172 5605/7393/3172 5604/7248/3075
f 5604/7248/3075 5555/7239/3075 5554/7351/3172
f 5612/7394/3173 5659/70/3173 5657/72/3173
f 5657/72/3173 5613/7395/3173 5612/7394/3173
f 5613/7396/3174 5657/72/3174 5658/71/3174
f 5658/71/3174 5614/7397/3174 5613/7396/3174
f 5614/7397/3175 5658/71/3175 5660/73/3175
f 5660/73/3175 5615/7398/3175 5614/7397/3175
f 5615/7399/3176 5660/73/3176 5661/74/3176
f 5661/74/3176 5616/7400/3176 5615/7399/3176
f 5616/7400/3177 5661/74/3177 5662/76/3177
f 5662/76/3177 5617/7401/3177 5616/7400/3177
f 5617/7402/3178 5662/76/3178 5663/75/3178
f 5663/75/3178 5618/7403/3178 5617/7402/3178
f 5618/7403/3179 5663/75/3179 5664/77/3179
f 5664/77/3179 5619/7404/3179 5618/7403/3179
f 5619/7405/3180 5664/77/3180 5665/78/3180
f 5665/78/3180 5620/7406/3180 5619/7405/3180
f 5620/7406/3181 5665/78/3181 5666/80/3181
f 5666/80/3181 5621/7407/3181 5620/7406/3181
f 5621/7408/3182 5666/80/3182 5667/79/3182
f 5667/79/3182 5622/7409/3182 5621/7408/3182
f 5622/7409/3183 5667/79/3183 5668/81/3183
f 5668/81/3183 5623/7410/3183 5622/7409/3183
f 5623/7411/3184 5668/81/3184 5669/82/3184
f 5669/82/3184 5624/7412/3184 5623/7411/3184
f 5624/7412/3185 5669/82/3185 5670/84/3185
f 5670/84/3185 5625/7413/3185 5624/7412/3185
f 5625/7414/3186 5670/84/3186 5671/83/3186
f 5671/83/3186 5626/7415/3186 5625/7414/3186
f 5626/7415/3187 5671/83/3187 5672/85/3187
f 5672/85/3187 5627/7416/3187 5626/7415/3187
f 5627/7417/3188 5672/85/3188 5673/86/3188
f 5673/86/3188 5628/7418/3188 5627/7417/3188
f 5628/7418/3189 5673/86/3189 5674/88/3189
f 5674/88/3189 5629/7419/3189 5628/7418/3189
f 5629/7420/3190 5674/88/3190 5675/87/3190
f 5675/87/3190 5630/7421/3190 5629/7420/3190
f 5630/7421/3191 5675/87/3191 5676/89/3191
f 5676/89/3191 5631/7422/3191 5630/7421/3191
f 5631/7423/3192 5676/89/3192 5677/90/3192
f 5677/90/3192 5632/7424/3192 5631/7423/3192
f 5632/7424/3193 5677/90/3193 5678/92/3193
f 5678/92/3193 5633/7425/3193 5632/7424/3193
f 5633/7426/3194 5678/92/3194 5679/91/3194
f 5679/91/3194 5634/7427/3194 5633/7426/3194
f 5634/7427/3195 5679/91/3195 5680/93/3195
f 5680/93/3195 5635/7428/3195 5634/7427/3195
f 5635/7429/3196 5680/93/3196 5681/94/3196
f 5681/94/3196 5636/7430/3196 5635/7429/3196
f 5636/7430/3197 5681/94/3197 5682/96/3197
f 5682/96/3197 5637/7431/3197 5636/7430/3197
f 5637/7432/3198 5682/96/3198 5683/95/3198
f 5683/95/3198 5638/7433/3198 5637/7432/3198
f 5638/7433/3199 5683/95/3199 5684/97/3199
f 5684/97/3199 5639/7434/3199 5638/7433/3199
f 5639/7435/769 5684/97/769 5685/98/769
f 5685/98/769 5640/7436/769 5639/7435/769
f 5640/7436/3200 5685/98/3200 5686/100/3200
f 5686/100/3200 5641/7437/3200 5640/7436/3200
f 5641/7438/3201 5686/100/3201 5687/99/3201
f 5687/99/3201 5642/7439/3201 5641/7438/3201
f 5642/7439/3202 5687/99/3202 5688/101/3202
f 5688/101/3202 5643/7440/3202 5642/7439/3202
f 5643/7441/3203 5688/101/3203 5689/102/3203
f 5689/102/3203 5644/7442/3203 5643/7441/3203
f 5644/7442/3204 5689/102/3204 5690/104/3204
f 5690/104/3204 5645/7443/3204 5644/7442/3204
f 5645/7444/3205 5690/104/3205 5691/103/3205
f 5691/103/3205 5646/7445/3205 5645/7444/3205
f 5646/7445/3206 5691/103/3206 5692/105/3206
f 5692/105/3206 5647/7446/3206 5646/7445/3206
f 5647/7447/3207 5692/105/3207 5693/106/3207
f 5693/106/3207 5648/7448/3207 5647/7447/3207
f 5648/7448/3208 5693/106/3208 5694/108/3208
f 5694/108/3208 5649/7449/3208 5648/7448/3208
f 5649/7450/3209 5694/108/3209 5695/107/3209
f 5695/107/3209 5650/7451/3209 5649/7450/3209
f 5650/7451/3210 5695/107/3210 5696/109/3210
f 5696/109/3210 5651/7452/3210 5650/7451/3210
f 5651/7453/3211 5696/109/3211 5697/110/3211
f 5697/110/3211 5652/7454/3211 5651/7453/3211
f 5652/7454/3212 5697/110/3212 5698/112/3212
f 5698/112/3212 5653/7455/3212 5652/7454/3212
f 5653/7456/3213 5698/112/3213 5699/111/3213
f 5699/111/3213 5654/7457/3213 5653/7456/3213
f 5654/7457/3214 5699/111/3214 5700/113/3214
f 5700/113/3214 5655/7458/3214 5654/7457/3214
f 5655/7459/3215 5700/113/3215 5659/70/3215
f 5659/70/3215 5612/7394/3215 5655/7459/3215
f 5710/7460/78 5702/7461/3216 5706/7462/3216
f 5706/7462/3216 5713/7463/78 5710/7460/78
f 5702/7461/3216 5703/7464/2 5707/7465/2
f 5707/7465/2 5706/7462/3216 5702/7461/3216
f 5703/7464/2 5704/7466/3217 5708/7467/3217
f 5708/7467/3217 5707/7465/2 5703/7464/2
f 5704/7466/3217 5705/7468/96 5709/7469/96
f 5709/7469/96 5708/7467/3217 5704/7466/3217
f 5710/7460/78 5713/7463/78 5712/7470/3218
f 5712/7470/3218 5711/7471/3218 5710/7460/78
f 5711/7471/3218 5712/7470/3218 5715/7472/3
f 5715/7472/3 5714/7473/3 5711/7471/3218
f 5714/7473/3 5715/7472/3 5717/7474/3219
f 5717/7474/3219 5716/7475/3219 5714/7473/3
f 5716/7475/3219 5717/7474/3219 5709/7469/96
f 5709/7469/96 5705/7468/96 5716/7475/3219
f 5718/7476/161 5719/7477/331 5727/7478/3220
f 5727/7478/3220 5726/7479/3221 5718/7476/161
f 5719/7477/331 5720/7480/164 5728/7481/3222
f 5728/7481/3222 5727/7478/3220 5719/7477/331
f 5720/7480/164 5721/7482/167 5729/7483/3223
f 5729/7483/3223 5728/7481/3222 5720/7480/164
f 5721/7482/167 5722/7484/169 5730/7485/3224
f 5730/7485/3224 5729/7483/3223 5721/7482/167
f 5722/7484/169 5723/7486/3225 5731/7487/3226
f 5731/7487/3226 5730/7485/3224 5722/7484/169
f 5723/7486/3225 5724/7488/171 5732/7489/3227
f 5732/7489/3227 5731/7487/3226 5723/7486/3225
f 5724/7488/171 5725/7490/159 5733/7491/3228
f 5733/7491/3228 5732/7489/3227 5724/7488/171
f 5725/7490/159 5718/7476/161 5726/7479/3221
f 5726/7479/3221 5733/7491/3228 5725/7490/159
f 5735/7492/3229 5736/7493/3230 5734/7494/2
f 5736/7493/3230 5737/7495/3231 5734/7494/2
f 5737/7495/3231 5738/7496/3232 5734/7494/2
f 5738/7496/3232 5739/7497/3233 5734/7494/2
f 5739/7497/3233 5740/7498/3234 5734/7494/2
f 5740/7498/3234 5741/7499/3235 5734/7494/2
f 5741/7499/3235 5742/7500/3236 5734/7494/2
f 5742/7500/3236 5735/7492/3229 5734/7494/2
f 5727/7478/3220 5736/7493/3230 5735/7492/3229
f 5735/7492/3229 5726/7479/3221 5727/7478/3220
f 5728/7481/3222 5737/7495/3231 5736/7493/3230
f 5736/7493/3230 5727/7478/3220 5728/7481/3222
f 5729/7483/3223 5738/7496/3232 5737/7495/3231
f 5737/7495/3231 5728/7481/3222 5729/7483/3223
f 5730/7485/3224 5739/7497/3233 5738/7496/3232
f 5738/7496/3232 5729/7483/3223 5730/7485/3224
f 5731/7487/3226 5740/7498/3234 5739/7497/3233
f 5739/7497/3233 5730/7485/3224 5731/7487/3226
f 5732/7489/3227 5741/7499/3235 5740/7498/3234
f 5740/7498/3234 5731/7487/3226 5732/7489/3227
f 5733/7491/3228 5742/7500/3236 5741/7499/3235
f 5741/7499/3235 5732/7489/3227 5733/7491/3228
f 5726/7479/3221 5735/7492/3229 5742/7500/3236
f 5742/7500/3236 5733/7491/3228 5726/7479/3221
f 5743/7501/169 5751/7502/3237 5752/7503/3238
f 5752/7503/3238 5744/7504/3225 5743/7501/169
f 5744/7504/3225 5752/7503/3238 5753/7505/3239
f 5753/7505/3239 5745/7506/171 5744/7504/3225
f 5745/7506/171 5753/7505/3239 5754/7507/3240
f 5754/7507/3240 5746/7508/159 5745/7506/171
f 5746/7508/159 5754/7507/3240 5755/7509/3241
f 5755/7509/3241 5747/7510/161 5746/7508/159
f 5747/7510/161 5755/7509/3241 5756/7511/3242
f 5756/7511/3242 5748/7512/331 5747/7510/161
f 5748/7512/331 5756/7511/3242 5757/7513/3243
f 5757/7513/3243 5749/7514/164 5748/7512/331
f 5749/7514/164 5757/7513/3243 5758/7515/3244
f 5758/7515/3244 5750/7516/167 5749/7514/164
f 5750/7516/167 5758/7515/3244 5751/7502/3237
f 5751/7502/3237 5743/7501/169 5750/7516/167
f 5760/7517/3245 5759/7518/3 5761/7519/3246
f 5761/7519/3246 5759/7518/3 5762/7520/3247
f 5762/7520/3247 5759/7518/3 5763/7521/3248
f 5763/7521/3248 5759/7518/3 5764/7522/3249
f 5764/7522/3249 5759/7518/3 5765/7523/3250
f 5765/7523/3250 5759/7518/3 5766/7524/3251
f 5766/7524/3251 5759/7518/3 5767/7525/3252
f 5767/7525/3252 5759/7518/3 5760/7517/3245
f 5752/7503/3238 5751/7502/3237 5760/7517/3245
f 5760/7517/3245 5761/7519/3246 5752/7503/3238
f 5753/7505/3239 5752/7503/3238 5761/7519/3246
f 5761/7519/3246 5762/7520/3247 5753/7505/3239
f 5754/7507/3240 5753/7505/3239 5762/7520/3247
f 5762/7520/3247 5763/7521/3248 5754/7507/3240
f 5755/7509/3241 5754/7507/3240 5763/7521/3248
f 5763/7521/3248 5764/7522/3249 5755/7509/3241
f 5756/7511/3242 5755/7509/3241 5764/7522/3249
f 5764/7522/3249 5765/7523/3250 5756/7511/3242
f 5757/7513/3243 5756/7511/3242 5765/7523/3250
f 5765/7523/3250 5766/7524/3251 5757/7513/3243
f 5758/7515/3244 5757/7513/3243 5766/7524/3251
f 5766/7524/3251 5767/7525/3252 5758/7515/3244
f 5751/7502/3237 5758/7515/3244 5767/7525/3252
f 5767/7525/3252 5760/7517/3245 5751/7502/3237
