# Blender v2.93.0 OBJ File: ''
# www.blender.org
mtllib gun.mtl
o Cube.014_Cube.002
v -2.809248 -0.090869 0.057799
v -2.809248 0.065228 0.057799
v -2.809248 -0.090869 -0.057799
v -2.809248 0.065228 -0.057799
v -1.750007 -0.090870 0.057799
v -1.664536 0.065228 0.057799
v -1.750007 -0.090870 -0.057799
v -1.664536 0.065228 -0.057799
v -1.352277 0.119511 -0.153944
v -1.475307 0.119511 -0.153944
v -1.352277 0.228366 -0.108855
v -1.475307 0.228366 -0.108855
v -1.352277 0.273455 -0.000000
v -1.475307 0.273455 -0.000000
v -1.352277 0.228366 0.108855
v -1.475307 0.228366 0.108855
v -1.352277 0.119511 0.153944
v -1.475307 0.119511 0.153944
v -1.352277 0.010657 0.108855
v -1.475307 0.010657 0.108855
v -1.352277 -0.034432 0.000000
v -1.475307 -0.034432 -0.000000
v -1.352277 0.010657 -0.108855
v -1.475307 0.010657 -0.108855
v -1.530265 0.034442 0.085070
v -1.530265 0.119511 -0.131441
v -1.530265 0.212454 -0.092943
v -1.530265 0.250952 -0.000000
v -1.530265 0.212454 0.092943
v -1.530265 0.119511 0.131441
v -1.530265 0.026569 0.092943
v -1.530265 -0.011930 -0.000000
v -1.530265 0.026569 -0.092943
v -2.968113 0.119512 -0.131441
v -2.968113 0.212455 -0.092943
v -2.968113 0.250953 -0.000000
v -2.968113 0.212455 0.092943
v -2.968113 0.119512 0.131441
v -2.968113 0.026569 0.092943
v -2.968113 -0.011929 -0.000000
v -2.968113 0.026569 -0.092943
v -1.165543 0.254771 0.056674
v -1.165543 0.437015 0.056674
v -0.889497 0.254771 0.078273
v -0.889497 0.437015 0.078273
v 0.640557 0.337437 0.067999
v -0.889497 0.329054 0.078273
v 0.640557 0.254771 0.078273
v -0.889497 0.337437 0.067999
v 0.640557 0.329054 0.078273
v 0.640557 0.372833 0.067999
v -0.889497 0.372834 0.067999
v -0.847495 0.404970 0.107384
v -0.889497 0.437015 0.077417
v -1.165543 0.254771 -0.056674
v -1.165543 0.437015 -0.056674
v 0.640557 0.372833 -0.000000
v -0.889497 0.254771 -0.078273
v -0.889497 0.437015 -0.078273
v 0.640557 0.337437 -0.000000
v -0.889497 0.337437 -0.000000
v 0.640557 0.337437 -0.067999
v -0.889497 0.329054 -0.078273
v 0.640557 0.254771 -0.078273
v -0.889497 0.337437 -0.067999
v 0.640557 0.329054 -0.078273
v -1.190627 0.254771 -0.000000
v -1.190627 0.437015 -0.000000
v -0.889497 0.254771 -0.000000
v -0.889497 0.329054 -0.000000
v 0.640557 0.254771 -0.000000
v 0.640557 0.329054 -0.000000
v -0.889497 0.372834 -0.000000
v 0.640557 0.372833 -0.067999
v -0.889497 0.372834 -0.067999
v -0.847495 0.404970 -0.107384
v 0.640557 0.437015 -0.077417
v -0.889497 0.437015 -0.000000
v -0.889497 0.437015 -0.077417
v -0.313948 0.404881 0.107276
v -0.313948 0.404881 -0.107276
v -0.359943 0.437015 0.077417
v -0.359943 0.404881 0.107276
v -0.359943 0.404970 0.107384
v -0.359943 0.404881 -0.107276
v -0.359943 0.404970 -0.107384
v -0.359943 0.437015 -0.077417
v -0.405018 0.437015 0.077417
v -0.405018 0.404881 0.107276
v -0.405018 0.404970 0.107384
v -0.405018 0.404881 -0.107276
v -0.405018 0.404970 -0.107384
v -0.405018 0.437015 -0.077417
v -0.451013 0.404881 0.107276
v -0.451013 0.404881 -0.107276
v -0.451013 0.437015 0.077417
v -0.451013 0.437015 -0.077417
v -0.451013 0.404970 0.107384
v -0.451013 0.404970 -0.107384
v -0.496088 0.437015 0.077417
v -0.496088 0.404881 0.107276
v -0.496088 0.404970 0.107384
v -0.496088 0.404881 -0.107276
v -0.496088 0.404970 -0.107384
v -0.496088 0.437015 -0.077417
v -0.542083 0.404881 0.107276
v -0.542083 0.404881 -0.107276
v -0.633153 0.404881 0.107276
v -0.633153 0.404881 -0.107276
v -0.587158 0.404881 0.107276
v -0.587158 0.404881 -0.107276
v -0.542083 0.437015 0.077417
v -0.542083 0.404970 0.107384
v -0.542083 0.404970 -0.107384
v -0.542083 0.437015 -0.077417
v -0.633153 0.437015 0.077417
v -0.633153 0.437015 -0.077417
v -0.633153 0.404970 0.107384
v -0.633153 0.404970 -0.107384
v -0.587158 0.437015 0.077417
v -0.587158 0.404970 0.107384
v -0.587158 0.404970 -0.107384
v -0.587158 0.437015 -0.077417
v -0.724224 0.404881 0.107276
v -0.724224 0.404881 -0.107276
v -0.678229 0.404881 0.107276
v -0.678229 0.404881 -0.107276
v -0.678229 0.437015 0.077417
v -0.678229 0.437015 -0.077417
v -0.678229 0.404970 0.107384
v -0.678229 0.404970 -0.107384
v -0.769299 0.437015 0.077417
v -0.769299 0.437015 -0.077417
v -0.769299 0.404882 0.107276
v -0.769299 0.404970 0.107384
v -0.769299 0.404881 -0.107276
v -0.769299 0.404970 -0.107384
v -0.724224 0.437015 0.077417
v -0.724224 0.437015 -0.077417
v -0.724224 0.404970 0.107384
v -0.724224 0.404970 -0.107384
v -0.815294 0.404882 0.107276
v -0.815294 0.404881 -0.107276
v -0.815294 0.437015 0.077417
v -0.815293 0.404970 0.107384
v -0.815293 0.404970 -0.107384
v -0.815294 0.437015 -0.077417
v 0.141403 0.404881 0.107276
v 0.141403 0.404881 -0.107276
v 0.095408 0.404881 0.107276
v 0.095408 0.404881 -0.107276
v 0.095408 0.437015 0.077417
v 0.095408 0.404969 0.107384
v 0.095408 0.404969 -0.107384
v 0.095408 0.437015 -0.077417
v 0.004338 0.404881 0.107276
v 0.004338 0.404881 -0.107276
v 0.050333 0.404881 0.107276
v 0.050333 0.404881 -0.107276
v 0.050333 0.437015 0.077417
v 0.050333 0.404969 0.107384
v 0.050333 0.404969 -0.107384
v 0.050333 0.437015 -0.077417
v -0.040737 0.437015 0.077417
v -0.040737 0.437015 -0.077417
v -0.040737 0.404881 0.107276
v -0.040737 0.404970 0.107384
v -0.040737 0.404881 -0.107276
v -0.040737 0.404969 -0.107384
v 0.004338 0.437015 0.077417
v 0.004338 0.404969 0.107384
v 0.004338 0.404969 -0.107384
v 0.004338 0.437015 -0.077417
v -0.086732 0.404881 0.107276
v -0.086732 0.404881 -0.107276
v -0.086732 0.437015 0.077417
v -0.086732 0.404970 0.107384
v -0.086732 0.404969 -0.107384
v -0.086732 0.437015 -0.077417
v -0.177803 0.404881 0.107276
v -0.177803 0.404881 -0.107276
v -0.131807 0.404881 0.107276
v -0.131807 0.404881 -0.107276
v -0.131807 0.437015 0.077417
v -0.131807 0.404970 0.107384
v -0.131807 0.404969 -0.107384
v -0.131807 0.437015 -0.077417
v -0.177803 0.437015 0.077417
v -0.177802 0.404970 0.107384
v -0.177802 0.404970 -0.107384
v -0.177803 0.437015 -0.077417
v -0.222878 0.437015 0.077417
v -0.222878 0.404881 0.107276
v -0.222878 0.404970 0.107384
v -0.222878 0.404881 -0.107276
v -0.222878 0.404970 -0.107384
v -0.222878 0.437015 -0.077417
v -0.268873 0.404881 0.107276
v -0.268873 0.404881 -0.107276
v -0.268873 0.437015 0.077417
v -0.268873 0.404970 0.107384
v -0.268873 0.404970 -0.107384
v -0.268873 0.437015 -0.077417
v -0.313948 0.437015 0.077417
v -0.313948 0.404970 0.107384
v -0.313948 0.404970 -0.107384
v -0.313948 0.437015 -0.077417
v 0.277548 0.437015 0.077417
v 0.277548 0.404881 0.107276
v 0.277548 0.404969 0.107384
v 0.277548 0.404881 -0.107276
v 0.277548 0.404969 -0.107384
v 0.277548 0.437015 -0.077417
v 0.186478 0.404881 0.107276
v 0.186478 0.404881 -0.107276
v 0.323543 0.437015 0.077417
v 0.323543 0.404881 0.107276
v 0.323543 0.404969 0.107384
v 0.323543 0.404881 -0.107276
v 0.323543 0.404969 -0.107384
v 0.323543 0.437015 -0.077417
v 0.186478 0.437015 0.077417
v 0.186478 0.404969 0.107384
v 0.186478 0.404969 -0.107384
v 0.186478 0.437015 -0.077417
v 0.232473 0.404881 0.107276
v 0.232473 0.404881 -0.107276
v 0.232473 0.437015 0.077417
v 0.232473 0.437015 -0.077417
v 0.232473 0.404969 0.107384
v 0.232473 0.404969 -0.107384
v 0.141403 0.437015 0.077417
v 0.141403 0.437015 -0.077417
v 0.141403 0.404969 0.107384
v 0.141403 0.404969 -0.107384
v 0.368618 0.437015 0.077417
v 0.368618 0.437015 -0.077417
v 0.368618 0.404881 0.107276
v 0.368618 0.404969 0.107384
v 0.368618 0.404881 -0.107276
v 0.368618 0.404969 -0.107384
v 0.414613 0.404881 0.107276
v 0.414613 0.404881 -0.107276
v 0.414613 0.437015 0.077417
v 0.414613 0.404969 0.107384
v 0.414613 0.404969 -0.107384
v 0.414613 0.437015 -0.077417
v 0.459688 0.437015 0.077417
v 0.459688 0.437015 -0.077417
v 0.459688 0.404881 0.107276
v 0.459688 0.404969 0.107384
v 0.459688 0.404881 -0.107276
v 0.459688 0.404969 -0.107384
v 0.505684 0.404881 0.107276
v 0.505684 0.404881 -0.107276
v 0.505684 0.437015 -0.077417
v 0.505684 0.437015 0.077417
v 0.505684 0.404969 0.107384
v 0.505684 0.404969 -0.107384
v 0.640557 0.404969 0.107384
v 0.640557 0.437015 0.077417
v 0.640557 0.404969 -0.107384
v -1.107945 0.254771 0.078273
v -1.107945 0.437015 0.078273
v -1.107945 0.254771 -0.000000
v -1.107945 0.254771 -0.078273
v -1.107945 0.437015 -0.078273
v -1.107945 0.437015 -0.000000
v -1.050831 0.363714 0.078273
v -1.050831 0.363714 -0.078273
v -1.050831 0.333774 0.078273
v -1.050831 0.333774 -0.078273
v -1.084724 0.303834 -0.078273
v -1.107945 0.303834 -0.078273
v -1.084724 0.303834 0.078273
v -1.107945 0.303834 0.078273
v -1.165543 0.303834 0.056674
v -1.165543 0.303834 -0.056674
v -1.190627 0.303834 -0.000000
v -1.084724 0.393654 0.078273
v -1.107945 0.393654 0.078273
v -1.084724 0.393654 -0.078273
v -1.107945 0.393654 -0.078273
v -1.165543 0.393654 -0.056674
v -1.165543 0.393654 0.056674
v -1.190627 0.393654 -0.000000
v -1.050831 0.363714 0.045301
v -1.050831 0.363714 -0.045301
v -1.050831 0.333774 0.045301
v -1.050831 0.333774 -0.045301
v -1.084724 0.303834 -0.045301
v -1.084724 0.303834 0.045301
v -1.084724 0.393654 0.045301
v -1.084724 0.393654 -0.045301
v -1.127752 0.303834 0.033317
v -1.127752 0.303834 -0.033317
v -1.152836 0.303834 -0.000000
v -1.127752 0.393654 -0.033317
v -1.127752 0.393654 0.033317
v -1.152836 0.393654 -0.000000
v -0.911200 0.363714 0.045301
v -0.911200 0.363714 -0.045301
v -0.911200 0.333774 0.045301
v -0.911200 0.333774 -0.045301
v -0.945093 0.303834 -0.045301
v -0.945093 0.303834 0.045301
v -0.945093 0.393654 0.045301
v -0.945093 0.393654 -0.045301
v -0.988120 0.303834 0.033317
v -0.988120 0.303834 -0.033317
v -1.013205 0.303834 -0.000000
v -0.988120 0.393654 -0.033317
v -0.988120 0.393654 0.033317
v -1.013205 0.393654 -0.000000
v -0.935926 0.330412 -0.078273
v -0.931905 0.336459 -0.078273
v -0.948049 0.312184 -0.078273
v -0.976705 0.312184 -0.078273
v -0.989877 0.331991 -0.078273
v -0.992849 0.336460 -0.078273
v -0.992849 0.381926 -0.078273
v -0.948049 0.406201 -0.078273
v -0.976705 0.406201 -0.078273
v -0.931905 0.381926 -0.078273
v -0.935926 0.330412 -0.061456
v -0.931905 0.336459 -0.061456
v -0.948049 0.312184 -0.061456
v -0.976705 0.312184 -0.061456
v -0.989877 0.331991 -0.061456
v -0.992849 0.336460 -0.061456
v -0.992849 0.381926 -0.061456
v -0.948049 0.406201 -0.061456
v -0.976705 0.406201 -0.061456
v -0.931905 0.381926 -0.061456
v -0.517535 0.008279 0.129869
v -0.663715 0.008279 0.129869
v -0.663715 -0.022303 0.129869
v -0.517535 -0.022303 0.129869
v -0.371355 -0.022303 0.129869
v -0.809895 -0.022303 0.129869
v -0.305706 -0.022303 0.129869
v -1.360257 -0.022303 0.129869
v -0.371355 0.008279 0.129869
v -0.809895 0.008279 0.129869
v -0.305706 0.008279 0.129869
v -1.360257 0.008279 0.129869
v -1.360230 -0.022303 -0.126647
v -0.307210 -0.022303 0.000000
v -0.517535 0.008279 -0.129869
v -0.663715 0.008279 -0.129869
v -1.360257 0.008279 -0.000000
v -0.305706 0.008279 -0.000000
v -0.305706 -0.022303 0.000000
v -1.360257 -0.022303 0.000000
v -0.663715 -0.022303 -0.129869
v -0.517535 -0.022303 -0.129869
v -0.371355 -0.022303 -0.129869
v -0.809895 -0.022303 -0.129869
v -0.305706 -0.022303 -0.129869
v -1.360257 -0.022303 -0.129869
v -0.371355 0.008279 -0.129869
v -0.809895 0.008279 -0.129869
v -0.305706 0.008279 -0.129869
v -1.360257 0.008279 -0.129869
v -0.161009 -0.020962 0.147420
v 0.513966 -0.020963 0.147420
v -0.323522 -0.020962 0.147420
v 0.513966 0.069331 0.080606
v 0.513966 -0.020963 0.080606
v 0.508580 -0.020963 0.077839
v 0.508580 -0.020963 -0.143965
v -0.323522 0.069332 -0.000000
v -0.323522 -0.020962 -0.000000
v -0.161009 -0.020962 -0.147420
v 0.513966 -0.020963 -0.147420
v -0.323522 -0.020962 -0.147420
v -0.161009 0.069332 -0.147420
v 0.513966 0.069331 -0.080606
v 0.513966 0.069331 -0.147420
v 0.513966 -0.020963 -0.080606
v -0.323522 0.069332 -0.147420
v 0.508580 -0.020963 -0.077839
v 0.508580 -0.020963 -0.000000
v 0.513966 -0.020963 -0.000000
v 0.513966 0.069331 -0.000000
v 0.491011 0.069613 -0.000000
v 0.491011 0.069613 -0.124776
v -0.301080 0.069405 -0.124776
v 0.508580 -0.026367 -0.143965
v 0.508580 -0.026367 -0.077839
v -0.319045 -0.020962 0.071983
v -0.323522 -0.020962 0.073710
v -0.323522 0.069332 0.073710
v 0.513966 0.024184 0.080606
v -0.161009 0.024185 0.147420
v -0.323522 0.024185 0.147420
v 0.513966 0.024184 0.147420
v 0.513966 0.024184 -0.000000
v 0.513966 0.024184 -0.080606
v -0.323522 0.024185 -0.000000
v -0.161009 0.024185 -0.147420
v -0.323522 0.024185 -0.147420
v 0.513966 0.024184 -0.147420
v -0.323522 0.024185 0.073710
v -0.161009 0.044947 0.134686
v -0.323522 0.044947 0.134686
v 0.513966 0.044947 0.134686
v -0.698231 0.119511 -0.028982
v -1.241573 0.119511 0.198217
v -0.679357 0.204115 0.016070
v -1.222698 0.204115 0.243269
v -0.641609 0.204115 0.106174
v -1.184950 0.204115 0.333373
v -0.622734 0.119511 0.151226
v -1.166076 0.119511 0.378425
v -0.641609 0.034907 0.106174
v -1.184950 0.034908 0.333373
v -0.679357 0.034907 0.016070
v -1.222699 0.034908 0.243269
v -1.215838 0.173365 0.259643
v -1.179796 0.119511 0.345676
v -1.191810 0.065658 0.316998
v -1.215839 0.065658 0.259643
v 0.127801 0.122836 -0.075018
v 0.127801 0.122836 -0.142898
v 0.361543 0.122836 -0.075018
v 0.361543 0.122836 -0.142898
v 0.157910 0.320631 -0.075018
v 0.127801 0.283666 -0.075018
v 0.157910 0.320631 -0.118881
v 0.127801 0.283666 -0.142898
v 0.361543 0.283666 -0.075018
v 0.331435 0.320631 -0.075018
v 0.331435 0.320631 -0.118881
v 0.361543 0.283666 -0.142898
v -0.282845 0.068763 0.109864
v -0.282845 0.185053 0.083071
v 0.452682 0.068763 0.109864
v 0.452682 0.185052 0.083071
v 0.386152 0.050873 0.094959
v -0.216315 0.050874 0.094959
v -0.216315 0.201734 0.073178
v 0.386152 0.201734 0.073178
v -0.306364 0.124952 0.111636
v 0.476201 0.124952 0.111636
v 0.640424 0.119511 -0.179007
v -1.360248 0.119511 -0.179007
v -1.360248 0.298519 -0.000000
v 0.640424 0.246088 0.126577
v -1.360248 0.246089 0.126577
v 0.640424 0.119511 0.179007
v -1.360248 0.119511 0.179007
v -1.360248 -0.007066 0.126577
v 0.640424 -0.059497 -0.000000
v 0.640424 -0.007067 -0.126577
v -1.360248 -0.007066 -0.126577
v -1.360248 0.246089 -0.126577
v -1.360248 -0.059496 -0.000000
v 0.640424 0.246088 -0.126577
v 0.640424 0.298518 -0.000000
v 0.640424 -0.007067 0.126577
v -0.354052 0.246088 -0.126577
v -0.354052 0.119511 -0.179007
v -0.354052 0.298518 -0.000000
v -0.354052 0.246088 0.126577
v -0.354052 0.119511 0.179007
v -0.354052 -0.007066 0.126577
v -0.354052 -0.059496 -0.000000
v -0.354052 -0.007066 -0.126577
v 0.523374 0.246088 -0.126577
v 0.523374 0.298518 -0.000000
v 0.523374 0.246088 0.126577
v 0.523374 0.119511 0.179007
v 0.523373 -0.007067 0.126577
v 0.523373 -0.059497 -0.000000
v 0.523373 -0.007067 -0.126577
v 0.523374 0.119511 -0.179007
v -0.354052 0.321777 0.067496
v 0.523374 0.321777 0.067496
v -0.323205 0.119511 -0.179007
v -0.323205 0.246088 -0.126577
v -0.323205 0.298518 -0.000000
v -0.323205 -0.007066 0.126577
v -0.323205 -0.007066 -0.126577
v -0.323205 0.321777 0.067496
v 0.489053 0.246088 -0.126577
v 0.489053 0.298518 -0.000000
v 0.489053 -0.007067 0.126577
v 0.489053 -0.007067 -0.126577
v 0.489053 0.321777 0.067496
v 0.489053 0.119511 -0.179007
v 0.523373 0.080989 0.233551
v 0.523373 -0.013636 0.192580
v 0.489053 0.080989 0.233551
v 0.489053 -0.013636 0.192580
v -0.354052 0.081611 0.233513
v -0.354052 -0.013331 0.192181
v -0.323205 0.081611 0.233513
v -0.323205 -0.013331 0.192181
v -1.360248 0.056223 0.152792
v 0.640424 0.056222 0.152792
v -0.354052 0.056222 0.152792
v 0.523373 0.056222 0.152792
v -0.323205 0.056222 0.152792
v 0.489053 0.056222 0.152792
v 0.523373 0.021690 0.236947
v 0.489053 0.021690 0.236947
v -0.354052 0.023496 0.237495
v -0.323205 0.023496 0.237495
v 0.489053 0.119511 0.179007
v 0.489053 0.246088 0.126577
v -0.323205 0.246088 0.126577
v -0.323205 0.119511 0.179007
v 0.640424 0.119511 -0.120473
v 0.640424 0.204698 0.085187
v 0.640424 0.119511 0.120473
v 0.640424 -0.000963 -0.000000
v 0.640424 0.034323 -0.085188
v 0.640424 0.204698 -0.085188
v 0.640424 0.239984 -0.000000
v 0.640424 0.034323 0.085187
v 0.640424 0.076917 0.102830
v 0.495788 -0.007067 0.126577
v 0.495788 -0.059497 -0.000000
v 0.495788 -0.007067 -0.126577
v 0.482352 0.119511 0.179007
v -0.315093 0.119511 0.179007
v -0.315416 0.056222 0.152792
v 0.481688 0.186033 0.151453
v 0.430006 0.226451 0.134711
v -0.262408 0.225789 0.134985
v -0.314753 0.186033 0.151453
v 0.482289 0.056222 0.152792
v 0.482352 0.111741 0.157031
v -0.315093 0.111742 0.157031
v 0.481688 0.178264 0.129477
v 0.430006 0.218682 0.112735
v -0.262408 0.218020 0.113009
v -0.314753 0.178264 0.129477
v -0.315416 0.048453 0.130816
v 0.482289 0.048453 0.130816
v 0.386152 0.213018 0.115081
v 0.452682 0.195558 0.122313
v 0.476201 0.140923 0.144944
v 0.463639 0.111741 0.157031
v 0.452682 0.073737 0.141289
v 0.388153 0.048453 0.130816
v 0.386152 0.050247 0.135891
v -0.216315 0.050247 0.135891
v -0.216315 0.213019 0.115081
v -0.282846 0.195559 0.122313
v -0.306364 0.140923 0.144944
v -0.282846 0.073738 0.141289
v -0.293803 0.111742 0.157031
v -0.218316 0.048453 0.130816
v -0.568334 0.289079 0.064323
v -0.568334 0.091414 0.075541
v -0.568334 0.251511 -0.007824
v -0.325874 0.131343 0.152222
v -0.325874 0.291439 0.068857
v -0.325874 0.091414 0.075541
v -0.325874 0.251511 -0.007824
v -0.501907 0.091414 0.075541
v -0.501907 0.251511 -0.007824
v -0.460390 0.251511 -0.007824
v -0.460390 0.091414 0.075541
v -0.501907 0.177778 0.241398
v -0.501907 0.223311 0.257142
v -0.568334 0.128982 0.147688
v -0.501907 0.324666 0.204365
v -0.501907 0.337875 0.158033
v -0.460390 0.223311 0.257142
v -0.460390 0.177778 0.241398
v -0.460390 0.337875 0.158033
v -0.460390 0.324666 0.204365
v 0.698066 -0.024812 0.144076
v 0.698066 0.119264 0.203755
v 0.698066 0.263341 -0.144077
v 0.698066 0.119264 -0.203755
v 0.686421 0.119264 -0.162383
v 0.686421 0.004443 -0.114822
v 0.686421 -0.024812 0.144076
v 0.686421 -0.084491 -0.000000
v 0.686421 0.263341 0.144076
v 0.686421 0.119264 0.203755
v 0.686421 0.263341 -0.144077
v 0.686421 0.323019 -0.000000
v 0.686421 -0.024812 -0.144077
v 0.686421 0.119264 -0.203755
v 0.889553 0.119264 -0.215228
v 0.889553 0.271454 -0.152190
v 0.889553 0.334493 -0.000000
v 0.889553 0.271454 0.152189
v 0.889553 0.119264 0.215228
v 0.889553 -0.032925 0.152189
v 0.889553 -0.095964 -0.000000
v 0.889553 -0.032925 -0.152189
v 0.859633 0.119264 -0.215228
v 0.859633 0.271454 -0.152190
v 0.859633 0.334493 -0.000000
v 0.859633 0.271454 0.152189
v 0.859633 -0.095964 -0.000000
v 0.698066 0.119264 -0.162383
v 0.698066 0.004442 -0.114822
v 0.628253 0.119264 -0.162383
v 0.628253 0.234086 -0.114822
v 0.628253 0.281647 -0.000000
v 0.628253 0.234086 0.114822
v 0.628253 0.119264 0.162382
v 0.628253 0.004443 0.114822
v 0.628253 -0.043118 -0.000000
v 0.628253 0.004443 -0.114822
v 0.628253 0.119264 -0.068417
v 0.628253 0.167643 -0.048378
v 0.628253 0.187682 -0.000000
v 0.628253 0.167643 0.048378
v 0.628253 0.119264 0.068417
v 0.628253 0.070886 0.048378
v 0.628253 0.050847 -0.000000
v 0.628253 0.070886 -0.048378
v 1.633615 0.295966 -0.030540
v 0.912246 0.295966 -0.030540
v 1.633615 0.322414 -0.015270
v 0.912246 0.322414 -0.015270
v 1.633615 0.322414 0.015270
v 0.912246 0.322415 0.015270
v 1.633615 0.295966 0.030540
v 0.912246 0.295966 0.030540
v 1.633615 0.269517 0.015270
v 0.912246 0.269518 0.015270
v 1.633615 0.269517 -0.015270
v 0.912246 0.269518 -0.015270
v 2.108725 0.238765 -0.030540
v 2.112138 0.264992 -0.015270
v 2.112138 0.264992 0.015270
v 2.108725 0.238765 0.030540
v 2.105313 0.212538 0.015270
v 2.105313 0.212538 -0.015270
v 0.889439 0.010051 0.264125
v 0.889439 0.229153 0.264125
v 0.951030 0.010051 0.264125
v 0.951030 0.229153 0.264125
v 0.889439 0.010051 0.265074
v 0.889439 0.042305 0.302544
v 0.889439 0.196898 0.302544
v 0.889439 0.229153 0.265074
v 0.951030 0.042305 0.302544
v 0.951030 0.010051 0.265074
v 0.951030 0.229153 0.265074
v 0.951030 0.196898 0.302544
v 1.015320 0.010051 0.264125
v 1.015321 0.229153 0.264125
v 1.076550 0.010051 0.264125
v 1.076550 0.229153 0.264125
v 1.015320 0.010051 0.265074
v 1.015320 0.042305 0.302544
v 1.015321 0.196898 0.302544
v 1.015321 0.229153 0.265074
v 1.076550 0.042305 0.302544
v 1.076550 0.010051 0.265074
v 1.076550 0.229153 0.265074
v 1.076550 0.196898 0.302544
v 1.140841 0.010051 0.264125
v 1.140841 0.229153 0.264125
v 1.202070 0.010051 0.264125
v 1.202070 0.229153 0.264125
v 1.140841 0.010051 0.265074
v 1.140841 0.042305 0.302544
v 1.140841 0.196898 0.302544
v 1.140841 0.229153 0.265074
v 1.202070 0.042305 0.302544
v 1.202070 0.010051 0.265074
v 1.202070 0.229153 0.265074
v 1.202070 0.196898 0.302544
v 1.266361 0.010051 0.264125
v 1.266362 0.229153 0.264125
v 1.327591 0.010051 0.264125
v 1.327591 0.229153 0.264125
v 1.266361 0.010051 0.265074
v 1.266361 0.042305 0.302544
v 1.266362 0.196898 0.302544
v 1.266362 0.229153 0.265074
v 1.327591 0.042305 0.302544
v 1.327591 0.010051 0.265074
v 1.327591 0.229153 0.265074
v 1.327591 0.196898 0.302544
v 1.391881 0.010051 0.264125
v 1.391882 0.229153 0.264125
v 1.453111 0.010051 0.264125
v 1.453111 0.229153 0.264125
v 1.391881 0.010051 0.265074
v 1.391881 0.042305 0.302544
v 1.391882 0.196898 0.302544
v 1.391882 0.229153 0.265074
v 1.453111 0.042305 0.302544
v 1.453111 0.010051 0.265074
v 1.453111 0.229153 0.265074
v 1.453111 0.196898 0.302544
v 1.517401 0.010051 0.264125
v 1.517402 0.229153 0.264125
v 1.578631 0.010051 0.264125
v 1.578631 0.229153 0.264125
v 1.517401 0.010051 0.265074
v 1.517401 0.042305 0.302544
v 1.517402 0.196898 0.302544
v 1.517402 0.229153 0.265074
v 1.578631 0.042305 0.302544
v 1.578631 0.010051 0.265074
v 1.578631 0.229153 0.265074
v 1.578631 0.196898 0.302544
v 1.642922 0.010051 0.264125
v 1.642922 0.229153 0.264125
v 1.704151 0.010051 0.264125
v 1.704151 0.229153 0.264125
v 1.642922 0.010051 0.265074
v 1.642922 0.042305 0.302544
v 1.642922 0.196898 0.302544
v 1.642922 0.229153 0.265074
v 1.704151 0.042305 0.302544
v 1.704151 0.010051 0.265074
v 1.704151 0.229153 0.265074
v 1.704151 0.196898 0.302544
v 1.768442 0.010050 0.264125
v 1.768442 0.229153 0.264125
v 1.829671 0.010050 0.264125
v 1.829672 0.229153 0.264125
v 1.768442 0.010050 0.265074
v 1.768442 0.042305 0.302544
v 1.768442 0.196898 0.302544
v 1.768442 0.229153 0.265074
v 1.829671 0.042305 0.302544
v 1.829671 0.010050 0.265074
v 1.829672 0.229153 0.265074
v 1.829672 0.196898 0.302544
v 1.893962 0.010050 0.264125
v 1.893962 0.229153 0.264125
v 1.955192 0.010050 0.264125
v 1.955192 0.229153 0.264125
v 1.893962 0.010050 0.265074
v 1.893962 0.042305 0.302544
v 1.893962 0.196898 0.302544
v 1.893962 0.229153 0.265074
v 1.955192 0.042305 0.302544
v 1.955192 0.010050 0.265074
v 1.955192 0.229153 0.265074
v 1.955192 0.196898 0.302544
v 2.019482 0.010050 0.264125
v 2.019482 0.229153 0.264125
v 2.080712 0.010050 0.264125
v 2.080712 0.229153 0.264125
v 2.019482 0.010050 0.265074
v 2.019482 0.042305 0.302544
v 2.019482 0.196898 0.302544
v 2.019482 0.229153 0.265074
v 2.080712 0.042305 0.302544
v 2.080712 0.010050 0.265074
v 2.080712 0.229153 0.265074
v 2.080712 0.196898 0.302544
v 2.145002 0.010050 0.264125
v 2.145002 0.229153 0.264125
v 2.206232 0.010050 0.264125
v 2.206232 0.229153 0.264125
v 2.145002 0.010050 0.265074
v 2.145002 0.042305 0.302544
v 2.145002 0.196898 0.302544
v 2.145002 0.229153 0.265074
v 2.206232 0.042305 0.302544
v 2.206232 0.010050 0.265074
v 2.206232 0.229153 0.265074
v 2.206232 0.196898 0.302544
v 2.270523 0.010050 0.264125
v 2.270523 0.229153 0.264125
v 2.331752 0.010050 0.264125
v 2.331752 0.229153 0.264125
v 2.270523 0.010050 0.265074
v 2.270523 0.042305 0.302544
v 2.270523 0.196898 0.302544
v 2.270523 0.229153 0.265074
v 2.331752 0.042305 0.302544
v 2.331752 0.010050 0.265074
v 2.331752 0.229153 0.265074
v 2.331752 0.196898 0.302544
v 2.396043 0.010050 0.264125
v 2.396043 0.229153 0.264125
v 2.457273 0.010050 0.264125
v 2.457273 0.229153 0.264125
v 2.396043 0.010050 0.265074
v 2.396043 0.042305 0.302544
v 2.396043 0.196898 0.302544
v 2.396043 0.229153 0.265074
v 2.457273 0.042305 0.302544
v 2.457273 0.010050 0.265074
v 2.457273 0.229153 0.265074
v 2.457273 0.196898 0.302544
v 2.521563 0.010050 0.264125
v 2.521563 0.229153 0.264125
v 2.582793 0.010050 0.264125
v 2.582793 0.229153 0.264125
v 2.521563 0.010050 0.265074
v 2.521563 0.042305 0.302544
v 2.521563 0.196898 0.302544
v 2.521563 0.229152 0.265074
v 2.582793 0.042305 0.302544
v 2.582793 0.010050 0.265074
v 2.582793 0.229153 0.265074
v 2.582793 0.196898 0.302544
v 2.647083 0.010050 0.264125
v 2.647083 0.229153 0.264125
v 2.708313 0.010050 0.264125
v 2.708313 0.229152 0.264125
v 2.647083 0.010050 0.265074
v 2.647083 0.042305 0.302544
v 2.647083 0.196898 0.302544
v 2.647083 0.229153 0.265074
v 2.708313 0.042305 0.302544
v 2.708313 0.010050 0.265074
v 2.708313 0.229152 0.265074
v 2.708313 0.196898 0.302544
v 2.772604 0.010050 0.264125
v 2.772604 0.229152 0.264125
v 2.833833 0.010050 0.264125
v 2.833833 0.229152 0.264125
v 2.772604 0.010050 0.265074
v 2.772604 0.042305 0.302544
v 2.772604 0.196898 0.302544
v 2.772604 0.229152 0.265074
v 2.833833 0.042305 0.302544
v 2.833833 0.010050 0.265074
v 2.833833 0.229152 0.265074
v 2.833833 0.196898 0.302544
v 0.889439 0.010051 -0.264127
v 0.889439 0.229153 -0.264127
v 0.951030 0.010051 -0.264127
v 0.951030 0.229153 -0.264127
v 0.889439 0.010051 -0.265076
v 0.889439 0.042305 -0.302546
v 0.889439 0.196898 -0.302546
v 0.889439 0.229153 -0.265076
v 0.951030 0.042305 -0.302546
v 0.951030 0.010051 -0.265076
v 0.951030 0.229153 -0.265076
v 0.951030 0.196898 -0.302546
v 1.015320 0.010051 -0.264127
v 1.015321 0.229153 -0.264127
v 1.076550 0.010051 -0.264127
v 1.076550 0.229153 -0.264127
v 1.015320 0.010051 -0.265076
v 1.015320 0.042305 -0.302546
v 1.015321 0.196898 -0.302546
v 1.015321 0.229153 -0.265076
v 1.076550 0.042305 -0.302546
v 1.076550 0.010051 -0.265076
v 1.076550 0.229153 -0.265076
v 1.076550 0.196898 -0.302546
v 1.140841 0.010051 -0.264127
v 1.140841 0.229153 -0.264127
v 1.202070 0.010051 -0.264127
v 1.202070 0.229153 -0.264127
v 1.140841 0.010051 -0.265076
v 1.140841 0.042305 -0.302546
v 1.140841 0.196898 -0.302546
v 1.140841 0.229153 -0.265076
v 1.202070 0.042305 -0.302546
v 1.202070 0.010051 -0.265076
v 1.202070 0.229153 -0.265076
v 1.202070 0.196898 -0.302546
v 1.266361 0.010051 -0.264127
v 1.266362 0.229153 -0.264127
v 1.327591 0.010051 -0.264127
v 1.327591 0.229153 -0.264127
v 1.266361 0.010051 -0.265076
v 1.266361 0.042305 -0.302546
v 1.266362 0.196898 -0.302546
v 1.266362 0.229153 -0.265076
v 1.327591 0.042305 -0.302546
v 1.327591 0.010051 -0.265076
v 1.327591 0.229153 -0.265076
v 1.327591 0.196898 -0.302546
v 1.391881 0.010051 -0.264127
v 1.391882 0.229153 -0.264127
v 1.453111 0.010051 -0.264127
v 1.453111 0.229153 -0.264127
v 1.391881 0.010051 -0.265076
v 1.391881 0.042305 -0.302546
v 1.391882 0.196898 -0.302546
v 1.391882 0.229153 -0.265076
v 1.453111 0.042305 -0.302546
v 1.453111 0.010051 -0.265076
v 1.453111 0.229153 -0.265076
v 1.453111 0.196898 -0.302546
v 1.517401 0.010051 -0.264127
v 1.517402 0.229153 -0.264127
v 1.578631 0.010050 -0.264127
v 1.578631 0.229153 -0.264127
v 1.517401 0.010051 -0.265076
v 1.517401 0.042305 -0.302546
v 1.517402 0.196898 -0.302546
v 1.517402 0.229153 -0.265076
v 1.578631 0.042305 -0.302546
v 1.578631 0.010050 -0.265076
v 1.578631 0.229153 -0.265076
v 1.578631 0.196898 -0.302546
v 1.642922 0.010051 -0.264127
v 1.642922 0.229153 -0.264127
v 1.704151 0.010050 -0.264127
v 1.704151 0.229153 -0.264127
v 1.642922 0.010050 -0.265076
v 1.642922 0.042305 -0.302546
v 1.642922 0.196898 -0.302546
v 1.642922 0.229153 -0.265076
v 1.704151 0.042305 -0.302546
v 1.704151 0.010050 -0.265076
v 1.704151 0.229153 -0.265076
v 1.704151 0.196898 -0.302546
v 1.768442 0.010050 -0.264126
v 1.768442 0.229153 -0.264127
v 1.829671 0.010050 -0.264126
v 1.829672 0.229153 -0.264127
v 1.768442 0.010050 -0.265076
v 1.768442 0.042305 -0.302546
v 1.768442 0.196898 -0.302546
v 1.768442 0.229153 -0.265076
v 1.829671 0.042305 -0.302546
v 1.829671 0.010050 -0.265076
v 1.829672 0.229153 -0.265076
v 1.829672 0.196898 -0.302546
v 1.893962 0.010050 -0.264126
v 1.893962 0.229153 -0.264127
v 1.955192 0.010050 -0.264126
v 1.955192 0.229153 -0.264127
v 1.893962 0.010050 -0.265076
v 1.893962 0.042305 -0.302546
v 1.893962 0.196898 -0.302546
v 1.893962 0.229153 -0.265076
v 1.955192 0.042305 -0.302546
v 1.955192 0.010050 -0.265076
v 1.955192 0.229153 -0.265076
v 1.955192 0.196898 -0.302546
v 2.019483 0.010050 -0.264127
v 2.019483 0.229153 -0.264127
v 2.080712 0.010050 -0.264127
v 2.080712 0.229153 -0.264127
v 2.019483 0.010050 -0.265076
v 2.019483 0.042305 -0.302546
v 2.019483 0.196898 -0.302546
v 2.019483 0.229153 -0.265076
v 2.080712 0.042305 -0.302546
v 2.080712 0.010050 -0.265076
v 2.080712 0.229153 -0.265076
v 2.080712 0.196898 -0.302546
v 2.145003 0.010050 -0.264127
v 2.145003 0.229153 -0.264127
v 2.206232 0.010050 -0.264127
v 2.206232 0.229153 -0.264127
v 2.145003 0.010050 -0.265076
v 2.145003 0.042305 -0.302546
v 2.145003 0.196898 -0.302546
v 2.145003 0.229153 -0.265076
v 2.206232 0.042305 -0.302546
v 2.206232 0.010050 -0.265076
v 2.206232 0.229153 -0.265076
v 2.206232 0.196898 -0.302546
v 2.270523 0.010050 -0.264127
v 2.270523 0.229153 -0.264127
v 2.331752 0.010050 -0.264127
v 2.331752 0.229153 -0.264127
v 2.270523 0.010050 -0.265076
v 2.270523 0.042305 -0.302546
v 2.270523 0.196898 -0.302546
v 2.270523 0.229153 -0.265076
v 2.331752 0.042305 -0.302546
v 2.331752 0.010050 -0.265076
v 2.331752 0.229153 -0.265076
v 2.331752 0.196898 -0.302546
v 2.396043 0.010050 -0.264127
v 2.396043 0.229152 -0.264127
v 2.457273 0.010050 -0.264127
v 2.457273 0.229153 -0.264127
v 2.396043 0.010050 -0.265076
v 2.396043 0.042305 -0.302546
v 2.396043 0.196898 -0.302546
v 2.396043 0.229152 -0.265076
v 2.457273 0.042305 -0.302546
v 2.457273 0.010050 -0.265076
v 2.457273 0.229152 -0.265076
v 2.457273 0.196898 -0.302546
v 2.521563 0.010050 -0.264127
v 2.521563 0.229152 -0.264127
v 2.582793 0.010050 -0.264126
v 2.582793 0.229152 -0.264127
v 2.521563 0.010050 -0.265076
v 2.521563 0.042305 -0.302546
v 2.521563 0.196898 -0.302546
v 2.521563 0.229152 -0.265076
v 2.582793 0.042305 -0.302546
v 2.582793 0.010050 -0.265076
v 2.582793 0.229152 -0.265076
v 2.582793 0.196898 -0.302546
v 2.647083 0.010050 -0.264126
v 2.647083 0.229152 -0.264127
v 2.708313 0.010050 -0.264126
v 2.708313 0.229152 -0.264127
v 2.647083 0.010050 -0.265076
v 2.647083 0.042305 -0.302546
v 2.647083 0.196898 -0.302546
v 2.647083 0.229152 -0.265076
v 2.708313 0.042305 -0.302546
v 2.708313 0.010050 -0.265076
v 2.708313 0.229152 -0.265076
v 2.708313 0.196898 -0.302546
v 2.772604 0.010050 -0.264126
v 2.772604 0.229152 -0.264127
v 2.833833 0.010050 -0.264126
v 2.833833 0.229152 -0.264127
v 2.772604 0.010050 -0.265076
v 2.772604 0.042305 -0.302546
v 2.772604 0.196898 -0.302546
v 2.772604 0.229152 -0.265076
v 2.833833 0.042305 -0.302546
v 2.833833 0.010050 -0.265076
v 2.833833 0.229152 -0.265076
v 2.833833 0.196898 -0.302546
v 2.833876 -0.146093 0.109551
v 2.833876 -0.146093 -0.109551
v 2.772647 -0.146093 0.109551
v 2.772647 -0.146093 -0.109551
v 2.833876 -0.147042 0.109551
v 2.833876 -0.183652 0.078518
v 2.833876 -0.183652 -0.078517
v 2.833876 -0.147042 -0.109551
v 2.772647 -0.183652 0.078518
v 2.772647 -0.147042 0.109551
v 2.772647 -0.147042 -0.109551
v 2.772647 -0.183652 -0.078517
v 2.708356 -0.146093 0.109551
v 2.708356 -0.146093 -0.109551
v 2.647127 -0.146093 0.109551
v 2.647127 -0.146093 -0.109551
v 2.708356 -0.147042 0.109551
v 2.708356 -0.183652 0.078518
v 2.708356 -0.183652 -0.078517
v 2.708356 -0.147042 -0.109551
v 2.647127 -0.183652 0.078518
v 2.647127 -0.147042 0.109551
v 2.647127 -0.147042 -0.109551
v 2.647127 -0.183652 -0.078517
v 2.582836 -0.146093 0.109551
v 2.582836 -0.146093 -0.109551
v 2.521607 -0.146093 0.109551
v 2.521607 -0.146093 -0.109551
v 2.582836 -0.147042 0.109551
v 2.582836 -0.183652 0.078518
v 2.582836 -0.183652 -0.078517
v 2.582836 -0.147042 -0.109551
v 2.521607 -0.183652 0.078518
v 2.521607 -0.147042 0.109551
v 2.521607 -0.147042 -0.109551
v 2.521607 -0.183652 -0.078517
v 2.457316 -0.146093 0.109551
v 2.457316 -0.146093 -0.109551
v 2.396087 -0.146093 0.109551
v 2.396087 -0.146093 -0.109551
v 2.457316 -0.147042 0.109551
v 2.457316 -0.183652 0.078518
v 2.457316 -0.183652 -0.078517
v 2.457316 -0.147042 -0.109551
v 2.396087 -0.183652 0.078518
v 2.396087 -0.147042 0.109551
v 2.396087 -0.147042 -0.109551
v 2.396087 -0.183652 -0.078517
v 2.331796 -0.146093 0.109551
v 2.331796 -0.146093 -0.109551
v 2.270566 -0.146093 0.109551
v 2.270566 -0.146093 -0.109551
v 2.331796 -0.147042 0.109551
v 2.331796 -0.183652 0.078518
v 2.331796 -0.183652 -0.078517
v 2.331796 -0.147042 -0.109551
v 2.270566 -0.183652 0.078518
v 2.270566 -0.147042 0.109551
v 2.270566 -0.147042 -0.109551
v 2.270566 -0.183652 -0.078517
v 2.206276 -0.146093 0.109551
v 2.206276 -0.146093 -0.109551
v 2.145046 -0.146093 0.109551
v 2.145046 -0.146093 -0.109551
v 2.206276 -0.147042 0.109551
v 2.206276 -0.183652 0.078518
v 2.206276 -0.183652 -0.078517
v 2.206276 -0.147042 -0.109551
v 2.145046 -0.183652 0.078518
v 2.145046 -0.147042 0.109551
v 2.145046 -0.147042 -0.109551
v 2.145046 -0.183652 -0.078517
v 2.080755 -0.146093 0.109551
v 2.080755 -0.146093 -0.109551
v 2.019526 -0.146093 0.109551
v 2.019526 -0.146093 -0.109551
v 2.080755 -0.147042 0.109551
v 2.080755 -0.183652 0.078518
v 2.080755 -0.183652 -0.078517
v 2.080755 -0.147042 -0.109551
v 2.019526 -0.183652 0.078518
v 2.019526 -0.147042 0.109551
v 2.019526 -0.147042 -0.109551
v 2.019526 -0.183652 -0.078517
v 1.955235 -0.146093 0.109551
v 1.955235 -0.146093 -0.109551
v 1.894006 -0.146093 0.109551
v 1.894006 -0.146093 -0.109551
v 1.955235 -0.147042 0.109551
v 1.955235 -0.183652 0.078518
v 1.955235 -0.183652 -0.078517
v 1.955235 -0.147042 -0.109551
v 1.894005 -0.183652 0.078518
v 1.894006 -0.147042 0.109551
v 1.894006 -0.147042 -0.109551
v 1.894005 -0.183652 -0.078517
v 1.829715 -0.146093 0.109551
v 1.829715 -0.146093 -0.109551
v 1.768485 -0.146093 0.109551
v 1.768485 -0.146093 -0.109551
v 1.829715 -0.147042 0.109551
v 1.829715 -0.183652 0.078518
v 1.829715 -0.183652 -0.078517
v 1.829715 -0.147042 -0.109551
v 1.768485 -0.183652 0.078518
v 1.768485 -0.147042 0.109551
v 1.768485 -0.147042 -0.109551
v 1.768485 -0.183652 -0.078517
v 1.704195 -0.146093 0.109551
v 1.704195 -0.146093 -0.109551
v 1.642965 -0.146093 0.109551
v 1.642965 -0.146093 -0.109551
v 1.704195 -0.147042 0.109551
v 1.704195 -0.183652 0.078518
v 1.704195 -0.183652 -0.078517
v 1.704195 -0.147042 -0.109551
v 1.642965 -0.183652 0.078518
v 1.642965 -0.147042 0.109551
v 1.642965 -0.147042 -0.109551
v 1.642965 -0.183652 -0.078517
v 1.578675 -0.146093 0.109551
v 1.578675 -0.146093 -0.109551
v 1.517445 -0.146093 0.109551
v 1.517445 -0.146093 -0.109551
v 1.578675 -0.147042 0.109551
v 1.578675 -0.183652 0.078518
v 1.578675 -0.183652 -0.078517
v 1.578675 -0.147042 -0.109551
v 1.517445 -0.183652 0.078518
v 1.517445 -0.147042 0.109551
v 1.517445 -0.147042 -0.109551
v 1.517445 -0.183652 -0.078517
v 1.453154 -0.146093 0.109551
v 1.453154 -0.146093 -0.109551
v 1.391925 -0.146093 0.109551
v 1.391925 -0.146093 -0.109551
v 1.453154 -0.147042 0.109551
v 1.453154 -0.183652 0.078518
v 1.453154 -0.183652 -0.078517
v 1.453154 -0.147042 -0.109551
v 1.391925 -0.183652 0.078518
v 1.391925 -0.147042 0.109551
v 1.391925 -0.147042 -0.109551
v 1.391925 -0.183652 -0.078517
v 1.327634 -0.146093 0.109551
v 1.327634 -0.146093 -0.109551
v 1.266405 -0.146093 0.109551
v 1.266405 -0.146093 -0.109551
v 1.327634 -0.147042 0.109551
v 1.327634 -0.183652 0.078518
v 1.327634 -0.183652 -0.078517
v 1.327634 -0.147042 -0.109551
v 1.266405 -0.183652 0.078518
v 1.266405 -0.147042 0.109551
v 1.266405 -0.147042 -0.109551
v 1.266405 -0.183652 -0.078517
v 1.202114 -0.146093 0.109551
v 1.202114 -0.146093 -0.109551
v 1.140885 -0.146093 0.109551
v 1.140885 -0.146093 -0.109551
v 1.202114 -0.147042 0.109551
v 1.202114 -0.183652 0.078518
v 1.202114 -0.183652 -0.078517
v 1.202114 -0.147042 -0.109551
v 1.140884 -0.183652 0.078518
v 1.140885 -0.147042 0.109551
v 1.140885 -0.147042 -0.109551
v 1.140884 -0.183652 -0.078517
v 1.076594 -0.146093 0.109551
v 1.076594 -0.146093 -0.109551
v 1.015364 -0.146093 0.109551
v 1.015364 -0.146093 -0.109551
v 1.076594 -0.147042 0.109551
v 1.076593 -0.183652 0.078518
v 1.076593 -0.183652 -0.078517
v 1.076594 -0.147042 -0.109551
v 1.015364 -0.183652 0.078518
v 1.015364 -0.147042 0.109551
v 1.015364 -0.147042 -0.109551
v 1.015364 -0.183652 -0.078517
v 0.951073 -0.146093 0.109551
v 0.951073 -0.146093 -0.109551
v 0.889482 -0.146093 0.109551
v 0.889482 -0.146093 -0.109551
v 0.951073 -0.147042 0.109551
v 0.951073 -0.183652 0.078518
v 0.951073 -0.183652 -0.078517
v 0.951073 -0.147042 -0.109551
v 0.889482 -0.183652 0.078518
v 0.889482 -0.147042 0.109551
v 0.889482 -0.147042 -0.109551
v 0.889482 -0.183652 -0.078517
v 0.889439 0.405229 0.109551
v 0.889439 0.405229 -0.109551
v 0.951030 0.405229 0.109551
v 0.951030 0.405229 -0.109551
v 0.889439 0.406178 0.109551
v 0.889439 0.440861 0.081711
v 0.889439 0.440861 -0.081711
v 0.889439 0.406178 -0.109551
v 0.951030 0.440861 0.081711
v 0.951030 0.406178 0.109551
v 0.951030 0.406178 -0.109551
v 0.951030 0.440861 -0.081711
v 1.015321 0.405229 0.109551
v 1.015321 0.405229 -0.109551
v 1.076550 0.405229 0.109551
v 1.076550 0.405229 -0.109551
v 1.015321 0.406178 0.109551
v 1.015321 0.440861 0.081711
v 1.015321 0.440861 -0.081711
v 1.015321 0.406178 -0.109551
v 1.076550 0.440861 0.081711
v 1.076550 0.406178 0.109551
v 1.076550 0.406178 -0.109551
v 1.076550 0.440861 -0.081711
v 1.140841 0.405229 0.109551
v 1.140841 0.405229 -0.109551
v 1.202070 0.405229 0.109551
v 1.202070 0.405229 -0.109551
v 1.140841 0.406178 0.109551
v 1.140841 0.440861 0.081711
v 1.140841 0.440861 -0.081711
v 1.140841 0.406178 -0.109551
v 1.202070 0.440861 0.081711
v 1.202070 0.406178 0.109551
v 1.202070 0.406178 -0.109551
v 1.202070 0.440861 -0.081711
v 1.266361 0.405229 0.109551
v 1.266361 0.405229 -0.109551
v 1.327591 0.405229 0.109551
v 1.327591 0.405229 -0.109551
v 1.266361 0.406178 0.109551
v 1.266361 0.440861 0.081711
v 1.266361 0.440861 -0.081711
v 1.266361 0.406178 -0.109551
v 1.327591 0.440861 0.081711
v 1.327591 0.406178 0.109551
v 1.327591 0.406178 -0.109551
v 1.327591 0.440861 -0.081711
v 1.391882 0.405229 0.109551
v 1.391882 0.405229 -0.109551
v 1.453111 0.405229 0.109551
v 1.453111 0.405229 -0.109551
v 1.391882 0.406178 0.109551
v 1.391882 0.440861 0.081711
v 1.391882 0.440861 -0.081711
v 1.391882 0.406178 -0.109551
v 1.453111 0.440861 0.081711
v 1.453111 0.406178 0.109551
v 1.453111 0.406178 -0.109551
v 1.453111 0.440861 -0.081711
v 1.517402 0.405229 0.109551
v 1.517402 0.405229 -0.109551
v 1.578631 0.405229 0.109551
v 1.578631 0.405229 -0.109551
v 1.517402 0.406178 0.109551
v 1.517402 0.440861 0.081711
v 1.517402 0.440861 -0.081711
v 1.517402 0.406178 -0.109551
v 1.578631 0.440861 0.081711
v 1.578631 0.406178 0.109551
v 1.578631 0.406178 -0.109551
v 1.578631 0.440861 -0.081711
v 1.642922 0.405229 0.109551
v 1.642922 0.405228 -0.109551
v 1.704151 0.405229 0.109551
v 1.704151 0.405229 -0.109551
v 1.642922 0.406178 0.109551
v 1.642922 0.440861 0.081711
v 1.642922 0.440861 -0.081711
v 1.642922 0.406178 -0.109551
v 1.704151 0.440861 0.081711
v 1.704151 0.406178 0.109551
v 1.704151 0.406178 -0.109551
v 1.704151 0.440861 -0.081711
v 1.768442 0.405229 0.109551
v 1.768442 0.405228 -0.109551
v 1.829672 0.405229 0.109551
v 1.829672 0.405228 -0.109551
v 1.768442 0.406178 0.109551
v 1.768442 0.440861 0.081711
v 1.768442 0.440861 -0.081711
v 1.768442 0.406178 -0.109551
v 1.829672 0.440861 0.081711
v 1.829672 0.406178 0.109551
v 1.829672 0.406178 -0.109551
v 1.829672 0.440861 -0.081711
v 1.893962 0.405228 0.109551
v 1.893962 0.405228 -0.109551
v 1.955192 0.405228 0.109551
v 1.955192 0.405228 -0.109551
v 1.893962 0.406178 0.109551
v 1.893962 0.440861 0.081711
v 1.893962 0.440861 -0.081711
v 1.893962 0.406178 -0.109551
v 1.955192 0.440861 0.081711
v 1.955192 0.406178 0.109551
v 1.955192 0.406178 -0.109551
v 1.955192 0.440861 -0.081711
v 2.019482 0.405228 0.109551
v 2.019482 0.405228 -0.109551
v 2.080712 0.405228 0.109551
v 2.080712 0.405228 -0.109551
v 2.019482 0.406178 0.109551
v 2.019482 0.440861 0.081711
v 2.019482 0.440861 -0.081711
v 2.019482 0.406178 -0.109551
v 2.080712 0.440861 0.081711
v 2.080712 0.406178 0.109551
v 2.080712 0.406178 -0.109551
v 2.080712 0.440861 -0.081711
v 2.145003 0.405228 0.109551
v 2.145003 0.405228 -0.109551
v 2.206232 0.405228 0.109551
v 2.206232 0.405228 -0.109551
v 2.145003 0.406178 0.109551
v 2.145003 0.440861 0.081711
v 2.145003 0.440861 -0.081711
v 2.145003 0.406178 -0.109551
v 2.206232 0.440861 0.081711
v 2.206232 0.406178 0.109551
v 2.206232 0.406178 -0.109551
v 2.206232 0.440861 -0.081711
v 2.270523 0.405228 0.109551
v 2.270523 0.405228 -0.109551
v 2.331753 0.405228 0.109551
v 2.331753 0.405228 -0.109551
v 2.270523 0.406178 0.109551
v 2.270523 0.440861 0.081711
v 2.270523 0.440861 -0.081711
v 2.270523 0.406178 -0.109551
v 2.331753 0.440861 0.081711
v 2.331753 0.406178 0.109551
v 2.331753 0.406178 -0.109551
v 2.331753 0.440861 -0.081711
v 2.396044 0.405228 0.109551
v 2.396044 0.405228 -0.109551
v 2.457273 0.405228 0.109551
v 2.457273 0.405228 -0.109551
v 2.396044 0.406178 0.109551
v 2.396044 0.440861 0.081711
v 2.396044 0.440861 -0.081711
v 2.396044 0.406178 -0.109551
v 2.457273 0.440861 0.081711
v 2.457273 0.406177 0.109551
v 2.457273 0.406178 -0.109551
v 2.457273 0.440861 -0.081711
v 2.521563 0.405228 0.109551
v 2.521563 0.405228 -0.109551
v 2.582793 0.405228 0.109551
v 2.582793 0.405228 -0.109551
v 2.521563 0.406178 0.109551
v 2.521563 0.440861 0.081711
v 2.521563 0.440860 -0.081711
v 2.521563 0.406177 -0.109551
v 2.582793 0.440860 0.081711
v 2.582793 0.406177 0.109551
v 2.582793 0.406177 -0.109551
v 2.582793 0.440860 -0.081711
v 2.647084 0.405228 0.109551
v 2.647084 0.405228 -0.109551
v 2.708313 0.405228 0.109551
v 2.708313 0.405228 -0.109551
v 2.647084 0.406177 0.109551
v 2.647084 0.440860 0.081711
v 2.647084 0.440860 -0.081711
v 2.647084 0.406177 -0.109551
v 2.708313 0.440860 0.081711
v 2.708313 0.406178 0.109551
v 2.708313 0.406177 -0.109551
v 2.708313 0.440860 -0.081711
v 2.772604 0.405228 0.109551
v 2.772604 0.405228 -0.109551
v 2.833834 0.405228 0.109551
v 2.833834 0.405228 -0.109551
v 2.772604 0.406178 0.109551
v 2.772604 0.440860 0.081711
v 2.772604 0.440860 -0.081711
v 2.772604 0.406177 -0.109551
v 2.833834 0.440860 0.081711
v 2.833834 0.406178 0.109551
v 2.833834 0.406177 -0.109551
v 2.833834 0.440860 -0.081711
v 0.889465 -0.114778 0.090740
v 0.889465 0.377250 0.090740
v 2.832519 0.041586 0.234546
v 2.832519 0.197950 0.234545
v 2.832519 -0.114778 0.090741
v 2.832519 0.377250 0.090740
v 0.889465 0.197951 0.234545
v 0.889465 0.041587 0.234545
v 0.889465 0.240247 0.155888
v 0.889465 0.289561 0.107953
v 2.832519 0.289561 0.107953
v 2.832519 0.240247 0.155888
v 2.832519 -0.006324 0.155888
v 2.832519 -0.055639 0.107953
v 0.889465 -0.055638 0.107953
v 0.889465 -0.006324 0.155888
v 0.889465 0.405361 0.110405
v 2.832519 0.405361 0.110405
v 2.832519 0.010274 0.264308
v 2.832519 0.229262 0.264308
v 0.889465 0.229263 0.264308
v 0.889465 0.010275 0.264308
v 0.889465 -0.146262 0.109492
v 2.832519 -0.146262 0.109492
v 0.889465 -0.114778 0.071292
v 2.832519 0.377250 0.071292
v 0.889465 0.377250 0.071292
v 2.832519 -0.114778 0.071292
v 0.889465 0.041587 0.184276
v 0.889465 0.197951 0.184276
v 2.832519 0.041586 0.184276
v 2.832519 0.197950 0.184276
v 0.889465 0.225608 0.133975
v 0.889465 0.274520 0.084816
v 2.832519 0.225607 0.133975
v 2.832519 0.274520 0.084816
v 0.889465 -0.055638 0.074089
v 0.889465 0.008801 0.130348
v 2.832519 -0.055639 0.074089
v 2.832519 0.008800 0.130348
v 2.832519 0.405361 0.086742
v 0.889465 0.405361 0.086742
v 0.889465 -0.146262 0.086024
v 2.832519 -0.146262 0.086025
v 0.889465 0.351582 0.095779
v 2.832519 0.351582 0.095779
v 0.889465 0.347180 0.075251
v 2.832519 0.347179 0.075251
v 0.977457 -0.114778 0.071292
v 0.977457 0.041587 0.184276
v 0.977457 0.197951 0.184276
v 0.977457 0.225608 0.133975
v 0.977457 0.274520 0.084816
v 0.977457 -0.055638 0.074089
v 0.977457 0.008801 0.130348
v 0.977457 0.347180 0.075251
v 1.355212 0.313496 0.079685
v 1.355212 0.330447 0.099928
v 1.154531 0.275894 0.084635
v 1.154531 0.294594 0.106965
v 1.099095 0.313496 0.079685
v 1.099095 0.330447 0.099927
v 1.299775 0.275894 0.084635
v 1.299775 0.294594 0.106965
v 1.299775 0.274520 0.084816
v 1.299775 0.289561 0.107953
v 1.154531 0.274520 0.084816
v 1.154531 0.289561 0.107953
v 1.154531 0.246764 0.149553
v 1.154531 0.230012 0.129548
v 1.099095 0.228545 0.177649
v 1.099095 0.212276 0.158221
v 1.043658 0.275894 0.084635
v 1.043658 0.294594 0.106965
v 1.043658 0.246764 0.149553
v 1.043658 0.230012 0.129548
v 1.043658 0.274520 0.084816
v 1.043658 0.289561 0.107953
v 1.315475 0.240247 0.155888
v 1.299775 0.246764 0.149553
v 1.299775 0.230012 0.129548
v 1.310546 0.225607 0.133975
v 1.355212 0.228545 0.177649
v 1.355212 0.212276 0.158221
v 1.138832 0.240247 0.155888
v 1.143760 0.225608 0.133975
v 1.059357 0.240247 0.155888
v 1.054429 0.225608 0.133975
v 1.154531 -0.010997 0.151345
v 1.143254 -0.006324 0.155888
v 1.154531 0.008171 0.129798
v 1.153083 0.008801 0.130348
v 1.099095 0.007545 0.178657
v 1.099095 0.025737 0.158206
v 1.043658 -0.010997 0.151345
v 1.054935 -0.006324 0.155888
v 1.043658 0.008171 0.129798
v 1.045106 0.008801 0.130348
v 1.299775 -0.010997 0.151345
v 1.311052 -0.006324 0.155888
v 1.299775 0.008171 0.129798
v 1.301223 0.008801 0.130348
v 1.355212 0.007544 0.178657
v 1.355212 0.025737 0.158206
v 1.154531 -0.057571 0.107390
v 1.154531 -0.055638 0.107953
v 1.154531 -0.040052 0.087697
v 1.299775 -0.057571 0.107390
v 1.299775 -0.055638 0.107953
v 1.299775 -0.040052 0.087697
v 1.043658 -0.057571 0.107390
v 1.043658 -0.055638 0.107953
v 1.043658 -0.040052 0.087697
v 1.410648 -0.057571 0.107390
v 1.410648 -0.040052 0.087697
v 1.355212 -0.091599 0.097487
v 1.374814 -0.055638 0.074089
v 1.355212 -0.070174 0.073402
v 1.335610 -0.055638 0.074089
v 1.099095 -0.091599 0.097487
v 1.118696 -0.055638 0.074089
v 1.099095 -0.070174 0.073402
v 1.079493 -0.055638 0.074089
v 1.812009 0.275894 0.084635
v 1.812009 0.274520 0.084816
v 1.812009 0.289561 0.107953
v 1.812009 0.294594 0.106965
v 1.812009 0.246764 0.149553
v 1.812009 0.230012 0.129548
v 1.812009 -0.057572 0.107390
v 1.812009 -0.055638 0.107953
v 1.812009 -0.040052 0.087697
v 1.812009 -0.010998 0.151345
v 1.812009 0.008171 0.129798
v 1.847844 -0.055638 0.074089
v 1.867446 -0.091599 0.097487
v 1.867446 -0.070174 0.073402
v 1.666765 0.275894 0.084635
v 1.666765 0.294594 0.106965
v 1.611328 0.313495 0.079685
v 1.611328 0.330447 0.099928
v 1.666765 0.274520 0.084816
v 1.666765 0.289561 0.107953
v 1.611328 0.007544 0.178657
v 1.611328 0.025737 0.158206
v 1.666765 -0.010998 0.151345
v 1.655488 -0.006324 0.155888
v 1.666765 0.008171 0.129798
v 1.665317 0.008801 0.130348
v 1.666765 -0.057571 0.107390
v 1.666765 -0.055638 0.107953
v 1.666765 -0.040052 0.087697
v 1.666765 0.246764 0.149553
v 1.666765 0.230012 0.129548
v 1.611328 0.228545 0.177649
v 1.611328 0.212276 0.158221
v 1.651066 0.240247 0.155888
v 1.655994 0.225607 0.133975
v 1.611328 -0.091599 0.097487
v 1.630930 -0.055638 0.074089
v 1.611328 -0.070174 0.073402
v 1.555892 0.275894 0.084635
v 1.555892 0.294594 0.106965
v 1.571591 0.240247 0.155888
v 1.555892 0.246764 0.149553
v 1.555892 0.230012 0.129548
v 1.566664 0.225607 0.133975
v 1.555892 -0.057571 0.107390
v 1.555892 -0.040052 0.087697
v 1.591727 -0.055638 0.074089
v 1.555892 0.274520 0.084816
v 1.555892 0.289561 0.107953
v 1.555892 -0.010998 0.151345
v 1.567169 -0.006324 0.155888
v 1.555892 0.008171 0.129798
v 1.557340 0.008801 0.130348
v 1.555892 -0.055638 0.107953
v 1.410648 0.275894 0.084635
v 1.410648 0.294594 0.106965
v 1.410648 0.274520 0.084816
v 1.410648 0.289561 0.107953
v 1.410648 0.246764 0.149553
v 1.410648 0.230012 0.129548
v 1.394949 0.240247 0.155888
v 1.399877 0.225607 0.133975
v 1.410648 -0.010997 0.151345
v 1.399370 -0.006324 0.155888
v 1.410648 0.008171 0.129798
v 1.409200 0.008801 0.130348
v 1.410648 -0.055638 0.107953
v 2.178999 0.275894 0.084635
v 2.178999 0.294594 0.106965
v 2.123563 0.313495 0.079685
v 2.123563 0.330447 0.099928
v 1.867446 0.313495 0.079685
v 1.867446 0.330447 0.099928
v 2.178999 0.246764 0.149553
v 2.178999 0.230012 0.129548
v 2.068126 0.275894 0.084635
v 2.068126 0.274520 0.084816
v 2.068126 0.289561 0.107953
v 2.068126 0.294594 0.106965
v 1.922882 0.275894 0.084635
v 1.922882 0.274520 0.084816
v 1.922882 0.289561 0.107953
v 1.922882 0.294594 0.106965
v 1.922882 0.246764 0.149553
v 1.922882 0.230012 0.129548
v 2.123563 0.228545 0.177649
v 2.123563 0.212276 0.158221
v 2.163300 0.240247 0.155888
v 2.168228 0.225607 0.133975
v 2.083825 0.240247 0.155888
v 2.068126 0.246764 0.149553
v 2.068126 0.230012 0.129548
v 2.078897 0.225607 0.133975
v 1.907183 0.240247 0.155888
v 1.912111 0.225607 0.133975
v 1.867446 0.228545 0.177649
v 1.867446 0.212276 0.158221
v 1.827708 0.240247 0.155888
v 1.822780 0.225607 0.133975
v 2.068126 -0.010998 0.151345
v 2.079404 -0.006324 0.155888
v 2.068126 0.008171 0.129798
v 2.069575 0.008800 0.130348
v 2.123563 0.007544 0.178657
v 2.123563 0.025737 0.158206
v 1.823287 -0.006324 0.155888
v 1.813457 0.008800 0.130348
v 1.867446 0.007544 0.178657
v 1.867446 0.025737 0.158206
v 2.068126 -0.057572 0.107390
v 2.068126 -0.055638 0.107953
v 2.068126 -0.040053 0.087697
v 1.922882 -0.010998 0.151345
v 1.911604 -0.006324 0.155888
v 1.922882 0.008171 0.129798
v 1.921434 0.008800 0.130348
v 2.103961 -0.055638 0.074089
v 2.123563 -0.091599 0.097487
v 2.123563 -0.070174 0.073402
v 1.922882 -0.057572 0.107390
v 1.922882 -0.055638 0.107953
v 1.922882 -0.040053 0.087697
v 1.887047 -0.055638 0.074089
v 2.635797 0.313495 0.079685
v 2.635797 0.330447 0.099928
v 2.580359 0.275894 0.084635
v 2.580359 0.294593 0.106965
v 2.580359 0.274520 0.084816
v 2.580359 0.289561 0.107953
v 2.580359 0.246764 0.149553
v 2.580359 0.230012 0.129548
v 2.635797 0.007544 0.178657
v 2.635797 0.025737 0.158206
v 2.580359 -0.057572 0.107390
v 2.580359 -0.055639 0.107953
v 2.580359 -0.040053 0.087697
v 2.580359 -0.010998 0.151345
v 2.580359 0.008170 0.129798
v 2.435116 0.275894 0.084635
v 2.435116 0.294593 0.106965
v 2.379679 0.313495 0.079685
v 2.379679 0.330447 0.099928
v 2.435116 0.274520 0.084816
v 2.435116 0.289561 0.107953
v 2.399281 -0.055639 0.074089
v 2.379679 -0.091599 0.097487
v 2.379679 -0.070174 0.073402
v 2.435116 -0.057572 0.107390
v 2.435116 -0.040053 0.087697
v 2.435116 0.246764 0.149553
v 2.435116 0.230012 0.129548
v 2.379679 0.228545 0.177649
v 2.379679 0.212276 0.158221
v 2.419416 0.240247 0.155888
v 2.424344 0.225607 0.133975
v 2.435116 -0.010998 0.151345
v 2.423839 -0.006324 0.155888
v 2.435116 0.008170 0.129798
v 2.433668 0.008800 0.130348
v 2.379679 0.007544 0.178657
v 2.379679 0.025737 0.158206
v 2.435116 -0.055638 0.107953
v 2.339942 0.240247 0.155888
v 2.324243 0.246764 0.149553
v 2.324243 0.230012 0.129548
v 2.335015 0.225607 0.133975
v 2.324243 -0.010998 0.151345
v 2.335521 -0.006324 0.155888
v 2.324243 0.008170 0.129798
v 2.325691 0.008800 0.130348
v 2.360078 -0.055638 0.074089
v 2.324243 -0.057572 0.107390
v 2.324243 -0.040053 0.087697
v 2.324243 0.275894 0.084635
v 2.324243 0.274520 0.084816
v 2.324243 0.289561 0.107953
v 2.324243 0.294593 0.106965
v 2.324243 -0.055638 0.107953
v 2.178999 0.274520 0.084816
v 2.178999 0.289561 0.107953
v 2.178999 -0.010998 0.151345
v 2.167722 -0.006324 0.155888
v 2.178999 0.008170 0.129798
v 2.177551 0.008800 0.130348
v 2.178999 -0.057572 0.107390
v 2.178999 -0.055638 0.107953
v 2.178999 -0.040053 0.087697
v 2.143164 -0.055638 0.074089
v 2.596059 0.240247 0.155888
v 2.591131 0.225607 0.133975
v 2.635797 0.228545 0.177649
v 2.635797 0.212276 0.158221
v 2.591637 -0.006324 0.155888
v 2.581808 0.008800 0.130348
v 2.616194 -0.055639 0.074089
v 2.635797 -0.091599 0.097487
v 2.635797 -0.070174 0.073402
v 2.679956 -0.006324 0.155888
v 2.691233 -0.010998 0.151345
v 2.691233 0.008170 0.129798
v 2.689785 0.008800 0.130348
v 2.691233 -0.057572 0.107390
v 2.691233 -0.055639 0.107953
v 2.691233 -0.040053 0.087697
v 2.655398 -0.055639 0.074089
v 2.691233 0.275894 0.084635
v 2.691233 0.294593 0.106965
v 2.691233 0.274520 0.084816
v 2.691233 0.289561 0.107953
v 2.691233 0.246764 0.149553
v 2.691233 0.230012 0.129548
v 2.675534 0.240247 0.155888
v 2.680462 0.225607 0.133975
v 0.889465 -0.114778 -0.090742
v 0.889465 0.377250 -0.090742
v 2.832519 0.041586 -0.234547
v 2.832519 0.197950 -0.234547
v 2.832519 -0.114778 -0.090742
v 2.832519 0.377250 -0.090742
v 0.889465 0.197951 -0.234547
v 0.889465 0.041587 -0.234547
v 0.889465 -0.114778 -0.000001
v 0.889465 0.377250 -0.000001
v 2.832519 -0.114778 -0.000001
v 2.832519 0.377250 -0.000001
v 0.889465 0.197951 -0.000001
v 0.889465 0.041587 -0.000001
v 0.889465 0.240247 -0.155890
v 0.889465 0.289561 -0.107955
v 0.889465 0.274954 -0.000001
v 0.889465 0.250072 -0.000001
v 2.832519 0.289561 -0.107955
v 2.832519 0.240246 -0.155890
v 2.832519 -0.006324 -0.155890
v 2.832519 -0.055639 -0.107955
v 0.889465 -0.055638 -0.107955
v 0.889465 -0.006324 -0.155890
v 0.889465 -0.006324 -0.000001
v 0.889465 -0.055638 -0.000001
v 0.889465 0.405361 -0.110407
v 2.832519 0.405361 -0.110407
v 0.889465 0.405361 -0.000001
v 2.832519 0.405361 -0.000001
v 2.832519 0.010274 -0.264309
v 2.832519 0.229262 -0.264309
v 0.889465 0.229263 -0.264309
v 0.889465 0.010275 -0.264309
v 0.889465 -0.146262 -0.109493
v 2.832519 -0.146262 -0.109493
v 0.889465 -0.146262 -0.000001
v 2.832519 -0.146262 -0.000001
v 0.889465 -0.114778 -0.071294
v 2.832519 0.377250 -0.071294
v 0.889465 0.377250 -0.071294
v 2.832519 -0.114778 -0.071294
v 0.889465 0.041587 -0.184278
v 0.889465 0.197951 -0.184278
v 2.832519 0.041586 -0.184277
v 2.832519 0.197950 -0.184278
v 0.889465 0.225608 -0.133976
v 0.889465 0.274520 -0.084817
v 2.832519 0.225607 -0.133976
v 2.832519 0.274520 -0.084817
v 0.889465 -0.055638 -0.074091
v 0.889465 0.008801 -0.130350
v 2.832519 -0.055639 -0.074091
v 2.832519 0.008800 -0.130349
v 2.832519 0.405361 -0.086744
v 0.889465 0.405361 -0.086744
v 0.889465 -0.146262 -0.086026
v 2.832519 -0.146262 -0.086026
v 0.889465 0.351582 -0.095780
v 2.832519 0.347306 -0.000001
v 0.889465 0.347306 -0.000001
v 2.832519 0.351582 -0.095780
v 0.889465 0.347180 -0.075252
v 2.832519 0.347179 -0.075252
v 0.977457 -0.114778 -0.000001
v 0.977457 -0.114778 -0.071294
v 0.977457 0.041587 -0.184278
v 0.977457 0.197951 -0.184278
v 0.977457 0.225608 -0.133976
v 0.977457 0.274520 -0.084817
v 0.977457 -0.055638 -0.074091
v 0.977457 0.008801 -0.130350
v 0.977457 0.347306 -0.000001
v 0.977457 0.347180 -0.075252
v 1.355212 0.313496 -0.079687
v 1.355212 0.330447 -0.099929
v 1.154531 0.275894 -0.084636
v 1.154531 0.294594 -0.106967
v 1.099095 0.313496 -0.079687
v 1.099095 0.330447 -0.099929
v 1.299775 0.275894 -0.084636
v 1.299775 0.294594 -0.106967
v 1.299775 0.274520 -0.084817
v 1.299775 0.289561 -0.107955
v 1.154531 0.274520 -0.084817
v 1.154531 0.289561 -0.107955
v 1.154531 0.246764 -0.149555
v 1.154531 0.230012 -0.129550
v 1.099095 0.228545 -0.177651
v 1.099095 0.212276 -0.158223
v 1.043658 0.275894 -0.084636
v 1.043658 0.294594 -0.106967
v 1.043658 0.246764 -0.149555
v 1.043658 0.230012 -0.129550
v 1.043658 0.274520 -0.084817
v 1.043658 0.289561 -0.107955
v 1.315475 0.240247 -0.155890
v 1.299775 0.246764 -0.149555
v 1.299775 0.230012 -0.129550
v 1.310546 0.225607 -0.133976
v 1.355212 0.228545 -0.177651
v 1.355212 0.212276 -0.158223
v 1.138832 0.240247 -0.155890
v 1.143760 0.225607 -0.133976
v 1.059357 0.240247 -0.155890
v 1.054429 0.225607 -0.133976
v 1.154531 -0.010997 -0.151347
v 1.143254 -0.006324 -0.155890
v 1.154531 0.008171 -0.129800
v 1.153083 0.008801 -0.130350
v 1.099095 0.007544 -0.178658
v 1.099095 0.025737 -0.158208
v 1.043658 -0.010997 -0.151347
v 1.054935 -0.006324 -0.155890
v 1.043658 0.008171 -0.129800
v 1.045106 0.008801 -0.130350
v 1.299775 -0.010998 -0.151347
v 1.311052 -0.006324 -0.155890
v 1.299775 0.008171 -0.129800
v 1.301223 0.008801 -0.130350
v 1.355212 0.007544 -0.178658
v 1.355212 0.025737 -0.158208
v 1.154531 -0.057571 -0.107392
v 1.154531 -0.055638 -0.107955
v 1.154531 -0.040052 -0.087698
v 1.299775 -0.057571 -0.107392
v 1.299775 -0.055638 -0.107955
v 1.299775 -0.040052 -0.087698
v 1.043658 -0.057571 -0.107392
v 1.043658 -0.055638 -0.107955
v 1.043658 -0.040052 -0.087698
v 1.410648 -0.057571 -0.107392
v 1.410648 -0.040052 -0.087698
v 1.355212 -0.091599 -0.097488
v 1.374814 -0.055638 -0.074091
v 1.355212 -0.070174 -0.073404
v 1.335610 -0.055638 -0.074091
v 1.099095 -0.091599 -0.097488
v 1.118696 -0.055638 -0.074091
v 1.099095 -0.070174 -0.073404
v 1.079493 -0.055638 -0.074091
v 1.812009 0.275894 -0.084636
v 1.812009 0.274520 -0.084817
v 1.812009 0.289561 -0.107955
v 1.812009 0.294594 -0.106967
v 1.812009 0.246764 -0.149555
v 1.812009 0.230012 -0.129550
v 1.812009 -0.057572 -0.107392
v 1.812009 -0.055638 -0.107955
v 1.812009 -0.040053 -0.087698
v 1.812009 -0.010998 -0.151347
v 1.812009 0.008170 -0.129800
v 1.847844 -0.055638 -0.074091
v 1.867446 -0.091599 -0.097488
v 1.867446 -0.070174 -0.073404
v 1.666765 0.275894 -0.084636
v 1.666765 0.294594 -0.106967
v 1.611328 0.313495 -0.079687
v 1.611328 0.330447 -0.099929
v 1.666765 0.274520 -0.084817
v 1.666765 0.289561 -0.107955
v 1.611328 0.007544 -0.178658
v 1.611328 0.025737 -0.158208
v 1.666765 -0.010998 -0.151347
v 1.655488 -0.006324 -0.155890
v 1.666765 0.008171 -0.129800
v 1.665317 0.008800 -0.130350
v 1.666765 -0.057572 -0.107392
v 1.666765 -0.055638 -0.107955
v 1.666765 -0.040052 -0.087698
v 1.666765 0.246764 -0.149555
v 1.666765 0.230012 -0.129550
v 1.611328 0.228545 -0.177651
v 1.611328 0.212276 -0.158223
v 1.651066 0.240247 -0.155890
v 1.655994 0.225607 -0.133976
v 1.611328 -0.091599 -0.097488
v 1.630930 -0.055638 -0.074091
v 1.611328 -0.070174 -0.073404
v 1.555892 0.275894 -0.084636
v 1.555892 0.294594 -0.106967
v 1.571591 0.240247 -0.155890
v 1.555892 0.246764 -0.149555
v 1.555892 0.230012 -0.129550
v 1.566664 0.225607 -0.133976
v 1.555892 -0.057571 -0.107392
v 1.555892 -0.040052 -0.087698
v 1.591727 -0.055638 -0.074091
v 1.555892 0.274520 -0.084817
v 1.555892 0.289561 -0.107955
v 1.555892 -0.010998 -0.151347
v 1.567169 -0.006324 -0.155890
v 1.555892 0.008171 -0.129800
v 1.557340 0.008801 -0.130350
v 1.555892 -0.055638 -0.107955
v 1.410648 0.275894 -0.084636
v 1.410648 0.294594 -0.106967
v 1.410648 0.274520 -0.084817
v 1.410648 0.289561 -0.107955
v 1.410648 0.246764 -0.149555
v 1.410648 0.230012 -0.129550
v 1.394949 0.240247 -0.155890
v 1.399877 0.225607 -0.133976
v 1.410648 -0.010998 -0.151347
v 1.399370 -0.006324 -0.155890
v 1.410648 0.008171 -0.129800
v 1.409200 0.008801 -0.130350
v 1.410648 -0.055638 -0.107955
v 2.178999 0.275894 -0.084636
v 2.178999 0.294593 -0.106967
v 2.123563 0.313495 -0.079687
v 2.123563 0.330447 -0.099929
v 1.867446 0.313495 -0.079687
v 1.867446 0.330447 -0.099929
v 2.178999 0.246764 -0.149555
v 2.178999 0.230012 -0.129550
v 2.068126 0.275894 -0.084636
v 2.068126 0.274520 -0.084817
v 2.068126 0.289561 -0.107955
v 2.068126 0.294594 -0.106967
v 1.922882 0.275894 -0.084636
v 1.922882 0.274520 -0.084817
v 1.922882 0.289561 -0.107955
v 1.922882 0.294594 -0.106967
v 1.922882 0.246764 -0.149555
v 1.922882 0.230012 -0.129550
v 2.123563 0.228545 -0.177651
v 2.123563 0.212276 -0.158223
v 2.163300 0.240247 -0.155890
v 2.168228 0.225607 -0.133976
v 2.083825 0.240247 -0.155890
v 2.068126 0.246764 -0.149555
v 2.068126 0.230012 -0.129550
v 2.078897 0.225607 -0.133976
v 1.907183 0.240247 -0.155890
v 1.912111 0.225607 -0.133976
v 1.867446 0.228545 -0.177651
v 1.867446 0.212276 -0.158223
v 1.827708 0.240247 -0.155890
v 1.822780 0.225607 -0.133976
v 2.068126 -0.010998 -0.151347
v 2.079404 -0.006324 -0.155890
v 2.068126 0.008170 -0.129800
v 2.069575 0.008800 -0.130350
v 2.123563 0.007544 -0.178658
v 2.123563 0.025737 -0.158208
v 1.823287 -0.006324 -0.155890
v 1.813457 0.008800 -0.130350
v 1.867446 0.007544 -0.178658
v 1.867446 0.025737 -0.158208
v 2.068126 -0.057572 -0.107392
v 2.068126 -0.055638 -0.107955
v 2.068126 -0.040053 -0.087698
v 1.922882 -0.010998 -0.151347
v 1.911604 -0.006324 -0.155890
v 1.922882 0.008170 -0.129800
v 1.921434 0.008800 -0.130350
v 2.103961 -0.055638 -0.074091
v 2.123563 -0.091599 -0.097488
v 2.123563 -0.070174 -0.073403
v 1.922882 -0.057572 -0.107392
v 1.922882 -0.055638 -0.107955
v 1.922882 -0.040053 -0.087698
v 1.887047 -0.055638 -0.074091
v 2.635797 0.313495 -0.079687
v 2.635797 0.330446 -0.099929
v 2.580359 0.275894 -0.084636
v 2.580359 0.294593 -0.106967
v 2.580359 0.274520 -0.084817
v 2.580359 0.289561 -0.107955
v 2.580359 0.246764 -0.149555
v 2.580359 0.230012 -0.129550
v 2.635797 0.007544 -0.178658
v 2.635797 0.025737 -0.158208
v 2.580359 -0.057572 -0.107392
v 2.580359 -0.055639 -0.107955
v 2.580359 -0.040053 -0.087698
v 2.580359 -0.010998 -0.151347
v 2.580359 0.008170 -0.129800
v 2.435116 0.275894 -0.084636
v 2.435116 0.294593 -0.106967
v 2.379679 0.313495 -0.079686
v 2.379679 0.330447 -0.099929
v 2.435116 0.274520 -0.084817
v 2.435116 0.289561 -0.107955
v 2.399281 -0.055639 -0.074091
v 2.379679 -0.091599 -0.097488
v 2.379679 -0.070174 -0.073404
v 2.435116 -0.057572 -0.107392
v 2.435116 -0.040053 -0.087698
v 2.435116 0.246764 -0.149555
v 2.435116 0.230012 -0.129550
v 2.379679 0.228545 -0.177651
v 2.379679 0.212276 -0.158223
v 2.419416 0.240247 -0.155890
v 2.424344 0.225607 -0.133976
v 2.435116 -0.010998 -0.151347
v 2.423839 -0.006324 -0.155890
v 2.435116 0.008170 -0.129800
v 2.433668 0.008800 -0.130350
v 2.379679 0.007544 -0.178658
v 2.379679 0.025737 -0.158208
v 2.435116 -0.055639 -0.107955
v 2.339942 0.240247 -0.155890
v 2.324243 0.246764 -0.149555
v 2.324243 0.230012 -0.129550
v 2.335015 0.225607 -0.133976
v 2.324243 -0.010998 -0.151347
v 2.335521 -0.006324 -0.155890
v 2.324243 0.008170 -0.129800
v 2.325691 0.008800 -0.130350
v 2.360078 -0.055639 -0.074091
v 2.324243 -0.057572 -0.107392
v 2.324243 -0.040053 -0.087698
v 2.324243 0.275894 -0.084636
v 2.324243 0.274520 -0.084817
v 2.324243 0.289561 -0.107955
v 2.324243 0.294593 -0.106967
v 2.324243 -0.055639 -0.107955
v 2.178999 0.274520 -0.084817
v 2.178999 0.289561 -0.107955
v 2.178999 -0.010998 -0.151347
v 2.167722 -0.006324 -0.155890
v 2.178999 0.008170 -0.129800
v 2.177551 0.008800 -0.130350
v 2.178999 -0.057572 -0.107392
v 2.178999 -0.055638 -0.107955
v 2.178999 -0.040053 -0.087698
v 2.143164 -0.055638 -0.074091
v 2.596059 0.240247 -0.155890
v 2.591131 0.225607 -0.133976
v 2.635797 0.228545 -0.177651
v 2.635797 0.212276 -0.158223
v 2.591637 -0.006324 -0.155890
v 2.581808 0.008800 -0.130350
v 2.616194 -0.055639 -0.074091
v 2.635797 -0.091599 -0.097488
v 2.635797 -0.070174 -0.073403
v 2.679956 -0.006324 -0.155890
v 2.691233 -0.010998 -0.151347
v 2.691233 0.008170 -0.129799
v 2.689785 0.008800 -0.130349
v 2.691233 -0.057572 -0.107392
v 2.691233 -0.055639 -0.107955
v 2.691233 -0.040053 -0.087698
v 2.655398 -0.055639 -0.074091
v 2.691233 0.275894 -0.084636
v 2.691233 0.294593 -0.106967
v 2.691233 0.274520 -0.084817
v 2.691233 0.289561 -0.107955
v 2.691233 0.246764 -0.149555
v 2.691233 0.230012 -0.129550
v 2.675534 0.240247 -0.155890
v 2.680462 0.225607 -0.133976
v -0.253121 -0.298300 -0.094563
v -0.253121 -0.231033 -0.094563
v -0.277172 -0.275878 -0.094563
v -0.277172 -0.253456 -0.094563
v -0.253974 -0.178638 -0.106035
v -0.253974 -0.078936 -0.106035
v -0.199050 -0.178638 -0.106035
v -0.199050 -0.078936 -0.106035
v -0.237755 -0.196504 -0.106035
v -0.215269 -0.196504 -0.106035
v -0.215269 -0.078936 -0.106035
v -0.237755 -0.078936 -0.106035
v -0.160100 -0.648747 0.143965
v 0.508580 -0.525564 0.143965
v 0.508580 -0.020963 0.143965
v 0.507401 -0.584663 0.124776
v -0.319045 -0.020962 0.143965
v 0.538867 -0.579234 0.087322
v 0.533357 -0.547301 0.087322
v -0.160100 -0.489451 0.143965
v 0.508580 -0.239286 0.143965
v -0.160099 -0.020962 0.143965
v -0.160149 -0.321900 0.028978
v 0.508580 -0.525564 0.077839
v -0.180580 -0.670483 0.164018
v 0.533357 -0.547301 0.164018
v 0.508580 -0.239286 0.077839
v 0.538867 -0.579234 0.164018
v -0.175071 -0.702416 0.164018
v -0.148556 -0.697841 0.124776
v 0.491011 -0.530339 0.124776
v -0.133524 -0.632575 0.124776
v 0.491012 0.027979 0.124775
v -0.133524 0.027771 0.124775
v 0.508580 -0.026367 0.143965
v 0.508580 -0.026367 0.077839
v 0.589209 -0.145219 0.143965
v 0.589209 -0.145219 0.077839
v 0.589209 -0.026367 0.143965
v 0.589209 -0.026367 0.077839
v 0.636691 -0.110073 0.143965
v 0.636691 -0.110073 0.077839
v 0.636691 -0.061513 0.143965
v 0.636691 -0.061513 0.077839
v 0.548895 -0.026367 0.077839
v 0.539040 -0.183293 0.077839
v 0.539040 -0.183293 0.143965
v 0.548895 -0.026367 0.143965
v -0.160100 -0.648747 -0.143965
v 0.507401 -0.584663 0.000000
v 0.538867 -0.579234 -0.164018
v 0.508580 -0.525564 -0.143965
v 0.507401 -0.584663 -0.124775
v -0.319045 -0.020962 -0.143965
v 0.538867 -0.579234 -0.087322
v -0.319045 -0.334203 -0.143965
v 0.533357 -0.547301 -0.087322
v -0.252716 -0.343357 -0.143965
v -0.160100 -0.489451 -0.143965
v 0.508580 -0.239286 -0.143965
v -0.160099 -0.020962 -0.143965
v -0.252716 -0.343357 0.000000
v -0.179316 -0.398288 -0.143965
v -0.319045 -0.334203 0.000000
v -0.319045 -0.020962 -0.000000
v 0.508580 -0.525564 -0.077839
v -0.175071 -0.702416 0.000000
v -0.179316 -0.398288 0.000000
v -0.160100 -0.489451 0.000000
v 0.533357 -0.547301 -0.164018
v 0.508580 -0.239286 -0.077839
v -0.175071 -0.702416 -0.164018
v -0.160100 -0.648747 0.000000
v 0.508580 -0.525564 0.000000
v 0.508580 -0.239286 0.000000
v -0.180580 -0.670483 0.000000
v 0.533357 -0.547301 0.000000
v 0.538867 -0.579234 0.000000
v -0.148556 -0.697841 -0.124775
v -0.180580 -0.670483 -0.164018
v -0.148556 -0.697841 0.000000
v 0.491011 -0.530339 0.000000
v 0.491011 -0.530339 -0.124775
v -0.133524 -0.632575 -0.124775
v -0.133524 -0.632575 0.000000
v 0.491011 0.027979 -0.000000
v 0.491012 0.027979 -0.124776
v -0.133524 0.027771 -0.124776
v -0.133524 0.027771 -0.000000
v 0.508580 -0.026367 -0.000000
v 0.589209 -0.145219 -0.143965
v 0.589209 -0.145219 -0.077839
v 0.589209 -0.026367 -0.143965
v 0.589209 -0.026367 -0.077839
v 0.636691 -0.110073 -0.143965
v 0.636691 -0.110073 -0.077839
v 0.636691 -0.061513 -0.143965
v 0.636691 -0.061513 -0.077839
v 0.548895 -0.026367 -0.077839
v 0.539040 -0.183293 -0.077839
v 0.548895 -0.026367 -0.000000
v 0.539040 -0.183293 -0.143965
v 0.548895 -0.026367 -0.143965
v 0.539040 -0.183293 -0.000000
v -0.246863 -0.321600 0.143965
v -0.319045 -0.326103 0.143965
v -0.160128 -0.393242 0.143965
v -0.160149 -0.321900 0.143965
v -0.319045 -0.325576 0.000000
v -0.253974 -0.178638 -0.143965
v -0.237755 -0.078936 -0.143965
v -0.199050 -0.178638 -0.143965
v -0.215269 -0.196504 -0.143965
v -0.208334 -0.188864 -0.143965
v -0.253974 -0.078936 -0.143965
v -0.199050 -0.078936 -0.143965
v -0.237755 -0.196504 -0.143965
v -0.199050 -0.156549 -0.143965
v -0.215269 -0.078936 -0.143965
v -0.036367 -0.644172 -0.134162
v -0.034642 -0.022081 -0.137142
v -0.036367 -0.644172 -0.158261
v -0.034642 -0.022081 -0.161240
v 0.130366 -0.616598 -0.137142
v 0.130367 -0.022081 -0.137142
v 0.130366 -0.616598 -0.161240
v 0.130367 -0.022081 -0.161240
v -0.032048 -0.022081 -0.139263
v -0.032048 -0.022081 -0.159119
v 0.127772 -0.022081 -0.139263
v 0.127772 -0.022081 -0.159119
v -0.032048 -0.020916 -0.139263
v -0.032048 -0.020916 -0.159119
v 0.127772 -0.020916 -0.139263
v 0.127772 -0.020916 -0.159119
v -0.034642 -0.020916 -0.137169
v -0.034642 -0.020916 -0.161212
v 0.130366 -0.020916 -0.137169
v 0.130366 -0.020916 -0.161212
v -0.034642 0.007862 -0.137169
v -0.034642 0.007862 -0.161212
v 0.130366 0.007862 -0.137169
v 0.130366 0.007862 -0.161212
v 0.073160 -0.231033 -0.124775
v -0.133524 -0.231033 -0.124775
v 0.073160 -0.231033 -0.143965
v -0.133524 -0.231033 -0.094500
v -0.035222 -0.231033 -0.136141
v -0.035222 -0.231033 -0.160239
v 0.073160 -0.231033 -0.137142
v 0.073160 -0.231033 -0.161240
v -0.220448 -0.231033 -0.143965
v -0.253121 -0.231033 -0.143965
v -0.253121 -0.298300 -0.143965
v -0.277172 -0.275878 -0.143965
v -0.277172 -0.253456 -0.143965
v -0.133524 -0.253456 -0.094498
v -0.133524 -0.275878 -0.094498
v -0.133524 -0.298300 -0.094500
v -0.239772 -0.298300 -0.143965
v 0.073160 -0.298300 -0.124775
v -0.133524 -0.298300 -0.124775
v 0.073160 -0.298300 -0.143965
v -0.035408 -0.298300 -0.135819
v -0.035408 -0.298300 -0.159917
v 0.073160 -0.298300 -0.137142
v 0.073160 -0.298300 -0.161240
v 0.097655 -0.253456 -0.124775
v 0.097655 -0.253456 -0.143965
v 0.097655 -0.253456 -0.137142
v 0.097655 -0.253456 -0.161240
v 0.097655 -0.275878 -0.124775
v 0.097655 -0.275878 -0.143965
v 0.097655 -0.275878 -0.137142
v 0.097655 -0.275878 -0.161240
v -1.360230 -0.022303 0.126647
v -0.153988 -0.386091 0.126647
v -0.307210 -0.022303 0.126647
v -0.256096 -0.209013 0.126647
v -0.201786 -0.268039 0.126647
v -0.153988 -0.327065 0.126647
v -0.811399 -0.022303 0.126647
v -0.644231 -0.386091 0.126647
v -0.372859 -0.022303 0.126647
v -0.259396 -0.386091 0.126647
v -0.584813 -0.364500 0.126647
v -0.519039 -0.022303 0.126647
v -0.665219 -0.022303 0.126647
v -0.314214 -0.364500 0.126647
v -1.044889 -0.386091 0.126647
v -1.125850 -0.386091 0.060136
v -1.360230 -0.209012 0.060136
v -1.196683 -0.165311 0.126647
v -1.360230 -0.139508 0.126654
v -1.061213 -0.287116 0.126647
v -1.142940 -0.307246 0.060136
v -1.221211 -0.232853 0.060136
v -0.153988 -0.386091 -0.126647
v -0.307210 -0.022304 -0.126647
v -0.256096 -0.209013 -0.126647
v -0.201786 -0.268039 -0.126647
v -0.153988 -0.327065 -0.126647
v -0.811399 -0.022303 -0.126647
v -0.644231 -0.386091 -0.126647
v -0.372859 -0.022303 -0.126647
v -0.259396 -0.386091 -0.126647
v -0.584813 -0.364500 -0.126647
v -0.519039 -0.022303 -0.126647
v -0.665219 -0.022303 -0.126647
v -0.314214 -0.364500 -0.126647
v -1.044889 -0.386091 -0.126647
v -1.125850 -0.386091 -0.060136
v -1.360230 -0.209012 -0.060136
v -1.196683 -0.165311 -0.126647
v -1.360230 -0.139508 -0.126654
v -1.221211 -0.232853 0.000000
v -1.142940 -0.307246 0.000000
v -1.360230 -0.139508 0.000000
v -1.360230 -0.209012 0.000000
v -1.360230 -0.022303 0.000000
v -1.061213 -0.287116 -0.126647
v -1.142940 -0.307246 -0.060136
v -1.221211 -0.232853 -0.060136
v -0.153988 -0.386091 0.000000
v -0.256096 -0.209013 0.000000
v -0.153988 -0.327065 0.000000
v -0.201786 -0.268039 0.000000
v -0.259396 -0.386091 0.000000
v -0.584813 -0.364500 0.000000
v -0.314214 -0.364500 0.000000
v -0.644231 -0.386091 0.000000
v -1.044889 -0.386091 0.000000
v -1.125850 -0.386091 0.000000
v -0.958554 -0.690103 -0.095319
v -0.636584 -0.690103 0.095319
v -0.636584 -0.378510 0.095319
v -0.636584 -0.690103 -0.095319
v -0.636584 -0.378510 -0.095319
v -0.636584 -0.658944 -0.095319
v -0.636584 -0.658944 0.095319
v -0.958554 -0.690103 0.095319
v -0.701969 -0.437255 -0.095319
v -0.721493 -0.525774 -0.095319
v -0.702410 -0.608216 -0.095319
v -0.701969 -0.437255 0.095319
v -0.721493 -0.525774 0.095319
v -0.702410 -0.608216 0.095319
v -0.719704 -0.533503 -0.095319
v -0.719704 -0.533503 0.095319
v -1.094216 -0.378510 0.059643
v -1.046844 -0.397227 0.095319
v -1.047367 -0.385526 0.095319
v -1.046844 -0.378510 0.095319
v -1.046844 -0.397227 -0.095319
v -1.094216 -0.378510 -0.059643
v -1.046844 -0.378510 -0.095319
v -1.047367 -0.385526 -0.095319
v -1.094216 -0.407722 -0.059643
v -1.046844 -0.423632 -0.095319
v -1.073702 -0.450422 -0.095319
v -1.046844 -0.423632 0.095319
v -1.094216 -0.407722 0.059643
v -1.073702 -0.450422 0.095319
v -0.245878 -0.695431 0.092885
v -0.245878 -0.652741 0.092885
v -0.245878 -0.695431 -0.092883
v -0.245878 -0.652741 -0.092883
v -0.146105 -0.695431 0.092885
v -0.146105 -0.652741 0.092885
v -0.146105 -0.695431 -0.092883
v -0.146105 -0.652741 -0.092883
v -0.280794 -0.372831 0.092885
v -0.280794 -0.372831 -0.092883
v -0.146105 -0.366053 0.092885
v -0.146105 -0.366053 -0.092883
v -0.146105 -0.581069 -0.092883
v -0.146105 -0.509397 -0.092883
v -0.146105 -0.437725 -0.092883
v -0.146105 -0.437725 0.092885
v -0.146105 -0.509397 0.092885
v -0.146105 -0.581069 0.092885
v -0.197799 -0.591218 0.092885
v -0.184510 -0.504428 0.092885
v -0.209383 -0.430674 0.092885
v -0.209383 -0.430674 -0.092883
v -0.184510 -0.504428 -0.092883
v -0.197799 -0.591218 -0.092883
v -0.268803 -0.143589 0.123482
v -0.268803 -0.053488 0.123482
v 0.481551 -0.143589 0.123482
v 0.481551 -0.053488 0.123482
v 0.524873 -0.118764 0.123482
v 0.524873 -0.078313 0.123482
v -0.320105 -0.118785 0.123482
v -0.320105 -0.078291 0.123482
v -0.148866 -0.143589 0.123482
v -0.148866 -0.053488 0.123482
v -0.056890 -0.053488 0.123482
v -0.056890 -0.143589 0.123482
v -0.148866 -0.417295 0.123482
v -0.056890 -0.417295 0.123482
v -0.127330 -0.448171 0.123482
v -0.078426 -0.448171 0.123482
v -0.056890 -0.361770 0.123482
v -0.148866 -0.361770 0.123482
v -0.148866 -0.313310 0.123482
v -0.056890 -0.326355 0.123482
v -0.299592 -0.361769 0.123482
v -0.299592 -0.313310 0.123482
v -0.319384 -0.350941 0.123482
v -0.319384 -0.324139 0.123482
v -0.268803 -0.143589 0.144035
v -0.258517 -0.125481 0.165571
v -0.268803 -0.053488 0.144035
v -0.258517 -0.071547 0.165571
v 0.481551 -0.143589 0.144035
v 0.471036 -0.125499 0.165571
v 0.481551 -0.053488 0.144035
v 0.471036 -0.071569 0.165571
v 0.503282 -0.110602 0.165571
v 0.524873 -0.118764 0.144035
v 0.503282 -0.086492 0.165571
v 0.524873 -0.078313 0.144035
v -0.298515 -0.109878 0.165571
v -0.320105 -0.118785 0.144035
v -0.298515 -0.087151 0.165571
v -0.320105 -0.078291 0.144035
v -0.148866 -0.143589 0.144035
v -0.128690 -0.125496 0.165571
v -0.148866 -0.071528 0.165571
v -0.148866 -0.053488 0.144035
v -0.077522 -0.125514 0.165571
v -0.056890 -0.143589 0.144035
v -0.056890 -0.071535 0.165571
v -0.056890 -0.053488 0.144035
v -0.148866 -0.417295 0.144035
v -0.128186 -0.407003 0.165571
v -0.056890 -0.417295 0.144035
v -0.077580 -0.407003 0.165571
v -0.118467 -0.427754 0.165571
v -0.127330 -0.448171 0.144035
v -0.087336 -0.427754 0.165571
v -0.078426 -0.448171 0.144035
v -0.128195 -0.350906 0.165571
v -0.148866 -0.361770 0.144035
v -0.056890 -0.361770 0.144035
v -0.077535 -0.361770 0.165571
v -0.077516 -0.326355 0.165571
v -0.056890 -0.326355 0.144035
v -0.148866 -0.313310 0.144035
v -0.128690 -0.324027 0.165571
v -0.299592 -0.350896 0.165571
v -0.299592 -0.361769 0.144035
v -0.299592 -0.313310 0.144035
v -0.299592 -0.324051 0.165571
v -0.309259 -0.345581 0.165571
v -0.319384 -0.350941 0.144035
v -0.309259 -0.329371 0.165571
v -0.319384 -0.324139 0.144035
v -0.304554 -0.137763 -0.098804
v -0.304554 -0.065685 -0.098804
v -0.304554 -0.137763 -0.169999
v -0.304554 -0.065685 -0.169999
v -0.148470 -0.137763 -0.098804
v -0.148470 -0.065685 -0.098804
v -0.148470 -0.137763 -0.169999
v -0.148470 -0.065685 -0.169999
v -0.200651 -0.137763 -0.169999
v -0.252374 -0.137763 -0.169999
v -0.252374 -0.065685 -0.169999
v -0.200651 -0.065685 -0.169999
v -0.252374 -0.137763 -0.098804
v -0.200651 -0.137763 -0.098804
v -0.200651 -0.065685 -0.098804
v -0.252374 -0.065685 -0.098804
v -0.304554 -0.124821 -0.098804
v -0.304554 -0.078627 -0.098804
v -0.304554 -0.078627 -0.189121
v -0.304554 -0.124821 -0.189121
v -0.252374 -0.078627 -0.098804
v -0.252374 -0.124821 -0.098804
v -0.252374 -0.078627 -0.189121
v -0.252374 -0.124821 -0.189121
v -0.148470 -0.078627 -0.189121
v -0.148470 -0.124821 -0.189121
v -0.148470 -0.078627 -0.098804
v -0.148470 -0.124821 -0.098804
v -0.200651 -0.078627 -0.098804
v -0.200651 -0.124821 -0.098804
v -0.200651 -0.078627 -0.189121
v -0.200651 -0.124821 -0.189121
v -1.254410 0.253033 0.133522
v -1.360484 0.253033 0.133522
v -1.240841 0.119511 0.188828
v -1.360484 0.119511 0.188828
v -1.139742 -0.014011 0.133522
v -1.360484 -0.014010 0.133522
v -1.360484 0.038988 0.155474
v -1.203341 0.038988 0.155474
v -1.139742 -0.128507 0.125764
v -1.360484 -0.128507 0.125764
v -1.254410 0.308340 -0.000000
v -1.360484 0.308340 -0.000000
v -1.254410 0.253033 -0.133522
v -1.360484 0.253033 -0.133522
v -1.240841 0.119511 -0.188828
v -1.360484 0.119511 -0.188828
v -1.139742 -0.014011 -0.133522
v -1.360484 -0.014010 -0.133522
v -1.360484 -0.069317 0.000000
v -1.360484 0.038988 -0.155474
v -1.203341 0.038988 -0.155474
v -1.254410 0.253033 -0.000000
v -1.240841 0.119511 -0.000000
v -1.139742 -0.014011 0.000000
v -1.203341 0.038988 -0.000000
v -1.139742 -0.128507 -0.125764
v -1.360484 -0.128507 -0.125764
v -1.360484 -0.128632 0.000000
v -1.139742 -0.128632 0.000000
v 0.045770 -0.132505 0.201315
v 0.058480 -0.145061 0.199346
v 0.058480 -0.045964 0.214881
v 0.045770 -0.058521 0.212913
v 0.058480 -0.141175 0.171804
v 0.045770 -0.128619 0.173772
v 0.045770 -0.054635 0.185371
v 0.058480 -0.042079 0.187339
v 0.102166 -0.145061 0.199346
v 0.114876 -0.132505 0.201315
v 0.114877 -0.058521 0.212913
v 0.102167 -0.045964 0.214881
v 0.114876 -0.128619 0.173772
v 0.102166 -0.141175 0.171804
v 0.102167 -0.042079 0.187339
v 0.114877 -0.054635 0.185371
v -0.317511 -0.113442 0.190910
v -0.317511 0.019351 0.209030
v -0.317511 -0.110057 0.166103
v -0.317511 0.022736 0.184224
v 0.481791 -0.113442 0.190910
v 0.481791 0.019351 0.209030
v 0.481791 -0.110057 0.166103
v 0.481791 0.022736 0.184224
v -0.263246 -0.156369 0.185052
v -0.263246 -0.152984 0.160246
v 0.427527 -0.156369 0.185052
v 0.427526 -0.152984 0.160246
v -0.007637 -0.110057 0.166103
v -0.007637 0.022737 0.184224
v -0.007637 -0.113442 0.190910
v -0.007637 0.019352 0.209030
v 0.004553 -0.152984 0.160246
v 0.004553 -0.156369 0.185052
v 0.171553 0.022737 0.184224
v 0.171553 -0.113442 0.190910
v 0.159412 -0.156369 0.185052
v 0.171553 -0.110057 0.166103
v 0.171553 0.019352 0.209030
v 0.159412 -0.152984 0.160246
v 0.451660 0.022736 0.184224
v 0.451660 -0.113442 0.190910
v 0.401487 -0.156369 0.185052
v 0.451660 -0.110057 0.166103
v 0.451660 0.019351 0.209030
v 0.401487 -0.152984 0.160246
v -0.285186 -0.110057 0.166103
v -0.285186 0.019351 0.209030
v -0.235310 -0.152984 0.160246
v -0.285186 0.022736 0.184224
v -0.285186 -0.113442 0.190910
v -0.235310 -0.156370 0.185052
v -0.285186 -0.112007 0.185114
v -0.007637 -0.112007 0.185114
v -0.007637 0.020787 0.203234
v 0.451660 0.020787 0.203234
v 0.171553 0.020787 0.203234
v 0.171553 -0.112007 0.185114
v 0.451660 -0.112007 0.185114
v -0.285186 0.020787 0.203234
v 0.483397 0.021571 0.166903
v 0.168213 0.021571 0.166903
v 0.483398 0.058813 0.167416
v 0.168213 0.058813 0.167416
v 0.483398 0.076989 0.199925
v 0.168213 0.076989 0.199925
v 0.483398 0.057924 0.231921
v 0.168213 0.057924 0.231921
v 0.483397 0.020682 0.231408
v 0.168213 0.020682 0.231408
v 0.483397 0.002505 0.198899
v 0.168213 0.002505 0.198899
v -0.004569 0.021571 0.166903
v -0.319753 0.021571 0.166903
v -0.004569 0.058813 0.167416
v -0.319753 0.058813 0.167416
v -0.004569 0.076989 0.199925
v -0.319753 0.076989 0.199925
v -0.004569 0.057924 0.231921
v -0.319753 0.057924 0.231921
v -0.004569 0.020682 0.231408
v -0.319753 0.020682 0.231408
v -0.004569 0.002505 0.198899
v -0.319753 0.002505 0.198899
v -0.711540 -0.688819 0.074664
v -0.711540 -0.668445 0.074664
v -0.711540 -0.688819 -0.074662
v -0.711540 -0.668445 -0.074662
v -0.202867 -0.688819 0.074664
v -0.202867 -0.668445 0.074664
v -0.202867 -0.688819 -0.074662
v -0.202867 -0.668445 -0.074662
v 0.859633 0.119264 0.215228
v 0.859633 -0.032925 0.152189
v 0.859633 -0.032925 -0.152189
v 0.859633 0.119264 -0.242696
v 0.859633 0.290876 -0.171612
v 0.859633 0.361960 -0.000000
v 0.859633 0.290876 0.171612
v 0.859633 0.119264 0.242696
v 0.859633 -0.052348 0.171612
v 0.859633 -0.123432 -0.000000
v 0.859633 -0.052348 -0.171612
v 0.716018 0.119264 -0.269334
v 0.716018 0.309712 -0.190448
v 0.716018 0.388598 -0.000000
v 0.716018 0.309712 0.190448
v 0.716018 0.119264 0.269334
v 0.716018 -0.071184 0.190448
v 0.716018 -0.150070 -0.000000
v 0.716018 -0.071184 -0.190448
v 0.698066 0.119264 -0.269334
v 0.698066 0.309712 -0.190448
v 0.698066 0.388598 -0.000000
v 0.698066 0.309712 0.190448
v 0.698066 0.119264 0.269334
v 0.698066 -0.071184 0.190448
v 0.698066 -0.150070 -0.000000
v 0.698066 -0.071184 -0.190448
v 0.698066 0.234086 -0.114822
v 0.698066 0.281647 -0.000000
v 0.698066 0.234086 0.114822
v 0.698066 0.119264 0.162383
v 0.698066 0.004443 0.114822
v 0.698066 -0.043118 -0.000000
v 0.698066 -0.084491 -0.000000
v 0.698066 0.263341 0.144076
v 0.698066 0.323019 -0.000000
v 0.698066 -0.024812 -0.144077
v 0.686421 0.234086 -0.114822
v 0.686421 0.281647 -0.000000
v 0.686421 0.234086 0.114822
v 0.686421 0.119264 0.162383
v 0.686421 0.004443 0.114822
v 0.686421 -0.043118 -0.000000
v 3.192547 0.618551 0.039089
v 3.192547 0.618552 -0.039091
v 3.356848 0.454250 0.039089
v 3.356848 0.618551 0.039089
v 3.356848 0.454250 -0.039091
v 3.356848 0.618551 -0.039091
v 3.227426 0.584883 0.039089
v 3.227426 0.584883 -0.039091
v 3.356848 0.584883 -0.039091
v 3.356848 0.584883 0.039089
v 3.301574 0.472226 -0.039091
v 3.286678 0.618551 -0.039091
v 3.301574 0.472226 0.039089
v 3.286678 0.618551 0.039089
v 3.301574 0.584883 0.039089
v 3.301574 0.584883 -0.039091
v 3.323518 0.618551 -0.039091
v 3.330593 0.454250 0.039089
v 3.330593 0.584883 -0.039091
v 3.330593 0.454250 -0.039091
v 3.323518 0.618551 0.039089
v 3.330593 0.584883 0.039089
v 3.227426 0.505645 0.039089
v 3.260844 0.472226 0.039089
v 3.260844 0.472226 -0.039091
v 3.227426 0.505645 -0.039091
v 2.930107 0.234870 0.045923
v 2.930108 0.334698 0.045923
v 2.930107 0.234870 -0.045925
v 2.930108 0.334698 -0.045925
v 3.348343 0.174504 0.045923
v 3.338283 0.334698 0.045923
v 3.348343 0.174504 -0.045925
v 3.338283 0.334697 -0.045925
v 3.308633 0.174504 -0.045925
v 3.298572 0.300158 -0.045925
v 3.308634 0.174504 0.045923
v 3.298572 0.300158 0.045923
v 2.971905 0.234870 -0.045925
v 2.971905 0.300158 0.045923
v 2.971905 0.300158 -0.045925
v 2.971905 0.234870 0.045923
v 3.017993 0.300158 -0.045925
v 3.039047 0.229840 0.045923
v 3.039047 0.229840 -0.045925
v 3.017993 0.300158 0.045923
v 3.229133 0.300158 -0.045925
v 3.229133 0.234870 0.045923
v 3.229133 0.234870 -0.045925
v 3.229133 0.300158 0.045923
v 3.249293 0.300158 -0.045925
v 3.254696 0.174504 0.045923
v 3.254696 0.174504 -0.045925
v 3.249293 0.300158 0.045923
v 3.247131 0.221046 -0.045925
v 3.239212 0.300158 0.045923
v 3.239212 0.300158 -0.045925
v 3.247131 0.221046 0.045923
v 2.930107 0.184565 0.045923
v 2.930107 0.184565 -0.045925
v 2.971905 0.184565 -0.045925
v 2.971905 0.184565 0.045923
v 3.027868 0.184565 0.045923
v 3.027868 0.184565 -0.045925
v 3.060195 0.236323 -0.045925
v 3.042719 0.300158 0.045923
v 3.042719 0.300158 -0.045925
v 3.060195 0.236323 0.045923
v 3.027868 0.209717 -0.045925
v 2.971905 0.209717 -0.045925
v 2.971905 0.209717 0.045923
v 3.027868 0.209717 0.045923
v 2.930107 0.209717 0.045923
v 2.930107 0.209717 -0.045925
v 3.326826 0.168567 0.065616
v 3.326826 0.652450 0.065616
v 2.937408 0.159938 0.039001
v 2.887578 0.159938 0.039001
v 3.370969 0.168566 0.065616
v 3.370969 0.652450 0.065616
v 2.937409 0.341528 0.039001
v 2.887578 0.341528 0.039001
v 3.326826 0.608750 0.065616
v 3.138630 0.608750 0.039001
v 3.088800 0.608750 0.039001
v 3.370969 0.608750 0.065616
v 3.124214 0.652450 0.065616
v 3.124214 0.652450 0.039001
v 3.088800 0.608750 0.065616
v 3.326826 0.608750 0.039001
v 3.180752 0.652450 0.065616
v 3.138630 0.608750 0.065616
v 3.370969 0.168566 0.039001
v 3.326826 0.652450 0.039001
v 2.887578 0.341527 0.065616
v 3.180752 0.652450 0.039001
v 2.937409 0.341527 0.065616
v 3.370969 0.608750 0.039001
v 2.887578 0.159938 0.065616
v 3.370969 0.652450 0.039001
v 2.937408 0.159938 0.065616
v 3.326826 0.168567 0.039001
v 3.326826 0.769980 0.092804
v 3.370969 0.769980 0.092804
v 3.230414 0.769980 0.092804
v 3.230414 0.774250 0.066606
v 3.286952 0.769980 0.092804
v 3.326826 0.774249 0.066606
v 3.286952 0.774250 0.066606
v 3.370969 0.774250 0.066606
v 3.314081 0.787403 0.096234
v 3.342675 0.787403 0.096234
v 3.260890 0.787403 0.096234
v 3.260890 0.791673 0.070035
v 3.297514 0.787403 0.096234
v 3.314081 0.791673 0.070035
v 3.297514 0.791673 0.070035
v 3.342675 0.791673 0.070035
v 3.326826 0.168566 -0.065618
v 3.326826 0.652450 -0.065618
v 2.937408 0.159938 -0.039003
v 2.887577 0.159938 -0.039003
v 3.370969 0.168566 -0.065618
v 3.370969 0.652450 -0.065618
v 2.937409 0.341527 -0.039003
v 2.887578 0.341527 -0.039003
v 3.326826 0.608750 -0.065618
v 3.138630 0.608750 -0.039003
v 3.088800 0.608750 -0.039003
v 3.370969 0.608750 -0.065618
v 3.124214 0.652450 -0.065618
v 3.124214 0.652450 -0.039003
v 3.088800 0.608750 -0.065618
v 3.326826 0.608750 -0.039003
v 3.180752 0.652450 -0.065618
v 3.138630 0.608750 -0.065618
v 3.370969 0.168566 -0.039003
v 3.326826 0.652450 -0.039003
v 2.887578 0.341527 -0.065618
v 3.180752 0.652450 -0.039003
v 2.937409 0.341527 -0.065618
v 3.370969 0.608750 -0.039003
v 2.887577 0.159938 -0.065618
v 3.370969 0.652450 -0.039003
v 2.937408 0.159938 -0.065618
v 3.326826 0.168567 -0.039003
v 3.326826 0.168566 -0.000001
v 3.326826 0.652450 -0.000001
v 3.370969 0.168566 -0.000001
v 3.370969 0.652450 -0.000001
v 3.370969 0.608750 -0.000001
v 3.326826 0.608750 -0.000001
v 3.124214 0.652450 -0.000001
v 3.088800 0.608750 -0.000001
v 3.180752 0.652450 -0.000001
v 3.138630 0.608750 -0.000001
v 2.887578 0.341527 -0.000001
v 2.937409 0.341527 -0.000001
v 2.887578 0.159938 -0.000001
v 2.937408 0.159938 -0.000001
v 3.326827 0.769980 -0.092806
v 3.370969 0.769980 -0.092806
v 3.230414 0.769980 -0.092806
v 3.230414 0.774250 -0.066608
v 3.286952 0.769980 -0.092806
v 3.326826 0.774249 -0.066608
v 3.286952 0.774250 -0.066608
v 3.370969 0.774250 -0.066608
v 3.314081 0.787403 -0.096236
v 3.342675 0.787403 -0.096236
v 3.260890 0.787403 -0.096236
v 3.260890 0.791673 -0.070037
v 3.297514 0.787403 -0.096236
v 3.314081 0.791673 -0.070037
v 3.297514 0.791673 -0.070037
v 3.342675 0.791673 -0.070037
v 2.858690 -0.019232 -0.042841
v 2.858690 0.057865 -0.042841
v 2.858690 -0.019232 0.042838
v 2.858690 0.057865 0.042838
v 3.016405 -0.019232 -0.042841
v 3.016405 0.057865 -0.042841
v 3.016405 -0.019232 0.042838
v 3.016405 0.057865 0.042838
v 2.987063 -0.047456 0.042838
v 2.888032 -0.047456 0.042838
v 2.888032 0.057865 0.042838
v 2.987064 0.057865 0.042838
v 2.888032 -0.047456 -0.042841
v 2.987063 -0.047456 -0.042841
v 2.987064 0.057865 -0.042841
v 2.888032 0.057865 -0.042841
v 3.254879 -0.019232 -0.042841
v 3.254879 0.057865 -0.042841
v 3.254879 -0.019232 0.042838
v 3.254879 0.057865 0.042838
v 3.382161 -0.019232 -0.042841
v 3.382161 0.057865 -0.042841
v 3.382161 -0.019232 0.042838
v 3.382161 0.057865 0.042838
v 3.352818 -0.047456 0.042838
v 3.284221 -0.047456 0.042838
v 3.284221 0.057865 0.042838
v 3.352819 0.057865 0.042838
v 3.284221 -0.047456 -0.042841
v 3.352819 -0.047456 -0.042841
v 3.352819 0.057865 -0.042841
v 3.284221 0.057865 -0.042841
v 3.251772 0.070561 -0.085571
v 3.386215 0.070561 -0.085571
v 3.251772 0.021157 -0.000001
v 3.386215 0.021157 -0.000001
v 3.251772 0.070561 0.085570
v 3.386215 0.070561 0.085570
v 3.251772 0.169370 0.085570
v 3.386215 0.169369 0.085570
v 3.251771 0.218773 -0.000001
v 3.386214 0.218773 -0.000001
v 3.251771 0.169369 -0.085571
v 3.386214 0.169369 -0.085571
v 2.831279 0.070561 -0.085571
v 3.028895 0.070561 -0.085571
v 2.831279 0.021157 -0.000001
v 3.028895 0.021157 -0.000001
v 2.831279 0.070561 0.085570
v 3.028895 0.070561 0.085570
v 2.831279 0.169369 0.085570
v 3.028895 0.169369 0.085569
v 2.831279 0.218773 -0.000001
v 3.028894 0.218773 -0.000001
v 2.831279 0.169369 -0.085571
v 3.028894 0.169369 -0.085571
v 4.248954 0.100259 -0.033811
v 4.248954 0.080742 -0.000007
v 4.248954 0.100259 0.033798
v 4.248954 0.139294 0.033798
v 4.248954 0.158811 -0.000007
v 4.248954 0.139294 -0.033811
v 4.248987 0.071855 -0.082982
v 4.248987 0.023944 0.000001
v 4.248987 0.071855 0.082984
v 4.248987 0.167675 0.082984
v 4.248987 0.215585 0.000001
v 4.248987 0.167675 -0.082982
v 4.248951 0.096228 -0.040797
v 4.248951 0.072678 -0.000007
v 4.248951 0.096228 0.040782
v 4.248951 0.143327 0.040782
v 4.248951 0.166877 -0.000007
v 4.248951 0.143327 -0.040797
v 4.314038 0.071855 -0.082982
v 4.314038 0.023944 0.000001
v 4.314038 0.071855 0.082984
v 4.314038 0.167675 0.082984
v 4.314038 0.215585 0.000001
v 4.314038 0.167675 -0.082982
v 4.314002 0.096228 -0.040797
v 4.314002 0.072678 -0.000007
v 4.314002 0.096228 0.040782
v 4.314002 0.143327 0.040782
v 4.314002 0.166877 -0.000007
v 4.314002 0.143327 -0.040797
v 4.314042 0.062091 -0.099890
v 4.314042 0.004419 0.000002
v 4.314042 0.062091 0.099893
v 4.314042 0.177436 0.099893
v 4.314042 0.235108 0.000002
v 4.314042 0.177436 -0.099890
v 4.313999 0.091430 -0.049109
v 4.313999 0.063082 -0.000008
v 4.313999 0.091430 0.049093
v 4.313999 0.148127 0.049093
v 4.313999 0.176475 -0.000008
v 4.313999 0.148127 -0.049109
v 4.363914 0.062091 -0.099890
v 4.363914 0.004419 0.000002
v 4.363914 0.062091 0.099893
v 4.363914 0.177436 0.099893
v 4.363914 0.235108 0.000002
v 4.363914 0.177436 -0.099890
v 4.363871 0.091430 -0.049109
v 4.363871 0.063082 -0.000008
v 4.363871 0.091430 0.049093
v 4.363871 0.148127 0.049093
v 4.363871 0.176475 -0.000008
v 4.363871 0.148127 -0.049109
v 4.363909 0.076050 -0.075716
v 4.363909 0.032335 0.000000
v 4.363909 0.076050 0.075717
v 4.363909 0.163480 0.075717
v 4.363909 0.207196 0.000000
v 4.363909 0.163480 -0.075716
v 4.363876 0.098289 -0.037225
v 4.363876 0.076801 -0.000007
v 4.363876 0.098289 0.037211
v 4.363876 0.141265 0.037211
v 4.363876 0.162752 -0.000007
v 4.363876 0.141265 -0.037225
v 4.383424 0.076050 -0.075716
v 4.383424 0.032335 0.000000
v 4.383424 0.076050 0.075717
v 4.383424 0.163480 0.075717
v 4.383424 0.207196 0.000000
v 4.383424 0.163480 -0.075716
v 4.383391 0.098289 -0.037225
v 4.383391 0.076801 -0.000007
v 4.383391 0.098289 0.037211
v 4.383392 0.141265 0.037211
v 4.383391 0.162752 -0.000007
v 4.383391 0.141265 -0.037225
v 4.383430 0.062110 -0.099858
v 4.383429 0.004456 0.000002
v 4.383429 0.062110 0.099861
v 4.383430 0.177417 0.099861
v 4.383430 0.235071 0.000002
v 4.383430 0.177417 -0.099858
v 4.383386 0.091440 -0.049093
v 4.383386 0.063101 -0.000008
v 4.383386 0.091440 0.049077
v 4.383386 0.148118 0.049077
v 4.383386 0.176457 -0.000008
v 4.383386 0.148118 -0.049093
v 4.431880 0.062110 -0.099858
v 4.431880 0.004456 0.000002
v 4.431880 0.062110 0.099861
v 4.431880 0.177417 0.099861
v 4.431880 0.235071 0.000002
v 4.431880 0.177417 -0.099858
v 4.431837 0.091440 -0.049093
v 4.431837 0.063101 -0.000008
v 4.431837 0.091440 0.049077
v 4.431837 0.148118 0.049077
v 4.431837 0.176457 -0.000008
v 4.431837 0.148118 -0.049093
v 4.431876 0.074380 -0.078608
v 4.431876 0.028996 0.000001
v 4.431876 0.074380 0.078609
v 4.431876 0.165150 0.078609
v 4.431876 0.210535 0.000001
v 4.431876 0.165150 -0.078608
v 4.431842 0.097469 -0.038646
v 4.431842 0.075160 -0.000007
v 4.431842 0.097469 0.038632
v 4.431842 0.142086 0.038632
v 4.431842 0.164394 -0.000007
v 4.431842 0.142086 -0.038646
v 4.248984 0.080059 -0.068773
v 4.248984 0.040353 0.000000
v 4.248984 0.080059 0.068773
v 4.248984 0.159472 0.068773
v 4.248984 0.199178 0.000000
v 4.248984 0.159472 -0.068773
v 4.452558 0.074380 -0.078608
v 4.452558 0.028996 0.000001
v 4.452558 0.074380 0.078609
v 4.452558 0.165150 0.078609
v 4.452558 0.210535 0.000001
v 4.452558 0.165150 -0.078608
v 4.452558 0.061984 -0.100080
v 4.452558 0.004202 0.000001
v 4.452558 0.061984 0.100081
v 4.452558 0.177546 0.100081
v 4.452558 0.235328 0.000001
v 4.452558 0.177547 -0.100080
v 4.830462 0.061984 -0.100080
v 4.830462 0.004202 0.000001
v 4.830462 0.061984 0.100081
v 4.830462 0.177547 0.100081
v 4.830462 0.235328 0.000001
v 4.830462 0.177546 -0.100080
v 4.830462 0.075023 -0.077494
v 4.830462 0.030282 0.000001
v 4.830462 0.075023 0.077495
v 4.830462 0.164507 0.077495
v 4.830462 0.209248 0.000001
v 4.830462 0.164507 -0.077494
v 4.463523 0.075024 -0.077494
v 4.463523 0.030282 0.000001
v 4.463523 0.075024 0.077495
v 4.463523 0.164507 0.077495
v 4.463523 0.209248 0.000001
v 4.463523 0.164507 -0.077494
v 4.463523 0.101726 -0.031244
v 4.463523 0.083687 0.000001
v 4.463523 0.101726 0.031246
v 4.463523 0.137805 0.031246
v 4.463523 0.155844 0.000001
v 4.463523 0.137805 -0.031244
v 4.307233 0.101726 -0.031244
v 4.307233 0.083687 0.000001
v 4.307233 0.101726 0.031246
v 4.307233 0.137804 0.031246
v 4.307233 0.155844 0.000001
v 4.307233 0.137804 -0.031244
v 4.794207 0.119770 0.077495
v 4.794207 0.119770 0.100081
v 4.794207 0.119770 -0.100080
v 4.794207 0.119770 -0.077494
v 4.744335 0.081482 0.077495
v 4.744335 0.081482 0.100081
v 4.744335 0.081482 -0.100080
v 4.744335 0.081482 -0.077494
v 4.564391 0.081482 0.077495
v 4.564391 0.081482 0.100081
v 4.564391 0.081482 -0.100080
v 4.564391 0.081482 -0.077494
v 4.744335 0.158058 0.077495
v 4.744335 0.158058 0.100081
v 4.744335 0.158058 -0.100080
v 4.744335 0.158058 -0.077494
v 4.514519 0.119770 0.077495
v 4.514519 0.119770 0.100081
v 4.514519 0.119770 -0.100080
v 4.514519 0.119770 -0.077494
v 4.564391 0.158058 0.077495
v 4.564391 0.158058 0.100081
v 4.564391 0.158058 -0.100080
v 4.564391 0.158058 -0.077494
v 4.744335 0.052386 0.038286
v 4.744335 0.026306 0.038286
v 4.744335 0.213224 0.038286
v 4.744335 0.187144 0.038286
v 4.514519 0.030284 -0.000002
v 4.514519 0.004204 -0.000002
v 4.514519 0.235327 -0.000002
v 4.514519 0.209247 -0.000002
v 4.564391 0.052389 -0.038290
v 4.564391 0.213221 -0.038290
v 4.564391 0.026309 -0.038290
v 4.564391 0.187141 -0.038290
v 4.744335 0.052389 -0.038290
v 4.744335 0.026309 -0.038290
v 4.744335 0.213221 -0.038290
v 4.744335 0.187141 -0.038290
v 4.564391 0.026306 0.038286
v 4.564391 0.213224 0.038286
v 4.564391 0.052386 0.038286
v 4.564391 0.187144 0.038286
v 4.794207 0.030283 -0.000002
v 4.794207 0.004204 -0.000002
v 4.794207 0.235326 -0.000002
v 4.794207 0.209247 -0.000002
v 4.272273 0.100260 -0.033811
v 4.272273 0.139294 0.033798
v 4.272273 0.158811 -0.000006
v 4.272273 0.139294 -0.033811
v 4.272303 0.040354 0.000000
v 4.272303 0.080060 0.068773
v 4.272303 0.159472 0.068773
v 4.272303 0.159472 -0.068773
v -0.277516 -0.026248 -0.163812
v -0.277515 0.051446 -0.163812
v -0.277516 -0.026248 -0.188864
v -0.277515 0.051446 -0.188864
v -0.175508 -0.026248 -0.163812
v -0.175508 0.051446 -0.163812
v -0.175508 -0.026248 -0.188864
v -0.175508 0.051446 -0.188864
v -0.249067 -0.059455 -0.163812
v -0.203957 -0.059455 -0.163812
v -0.209511 0.084653 -0.163812
v -0.243513 0.084653 -0.163812
v -0.203957 -0.127161 -0.188864
v -0.203957 -0.149309 -0.163601
v -0.249067 -0.149309 -0.163601
v -0.249067 -0.140864 -0.140016
v -0.203957 -0.140864 -0.140016
v -0.203957 -0.175509 -0.163601
v -0.249067 -0.175509 -0.163601
v -0.249067 -0.175374 -0.140016
v -0.203957 -0.175374 -0.140016
v -0.203957 -0.059455 -0.188864
v -0.249067 -0.059455 -0.188864
v -0.243513 0.084653 -0.188864
v -0.209511 0.084653 -0.188864
v -0.249067 -0.127161 -0.188864
v -0.249067 -0.122066 -0.163812
v -0.203957 -0.122066 -0.163812
v -0.218993 -0.149309 -0.163601
v -0.234030 -0.149309 -0.163601
v -0.234030 -0.140864 -0.140016
v -0.218993 -0.140864 -0.140016
v -0.218993 -0.192706 -0.163601
v -0.234030 -0.192706 -0.163601
v -0.234030 -0.192572 -0.140016
v -0.218993 -0.192572 -0.140016
v -0.948518 -0.224902 -0.134340
v -0.948518 -0.224902 -0.155357
v -0.925587 -0.169540 -0.134340
v -0.925587 -0.169540 -0.155357
v -0.870225 -0.122241 -0.134340
v -0.870225 -0.122241 -0.155357
v -0.814862 -0.169540 -0.134340
v -0.814862 -0.169540 -0.155357
v -0.791931 -0.224902 -0.134340
v -0.791931 -0.224902 -0.155357
v -0.814863 -0.280264 -0.134340
v -0.814863 -0.280264 -0.155357
v -0.870225 -0.303196 -0.134340
v -0.870225 -0.303196 -0.155357
v -0.925587 -0.280264 -0.134340
v -0.925587 -0.280264 -0.155357
v -0.897906 -0.158074 -0.134340
v -0.897906 -0.158074 -0.155357
v -0.842543 -0.158074 -0.134340
v -0.842543 -0.158074 -0.155357
v -0.830311 -0.430842 -0.166596
v -0.910138 -0.430842 -0.166596
v -0.830311 -0.430842 -0.151492
v -0.910138 -0.430842 -0.151492
v -0.830311 -0.268483 -0.166596
v -0.910138 -0.268483 -0.166596
v -0.830311 -0.268483 -0.151492
v -0.910138 -0.268483 -0.151492
v -0.856920 -0.453905 -0.182194
v -0.883529 -0.453905 -0.182194
v -0.883529 -0.453905 -0.151492
v -0.856920 -0.453905 -0.151492
v -0.883529 -0.245420 -0.151492
v -0.856920 -0.245420 -0.151492
v -0.883529 -0.245420 -0.182194
v -0.856920 -0.245420 -0.182194
v -1.150800 0.394733 0.152647
v -1.150800 0.307051 0.152647
v -0.998422 0.307051 0.057613
v -0.998422 0.394733 0.057613
v -1.276909 0.307051 0.057613
v -1.276909 0.394733 0.057613
v -1.276909 0.428651 0.057613
v -1.276909 0.307051 0.152647
v -1.276909 0.394733 0.152647
v -1.276909 0.428651 0.152647
v -1.150800 0.428651 0.152647
v -1.192836 0.394733 0.196800
v -1.234872 0.394733 0.196800
v -1.188439 0.428651 0.068166
v -1.234872 0.428651 0.057613
v -1.192836 0.428651 0.196800
v -1.234872 0.428651 0.196800
v -1.234872 0.307051 0.057613
v -1.188439 0.307051 0.068166
v -1.234872 0.307051 0.196800
v -1.192836 0.307051 0.196800
v -1.188442 0.428651 0.068187
v -1.209545 0.428651 0.013069
v -1.150800 0.428651 0.080844
v -1.150800 0.394733 0.080855
v -1.188442 0.394815 0.068187
v -1.209545 0.394815 0.013069
v -1.150800 0.394733 -0.152647
v -1.150800 0.307051 -0.152647
v -0.998422 0.307051 -0.057613
v -0.998422 0.394733 -0.057613
v -1.276909 0.428651 -0.000000
v -1.276909 0.307051 -0.057613
v -1.276909 0.394733 -0.057613
v -1.276909 0.428651 -0.057613
v -1.150800 0.307051 -0.000000
v -1.150800 0.394733 -0.000000
v -0.998422 0.307051 -0.000000
v -0.998422 0.394733 -0.000000
v -1.276909 0.307051 -0.000000
v -1.276909 0.394733 -0.000000
v -1.276909 0.307051 -0.152647
v -1.276909 0.394733 -0.152647
v -1.276909 0.428651 -0.152647
v -1.150800 0.428651 -0.152647
v -1.192836 0.394733 -0.196800
v -1.234872 0.394733 -0.196800
v -1.188439 0.428651 -0.068167
v -1.234872 0.428651 -0.057613
v -1.192836 0.428651 -0.196800
v -1.234872 0.428651 -0.196800
v -1.234872 0.307051 -0.057613
v -1.188439 0.307051 -0.068166
v -1.234872 0.428651 -0.000000
v -1.209545 0.307051 -0.000000
v -1.234872 0.307051 -0.000000
v -1.234872 0.307051 -0.196800
v -1.192836 0.307051 -0.196800
v -1.214615 0.428651 -0.000000
v -1.188442 0.428651 -0.068187
v -1.209545 0.428651 -0.013069
v -1.150800 0.428651 -0.080844
v -1.150800 0.394733 -0.080855
v -1.214615 0.394815 -0.000000
v -1.188442 0.394815 -0.068187
v -1.209545 0.394815 -0.013069
v -1.150800 0.377871 0.152647
v -1.276909 0.377871 0.057613
v -1.276909 0.377871 0.152647
v -1.276909 0.377871 -0.000000
v -1.192836 0.377871 0.196800
v -1.234872 0.377871 0.196800
v -1.150800 0.377871 -0.152647
v -1.276909 0.377871 -0.057613
v -1.276909 0.377871 -0.152647
v -1.192836 0.377871 -0.196800
v -1.234872 0.377871 -0.196800
v -1.276909 0.335505 -0.000000
v -1.192836 0.335505 0.196800
v -1.234872 0.335505 0.196800
v -1.192836 0.335505 -0.196800
v -1.234872 0.335505 -0.196800
v -1.150800 0.335505 0.152647
v -1.276909 0.335505 0.057613
v -1.276909 0.335505 0.152647
v -1.150800 0.335505 -0.152647
v -1.276909 0.335505 -0.057613
v -1.276909 0.335505 -0.152647
v -1.150800 0.378049 -0.100045
v -1.150800 0.335556 -0.099485
v -1.150800 0.307051 -0.123762
v -1.276909 0.307051 -0.123762
v -1.276909 0.394733 -0.123762
v -1.276909 0.428651 -0.123762
v -1.234872 0.307051 -0.154495
v -1.191500 0.307051 -0.157703
v -1.191500 0.428651 -0.157703
v -1.234872 0.428651 -0.154495
v -1.276909 0.377871 -0.123762
v -1.276909 0.335505 -0.123762
v -1.133005 0.307051 0.057613
v -1.150800 0.307051 0.080183
v -1.168175 0.307051 0.062485
v -1.150800 0.307051 0.035043
v -1.150800 0.394733 0.080183
v -1.133005 0.394733 0.057613
v -1.150800 0.394733 0.035043
v -1.168174 0.394771 0.062494
v -1.150800 0.307051 -0.080184
v -1.133005 0.307051 -0.057613
v -1.150800 0.307051 -0.035043
v -1.168175 0.307051 -0.062485
v -1.133005 0.394733 -0.057613
v -1.150800 0.394733 -0.080184
v -1.168173 0.394771 -0.062494
v -1.150800 0.394733 -0.035043
v -0.977634 0.324204 0.057613
v -0.977634 0.377579 0.057613
v -0.977634 0.324204 -0.057613
v -0.977634 0.377579 -0.057613
v -0.977634 0.324204 -0.000000
v -0.977634 0.377579 -0.000000
v 0.315656 0.324204 0.057613
v 0.315656 0.377579 0.057613
v 0.315656 0.324204 -0.057613
v 0.315656 0.377579 -0.057613
v 0.315656 0.324204 -0.000000
v 0.315656 0.377579 -0.000000
v -0.998422 0.394733 0.028807
v -0.998422 0.307051 0.028807
v -0.977634 0.377579 0.028807
v -0.977634 0.324204 0.028807
v 0.315656 0.377579 0.028807
v 0.315656 0.324204 0.028807
v -0.998422 0.394733 -0.028807
v -0.998422 0.307051 -0.028807
v -0.977634 0.377579 -0.028807
v -0.977634 0.324204 -0.028807
v 0.315656 0.377579 -0.028807
v 0.315656 0.324204 -0.028807
v -0.977634 0.366341 -0.000000
v 0.315656 0.366340 -0.000000
v -0.977634 0.366341 0.028807
v 0.315656 0.366340 0.028807
v -0.977634 0.366341 -0.028807
v 0.315656 0.366340 -0.028807
v -2.583762 -0.396235 0.102935
v -2.609818 -0.228811 0.102935
v -2.946877 -0.439328 0.081767
v -2.723759 -0.268691 0.081767
v -2.226497 -0.396235 0.102935
v -2.226497 -0.228811 0.102935
v -2.226497 -0.396235 0.081767
v -2.609818 -0.228811 0.081767
v -2.659659 -0.423358 0.102935
v -2.723759 -0.268691 0.102935
v -2.942335 -0.672165 0.081767
v -2.659659 -0.423358 0.081767
v -2.942335 -0.672165 0.102935
v -2.946877 -0.439328 0.102935
v -2.226497 -0.228811 0.081767
v -2.583762 -0.396235 0.081767
v -2.587886 -0.372001 0.081767
v -2.670760 -0.399227 0.081767
v -2.587688 -0.371007 0.102935
v -2.943019 -0.637080 0.081767
v -2.226497 -0.371007 0.102935
v -2.669319 -0.400052 0.102935
v -2.226497 -0.371007 0.081767
v -2.943019 -0.637080 0.102935
v -2.583762 -0.396235 -0.102935
v -2.609818 -0.228811 -0.102935
v -2.946877 -0.439328 -0.081767
v -2.723759 -0.268691 -0.081767
v -2.226497 -0.396235 -0.102935
v -2.226497 -0.228811 -0.102935
v -2.226497 -0.396235 -0.081767
v -2.609818 -0.228811 -0.081768
v -2.659659 -0.423358 -0.102935
v -2.723759 -0.268691 -0.102935
v -2.942335 -0.672165 -0.081767
v -2.659659 -0.423358 -0.081767
v -2.942335 -0.672165 -0.102935
v -2.946877 -0.439328 -0.102935
v -2.226497 -0.228811 -0.081767
v -2.583762 -0.396235 -0.081767
v -2.583762 -0.396235 0.000000
v -2.587886 -0.372001 -0.081767
v -2.226497 -0.396235 0.000000
v -2.587886 -0.372001 0.000000
v -2.659659 -0.423358 0.000000
v -2.670760 -0.399227 0.000000
v -2.942335 -0.672165 0.000000
v -2.670760 -0.399227 -0.081767
v -2.587688 -0.371007 -0.102935
v -2.943019 -0.637080 -0.081767
v -2.226497 -0.371007 -0.102935
v -2.669319 -0.400052 -0.102935
v -2.226497 -0.371007 -0.081767
v -2.943019 -0.637080 -0.102935
v -2.943019 -0.637080 0.000000
v -2.226497 -0.371007 0.000000
v -3.439574 -1.014357 0.093848
v -3.545317 0.242741 0.139507
v -3.532698 0.095259 0.163743
v -3.532698 0.095259 -0.163743
v -3.614000 0.236920 0.139507
v -3.508257 -1.020177 0.093848
v -3.439574 -1.014357 -0.093848
v -3.545317 0.242741 -0.139507
v -3.439574 -1.014357 0.000000
v -3.533536 0.102689 0.174542
v -3.533536 0.102689 -0.174542
v -3.503258 -0.257260 -0.118354
v -3.503258 -0.257260 0.118354
v -3.508257 -1.020178 -0.093848
v -3.614000 0.236920 -0.139507
v -3.508258 -1.020177 0.000000
v -3.582130 0.299179 0.000000
v -3.602220 0.096869 0.174542
v -3.602220 0.096868 -0.174542
v -3.564587 0.099110 0.000000
v -3.602220 0.096869 0.000000
v -3.571942 -0.263081 -0.118354
v -3.534309 -0.260840 0.000000
v -3.571942 -0.263081 0.000000
v -3.571942 -0.263081 0.118354
v -3.440876 -0.996341 -0.088041
v -3.619763 0.296938 0.000000
v -0.243971 -0.293507 0.172264
v -0.243971 -0.163162 0.172264
v -0.243971 -0.293507 0.088322
v -0.243971 -0.163162 0.088322
v -0.203078 -0.293507 0.172264
v -0.203078 -0.163162 0.172264
v -0.203078 -0.293507 0.088322
v -0.203078 -0.163162 0.088322
v -0.268270 -0.258934 0.172264
v -0.268270 -0.197735 0.172264
v -0.268270 -0.197735 0.088322
v -0.268270 -0.258934 0.088322
v -0.178779 -0.197735 0.088322
v -0.178779 -0.258934 0.088322
v -0.178779 -0.197735 0.172264
v -0.178779 -0.258934 0.172264
v -0.250394 -0.297079 -0.103240
v -0.250394 -0.232254 -0.103240
v -0.250394 -0.297079 -0.145382
v -0.250394 -0.232254 -0.145382
v 0.070736 -0.297079 -0.103073
v 0.070736 -0.232255 -0.103073
v 0.070736 -0.297079 -0.145215
v 0.070736 -0.232255 -0.145215
v -0.274066 -0.275471 -0.103240
v -0.274066 -0.253863 -0.103240
v -0.274066 -0.253863 -0.145382
v -0.274066 -0.275471 -0.145382
v 0.094845 -0.253863 -0.145215
v 0.094845 -0.275471 -0.145215
v 0.094845 -0.253863 -0.103073
v 0.094845 -0.275471 -0.103073
v 0.147483 0.180584 0.004922
v 0.161917 0.172932 0.008223
v 0.161917 0.157628 0.014823
v 0.147483 0.149976 0.018124
v 0.133049 0.157628 0.014823
v 0.133049 0.172932 0.008223
v 0.147483 0.131503 0.026395
v 0.161917 0.123851 0.029696
v 0.161916 0.108547 0.036296
v 0.147483 0.100895 0.039597
v 0.133049 0.108547 0.036296
v 0.133049 0.123851 0.029696
v 0.512508 0.119510 -0.108842
v -0.421764 0.119511 -0.108842
v 0.512508 0.196473 -0.076963
v -0.421764 0.196474 -0.076963
v 0.512508 0.228353 0.000000
v -0.421764 0.228353 0.000000
v 0.512508 0.196473 0.076963
v -0.421764 0.196474 0.076963
v 0.512508 0.119510 0.108843
v -0.421764 0.119511 0.108842
v 0.512508 0.042547 0.076963
v -0.421764 0.042548 0.076963
v 0.512508 0.010668 0.000000
v -0.421764 0.010668 0.000000
v 0.512508 0.042547 -0.076963
v -0.421764 0.042548 -0.076963
v 0.512508 0.119510 -0.075739
v 0.512508 0.173066 -0.053556
v 0.512508 0.195250 0.000000
v 0.512508 0.173066 0.053556
v 0.512508 0.119510 0.075740
v 0.512508 0.065954 0.053556
v 0.512508 0.043771 0.000000
v 0.512508 0.065954 -0.053556
v 0.567906 0.119510 -0.075739
v 0.567906 0.173066 -0.053556
v 0.567906 0.195250 0.000000
v 0.567906 0.173066 0.053556
v 0.567906 0.119510 0.075740
v 0.567906 0.065954 0.053556
v 0.567905 0.043771 0.000000
v 0.567905 0.065954 -0.053556
v 0.567906 0.119510 -0.099482
v 0.567906 0.189855 -0.070344
v 0.567906 0.218992 0.000000
v 0.567906 0.189855 0.070344
v 0.567906 0.119510 0.099482
v 0.567905 0.049166 0.070344
v 0.567905 0.020028 0.000000
v 0.567905 0.049166 -0.070344
v 0.627261 0.119510 -0.099482
v 0.627261 0.189854 -0.070344
v 0.627261 0.218992 0.000000
v 0.627261 0.189854 0.070344
v 0.627261 0.119510 0.099482
v 0.627260 0.049166 0.070344
v 0.627260 0.020028 0.000000
v 0.627260 0.049166 -0.070344
v 0.627261 0.119510 -0.072310
v 0.627261 0.170641 -0.051131
v 0.627261 0.191820 0.000000
v 0.627261 0.170641 0.051131
v 0.627261 0.119510 0.072310
v 0.627261 0.068379 0.051131
v 0.627260 0.047200 0.000000
v 0.627260 0.068379 -0.051131
v 0.602525 0.119510 -0.072310
v 0.602525 0.170641 -0.051131
v 0.602525 0.191821 0.000000
v 0.602525 0.170641 0.051131
v 0.602525 0.119510 0.072310
v 0.602524 0.068379 0.051131
v 0.602524 0.047200 0.000000
v 0.602524 0.068379 -0.051131
v 0.602524 0.119510 -0.011552
v 0.602524 0.127679 -0.008169
v 0.602524 0.131062 0.000000
v 0.602524 0.127679 0.008169
v 0.602524 0.119510 0.011553
v 0.602524 0.111341 0.008169
v 0.602524 0.107958 0.000000
v 0.602524 0.111341 -0.008169
v 0.257229 0.119512 -0.011552
v 0.257229 0.127680 -0.008169
v 0.257229 0.131064 0.000000
v 0.257229 0.127680 0.008169
v 0.257229 0.119512 0.011552
v 0.257229 0.111343 0.008169
v 0.257229 0.107959 0.000000
v 0.257229 0.111343 -0.008169
v -0.008503 0.196474 0.076963
v 0.037476 0.216196 0.029348
v 0.037476 0.071280 0.088865
v -0.008818 0.119511 0.108842
v 0.258180 0.216196 0.029348
v 0.258180 0.071279 0.088865
v 0.304473 0.119510 0.108842
v 0.304158 0.196474 0.076963
v 0.133049 0.122200 0.067952
v 0.161916 0.122200 0.067952
v 0.147483 0.114490 0.071118
v 0.161916 0.137620 0.061619
v 0.133049 0.137620 0.061619
v 0.147483 0.164053 0.050763
v 0.133049 0.171763 0.047597
v 0.147483 0.145330 0.058453
v 0.133049 0.187183 0.041264
v 0.161917 0.171763 0.047597
v 0.147483 0.194893 0.038098
v 0.161917 0.187183 0.041264
v -0.906969 0.740630 -0.058164
v -0.906969 0.740630 0.058164
v -0.884897 0.727887 -0.058164
v -0.884897 0.727887 0.058164
v -0.884897 0.702400 -0.058164
v -0.884897 0.702400 0.058164
v -0.906969 0.689656 -0.058164
v -0.906969 0.689656 0.058164
v -0.929042 0.702400 -0.058164
v -0.929042 0.702400 0.058164
v -0.929042 0.727887 -0.058164
v -0.929042 0.727887 0.058164
v -0.985833 0.724838 -0.047836
v -0.985833 0.704398 -0.047836
v -1.019658 0.724838 -0.033825
v -1.019658 0.704398 -0.033825
v -1.033669 0.724838 0.000000
v -1.033669 0.704398 0.000000
v -1.019658 0.724838 0.033825
v -1.019658 0.704398 0.033825
v -0.985833 0.724838 0.047836
v -0.985833 0.704398 0.047836
v -0.926691 0.724838 0.046727
v -0.926691 0.704398 0.046727
v -0.925717 0.724838 0.000000
v -0.925717 0.704398 0.000000
v -0.926691 0.724838 -0.046727
v -0.926691 0.704398 -0.046727
v -0.985833 0.704398 -0.016783
v -0.997701 0.704398 -0.011867
v -1.002616 0.704398 0.000000
v -0.997701 0.704398 0.011867
v -0.985833 0.704398 0.016783
v -0.973966 0.704398 0.011867
v -0.969051 0.704398 0.000000
v -0.973966 0.704398 -0.011867
v -0.985833 0.724835 -0.016783
v -0.997701 0.724835 -0.011867
v -1.002616 0.724835 0.000000
v -0.997701 0.724835 0.011867
v -0.985833 0.724835 0.016783
v -0.973966 0.724835 0.011867
v -0.969051 0.724835 0.000000
v -0.973966 0.724835 -0.011867
v -0.896189 0.785183 -0.047836
v -0.916629 0.785183 -0.047836
v -0.896189 0.819008 -0.033825
v -0.916629 0.819008 -0.033825
v -0.896189 0.833018 0.000000
v -0.916629 0.833018 0.000000
v -0.896189 0.819008 0.033825
v -0.916629 0.819008 0.033825
v -0.896189 0.785183 0.047836
v -0.916629 0.785183 0.047836
v -0.896189 0.726040 0.046727
v -0.916629 0.726040 0.046727
v -0.896189 0.725066 0.000000
v -0.916629 0.725066 0.000000
v -0.896189 0.726040 -0.046727
v -0.916629 0.726040 -0.046727
v -0.916629 0.785183 -0.021282
v -0.916629 0.800231 -0.015049
v -0.916629 0.806465 -0.000000
v -0.916629 0.800232 0.015049
v -0.916629 0.785183 0.021282
v -0.916629 0.770134 0.015049
v -0.916629 0.763901 -0.000000
v -0.916629 0.770134 -0.015049
v -0.896191 0.785183 -0.021282
v -0.896191 0.800231 -0.015049
v -0.896191 0.806465 -0.000000
v -0.896191 0.800232 0.015049
v -0.896191 0.785183 0.021282
v -0.896191 0.770134 0.015049
v -0.896191 0.763901 -0.000000
v -0.896191 0.770134 -0.015049
v -0.602425 0.502906 0.058495
v -0.602425 0.502906 -0.058495
v -0.509197 0.512233 0.058495
v -0.619388 0.693716 0.058495
v -0.509197 0.512233 -0.058495
v -0.619388 0.693716 -0.058495
v -0.647076 0.694389 0.058495
v -0.653020 0.562891 0.058495
v -0.653020 0.562891 -0.058495
v -0.647076 0.694389 -0.058495
v -0.759778 0.377627 0.121180
v -0.759778 0.453265 0.121180
v -0.759778 0.377627 0.096695
v -0.759778 0.453265 0.096695
v -0.498501 0.377627 0.121180
v -0.498501 0.453265 0.121180
v -0.498501 0.377627 0.096695
v -0.498501 0.453265 0.096695
v -0.585594 0.377627 0.096695
v -0.672686 0.377627 0.096695
v -0.672686 0.494452 0.096695
v -0.585593 0.494452 0.096695
v -0.672686 0.377627 0.121180
v -0.585593 0.377627 0.121180
v -0.585594 0.494452 0.121180
v -0.672686 0.494452 0.121180
v -0.759778 0.377627 -0.121180
v -0.759778 0.453265 -0.121180
v -0.759778 0.377627 -0.096695
v -0.759778 0.453265 -0.096695
v -0.498501 0.377627 -0.121180
v -0.498501 0.453265 -0.121180
v -0.498501 0.377627 -0.096695
v -0.498501 0.453265 -0.096695
v -0.585594 0.377627 -0.096695
v -0.672686 0.377627 -0.096695
v -0.672686 0.494452 -0.096695
v -0.585593 0.494452 -0.096695
v -0.672686 0.377627 -0.121180
v -0.585593 0.377627 -0.121180
v -0.585594 0.494452 -0.121180
v -0.672686 0.494452 -0.121180
v -0.640226 0.437617 0.098623
v -0.640226 0.650651 0.098623
v -0.816159 0.650651 0.098623
v -0.473362 0.443970 0.098623
v -0.473362 0.517441 0.098623
v -0.595411 0.517441 0.098623
v -0.640226 0.562256 0.098623
v -0.685041 0.551662 0.098623
v -0.640226 0.506848 0.098623
v -0.640226 0.711699 0.098623
v -0.816159 0.711699 0.098623
v -1.115928 0.437617 0.098623
v -1.166344 0.437617 0.063133
v -1.078164 0.650651 0.063133
v -1.034068 0.634313 0.098623
v -1.028230 0.650651 0.098623
v -0.769482 0.621874 0.098623
v -0.769482 0.533763 0.098623
v -1.033023 0.533763 0.098623
v -0.981539 0.621874 0.098623
v -1.033023 0.621874 0.098623
v -0.769482 0.571658 0.098623
v -0.640226 0.681175 0.098623
v -0.816159 0.681175 0.098623
v -1.010788 0.650651 0.098623
v -1.010788 0.681175 0.098623
v -0.625296 0.443970 0.098623
v -0.640226 0.437617 -0.098623
v -0.640226 0.650651 -0.098623
v -0.816159 0.650651 -0.098623
v -0.473362 0.443970 -0.098623
v -0.473362 0.517441 -0.098623
v -0.595411 0.517441 -0.098623
v -0.640226 0.562256 -0.098623
v -0.685041 0.551662 -0.098623
v -0.640226 0.506848 -0.098623
v -0.640226 0.711699 -0.098623
v -0.816159 0.711699 -0.098623
v -1.191244 0.437617 -0.000000
v -1.103064 0.650651 -0.000000
v -0.640226 0.437617 -0.000000
v -0.640226 0.650651 -0.000000
v -0.816159 0.650651 -0.000000
v -0.816159 0.711699 -0.000000
v -0.473362 0.443970 -0.000000
v -0.473362 0.517441 -0.000000
v -0.640226 0.711699 -0.000000
v -0.640226 0.562256 -0.000000
v -0.595411 0.517441 -0.000000
v -1.115928 0.437617 -0.098623
v -1.166344 0.437617 -0.063133
v -1.078164 0.650651 -0.063133
v -1.034068 0.634313 -0.098623
v -1.028230 0.650651 -0.098623
v -0.769482 0.621874 -0.098623
v -0.769482 0.533763 -0.098623
v -1.033023 0.533763 -0.098623
v -0.981539 0.621874 -0.098623
v -1.033023 0.621874 -0.098623
v -0.769482 0.571658 -0.098623
v -0.769482 0.621874 -0.000000
v -0.769482 0.533763 -0.000000
v -1.033023 0.533763 -0.000000
v -0.981539 0.621874 -0.000000
v -1.033023 0.621874 -0.000000
v -0.769482 0.571658 -0.000000
v -0.640226 0.681175 -0.098623
v -0.816159 0.681175 -0.098623
v -0.816159 0.681175 -0.000000
v -0.640226 0.681175 -0.000000
v -1.010788 0.650651 -0.098623
v -1.010788 0.650651 -0.000000
v -1.010788 0.681175 -0.098623
v -1.010788 0.681175 -0.000000
v -0.625296 0.443970 -0.098623
v -0.625296 0.443970 -0.000000
v -0.097106 -0.017535 -0.057020
v -0.097106 -0.017535 -0.018504
v -0.097106 0.004702 -0.018504
v -0.097106 0.015821 -0.037762
v -0.097106 0.004702 -0.057020
v -0.106181 -0.017535 -0.057020
v -0.106181 -0.028654 -0.037762
v -0.106181 -0.017535 -0.018504
v -0.106181 0.004702 -0.018504
v -0.106181 0.015821 -0.037762
v -0.106181 0.004702 -0.057020
v -0.097106 -0.066705 0.022716
v -0.097106 -0.044468 0.061232
v -0.097106 -0.033349 0.041974
v -0.097106 -0.044468 0.022716
v -0.106181 -0.066705 0.022716
v -0.106181 -0.077824 0.041974
v -0.106181 -0.066705 0.061232
v -0.106181 -0.044468 0.061232
v -0.106181 -0.033349 0.041974
v -0.106181 -0.044468 0.022716
v -0.097106 -0.103883 -0.052439
v -0.097106 -0.081645 -0.013922
v -0.106181 -0.103883 -0.052439
v -0.106181 -0.115002 -0.033180
v -0.106181 -0.103883 -0.013922
v -0.106181 -0.081645 -0.013922
v -0.106181 -0.070526 -0.033180
v -0.106181 -0.081645 -0.052439
v -0.075814 -0.029785 -0.078238
v 0.241067 -0.029785 -0.078238
v -0.075814 -0.053154 -0.037762
v 0.241067 -0.053154 -0.037762
v -0.075814 -0.029785 0.002714
v 0.241067 -0.029785 0.002714
v -0.075814 0.016952 0.002714
v 0.241067 0.016952 0.002714
v -0.075814 0.040321 -0.037762
v 0.241067 0.040321 -0.037762
v -0.075814 0.016952 -0.078238
v 0.241067 0.016952 -0.078238
v -0.085603 -0.026853 -0.073160
v -0.085603 -0.047290 -0.037762
v -0.085603 -0.026853 -0.002364
v -0.085603 0.014021 -0.002364
v -0.085603 0.034458 -0.037762
v -0.085603 0.014021 -0.073160
v -0.096396 -0.029552 -0.077834
v -0.096396 -0.052687 -0.037762
v -0.096396 -0.029552 0.002310
v -0.096396 0.016719 0.002310
v -0.096396 0.039854 -0.037762
v -0.096396 0.016719 -0.077834
v -0.096396 -0.031797 -0.081723
v -0.096396 -0.057178 -0.037762
v -0.096396 -0.031797 0.006199
v -0.096396 0.018965 0.006199
v -0.096396 0.044346 -0.037762
v -0.096396 0.018965 -0.081723
v -0.107189 -0.031797 -0.081723
v -0.107189 -0.057178 -0.037762
v -0.107189 -0.031797 0.006199
v -0.107189 0.018965 0.006199
v -0.107189 0.044346 -0.037762
v -0.107189 0.018965 -0.081723
v 0.271428 -0.023089 -0.066639
v 0.271428 -0.039761 -0.037762
v 0.271428 -0.023089 -0.008885
v 0.271428 0.010256 -0.008885
v 0.271428 0.026928 -0.037762
v 0.271428 0.010256 -0.066639
v 0.318704 -0.023089 -0.066639
v 0.318704 -0.039761 -0.037762
v 0.318704 -0.023089 -0.008885
v 0.318704 0.010256 -0.008885
v 0.318704 0.026928 -0.037762
v 0.318704 0.010256 -0.066639
v 0.318704 -0.020892 -0.012689
v 0.318704 0.008059 -0.012689
v 0.318704 0.022535 -0.037762
v -0.107189 -0.018598 -0.058862
v -0.107189 -0.030780 -0.037762
v -0.107189 -0.018598 -0.016663
v -0.107189 0.005765 -0.016663
v -0.107189 0.017947 -0.037762
v -0.107189 0.005765 -0.058862
v -0.097106 -0.018598 -0.058862
v -0.097106 -0.030780 -0.037762
v -0.097106 -0.018598 -0.016663
v -0.097106 0.005765 -0.016663
v -0.097106 0.017947 -0.037762
v -0.097106 0.005765 -0.058862
v -0.097106 -0.028654 -0.037762
v -0.075814 -0.078955 0.001498
v 0.241067 -0.078955 0.001498
v -0.075814 -0.102324 0.041974
v 0.241067 -0.102324 0.041974
v -0.075814 -0.078955 0.082450
v 0.241067 -0.078955 0.082450
v -0.075814 -0.032218 0.082450
v 0.241067 -0.032218 0.082450
v -0.075814 -0.008849 0.041974
v 0.241067 -0.008849 0.041974
v -0.075814 -0.032218 0.001498
v 0.241067 -0.032218 0.001498
v -0.085603 -0.076023 0.006576
v -0.085603 -0.096461 0.041974
v -0.085603 -0.076024 0.077372
v -0.085603 -0.035150 0.077372
v -0.085603 -0.014713 0.041974
v -0.085603 -0.035150 0.006576
v -0.096396 -0.078722 0.001902
v -0.096396 -0.101857 0.041974
v -0.096396 -0.078722 0.082046
v -0.096396 -0.032451 0.082046
v -0.096396 -0.009316 0.041974
v -0.096396 -0.032451 0.001902
v -0.096396 -0.080968 -0.001987
v -0.096396 -0.106349 0.041974
v -0.096396 -0.080968 0.085935
v -0.096396 -0.030206 0.085935
v -0.096396 -0.004824 0.041974
v -0.096396 -0.030205 -0.001987
v -0.107189 -0.080968 -0.001987
v -0.107189 -0.106349 0.041974
v -0.107189 -0.080968 0.085935
v -0.107189 -0.030206 0.085935
v -0.107189 -0.004824 0.041974
v -0.107189 -0.030205 -0.001987
v 0.271427 -0.072259 0.013097
v 0.271427 -0.088931 0.041974
v 0.271427 -0.072259 0.070851
v 0.271428 -0.038914 0.070851
v 0.271428 -0.022242 0.041974
v 0.271428 -0.038914 0.013097
v 0.318704 -0.072259 0.013097
v 0.318704 -0.088931 0.041974
v 0.318704 -0.072259 0.070851
v 0.318704 -0.038914 0.070851
v 0.318704 -0.022242 0.041974
v 0.318704 -0.038914 0.013097
v 0.318704 -0.070062 0.067047
v -0.107189 -0.067768 0.020875
v -0.107189 -0.079950 0.041974
v -0.107189 -0.067768 0.063074
v -0.107189 -0.043405 0.063074
v -0.107189 -0.031223 0.041974
v -0.107189 -0.043405 0.020875
v -0.097106 -0.067768 0.020875
v -0.097106 -0.079950 0.041974
v -0.097106 -0.067768 0.063074
v -0.097106 -0.043405 0.063074
v -0.097106 -0.031223 0.041974
v -0.097106 -0.043405 0.020875
v -0.097106 -0.077824 0.041974
v -0.097106 -0.066705 0.061232
v 0.318704 -0.041111 0.016901
v -0.075814 -0.116133 -0.073656
v 0.241067 -0.116133 -0.073656
v -0.075814 -0.139501 -0.033180
v 0.241067 -0.139501 -0.033180
v -0.075814 -0.116133 0.007295
v 0.241067 -0.116133 0.007295
v -0.075814 -0.069395 0.007295
v 0.241067 -0.069395 0.007295
v -0.075814 -0.046027 -0.033180
v 0.241067 -0.046027 -0.033180
v -0.075814 -0.069395 -0.073656
v 0.241067 -0.069395 -0.073656
v -0.085603 -0.113201 -0.068578
v -0.085603 -0.133638 -0.033180
v -0.085603 -0.113201 0.002218
v -0.085603 -0.072327 0.002218
v -0.085603 -0.051890 -0.033180
v -0.085603 -0.072327 -0.068578
v -0.096396 -0.115899 -0.073252
v -0.096396 -0.139035 -0.033180
v -0.096396 -0.115899 0.006891
v -0.096396 -0.069629 0.006891
v -0.096396 -0.046493 -0.033180
v -0.096396 -0.069629 -0.073252
v -0.096396 -0.118145 -0.077142
v -0.096396 -0.143526 -0.033180
v -0.096396 -0.118145 0.010781
v -0.096396 -0.067383 0.010781
v -0.096396 -0.042002 -0.033180
v -0.096396 -0.067383 -0.077142
v -0.107189 -0.118145 -0.077142
v -0.107189 -0.143526 -0.033180
v -0.107189 -0.118145 0.010781
v -0.107189 -0.067383 0.010781
v -0.107189 -0.042002 -0.033180
v -0.107189 -0.067383 -0.077142
v 0.271428 -0.109436 -0.062058
v 0.271428 -0.126109 -0.033180
v 0.271428 -0.109436 -0.004303
v 0.271428 -0.076092 -0.004303
v 0.271428 -0.059420 -0.033180
v 0.271428 -0.076092 -0.062058
v 0.318704 -0.109436 -0.062058
v 0.318704 -0.126109 -0.033180
v 0.318704 -0.109436 -0.004303
v 0.318704 -0.076092 -0.004303
v 0.318704 -0.059420 -0.033180
v 0.318704 -0.076092 -0.062058
v 0.318704 -0.121716 -0.033180
v 0.318704 -0.078288 -0.058253
v -0.107189 -0.104946 -0.054280
v -0.107189 -0.117128 -0.033180
v -0.107189 -0.104946 -0.012081
v -0.107189 -0.080582 -0.012081
v -0.107189 -0.068400 -0.033180
v -0.107189 -0.080582 -0.054280
v -0.097106 -0.104946 -0.054280
v -0.097106 -0.117128 -0.033180
v -0.097106 -0.104946 -0.012081
v -0.097106 -0.080582 -0.012081
v -0.097106 -0.068400 -0.033180
v -0.097106 -0.080582 -0.054280
v -0.097106 -0.115002 -0.033180
v -0.097106 -0.103883 -0.013922
v -0.097106 -0.070526 -0.033180
v -0.097106 -0.081645 -0.052439
v 0.318704 -0.107240 -0.058253
v 0.318704 -0.107240 -0.008108
v 0.318704 -0.035368 -0.037762
v 0.318704 0.008059 -0.062835
v 0.318704 -0.020892 -0.062835
v 0.364721 -0.020117 -0.061491
v 0.364721 -0.033817 -0.037762
v 0.364721 -0.020117 -0.014033
v 0.364721 0.007284 -0.014033
v 0.364721 0.020984 -0.037762
v 0.364721 0.007284 -0.061491
v 0.401674 -0.016220 -0.054743
v 0.401674 -0.026024 -0.037762
v 0.401674 -0.016220 -0.020782
v 0.401674 0.003387 -0.020782
v 0.401674 0.013191 -0.037762
v 0.401674 0.003387 -0.054743
v 0.440544 -0.009396 -0.042922
v 0.440544 -0.012375 -0.037762
v 0.440544 -0.009396 -0.032602
v 0.440544 -0.003437 -0.032602
v 0.440544 -0.000458 -0.037762
v 0.440544 -0.003437 -0.042922
v 0.318704 -0.070062 0.016901
v 0.318704 -0.026635 0.041974
v 0.318704 -0.084538 0.041974
v 0.318704 -0.041111 0.067047
v 0.364721 -0.069287 0.018245
v 0.364721 -0.082987 0.041974
v 0.364721 -0.069287 0.065703
v 0.364721 -0.041887 0.065703
v 0.364721 -0.028186 0.041974
v 0.364721 -0.041887 0.018245
v 0.401674 -0.065390 0.024994
v 0.401674 -0.075194 0.041974
v 0.401674 -0.065390 0.058954
v 0.401674 -0.045783 0.058954
v 0.401674 -0.035979 0.041974
v 0.401674 -0.045783 0.024994
v 0.440544 -0.058566 0.036814
v 0.440544 -0.061545 0.041974
v 0.440544 -0.058566 0.047134
v 0.440544 -0.052608 0.047134
v 0.440544 -0.049628 0.041974
v 0.440544 -0.052608 0.036814
v 0.318704 -0.078288 -0.008108
v 0.318704 -0.063813 -0.033180
v 0.364721 -0.106464 -0.056910
v 0.364721 -0.120164 -0.033180
v 0.364721 -0.106464 -0.009451
v 0.364721 -0.079064 -0.009451
v 0.364721 -0.065364 -0.033180
v 0.364721 -0.079064 -0.056910
v 0.401674 -0.102568 -0.050161
v 0.401674 -0.112371 -0.033181
v 0.401674 -0.102568 -0.016200
v 0.401674 -0.082961 -0.016200
v 0.401674 -0.073157 -0.033180
v 0.401674 -0.082961 -0.050161
v 0.440544 -0.095743 -0.038341
v 0.440544 -0.098722 -0.033181
v 0.440544 -0.095743 -0.028021
v 0.440544 -0.089785 -0.028021
v 0.440544 -0.086806 -0.033181
v 0.440544 -0.089785 -0.038341
v -0.128020 -0.684319 0.115834
v -0.128168 -0.017442 0.115834
v 0.439905 -1.308597 0.115834
v 0.371325 -0.937291 0.115834
v 0.464641 -0.672726 0.115834
v 0.464790 -0.017231 0.115834
v 0.349722 -0.676323 0.115834
v 0.125709 0.022668 0.095591
v -0.100199 -1.007676 0.115834
v 0.484888 -0.919319 0.115834
v 0.436653 -1.615799 0.115834
v -0.026940 -1.402902 0.115834
v 0.359888 -1.325062 0.115834
v 0.552521 -1.285423 0.115834
v 0.290636 -0.950060 0.115834
v 0.052896 -1.707308 0.115834
v 0.268120 -0.017231 0.115834
v 0.627846 -1.569713 0.115834
v 0.268068 -0.678880 0.115834
v 0.516071 -1.596655 0.115834
v 0.349814 -0.017231 0.115834
v 0.064948 -0.017231 0.115834
v 0.239137 -1.663410 0.115834
v 0.089961 -0.981817 0.115834
v 0.064995 -0.685237 0.115834
v 0.160885 -1.366012 0.115834
v 0.268604 0.022668 0.095591
v 0.297737 -1.649284 0.115834
v 0.149498 -0.972395 0.115834
v 0.125244 -0.683351 0.115834
v 0.219926 -1.353863 0.115834
v -0.127685 0.029319 0.092620
v 0.125226 -0.017231 0.115834
v 0.117567 -1.691720 0.115834
v -0.034493 -0.997278 0.115834
v -0.061529 -0.682237 0.115834
v 0.038219 -1.389494 0.115834
v 0.446346 -0.664400 0.090723
v 0.165939 -1.680059 0.115834
v 0.014652 -0.989501 0.115834
v -0.011796 -0.680680 0.115834
v 0.086955 -1.379465 0.115834
v -0.113696 -0.656991 0.090723
v -0.011887 -0.017442 0.115834
v -0.061645 -0.017442 0.115834
v 0.141754 -1.685889 0.094460
v -0.009921 -0.993390 0.094459
v -0.036662 -0.681459 0.094459
v 0.062586 -1.384480 0.094460
v 0.295352 -0.664400 0.069348
v 0.268438 -1.656347 0.094460
v 0.119730 -0.977106 0.094459
v 0.095119 -0.684294 0.094459
v 0.190405 -1.359937 0.094460
v 0.322582 -0.664400 0.069348
v 0.463126 -1.609418 0.094460
v 0.489599 -1.603036 0.094460
v 0.386560 -1.319574 0.094460
v 0.413233 -1.314085 0.094460
v 0.317533 -0.945804 0.094459
v 0.344429 -0.941547 0.094459
v 0.095087 -0.664400 0.069348
v -0.036766 -0.656991 0.069348
v 0.295286 -0.678028 0.094459
v 0.322504 -0.677175 0.094459
v 0.322583 -0.017231 0.094459
v 0.295352 -0.017231 0.094459
v -0.128020 -0.684319 0.061696
v 0.464790 -0.017231 0.061696
v -0.100199 -1.007676 0.061696
v -0.011888 -0.656991 0.090723
v -0.026940 -1.402902 0.061696
v 0.436653 -1.615799 0.061696
v -0.061645 -0.656991 0.090723
v 0.052896 -1.707308 0.061696
v -0.128168 -0.045035 0.061696
v 0.464641 -0.672726 0.061696
v 0.484888 -0.919319 0.061696
v 0.552521 -1.285423 0.061696
v 0.627846 -1.569713 0.061696
v 0.516071 -1.596655 0.061696
v 0.239137 -1.663410 0.061696
v 0.125226 -0.664400 0.090723
v 0.064948 -0.664400 0.090723
v 0.297737 -1.649284 0.061696
v 0.268120 -0.664400 0.090723
v 0.117567 -1.691720 0.061696
v 0.349814 -0.664400 0.090723
v 0.165939 -1.680059 0.061696
v 0.141754 -1.685889 0.050311
v 0.446347 -0.664400 0.061696
v 0.268438 -1.656347 0.050311
v -0.113696 -0.656991 0.061696
v 0.463126 -1.609418 0.050311
v 0.489599 -1.603036 0.050311
v -0.148975 -0.687983 0.061696
v -0.121332 -1.010117 0.061696
v -0.048213 -1.403024 0.061696
v 0.031624 -1.707143 0.061696
v -0.149124 -0.048699 0.061696
v -0.113696 -0.017442 0.115834
v 0.066966 -1.703917 0.115834
v -0.085905 -1.005414 0.115834
v -0.113554 -0.683866 0.115834
v -0.012764 -1.399985 0.115834
v 0.066966 -1.703917 0.061696
v -0.113696 -0.045035 0.061696
v 0.446347 -0.017231 0.115834
v 0.446207 -0.673303 0.115834
v 0.466672 -0.922202 0.115834
v 0.534457 -1.289140 0.115834
v 0.609917 -1.574035 0.115834
v 0.609917 -1.574035 0.061696
v 0.446347 -0.017231 0.061696
v -0.128020 -0.684319 0.090723
v 0.464790 -0.017231 0.090723
v -0.100199 -1.007676 0.090723
v 0.349814 -0.017231 0.090723
v -0.026940 -1.402902 0.090723
v 0.436653 -1.615799 0.090723
v 0.268120 -0.017231 0.090723
v 0.052896 -1.707308 0.090723
v 0.516071 -1.596655 0.090723
v 0.239137 -1.663410 0.090723
v 0.064948 -0.017231 0.090723
v 0.125226 -0.017231 0.090723
v 0.297737 -1.649284 0.090723
v -0.061645 -0.017442 0.090723
v 0.117567 -1.691720 0.090723
v -0.011887 -0.017442 0.090723
v 0.165939 -1.680059 0.090723
v 0.141754 -1.685889 0.073982
v -0.036766 -0.017442 0.069348
v 0.268438 -1.656347 0.073982
v 0.095087 -0.017231 0.069348
v 0.322583 -0.017231 0.069348
v 0.295352 -0.017231 0.069348
v 0.463126 -1.609418 0.073982
v 0.489599 -1.603036 0.073982
v -0.128168 -0.017442 0.090723
v 0.464641 -0.672726 0.090723
v 0.484888 -0.919319 0.090723
v 0.552521 -1.285423 0.090723
v 0.627846 -1.569713 0.090723
v 0.066966 -1.703917 0.090723
v -0.113696 -0.017442 0.090723
v 0.609917 -1.574035 0.090723
v 0.446347 -0.017231 0.090723
v -0.011404 0.029319 0.092620
v -0.061161 0.029319 0.092620
v 0.065431 0.022668 0.095591
v -0.113212 0.029319 0.092620
v 0.268604 0.015430 0.082173
v 0.125710 0.015430 0.082173
v -0.011404 0.022081 0.079202
v -0.061161 0.022081 0.079202
v 0.065431 0.015430 0.082173
v -0.127685 0.022081 0.079202
v -0.113212 0.022081 0.079202
v -0.128160 -0.040573 0.115834
v 0.464782 -0.046935 0.115834
v 0.268118 -0.047274 0.115834
v 0.349809 -0.047133 0.115834
v 0.064951 -0.047625 0.115834
v -0.061638 -0.040459 0.115834
v -0.036760 -0.040416 0.094459
v 0.095089 -0.047573 0.094459
v 0.322578 -0.047180 0.094459
v 0.295348 -0.047227 0.094459
v -0.128160 -0.075787 0.061696
v 0.464782 -0.046935 0.061696
v -0.149116 -0.079451 0.061696
v -0.113688 -0.040548 0.115834
v 0.446339 -0.046967 0.115834
v -0.128160 -0.040573 0.090723
v 0.464782 -0.046935 0.090723
v 0.125939 0.048881 0.060702
v 0.125939 0.033630 0.055151
v -0.127456 0.051633 0.054442
v -0.011175 0.051632 0.054442
v -0.060932 0.051632 0.054442
v 0.065660 0.048881 0.060702
v -0.112983 0.051633 0.054442
v 0.065660 0.033630 0.055151
v -0.011175 0.036382 0.048890
v -0.060932 0.036382 0.048890
v -0.127456 0.036382 0.048890
v -0.112983 0.036382 0.048890
v -0.128020 -0.684319 -0.115835
v -0.128168 -0.017442 -0.115835
v 0.439905 -1.308597 -0.115835
v 0.371325 -0.937291 -0.115835
v 0.464641 -0.672726 -0.115835
v 0.464790 -0.017231 -0.115835
v 0.349722 -0.676323 -0.115835
v 0.125709 0.022668 -0.095592
v -0.100199 -1.007676 -0.115835
v 0.436653 -1.615799 -0.000000
v 0.484888 -0.919320 -0.115835
v 0.436653 -1.615799 -0.115835
v -0.026940 -1.402902 -0.115835
v 0.359888 -1.325062 -0.115835
v 0.552521 -1.285423 -0.115835
v 0.290636 -0.950060 -0.115835
v 0.052896 -1.707308 -0.115835
v 0.268120 -0.017231 -0.115835
v 0.627846 -1.569713 -0.115835
v 0.268068 -0.678880 -0.115835
v -0.128168 -0.045035 -0.000001
v 0.464641 -0.672726 -0.000000
v 0.464790 -0.017231 -0.000001
v 0.484888 -0.919319 -0.000000
v 0.552521 -1.285423 -0.000000
v 0.052896 -1.707308 -0.000000
v 0.627846 -1.569713 -0.000000
v 0.516071 -1.596655 -0.115835
v 0.516071 -1.596655 -0.000000
v 0.349814 -0.017231 -0.115835
v 0.064948 -0.017231 -0.115835
v 0.239137 -1.663410 -0.115835
v 0.089961 -0.981817 -0.115835
v 0.064995 -0.685237 -0.115835
v 0.160885 -1.366012 -0.115835
v 0.268604 0.022668 -0.095592
v 0.239137 -1.663410 -0.000000
v 0.297737 -1.649284 -0.115835
v 0.149498 -0.972395 -0.115835
v 0.125244 -0.683351 -0.115835
v 0.219926 -1.353863 -0.115835
v -0.127685 0.029319 -0.092621
v 0.125226 -0.017231 -0.115835
v 0.297737 -1.649284 -0.000000
v -0.061645 -0.017442 -0.115835
v 0.117567 -1.691720 -0.000000
v 0.117567 -1.691720 -0.115835
v -0.034494 -0.997279 -0.115835
v -0.061529 -0.682238 -0.115835
v 0.038219 -1.389494 -0.115835
v 0.446347 -0.664400 -0.090724
v 0.165939 -1.680059 -0.115835
v 0.014652 -0.989501 -0.115835
v -0.011796 -0.680680 -0.115835
v 0.086955 -1.379465 -0.115835
v -0.113696 -0.656991 -0.090724
v -0.011887 -0.017442 -0.115835
v 0.165939 -1.680059 -0.000000
v 0.141754 -1.685889 -0.000000
v 0.141754 -1.685889 -0.094460
v -0.009921 -0.993390 -0.094460
v -0.036662 -0.681459 -0.094460
v 0.062586 -1.384480 -0.094460
v 0.295352 -0.664400 -0.069349
v 0.268438 -1.656347 -0.000000
v 0.268438 -1.656347 -0.094460
v 0.119730 -0.977106 -0.094460
v 0.095119 -0.684294 -0.094460
v 0.190405 -1.359937 -0.094460
v 0.322583 -0.664400 -0.069349
v 0.463126 -1.609418 -0.094460
v 0.489599 -1.603037 -0.094460
v 0.386560 -1.319574 -0.094460
v 0.413233 -1.314085 -0.094460
v 0.317533 -0.945804 -0.094460
v 0.344429 -0.941547 -0.094460
v 0.095087 -0.664400 -0.069349
v -0.036766 -0.656991 -0.069349
v 0.295286 -0.678028 -0.094460
v 0.322504 -0.677175 -0.094460
v 0.489599 -1.603036 -0.000000
v 0.463126 -1.609418 -0.000000
v 0.322583 -0.017231 -0.094460
v 0.295352 -0.017231 -0.094460
v -0.128020 -0.684319 -0.061697
v 0.464790 -0.017231 -0.061697
v -0.100199 -1.007676 -0.061697
v -0.011888 -0.656991 -0.090724
v -0.026940 -1.402902 -0.061696
v 0.436653 -1.615799 -0.061696
v -0.061645 -0.656991 -0.090724
v 0.052896 -1.707308 -0.061696
v -0.128168 -0.045035 -0.061697
v 0.464641 -0.672726 -0.061697
v 0.484888 -0.919320 -0.061697
v 0.552521 -1.285423 -0.061697
v 0.627846 -1.569713 -0.061696
v 0.516072 -1.596655 -0.061696
v 0.239137 -1.663410 -0.061696
v 0.125226 -0.664400 -0.090724
v 0.064948 -0.664400 -0.090724
v 0.297737 -1.649284 -0.061696
v 0.268120 -0.664400 -0.090724
v 0.117567 -1.691720 -0.061696
v 0.349814 -0.664400 -0.090724
v 0.165939 -1.680059 -0.061696
v 0.141754 -1.685889 -0.050312
v 0.446347 -0.664400 -0.061697
v 0.268438 -1.656347 -0.050312
v 0.446347 -0.664400 -0.000000
v -0.113696 -0.656991 -0.061697
v -0.113696 -0.656991 -0.000000
v 0.463126 -1.609418 -0.050312
v 0.489599 -1.603037 -0.050312
v -0.148975 -0.687983 -0.000000
v -0.149124 -0.048699 -0.000001
v -0.121332 -1.010117 -0.000000
v -0.048213 -1.403024 -0.000000
v 0.031624 -1.707143 -0.000000
v -0.148975 -0.687983 -0.061697
v -0.121332 -1.010117 -0.061697
v -0.048213 -1.403024 -0.061696
v 0.031624 -1.707143 -0.061696
v -0.149124 -0.048699 -0.061697
v -0.113696 -0.017442 -0.115835
v 0.066966 -1.703917 -0.000000
v 0.066966 -1.703917 -0.115835
v -0.085905 -1.005414 -0.115835
v -0.113554 -0.683866 -0.115835
v -0.012764 -1.399985 -0.115835
v -0.113696 -0.045035 -0.000001
v 0.066966 -1.703917 -0.061696
v -0.113696 -0.045035 -0.061697
v 0.446347 -0.017231 -0.115835
v 0.609917 -1.574035 -0.000000
v 0.446207 -0.673303 -0.115835
v 0.466672 -0.922202 -0.115835
v 0.534457 -1.289140 -0.115835
v 0.609917 -1.574035 -0.115835
v 0.446347 -0.017231 -0.000001
v 0.609917 -1.574035 -0.061696
v 0.446347 -0.017231 -0.061697
v -0.128020 -0.684319 -0.090724
v 0.464790 -0.017231 -0.090724
v -0.100199 -1.007676 -0.090724
v 0.349814 -0.017231 -0.090724
v -0.026940 -1.402902 -0.090724
v 0.436653 -1.615799 -0.090724
v 0.268120 -0.017231 -0.090724
v 0.052896 -1.707308 -0.090724
v 0.516071 -1.596655 -0.090724
v 0.239137 -1.663410 -0.090724
v 0.064948 -0.017231 -0.090724
v 0.125226 -0.017231 -0.090724
v 0.297737 -1.649284 -0.090724
v -0.061645 -0.017442 -0.090724
v 0.117567 -1.691720 -0.090724
v -0.011887 -0.017442 -0.090724
v 0.165939 -1.680059 -0.090724
v 0.141754 -1.685889 -0.073983
v -0.036766 -0.017442 -0.069349
v 0.268438 -1.656347 -0.073983
v 0.095087 -0.017231 -0.069349
v 0.322583 -0.017231 -0.069349
v 0.295352 -0.017231 -0.069349
v 0.463126 -1.609418 -0.073983
v 0.489599 -1.603037 -0.073983
v -0.128168 -0.017442 -0.090724
v 0.464641 -0.672726 -0.090724
v 0.484888 -0.919320 -0.090724
v 0.552521 -1.285423 -0.090724
v 0.627846 -1.569713 -0.090724
v 0.066966 -1.703917 -0.090724
v -0.113696 -0.017442 -0.090724
v 0.609917 -1.574035 -0.090724
v 0.446347 -0.017231 -0.090724
v -0.011404 0.029319 -0.092621
v -0.061161 0.029319 -0.092621
v 0.065431 0.022668 -0.095592
v -0.113212 0.029319 -0.092621
v 0.268604 0.015430 -0.082174
v 0.065431 0.015430 -0.082174
v 0.125709 0.015430 -0.082174
v -0.011404 0.022081 -0.079203
v -0.061161 0.022081 -0.079203
v -0.127685 0.022081 -0.079203
v -0.113212 0.022081 -0.079203
v -0.128160 -0.040573 -0.115835
v 0.464782 -0.046935 -0.115835
v 0.268118 -0.047274 -0.115835
v 0.464782 -0.046935 -0.000001
v 0.349809 -0.047133 -0.115835
v 0.064951 -0.047625 -0.115835
v -0.061638 -0.040459 -0.115835
v -0.036760 -0.040416 -0.094460
v 0.095089 -0.047573 -0.094460
v 0.322578 -0.047180 -0.094460
v 0.295348 -0.047227 -0.094460
v -0.128160 -0.075787 -0.061697
v 0.464782 -0.046935 -0.061697
v -0.149115 -0.079451 -0.000001
v -0.149115 -0.079451 -0.061697
v -0.113688 -0.040548 -0.115835
v 0.446339 -0.046967 -0.115835
v -0.128160 -0.040573 -0.090724
v 0.464782 -0.046935 -0.090724
v 0.125939 0.048881 -0.060703
v 0.065660 0.048881 -0.060703
v 0.125939 0.033630 -0.055152
v -0.127456 0.051632 -0.054443
v -0.011175 0.051632 -0.054443
v -0.060932 0.051632 -0.054443
v -0.112983 0.051632 -0.054443
v -0.011175 0.036382 -0.048891
v -0.060932 0.036382 -0.048891
v 0.065660 0.033630 -0.055152
v -0.127456 0.036382 -0.048891
v -0.112983 0.036382 -0.048891
v -1.211243 0.336517 -0.192063
v -1.211243 0.376495 -0.192063
v -1.161539 0.336517 -0.232633
v -1.161539 0.376495 -0.232633
v -1.095114 0.336516 -0.182998
v -1.095114 0.376495 -0.182998
v -1.112548 0.336516 -0.217789
v -1.112548 0.376495 -0.217789
v -1.216821 0.336517 -0.135973
v -1.216821 0.376495 -0.135973
v -1.119038 0.336516 -0.154018
v -1.119038 0.376495 -0.154018
v -1.143635 0.336516 -0.088241
v -1.143635 0.376495 -0.088241
v -1.113882 0.336516 -0.134342
v -1.113882 0.376495 -0.134342
v -1.047748 0.336516 -0.090408
v -1.047748 0.376495 -0.090408
v -1.044959 0.336516 -0.125055
v -1.044959 0.376495 -0.125055
v -0.951462 0.336516 -0.090701
v -0.951462 0.376495 -0.090701
v -0.963373 0.336516 -0.117629
v -0.963373 0.376495 -0.117629
v -0.981415 0.376495 -0.090385
v -0.985446 0.376495 -0.119595
v -0.985446 0.336516 -0.119595
v -0.981415 0.336516 -0.090385
v -0.956686 0.336516 -0.073171
v -0.956686 0.376495 -0.073171
v -0.972734 0.376495 -0.072404
v -0.972734 0.336516 -0.072404
v -0.629979 0.466440 -0.131000
v -0.655809 0.451527 -0.131000
v -0.629979 0.466440 0.131000
v -0.604148 0.451527 0.131000
v -0.604148 0.421701 0.131000
v -0.629979 0.406787 0.131000
v -0.655809 0.421701 0.131000
v -0.655809 0.451527 0.131000
v -0.906969 0.748654 -0.114618
v -0.877948 0.731899 -0.114618
v -0.877948 0.698388 -0.114618
v -0.906969 0.681632 -0.114618
v -0.935991 0.698388 -0.114618
v -0.935991 0.731899 -0.114618
v -0.906969 0.748654 -0.086472
v -0.906969 0.748654 0.086472
v -0.877948 0.731899 0.086472
v -0.877948 0.731899 -0.086472
v -0.877948 0.698388 0.086472
v -0.877948 0.698388 -0.086472
v -0.906969 0.681632 0.086472
v -0.906969 0.681632 -0.086472
v -0.935991 0.698388 0.086472
v -0.935991 0.698388 -0.086472
v -0.935991 0.731899 0.086472
v -0.935991 0.731899 -0.086472
v -0.906969 0.725997 -0.086472
v -0.906969 0.725997 0.086472
v -0.897570 0.720570 0.086472
v -0.897570 0.720570 -0.086472
v -0.897570 0.709716 0.086472
v -0.897570 0.709716 -0.086472
v -0.906969 0.704290 0.086472
v -0.906969 0.704289 -0.086472
v -0.916369 0.709716 0.086472
v -0.916369 0.709716 -0.086472
v -0.916369 0.720570 0.086472
v -0.916369 0.720570 -0.086472
v 0.532087 0.053644 0.176087
v -0.367369 0.053645 0.176087
v 0.532087 0.066895 0.199786
v -0.367369 0.066895 0.199786
v 0.532087 0.052996 0.223111
v -0.367369 0.052997 0.223111
v 0.532087 0.025847 0.222737
v -0.367369 0.025847 0.222737
v 0.532087 0.012596 0.199038
v -0.367369 0.012597 0.199038
v 0.532087 0.026495 0.175713
v -0.367369 0.026495 0.175713
v -0.684305 -0.643991 -0.098191
v -0.684305 -0.643991 0.098191
v -0.667761 -0.653543 -0.098191
v -0.667761 -0.653543 0.098191
v -0.667761 -0.672647 -0.098191
v -0.667761 -0.672647 0.098191
v -0.684305 -0.682199 -0.098191
v -0.684305 -0.682199 0.098191
v -0.700850 -0.672647 -0.098191
v -0.700850 -0.672647 0.098191
v -0.700850 -0.653543 -0.098191
v -0.700850 -0.653543 0.098191
v -0.211801 -0.643991 -0.098191
v -0.211801 -0.643991 0.098191
v -0.195257 -0.653543 -0.098191
v -0.195257 -0.653543 0.098191
v -0.195257 -0.672647 -0.098191
v -0.195257 -0.672647 0.098191
v -0.211801 -0.682199 -0.098191
v -0.211801 -0.682199 0.098191
v -0.228345 -0.672647 -0.098191
v -0.228345 -0.672647 0.098191
v -0.228345 -0.653543 -0.098191
v -0.228345 -0.653543 0.098191
v -0.581661 -0.262486 -0.130104
v -0.581661 -0.262486 0.130104
v -0.562203 -0.273720 -0.130104
v -0.562203 -0.273720 0.130104
v -0.562203 -0.296188 -0.130104
v -0.562203 -0.296188 0.130104
v -0.581661 -0.307423 -0.130104
v -0.581661 -0.307422 0.130104
v -0.601119 -0.296188 -0.130104
v -0.601119 -0.296188 0.130104
v -0.601119 -0.273720 -0.130104
v -0.601119 -0.273720 0.130104
v -0.367749 -0.183132 -0.130104
v -0.367749 -0.183132 0.130104
v -0.348292 -0.194366 -0.130104
v -0.348292 -0.194366 0.130104
v -0.348292 -0.216834 -0.130104
v -0.348292 -0.216834 0.130104
v -0.367749 -0.228068 -0.130104
v -0.367749 -0.228068 0.130104
v -0.387207 -0.216834 -0.130104
v -0.387207 -0.216834 0.130104
v -0.387207 -0.194366 -0.130104
v -0.387207 -0.194366 0.130104
v -1.074797 -0.050569 -0.135009
v -1.074797 -0.050569 0.135009
v -1.027965 -0.077607 -0.135009
v -1.027965 -0.077607 0.135009
v -1.027965 -0.131683 -0.135009
v -1.027965 -0.131683 0.135009
v -1.074797 -0.158721 -0.135009
v -1.074797 -0.158721 0.135009
v -1.121628 -0.131683 -0.135009
v -1.121628 -0.131683 0.135009
v -1.121628 -0.077607 -0.135009
v -1.121628 -0.077607 0.135009
v -0.870451 -0.171319 -0.135009
v -0.870451 -0.171319 0.135009
v -0.823619 -0.198357 -0.135009
v -0.823619 -0.198357 0.135009
v -0.823619 -0.252433 -0.135009
v -0.823619 -0.252433 0.135009
v -0.870451 -0.279471 -0.135009
v -0.870451 -0.279471 0.135009
v -0.917282 -0.252433 -0.135009
v -0.917282 -0.252433 0.135009
v -0.917282 -0.198357 -0.135009
v -0.917282 -0.198357 0.135009
v -0.232526 -0.242203 -0.150196
v -0.232526 -0.242203 -0.103815
v -0.212442 -0.253799 -0.150196
v -0.212442 -0.253799 -0.103815
v -0.212442 -0.276989 -0.150196
v -0.212442 -0.276989 -0.103815
v -0.232526 -0.288584 -0.150196
v -0.232526 -0.288584 -0.103815
v -0.252609 -0.276989 -0.150196
v -0.252609 -0.276989 -0.103815
v -0.252609 -0.253799 -0.150196
v -0.252609 -0.253798 -0.103815
v 0.572228 -0.035435 -0.158820
v 0.572228 -0.035435 0.158820
v 0.616040 -0.060730 -0.158820
v 0.616040 -0.060730 0.158820
v 0.616040 -0.111321 -0.158820
v 0.616040 -0.111321 0.158820
v 0.572228 -0.136616 -0.158820
v 0.572228 -0.136616 0.158820
v 0.528415 -0.111321 -0.158820
v 0.528415 -0.111320 0.158820
v 0.528415 -0.060730 -0.158820
v 0.528415 -0.060730 0.158820
v -1.337058 0.119511 -0.171732
v -1.392324 0.119511 -0.171732
v -1.337058 0.240944 -0.121433
v -1.392324 0.240944 -0.121433
v -1.337058 0.291243 -0.000000
v -1.392324 0.291243 -0.000000
v -1.337058 0.240944 0.121433
v -1.392324 0.240944 0.121433
v -1.337058 0.119511 0.171732
v -1.392324 0.119511 0.171732
v -1.337058 -0.001922 0.121433
v -1.392324 -0.137963 0.112856
v -1.337058 -0.137963 0.112856
v -1.392324 -0.001922 0.121433
v -1.337058 -0.001922 -0.121433
v -1.392324 -0.001922 -0.121433
v -1.337058 -0.137963 -0.112856
v -1.392324 -0.137963 -0.112856
v -1.392324 -0.203171 0.051185
v -1.337058 -0.203171 0.051185
v -1.337058 -0.203171 -0.051185
v -1.392324 -0.203171 -0.051185
v -1.475307 0.119511 -0.120307
v -1.475307 0.204581 -0.085070
v -1.475307 0.239818 -0.000000
v -1.475307 0.204581 0.085070
v -1.475307 0.119511 0.120307
v -1.475307 0.034442 0.085070
v -1.475307 -0.000796 -0.000000
v -1.475307 0.034442 -0.085070
v -1.530265 0.119511 -0.120307
v -1.530265 0.204581 -0.085070
v -1.530265 0.239818 -0.000000
v -1.530265 0.204581 0.085070
v -1.530265 0.119511 0.120307
v -1.530265 -0.000796 -0.000000
v -1.530265 0.034442 -0.085070
v -1.227853 0.119511 0.230966
v -1.191810 0.173365 0.316998
v -1.318056 0.119511 0.268755
v -1.306041 0.173365 0.297433
v -1.282013 0.173365 0.354788
v -1.269999 0.119511 0.383465
v -1.282013 0.065658 0.354788
v -1.306042 0.065658 0.297433
v -1.328825 0.119511 0.243049
v -1.311426 0.197502 0.284580
v -1.276628 0.197502 0.367641
v -1.259229 0.119511 0.409172
v -1.276628 0.041521 0.367641
v -1.311426 0.041521 0.284580
v -1.353155 0.119512 0.226129
v -1.330925 0.219159 0.279192
v -1.286464 0.219159 0.385318
v -1.264234 0.119511 0.438381
v -1.286464 0.019864 0.385318
v -1.330925 0.019864 0.279192
v -1.388356 0.119512 0.240876
v -1.366126 0.219159 0.293940
v -1.321665 0.219159 0.400065
v -1.299435 0.119511 0.453128
v -1.321665 0.019864 0.400065
v -1.366126 0.019864 0.293939
v -1.386019 0.119511 0.277322
v -1.370457 0.189265 0.314467
v -1.339334 0.189265 0.388755
v -1.323773 0.119511 0.425899
v -1.339335 0.049758 0.388755
v -1.370457 0.049758 0.314467
v -2.271677 -0.182706 -0.059416
v -2.271677 -0.182706 0.059416
v -2.220221 -0.212414 -0.059416
v -2.220221 -0.212414 0.059416
v -2.220221 -0.271830 -0.059416
v -2.220221 -0.271830 0.059416
v -2.271677 -0.301539 -0.059416
v -2.271677 -0.301539 0.059416
v -2.323133 -0.271830 -0.059416
v -2.323133 -0.271830 0.059416
v -2.323133 -0.212414 -0.059416
v -2.323133 -0.212414 0.059416
v -3.362534 -0.479976 -0.059416
v -3.362534 -0.479976 0.059416
v -3.311077 -0.509685 -0.059416
v -3.311077 -0.509685 0.059416
v -3.311077 -0.569101 -0.059416
v -3.311077 -0.569101 0.059416
v -3.362534 -0.598809 -0.059416
v -3.362534 -0.598809 0.059416
v -3.413990 -0.569101 -0.059416
v -3.413990 -0.569101 0.059416
v -3.413990 -0.509685 -0.059416
v -3.413990 -0.509685 0.059416
v -0.585202 -0.417867 0.038005
v -0.581250 -0.358891 0.038005
v -0.585202 -0.417867 -0.038005
v -0.581250 -0.358891 -0.038005
v -0.543525 -0.439073 0.038005
v -0.453866 -0.363930 0.038005
v -0.543525 -0.439073 -0.038005
v -0.453866 -0.363930 -0.038005
v -0.609309 -0.499812 0.038005
v -0.609309 -0.499812 -0.038005
v -0.567370 -0.510885 0.038005
v -0.567370 -0.510885 -0.038005
v -0.597568 -0.594956 0.038005
v -0.597568 -0.594956 -0.038005
v -0.569461 -0.584761 0.038005
v -0.569461 -0.584762 -0.038005
v -0.547775 -0.646111 0.038005
v -0.547775 -0.646111 -0.038005
v -0.536966 -0.636786 0.038005
v -0.536966 -0.636786 -0.038005
v 3.272346 0.665590 -0.011771
v 3.272346 0.734795 -0.006709
v 3.282541 0.665590 -0.005886
v 3.278157 0.734795 -0.003354
v 3.282541 0.665590 0.005886
v 3.278157 0.734795 0.003355
v 3.272346 0.665590 0.011772
v 3.272346 0.734795 0.006709
v 3.262153 0.665590 0.005886
v 3.266536 0.734795 0.003355
v 3.262153 0.665590 -0.005886
v 3.266536 0.734795 -0.003354
v 3.272346 0.656165 -0.021908
v 3.291320 0.656165 -0.010954
v 3.291320 0.656165 0.010954
v 3.272346 0.656165 0.021908
v 3.253374 0.656165 0.010954
v 3.253374 0.656165 -0.010954
v 3.272346 0.645797 -0.021908
v 3.291320 0.645797 -0.010954
v 3.291320 0.645797 0.010954
v 3.272346 0.645797 0.021908
v 3.253374 0.645797 0.010954
v 3.253374 0.645797 -0.010954
v 2.944638 0.031340 -0.052690
v 2.944638 0.031340 0.052690
v 2.970644 0.016326 -0.052690
v 2.970644 0.016326 0.052690
v 2.970644 -0.013703 -0.052690
v 2.970644 -0.013703 0.052690
v 2.944637 -0.028717 -0.052690
v 2.944637 -0.028717 0.052690
v 2.918632 -0.013703 -0.052690
v 2.918632 -0.013703 0.052690
v 2.918632 0.016326 -0.052690
v 2.918632 0.016326 0.052690
v 3.318718 0.031341 -0.052690
v 3.318718 0.031341 0.052690
v 3.344723 0.016326 -0.052690
v 3.344723 0.016326 0.052690
v 3.344723 -0.013703 -0.052690
v 3.344723 -0.013703 0.052690
v 3.318718 -0.028717 -0.052690
v 3.318718 -0.028717 0.052690
v 3.292713 -0.013703 -0.052690
v 3.292713 -0.013703 0.052690
v 3.292713 0.016326 -0.052690
v 3.292713 0.016326 0.052690
v -0.906969 0.748654 0.108765
v -0.877948 0.731899 0.108765
v -0.906969 0.681632 0.108765
v -0.935991 0.731899 0.108765
v -0.828979 0.760171 0.108765
v -0.906969 0.805199 0.108765
v -0.828979 0.670115 0.108765
v -0.906969 0.625088 0.108765
v -0.984960 0.670115 0.108765
v -0.984959 0.760171 0.108765
v -0.828979 0.760171 0.162528
v -0.906969 0.805199 0.162528
v -0.828979 0.670115 0.162528
v -0.906969 0.625088 0.162528
v -0.984960 0.670116 0.162528
v -0.984959 0.760171 0.162528
v -0.874162 0.734084 0.183555
v -0.906969 0.753025 0.183555
v -0.874162 0.696202 0.183555
v -0.906969 0.677261 0.183555
v -0.939776 0.696202 0.183555
v -0.939776 0.734084 0.183555
v -0.877948 0.698388 0.108765
v -0.935991 0.698388 0.108765
v -0.901577 0.539966 -0.129575
v -0.901577 0.617864 -0.129575
v -0.809954 0.539966 -0.091623
v -0.809954 0.617864 -0.091623
v -0.772002 0.539966 0.000000
v -0.772002 0.617864 0.000000
v -0.809954 0.539966 0.091623
v -0.809954 0.617864 0.091623
v -0.901577 0.539966 0.129575
v -0.901577 0.617864 0.129575
v -0.993200 0.539966 0.091623
v -0.993200 0.617864 0.091623
v -1.031152 0.539966 0.000000
v -1.031152 0.617864 0.000000
v -0.993200 0.539966 -0.091623
v -0.993200 0.617864 -0.091623
v -0.901577 0.540203 -0.038661
v -0.874240 0.540203 -0.027337
v -0.874240 0.617627 -0.027337
v -0.901577 0.617627 -0.038661
v -0.862916 0.540203 0.000000
v -0.862916 0.617627 0.000000
v -0.874240 0.540203 0.027338
v -0.874240 0.617627 0.027338
v -0.901577 0.540203 0.038661
v -0.901577 0.617627 0.038661
v -0.928915 0.540203 0.027338
v -0.928915 0.617627 0.027338
v -0.940238 0.540203 0.000000
v -0.940238 0.617627 0.000000
v -0.928915 0.540203 -0.027337
v -0.928915 0.617627 -0.027337
v -0.901577 0.527044 -0.038661
v -0.874240 0.527044 -0.027337
v -0.874240 0.630786 -0.027337
v -0.901577 0.630786 -0.038661
v -0.862916 0.527044 0.000000
v -0.862916 0.630786 0.000000
v -0.874240 0.527044 0.027338
v -0.874240 0.630786 0.027338
v -0.901577 0.527044 0.038661
v -0.901577 0.630786 0.038661
v -0.928915 0.527044 0.027338
v -0.928915 0.630786 0.027338
v -0.940238 0.527044 0.000000
v -0.940238 0.630786 0.000000
v -0.928915 0.527044 -0.027337
v -0.928915 0.630786 -0.027337
v -0.629979 0.406787 -0.131000
v -0.655809 0.421701 -0.131000
v -0.563123 0.475213 -0.131000
v -0.563123 0.398014 -0.131000
v -0.629979 0.359415 -0.131000
v -0.696835 0.398014 -0.131000
v -0.696835 0.475213 -0.131000
v -0.629979 0.513813 -0.131000
v -0.629979 0.513813 -0.157493
v -0.563123 0.475213 -0.157493
v -0.563123 0.398014 -0.157493
v -0.629979 0.359415 -0.157493
v -0.696835 0.398014 -0.157493
v -0.696835 0.475213 -0.157493
v -0.629979 0.507861 -0.157493
v -0.568277 0.472237 -0.157493
v -0.568277 0.400990 -0.157493
v -0.629979 0.365367 -0.157493
v -0.691681 0.400990 -0.157493
v -0.691681 0.472237 -0.157493
v -0.629979 0.507861 -0.211354
v -0.568277 0.472237 -0.211354
v -0.568277 0.400990 -0.211354
v -0.629979 0.365367 -0.211354
v -0.691681 0.400990 -0.211354
v -0.691681 0.472237 -0.211354
v -0.629979 0.467487 -0.229888
v -0.603242 0.452050 -0.229888
v -0.603242 0.421178 -0.229888
v -0.629979 0.405741 -0.229888
v -0.656716 0.421178 -0.229888
v -0.656716 0.452050 -0.229888
v -0.604148 0.451527 -0.131000
v -0.604148 0.421701 -0.131000
v -0.764786 0.651011 0.118140
v -0.764786 0.840765 0.118140
v -0.692958 0.651011 0.118140
v -0.628612 0.715358 0.118140
v -0.628612 0.807778 0.118140
v -0.661599 0.840765 0.118140
v -0.764786 0.651011 0.094009
v -0.764786 0.840765 0.094009
v -0.692958 0.651011 0.094009
v -0.628612 0.715358 0.094009
v -0.661599 0.840765 0.094009
v -0.628612 0.807777 0.094009
v -0.764786 0.651011 -0.118140
v -0.764786 0.840765 -0.118140
v -0.692958 0.651011 -0.118140
v -0.628612 0.715358 -0.118140
v -0.628612 0.807778 -0.118140
v -0.661599 0.840765 -0.118140
v -0.764786 0.651011 -0.094009
v -0.764786 0.840765 -0.094009
v -0.692958 0.651011 -0.094008
v -0.628612 0.715358 -0.094008
v -0.661599 0.840765 -0.094009
v -0.628612 0.807778 -0.094009
v -1.013007 0.786514 0.083127
v -0.955044 0.841461 0.107214
v -1.013007 0.786514 0.107214
v -0.955044 0.841461 0.083127
v -1.013007 0.646027 0.083127
v -1.013007 0.646027 0.100711
v -1.013007 0.664678 0.107214
v -0.760715 0.664678 0.107214
v -0.760715 0.646027 0.100711
v -0.815835 0.646027 0.083127
v -0.760715 0.646027 0.094340
v -0.815835 0.841461 0.083127
v -0.760715 0.842060 0.107214
v -0.815183 0.841461 0.107214
v -0.760715 0.842060 0.094340
v -1.013007 0.786514 -0.083127
v -0.955044 0.841461 -0.107213
v -1.013007 0.786514 -0.107213
v -0.955044 0.841461 -0.083127
v -1.013007 0.646027 -0.083127
v -1.013007 0.646027 -0.100711
v -1.013007 0.664678 -0.107213
v -0.760715 0.664678 -0.107213
v -0.760715 0.646027 -0.100711
v -0.815835 0.646027 -0.083127
v -0.760715 0.646027 -0.094340
v -0.815835 0.841461 -0.083127
v -0.760715 0.842060 -0.107213
v -0.815183 0.841461 -0.107213
v -0.760715 0.842060 -0.094340
v -3.421828 -0.655315 0.054849
v -3.470218 -0.107019 0.054849
v -3.421828 -0.655315 -0.054849
v -3.470218 -0.107019 -0.054849
v -2.646468 -0.338915 0.054849
v -2.646468 -0.046717 0.054849
v -2.646468 -0.338915 -0.054849
v -2.646468 -0.046717 -0.054849
v -2.166285 -0.338915 0.054849
v -1.842440 -0.046717 0.054849
v -2.166285 -0.338915 -0.054849
v -1.842440 -0.046717 -0.054849
v -3.446023 -0.381167 0.054849
v -3.446023 -0.381167 -0.054849
v -2.646468 -0.192816 -0.054849
v -2.646468 -0.192816 0.054849
v -2.043447 -0.192816 -0.054849
v -2.043447 -0.192816 0.054849
v -3.458120 -0.244093 0.054849
v -3.458120 -0.244093 -0.054849
v -2.646468 -0.119767 -0.054849
v -2.646468 -0.119767 0.054849
v -1.842440 -0.119767 -0.054849
v -1.842440 -0.119767 0.054849
v -2.941820 -0.434302 -0.054849
v -2.952014 -0.069084 -0.054849
v -2.941820 -0.434302 0.054849
v -2.952014 -0.069084 0.054849
v -2.943039 -0.262679 0.054849
v -2.943039 -0.262679 -0.054849
v -2.947526 -0.165882 0.054849
v -2.947526 -0.165882 -0.054849
v -3.037512 -0.478362 -0.054849
v -3.055320 -0.076646 0.054849
v -3.043312 -0.286300 0.054849
v -3.049316 -0.181473 0.054849
v -3.055320 -0.076647 -0.054849
v -3.037512 -0.478362 0.054849
v -3.043312 -0.286300 -0.054849
v -3.049316 -0.181473 -0.054849
v -3.403256 -0.999112 -0.064560
v -3.403256 -0.999112 0.064560
v -3.421828 -0.655315 0.064560
v -3.421828 -0.655315 -0.064560
v -2.646468 -0.338915 0.064560
v -2.646468 -0.338915 -0.064560
v -2.941820 -0.434302 -0.064560
v -2.941820 -0.434302 0.064560
v -3.037512 -0.478362 -0.064560
v -3.037512 -0.478362 0.064560
v -3.425370 -0.685318 0.064560
v -3.425370 -0.685318 -0.064560
v -2.650010 -0.368918 0.064560
v -2.650010 -0.368918 -0.064560
v -2.945362 -0.464305 -0.064560
v -2.945362 -0.464305 0.064560
v -3.041054 -0.508365 -0.064560
v -3.041054 -0.508365 0.064560
v -3.055759 -0.165410 0.054849
v -3.055759 -0.182460 0.054849
v -3.055759 -0.165410 -0.054849
v -3.055759 -0.182460 -0.054849
v -3.055759 -0.193656 0.054849
v -3.055759 -0.193656 -0.054849
v -3.313258 -0.221903 0.054849
v -3.084061 -0.221903 0.054849
v -3.084061 -0.221903 -0.054849
v -3.415848 -0.221903 -0.054849
v -3.313258 -0.221903 -0.054849
v -3.415848 -0.221903 0.054849
v -3.415848 -0.137163 -0.054849
v -3.415848 -0.137162 0.054849
v -3.084060 -0.137163 0.054849
v -3.084060 -0.137163 -0.054849
v -3.444148 -0.165409 -0.054849
v -3.444148 -0.165409 0.054849
v -3.444148 -0.193656 -0.054849
v -3.444148 -0.193656 0.054849
v -3.396516 0.045428 0.124402
v -3.396516 0.085863 0.124402
v -3.170986 0.045428 0.124402
v -3.170986 0.085863 0.124402
v -3.414772 0.065646 0.124402
v -3.152730 0.065645 0.124402
v -3.095168 0.045428 0.124402
v -3.095168 0.085863 0.124402
v -2.869638 0.045428 0.124402
v -2.869638 0.085863 0.124402
v -3.113424 0.065645 0.124402
v -2.851382 0.065645 0.124402
v -2.793820 0.045428 0.124402
v -2.793820 0.085863 0.124402
v -2.568290 0.045428 0.124402
v -2.568290 0.085863 0.124402
v -2.812076 0.065645 0.124402
v -2.550035 0.065645 0.124402
v -2.492472 0.045428 0.124402
v -2.492473 0.085863 0.124402
v -2.266943 0.045428 0.124402
v -2.266943 0.085862 0.124402
v -2.510729 0.065645 0.124402
v -2.248687 0.065645 0.124402
v -2.191125 0.045428 0.124402
v -2.191125 0.085862 0.124402
v -1.965595 0.045428 0.124402
v -1.965595 0.085862 0.124402
v -2.209381 0.065645 0.124402
v -1.947339 0.065645 0.124402
v -3.396516 -0.083303 0.091105
v -3.396516 -0.042868 0.091105
v -3.170986 -0.083303 0.091105
v -3.170986 -0.042869 0.091105
v -3.414771 -0.063086 0.091105
v -3.152730 -0.063086 0.091105
v -3.095168 -0.083303 0.091105
v -3.095168 -0.042869 0.091105
v -2.869638 -0.083303 0.091105
v -2.869638 -0.042869 0.091105
v -3.113424 -0.063086 0.091105
v -2.851382 -0.063086 0.091105
v -2.793820 -0.083303 0.091105
v -2.793820 -0.042869 0.091105
v -2.568290 -0.083303 0.091105
v -2.568290 -0.042869 0.091105
v -2.812076 -0.063086 0.091105
v -2.550035 -0.063086 0.091105
v -2.492472 -0.083304 0.091105
v -2.492472 -0.042869 0.091105
v -2.266943 -0.083304 0.091105
v -2.266943 -0.042869 0.091105
v -2.510729 -0.063086 0.091105
v -2.248687 -0.063086 0.091105
v -2.191125 -0.083304 0.091105
v -2.191125 -0.042869 0.091105
v -1.965595 -0.083304 0.091105
v -1.965595 -0.042869 0.091105
v -2.209381 -0.063086 0.091105
v -1.947339 -0.063086 0.091105
v -3.396516 -0.022815 0.115053
v -3.396516 0.017620 0.115053
v -3.170986 -0.022815 0.115053
v -3.170986 0.017620 0.115053
v -3.414771 -0.002598 0.115053
v -3.152730 -0.002598 0.115053
v -3.095168 -0.022815 0.115053
v -3.095168 0.017620 0.115053
v -2.869638 -0.022815 0.115053
v -2.869638 0.017620 0.115053
v -3.113424 -0.002598 0.115053
v -2.851382 -0.002598 0.115053
v -2.793820 -0.022815 0.115053
v -2.793820 0.017620 0.115053
v -2.568290 -0.022815 0.115053
v -2.568290 0.017619 0.115053
v -2.812076 -0.002598 0.115053
v -2.550035 -0.002598 0.115053
v -2.492472 -0.022815 0.115053
v -2.492472 0.017619 0.115053
v -2.266943 -0.022815 0.115053
v -2.266943 0.017619 0.115053
v -2.510729 -0.002598 0.115053
v -2.248687 -0.002598 0.115053
v -2.191125 -0.022815 0.115053
v -2.191125 0.017619 0.115053
v -1.965595 -0.022816 0.115053
v -1.965595 0.017619 0.115053
v -2.209381 -0.002598 0.115053
v -1.947339 -0.002598 0.115053
v -3.466770 -0.113980 0.107905
v -3.495929 0.239910 0.120057
v -1.840476 -0.113980 0.107905
v -1.840475 0.239909 0.120057
v -3.489105 0.119489 0.168221
v -1.840476 0.119488 0.168221
v -3.095168 0.085863 0.159534
v -3.113424 -0.063086 0.121053
v -3.095168 0.045428 0.149088
v -3.113424 0.065645 0.154311
v -3.170986 0.085863 0.159534
v -3.152730 0.065645 0.154311
v -3.152730 -0.002598 0.136680
v -3.170986 0.017620 0.141903
v -3.170986 0.045428 0.149088
v -3.170986 -0.083303 0.115830
v -3.152730 -0.063086 0.121053
v -3.170986 -0.022815 0.131457
v -3.170986 -0.042869 0.126276
v -3.396516 0.017620 0.141903
v -3.396516 -0.022815 0.131457
v -3.396516 0.045428 0.149088
v -3.396516 -0.042868 0.126276
v -3.396516 0.085863 0.159534
v -3.396516 -0.083303 0.115830
v -3.414771 -0.002598 0.136680
v -3.414771 -0.063086 0.121053
v -3.414772 0.065646 0.154311
v -2.812076 -0.063086 0.121053
v -2.793820 -0.042869 0.126276
v -2.793820 -0.083303 0.115830
v -2.812076 0.065645 0.154311
v -2.793820 0.045428 0.149088
v -2.793820 0.085863 0.159534
v -2.851382 -0.002598 0.136680
v -2.869638 -0.022815 0.131457
v -2.869638 0.085863 0.159534
v -2.851382 -0.063086 0.121053
v -2.869638 -0.083303 0.115830
v -2.851382 0.065645 0.154311
v -2.869638 0.045428 0.149088
v -2.869638 -0.042869 0.126276
v -2.869638 0.017620 0.141903
v -3.095168 -0.042869 0.126276
v -3.095168 -0.083303 0.115830
v -3.095168 0.017620 0.141903
v -3.095168 -0.022815 0.131457
v -3.113424 -0.002598 0.136680
v -2.510729 -0.063086 0.121053
v -2.492472 -0.042869 0.126276
v -2.492472 -0.083304 0.115830
v -2.492472 0.017619 0.141903
v -2.510729 -0.002598 0.136680
v -2.510729 0.065645 0.154311
v -2.492472 0.045428 0.149088
v -2.492472 -0.022815 0.131457
v -2.492473 0.085863 0.159534
v -2.568290 0.045428 0.149088
v -2.568290 0.017619 0.141903
v -2.550035 0.065645 0.154311
v -2.568290 0.085863 0.159534
v -2.568290 -0.083303 0.115830
v -2.550035 -0.063086 0.121053
v -2.550035 -0.002598 0.136680
v -2.568290 -0.022815 0.131457
v -2.568290 -0.042869 0.126276
v -2.793820 -0.022815 0.131457
v -2.812076 -0.002598 0.136680
v -2.793820 0.017620 0.141903
v -2.191125 -0.042869 0.126276
v -2.209381 -0.063086 0.121053
v -2.191125 -0.083304 0.115830
v -2.191125 -0.022815 0.131457
v -1.965595 -0.022816 0.131457
v -1.965595 0.017619 0.141903
v -2.209381 -0.002598 0.136680
v -2.191125 0.017619 0.141903
v -2.191125 0.085862 0.159534
v -2.191125 0.045428 0.149087
v -2.209381 0.065645 0.154311
v -2.248687 0.065645 0.154311
v -2.266943 0.045428 0.149087
v -2.248687 -0.063086 0.121053
v -2.248687 -0.002598 0.136680
v -2.266943 -0.022815 0.131457
v -2.266943 -0.083304 0.115830
v -2.266943 0.085863 0.159534
v -2.266943 -0.042869 0.126276
v -2.266943 0.017619 0.141903
v -1.965595 -0.083304 0.115830
v -1.947339 -0.063086 0.121053
v -1.965595 -0.042869 0.126276
v -1.965595 0.085862 0.159534
v -1.965595 0.045428 0.149087
v -1.947339 -0.002598 0.136680
v -1.947339 0.065645 0.154311
v -3.396516 0.045428 -0.124402
v -3.396516 0.085863 -0.124402
v -3.170986 0.045428 -0.124402
v -3.170986 0.085863 -0.124402
v -3.414772 0.065646 -0.124402
v -3.152730 0.065645 -0.124402
v -3.095168 0.045428 -0.124402
v -3.095168 0.085863 -0.124402
v -2.869638 0.045428 -0.124402
v -2.869638 0.085863 -0.124402
v -3.113424 0.065645 -0.124402
v -2.851382 0.065645 -0.124402
v -2.793820 0.045428 -0.124402
v -2.793820 0.085863 -0.124402
v -2.568290 0.045428 -0.124402
v -2.568290 0.085863 -0.124402
v -2.812076 0.065645 -0.124402
v -2.550035 0.065645 -0.124402
v -2.492472 0.045428 -0.124402
v -2.492473 0.085863 -0.124402
v -2.266943 0.045428 -0.124402
v -2.266943 0.085862 -0.124402
v -2.510729 0.065645 -0.124402
v -2.248687 0.065645 -0.124402
v -2.191125 0.045428 -0.124402
v -2.191125 0.085862 -0.124402
v -1.965595 0.045428 -0.124402
v -1.965595 0.085862 -0.124402
v -2.209381 0.065645 -0.124402
v -1.947339 0.065645 -0.124402
v -3.396516 -0.083303 -0.091105
v -3.396516 -0.042868 -0.091105
v -3.170986 -0.083303 -0.091105
v -3.170986 -0.042869 -0.091105
v -3.414771 -0.063086 -0.091105
v -3.152730 -0.063086 -0.091105
v -3.095168 -0.083303 -0.091105
v -3.095168 -0.042869 -0.091105
v -2.869638 -0.083303 -0.091105
v -2.869638 -0.042869 -0.091105
v -3.113424 -0.063086 -0.091105
v -2.851382 -0.063086 -0.091105
v -2.793820 -0.083303 -0.091105
v -2.793820 -0.042869 -0.091105
v -2.568290 -0.083304 -0.091105
v -2.568290 -0.042869 -0.091105
v -2.812076 -0.063086 -0.091105
v -2.550035 -0.063086 -0.091105
v -2.492472 -0.083304 -0.091105
v -2.492472 -0.042869 -0.091105
v -2.266943 -0.083304 -0.091105
v -2.266943 -0.042869 -0.091105
v -2.510729 -0.063086 -0.091105
v -2.248687 -0.063086 -0.091105
v -2.191125 -0.083304 -0.091105
v -2.191125 -0.042869 -0.091105
v -1.965595 -0.083304 -0.091105
v -1.965595 -0.042869 -0.091105
v -2.209381 -0.063086 -0.091105
v -1.947339 -0.063086 -0.091105
v -3.396516 -0.022815 -0.115053
v -3.396516 0.017620 -0.115053
v -3.170986 -0.022815 -0.115053
v -3.170986 0.017620 -0.115053
v -3.414771 -0.002598 -0.115053
v -3.152730 -0.002598 -0.115053
v -3.095168 -0.022815 -0.115053
v -3.095168 0.017620 -0.115053
v -2.869638 -0.022815 -0.115053
v -2.869638 0.017620 -0.115053
v -3.113424 -0.002598 -0.115053
v -2.851382 -0.002598 -0.115053
v -2.793820 -0.022815 -0.115053
v -2.793820 0.017620 -0.115053
v -2.568290 -0.022815 -0.115053
v -2.568290 0.017619 -0.115053
v -2.812076 -0.002598 -0.115053
v -2.550035 -0.002598 -0.115053
v -2.492472 -0.022815 -0.115053
v -2.492472 0.017619 -0.115053
v -2.266943 -0.022815 -0.115053
v -2.266943 0.017619 -0.115053
v -2.510729 -0.002598 -0.115053
v -2.248687 -0.002598 -0.115053
v -2.191125 -0.022815 -0.115053
v -2.191125 0.017619 -0.115053
v -1.965595 -0.022816 -0.115053
v -1.965595 0.017619 -0.115053
v -2.209381 -0.002598 -0.115053
v -1.947339 -0.002598 -0.115053
v -3.466770 -0.113980 -0.107905
v -3.495929 0.239910 -0.120057
v -1.840476 -0.113980 -0.107905
v -1.840475 0.239909 -0.120057
v -3.466770 -0.113980 0.000000
v -3.495929 0.292624 0.000000
v -1.840476 -0.113980 0.000000
v -1.840476 0.292623 0.000000
v -3.489105 0.119489 -0.168221
v -1.840476 0.119488 -0.168221
v -1.840476 0.119488 0.000000
v -3.495929 0.239910 0.000000
v -3.489105 0.119489 0.000000
v -3.095168 0.085863 -0.159534
v -3.113424 -0.063086 -0.121053
v -3.095168 0.045428 -0.149087
v -3.113424 0.065645 -0.154310
v -3.170986 0.085863 -0.159534
v -3.152730 0.065645 -0.154310
v -3.152730 -0.002598 -0.136680
v -3.170986 0.017620 -0.141903
v -3.170986 0.045428 -0.149087
v -3.170986 -0.083303 -0.115830
v -3.152730 -0.063086 -0.121053
v -3.170986 -0.022815 -0.131457
v -3.170986 -0.042869 -0.126276
v -3.396516 0.017620 -0.141903
v -3.396516 -0.022815 -0.131457
v -3.396516 0.045428 -0.149087
v -3.396516 -0.042868 -0.126276
v -3.396516 0.085863 -0.159534
v -3.396516 -0.083303 -0.115830
v -3.414771 -0.002598 -0.136680
v -3.414771 -0.063086 -0.121053
v -3.414772 0.065646 -0.154310
v -2.812076 -0.063086 -0.121053
v -2.793820 -0.042869 -0.126276
v -2.793820 -0.083303 -0.115830
v -2.812076 0.065645 -0.154310
v -2.793820 0.045428 -0.149087
v -2.793820 0.085863 -0.159534
v -2.851382 -0.002598 -0.136680
v -2.869638 -0.022815 -0.131457
v -2.869638 0.085863 -0.159534
v -2.851382 -0.063086 -0.121053
v -2.869638 -0.083303 -0.115830
v -2.851382 0.065645 -0.154310
v -2.869638 0.045428 -0.149087
v -2.869638 -0.042869 -0.126276
v -2.869638 0.017620 -0.141903
v -3.095168 -0.042869 -0.126276
v -3.095168 -0.083303 -0.115830
v -3.095168 0.017620 -0.141903
v -3.095168 -0.022815 -0.131457
v -3.113424 -0.002598 -0.136680
v -2.510729 -0.063086 -0.121053
v -2.492472 -0.042869 -0.126276
v -2.492472 -0.083304 -0.115830
v -2.492472 0.017619 -0.141903
v -2.510729 -0.002598 -0.136680
v -2.510729 0.065645 -0.154310
v -2.492472 0.045428 -0.149087
v -2.492472 -0.022815 -0.131457
v -2.492473 0.085863 -0.159534
v -2.568290 0.045428 -0.149087
v -2.568290 0.017619 -0.141903
v -2.550035 0.065645 -0.154310
v -2.568290 0.085863 -0.159534
v -2.568290 -0.083304 -0.115830
v -2.550035 -0.063086 -0.121053
v -2.550035 -0.002598 -0.136680
v -2.568290 -0.022815 -0.131457
v -2.568290 -0.042869 -0.126276
v -2.793820 -0.022815 -0.131457
v -2.812076 -0.002598 -0.136680
v -2.793820 0.017620 -0.141903
v -2.191125 -0.042869 -0.126276
v -2.209381 -0.063086 -0.121053
v -2.191125 -0.083304 -0.115830
v -2.191125 -0.022815 -0.131457
v -1.965595 -0.022816 -0.131457
v -1.965595 0.017619 -0.141903
v -2.209381 -0.002598 -0.136680
v -2.191125 0.017619 -0.141903
v -2.191125 0.085862 -0.159534
v -2.191125 0.045428 -0.149087
v -2.209381 0.065645 -0.154310
v -2.248687 0.065645 -0.154310
v -2.266943 0.045428 -0.149087
v -2.248687 -0.063086 -0.121053
v -2.248687 -0.002598 -0.136680
v -2.266943 -0.022815 -0.131457
v -2.266943 -0.083304 -0.115830
v -2.266943 0.085862 -0.159534
v -2.266943 -0.042869 -0.126276
v -2.266943 0.017619 -0.141903
v -1.965595 -0.083304 -0.115830
v -1.947339 -0.063086 -0.121053
v -1.965595 -0.042869 -0.126276
v -1.965595 0.085862 -0.159534
v -1.965595 0.045428 -0.149087
v -1.947339 -0.002598 -0.136680
v -1.947339 0.065645 -0.154310
v -3.514535 0.103996 0.177412
v -3.514535 0.103996 -0.177412
v -3.476938 0.106235 0.000000
v -3.544211 0.232121 0.130875
v -3.440876 -0.996341 0.088041
v -3.440876 -0.996341 0.000000
v -3.549841 0.290771 0.000000
v -3.503110 -0.256491 -0.111031
v -3.503110 -0.256491 0.111031
v -3.551080 0.302759 0.000000
v -3.470625 -1.017936 0.000000
v -3.420660 -1.012019 0.095391
v -3.526305 0.243918 0.141801
v -3.420660 -1.012019 -0.095391
v -3.526305 0.243918 -0.141801
v -3.383062 -1.009780 0.095391
v -3.488708 0.246157 0.141801
v -3.383062 -1.009780 -0.095391
v -3.488708 0.246157 -0.141801
v -3.420660 -1.012019 0.000000
v -3.532062 0.303880 0.000000
v -3.383062 -1.009780 0.000000
v -3.494464 0.306120 0.000000
v -3.476938 0.106235 -0.177412
v -3.476938 0.106235 0.177412
v -3.484285 -0.255622 -0.120300
v -3.446687 -0.253382 -0.120300
v -3.446687 -0.253382 0.120300
v -3.446687 -0.253382 0.000000
v -3.484285 -0.255622 0.120300
v -3.421909 -0.994733 0.088041
v -3.525244 0.233728 0.130875
v -3.421909 -0.994733 -0.088041
v -3.525244 0.233728 -0.130875
v -3.421909 -0.994733 0.000000
v -3.530874 0.292378 0.000000
v -3.385133 -0.992543 0.000000
v -3.494098 0.294569 0.000000
v -3.513731 0.096867 0.163743
v -3.513731 0.096867 -0.163743
v -3.476956 0.099057 0.000000
v -3.484143 -0.254883 -0.111031
v -3.447367 -0.252693 0.000000
v -3.484143 -0.254883 0.111031
v -3.544211 0.232120 -0.130875
v -3.404100 -0.994150 0.000000
v -3.513066 0.292961 0.000000
v -3.495922 0.097449 0.000000
v -3.466334 -0.254301 0.000000
v -3.401941 -1.012115 0.000000
v -3.513446 0.305000 0.000000
v -3.495904 0.104931 0.000000
v -3.465626 -0.255019 0.000000
v -2.484172 -0.339860 0.079753
v -2.518429 -0.339860 0.039499
v -2.518428 -0.073074 0.039499
v -2.484172 -0.073074 0.079753
v -2.518429 -0.339860 -0.039499
v -2.484172 -0.339860 -0.079753
v -2.484172 -0.073074 -0.079753
v -2.518428 -0.073074 -0.039499
v -2.382686 -0.339860 0.039499
v -2.416943 -0.339860 0.079753
v -2.416943 -0.073074 0.079753
v -2.382686 -0.073074 0.039499
v -2.416943 -0.339860 -0.079753
v -2.382686 -0.339860 -0.039499
v -2.382686 -0.073074 -0.039499
v -2.416943 -0.073074 -0.079753
v -0.874878 -0.390969 0.123776
v -1.124219 -1.372957 0.066516
v -1.193358 -1.353624 0.123776
v -1.171251 -1.243125 0.123776
v -1.104133 -1.265488 0.066516
v -1.080855 -1.339506 0.066516
v -1.147601 -1.318326 0.123776
v -0.928247 -0.946189 0.066516
v -0.991531 -0.916866 0.123776
v -0.940399 -0.832844 0.123776
v -0.882035 -0.862298 0.066516
v -0.835325 -0.926536 0.066516
v -0.850729 -0.954500 0.066516
v -0.869902 -0.704866 0.123776
v -0.813215 -0.737364 0.066516
v -0.757187 -0.693427 0.123776
v -1.127074 -0.490687 0.054707
v -1.055009 -0.530187 0.123776
v -1.127074 -0.390969 0.054707
v -1.055009 -0.390969 0.123776
v -1.514006 -1.263960 0.123776
v -1.595486 -1.241176 0.054707
v -1.470941 -1.143273 0.123776
v -1.551577 -1.116406 0.054707
v -1.592736 -1.177076 0.054707
v -1.511386 -1.202890 0.123776
v -1.239420 -0.802009 0.123776
v -1.314638 -0.767157 0.054707
v -1.178738 -0.712564 0.123776
v -1.252386 -0.675398 0.054707
v -1.159678 -0.538745 0.054707
v -1.088498 -0.579550 0.123776
v -0.757187 -0.437254 0.123776
v -0.803472 -0.390969 0.123776
v -0.874878 -0.390969 -0.123776
v -1.127074 -0.490687 -0.000000
v -1.127074 -0.390969 -0.000000
v -0.874878 -0.390969 -0.000000
v -0.757187 -0.693427 0.000000
v -1.595486 -1.241176 0.000000
v -1.124219 -1.372957 0.000000
v -1.551577 -1.116406 0.000000
v -1.104133 -1.265488 0.000000
v -1.592736 -1.177076 0.000000
v -1.080855 -1.339506 0.000000
v -1.314638 -0.767157 0.000000
v -0.928247 -0.946189 0.000000
v -1.252386 -0.675398 0.000000
v -0.882035 -0.862298 0.000000
v -0.835325 -0.926536 0.000000
v -0.850729 -0.954500 0.000000
v -1.159678 -0.538745 0.000000
v -0.813215 -0.737364 0.000000
v -1.124219 -1.372957 -0.066516
v -1.193358 -1.353624 -0.123776
v -1.171251 -1.243125 -0.123776
v -1.104133 -1.265488 -0.066516
v -1.080855 -1.339506 -0.066516
v -1.147601 -1.318326 -0.123776
v -0.928247 -0.946189 -0.066516
v -0.991531 -0.916866 -0.123776
v -0.940399 -0.832844 -0.123776
v -0.882035 -0.862298 -0.066516
v -0.835325 -0.926536 -0.066516
v -0.850729 -0.954500 -0.066516
v -0.869902 -0.704866 -0.123776
v -0.813215 -0.737364 -0.066516
v -0.757187 -0.693427 -0.123776
v -1.127074 -0.490687 -0.054707
v -1.055009 -0.530187 -0.123776
v -1.127074 -0.390969 -0.054707
v -1.055009 -0.390969 -0.123776
v -1.514006 -1.263960 -0.123776
v -1.595486 -1.241176 -0.054707
v -1.470941 -1.143273 -0.123776
v -1.551577 -1.116406 -0.054707
v -1.592736 -1.177076 -0.054707
v -1.511386 -1.202890 -0.123776
v -1.239420 -0.802009 -0.123776
v -1.314638 -0.767157 -0.054707
v -1.178738 -0.712564 -0.123776
v -1.252386 -0.675398 -0.054707
v -1.159678 -0.538745 -0.054707
v -1.088498 -0.579551 -0.123776
v -0.757187 -0.437254 -0.123776
v -0.803472 -0.390969 -0.123776
v -0.803472 -0.390969 -0.000000
v -0.757187 -0.437254 -0.000000
v 4.272273 0.080743 -0.000007
v 4.272273 0.100260 0.033798
v 1.269088 0.080061 -0.068773
v 4.272303 0.080060 -0.068773
v 1.269088 0.040355 0.000000
v 1.269088 0.080061 0.068773
v 1.269088 0.159473 0.068773
v 1.269088 0.199179 0.000000
v 4.272303 0.199178 0.000000
v 1.269088 0.159473 -0.068773
v 1.161706 0.059586 -0.104237
v 1.161706 -0.000596 0.000000
v 1.161706 0.059586 0.104237
v 1.161706 0.179948 0.104237
v 1.161706 0.240129 -0.000000
v 1.161706 0.179948 -0.104237
v 0.564539 0.059586 -0.104237
v 0.564539 -0.000596 0.000000
v 0.564539 0.059586 0.104237
v 0.564539 0.179948 0.104237
v 0.564539 0.240129 0.000000
v 0.564539 0.179948 -0.104237
v 0.564539 0.087233 -0.056351
v 0.564539 0.054698 0.000000
v 0.564539 0.087233 0.056351
v 0.564539 0.152301 0.056351
v 0.564539 0.184836 0.000000
v 0.564539 0.152301 -0.056351
v 1.148755 0.087233 -0.056352
v 1.148755 0.054699 -0.000000
v 1.148755 0.087233 0.056351
v 1.148755 0.152302 0.056351
v 1.148755 0.184836 -0.000001
v 1.148755 0.152302 -0.056352
v 1.287758 0.100251 -0.033805
v 1.287758 0.080733 -0.000001
v 1.287758 0.100251 0.033804
v 1.287758 0.139285 0.033804
v 1.287758 0.158802 -0.000001
v 1.287758 0.139285 -0.033805
v -2.485803 -0.495367 0.020119
v -2.450956 -0.522509 -0.040238
v -2.416109 -0.522509 -0.020119
v -2.416109 -0.522509 0.020119
v -2.450956 -0.522509 0.040238
v -2.485803 -0.522509 0.020119
v -2.485803 -0.522509 -0.020119
v -2.450956 -0.495367 -0.040238
v -2.416109 -0.495367 -0.020119
v -2.416109 -0.495367 0.020119
v -2.450956 -0.495367 0.040238
v -2.450956 -0.495367 -0.058950
v -2.450956 -0.377466 -0.058950
v -2.399904 -0.495367 -0.029475
v -2.399904 -0.377467 -0.029475
v -2.399904 -0.495367 0.029475
v -2.399904 -0.377467 0.029475
v -2.450956 -0.495367 0.058950
v -2.450956 -0.377466 0.058950
v -2.502009 -0.495367 0.029475
v -2.502009 -0.377466 0.029475
v -2.502009 -0.495367 -0.029475
v -2.502009 -0.377466 -0.029475
v -2.485803 -0.495367 -0.020119
v 2.908330 0.238765 -0.030540
v 2.911742 0.264992 -0.015270
v 2.911742 0.264992 0.015270
v 2.908330 0.238765 0.030540
v 2.904918 0.212537 0.015270
v 2.904918 0.212537 -0.015270
vt 0.625000 0.000000
vt 0.375000 0.250000
vt 0.375000 0.000000
vt 0.625000 0.250000
vt 0.375000 0.500000
vt 0.625000 0.500000
vt 0.375000 0.750000
vt 0.625000 1.000000
vt 0.375000 1.000000
vt 0.125000 0.750000
vt 0.125000 0.500000
vt 0.875000 0.500000
vt 0.625000 0.750000
vt 1.000000 1.000000
vt 0.875000 0.500000
vt 1.000000 0.500000
vt 0.750000 1.000000
vt 0.750000 0.500000
vt 0.625000 0.500000
vt 0.500000 1.000000
vt 0.500000 0.500000
vt 0.375000 1.000000
vt 0.375000 0.500000
vt 0.250000 0.500000
vt 0.875000 1.000000
vt 0.750000 1.000000
vt 0.250000 1.000000
vt 0.125000 0.500000
vt 0.125000 1.000000
vt 0.000000 0.500000
vt 0.580294 0.080294
vt 0.510000 0.250000
vt 0.919706 0.080294
vt 0.500000 1.000000
vt 0.375000 1.000000
vt 0.000000 1.000000
vt 0.000000 1.000000
vt 0.875000 1.000000
vt 1.000000 1.000000
vt 0.625000 1.000000
vt 0.625000 1.000000
vt 0.250000 1.000000
vt 0.125000 1.000000
vt 1.000000 1.000000
vt 0.875000 1.000000
vt 0.875000 1.000000
vt 0.250000 1.000000
vt 0.125000 1.000000
vt 0.125000 1.000000
vt 0.000000 1.000000
vt 0.000000 1.000000
vt 0.375000 1.000000
vt 0.250000 1.000000
vt 0.500000 1.000000
vt 0.625000 1.000000
vt 0.500000 1.000000
vt 0.750000 1.000000
vt 0.750000 1.000000
vt 0.125000 1.000000
vt 0.375000 1.000000
vt 0.625000 1.000000
vt 0.419706 0.080294
vt 0.490000 0.250000
vt 0.010000 0.250000
vt 0.375000 1.000000
vt 0.625000 1.000000
vt 1.000000 1.000000
vt 0.875000 1.000000
vt 0.000000 1.000000
vt 0.250000 1.000000
vt 0.500000 1.000000
vt 0.750000 1.000000
vt 0.547619 0.625000
vt 0.547619 0.750000
vt 0.547619 0.750000
vt 0.547619 0.750000
vt 0.547619 0.750000
vt 0.625000 0.625000
vt 0.547619 0.750000
vt 0.547619 0.625000
vt 0.375000 0.625000
vt 0.193643 0.750000
vt 0.193643 0.625000
vt 0.806357 0.625000
vt 0.875000 0.750000
vt 0.806357 0.750000
vt 0.489011 0.931357
vt 0.375000 1.000000
vt 0.375000 0.931357
vt 0.547619 0.625000
vt 0.547619 0.750000
vt 0.547619 0.750000
vt 0.547619 0.625000
vt 0.547619 0.625000
vt 0.375000 0.750000
vt 0.375000 0.625000
vt 0.375000 0.750000
vt 0.489011 0.000000
vt 0.375000 0.125000
vt 0.375000 0.000000
vt 0.547619 0.750000
vt 0.547619 0.625000
vt 0.547619 0.750000
vt 0.547619 0.750000
vt 0.547619 0.750000
vt 0.547619 0.625000
vt 0.547619 0.750000
vt 0.547619 0.750000
vt 0.547619 0.750000
vt 0.547619 0.750000
vt 0.547619 0.750000
vt 0.547619 0.750000
vt 0.547619 0.750000
vt 0.547619 0.750000
vt 0.547619 0.750000
vt 0.193643 0.750000
vt 0.875000 0.750000
vt 0.875000 0.625000
vt 0.375000 1.000000
vt 0.489011 0.931357
vt 0.375000 0.931357
vt 0.547619 0.750000
vt 0.547619 0.750000
vt 0.375000 0.750000
vt 0.375000 0.750000
vt 0.489011 0.000000
vt 0.375000 0.000000
vt 0.547619 0.750000
vt 0.547619 0.750000
vt 0.547619 0.750000
vt 0.547619 0.750000
vt 0.875000 0.729235
vt 0.625000 0.520765
vt 0.875000 0.520765
vt 0.584446 0.700222
vt 0.584446 0.549778
vt 0.625000 0.520765
vt 0.875000 0.729235
vt 0.875000 0.520765
vt 0.875000 0.729235
vt 0.625000 0.520765
vt 0.875000 0.520765
vt 0.584446 0.700222
vt 0.584446 0.549778
vt 0.625000 0.520765
vt 0.584446 0.700222
vt 0.584446 0.549778
vt 0.625000 0.520765
vt 0.875000 0.729235
vt 0.625000 0.520765
vt 0.875000 0.520765
vt 0.875000 0.520765
vt 0.625000 0.729235
vt 0.625000 0.520765
vt 0.584446 0.200222
vt 0.584446 0.049777
vt 0.625000 0.020765
vt 0.875000 0.729235
vt 0.625000 0.520765
vt 0.875000 0.520765
vt 0.875000 0.729235
vt 0.875000 0.520765
vt 0.547619 0.750000
vt 0.547619 0.750000
vt 0.547619 0.750000
vt 0.547619 0.750000
vt 0.547619 0.750000
vt 0.547619 0.750000
vt 0.547619 0.750000
vt 0.547619 0.750000
vt 0.547619 0.750000
vt 0.547619 0.750000
vt 0.547619 0.750000
vt 0.547619 0.750000
vt 0.547619 0.750000
vt 0.547619 0.750000
vt 0.547619 0.750000
vt 0.547619 0.750000
vt 0.547619 0.750000
vt 0.547619 0.750000
vt 0.547619 0.750000
vt 0.547619 0.750000
vt 0.547619 0.750000
vt 0.547619 0.750000
vt 0.547619 0.750000
vt 0.547619 0.750000
vt 0.547619 0.750000
vt 0.547619 0.750000
vt 0.547619 0.750000
vt 0.547619 0.750000
vt 0.547619 0.750000
vt 0.547619 0.750000
vt 0.547619 0.750000
vt 0.547619 0.750000
vt 0.547619 0.750000
vt 0.547619 0.750000
vt 0.547619 0.750000
vt 0.547619 0.750000
vt 0.547619 0.750000
vt 0.547619 0.750000
vt 0.547619 0.750000
vt 0.547619 0.750000
vt 0.547619 0.750000
vt 0.547619 0.750000
vt 0.547619 0.750000
vt 0.547619 0.750000
vt 0.547619 0.750000
vt 0.547619 0.750000
vt 0.547619 0.750000
vt 0.547619 0.750000
vt 0.547619 0.750000
vt 0.547619 0.750000
vt 0.547619 0.750000
vt 0.547619 0.750000
vt 0.547619 0.750000
vt 0.547619 0.750000
vt 0.547619 0.750000
vt 0.547619 0.750000
vt 0.547619 0.750000
vt 0.547619 0.750000
vt 0.547619 0.750000
vt 0.547619 0.750000
vt 0.547619 0.750000
vt 0.547619 0.750000
vt 0.547619 0.750000
vt 0.547619 0.750000
vt 0.547619 0.750000
vt 0.547619 0.750000
vt 0.547619 0.750000
vt 0.547619 0.750000
vt 0.547619 0.750000
vt 0.547619 0.750000
vt 0.547619 0.750000
vt 0.547619 0.750000
vt 0.547619 0.750000
vt 0.547619 0.750000
vt 0.547619 0.750000
vt 0.547619 0.750000
vt 0.547619 0.750000
vt 0.547619 0.750000
vt 0.547619 0.750000
vt 0.547619 0.750000
vt 0.547619 0.750000
vt 0.547619 0.750000
vt 0.547619 0.750000
vt 0.547619 0.750000
vt 0.584446 0.200222
vt 0.584446 0.049777
vt 0.625000 0.020765
vt 0.584446 0.700222
vt 0.584446 0.549778
vt 0.625000 0.520765
vt 0.584446 0.200222
vt 0.584446 0.049778
vt 0.625000 0.020765
vt 0.584446 0.200222
vt 0.584446 0.049777
vt 0.625000 0.020765
vt 0.547619 0.750000
vt 0.547619 0.750000
vt 0.547619 0.750000
vt 0.547619 0.750000
vt 0.547619 0.750000
vt 0.547619 0.750000
vt 0.547619 0.750000
vt 0.547619 0.750000
vt 0.547619 0.750000
vt 0.547619 0.750000
vt 0.547619 0.750000
vt 0.547619 0.750000
vt 0.547619 0.750000
vt 0.547619 0.750000
vt 0.875000 0.729235
vt 0.625000 0.520765
vt 0.875000 0.520765
vt 0.875000 0.729235
vt 0.625000 0.520765
vt 0.875000 0.520765
vt 0.584446 0.700222
vt 0.584446 0.549778
vt 0.584446 0.200222
vt 0.584446 0.049777
vt 0.625000 0.020765
vt 0.875000 0.729235
vt 0.625000 0.520765
vt 0.875000 0.520765
vt 0.584446 0.200222
vt 0.584446 0.049777
vt 0.625000 0.020765
vt 0.584446 0.200222
vt 0.584446 0.049777
vt 0.625000 0.020765
vt 0.584446 0.700222
vt 0.584446 0.549778
vt 0.625000 0.520765
vt 0.584446 0.700222
vt 0.584446 0.549778
vt 0.584446 0.200222
vt 0.584446 0.049777
vt 0.625000 0.020765
vt 0.875000 0.729235
vt 0.625000 0.520765
vt 0.875000 0.520765
vt 0.584446 0.200222
vt 0.584446 0.049778
vt 0.625000 0.020765
vt 0.875000 0.729235
vt 0.875000 0.520765
vt 0.875000 0.729235
vt 0.625000 0.520765
vt 0.875000 0.520765
vt 0.584446 0.200222
vt 0.584446 0.049778
vt 0.625000 0.020765
vt 0.584446 0.700222
vt 0.584446 0.549778
vt 0.584446 0.700222
vt 0.584446 0.549778
vt 0.584446 0.200222
vt 0.584446 0.049777
vt 0.625000 0.020765
vt 0.584446 0.700223
vt 0.584446 0.549778
vt 0.584446 0.700222
vt 0.584446 0.549778
vt 0.584446 0.700222
vt 0.584446 0.549778
vt 0.584446 0.200223
vt 0.584446 0.049777
vt 0.625000 0.020765
vt 0.584446 0.700222
vt 0.584446 0.549778
vt 0.875000 0.729235
vt 0.875000 0.520765
vt 0.584446 0.700223
vt 0.584446 0.549778
vt 0.584446 0.200222
vt 0.584446 0.049777
vt 0.625000 0.020765
vt 0.584446 0.200222
vt 0.584446 0.049778
vt 0.625000 0.020765
vt 0.875000 0.729235
vt 0.875000 0.520765
vt 0.584446 0.700222
vt 0.584446 0.549778
vt 0.584446 0.200222
vt 0.584446 0.049777
vt 0.625000 0.020765
vt 0.489011 0.912078
vt 0.505503 0.822401
vt 0.625000 0.750000
vt 0.125000 0.750000
vt 0.125000 0.625000
vt 0.585515 0.835803
vt 0.572461 0.883940
vt 0.593921 0.912078
vt 0.489011 0.912078
vt 0.625000 0.750000
vt 0.125000 0.750000
vt 0.593921 0.912078
vt 0.572461 0.883941
vt 0.593921 0.000000
vt 0.625000 0.125000
vt 0.593921 0.125000
vt 0.593921 0.931357
vt 0.625000 1.000000
vt 0.593921 1.000000
vt 0.593921 1.000000
vt 0.625000 0.931357
vt 0.593921 0.931357
vt 0.625000 0.000000
vt 0.593921 0.000000
vt 0.572461 0.883941
vt 0.551002 0.883941
vt 0.489011 0.912078
vt 0.551002 0.883941
vt 0.572461 0.883940
vt 0.593921 0.912078
vt 0.551002 0.883941
vt 0.489011 0.912078
vt 0.551002 0.883941
vt 0.593921 0.125000
vt 0.593921 0.000000
vt 0.489011 0.125000
vt 0.489011 0.000000
vt 0.489011 0.125000
vt 0.489011 0.000000
vt 0.593921 0.000000
vt 0.593921 0.912078
vt 0.489011 0.000000
vt 0.489011 0.912078
vt 0.489011 0.912078
vt 0.489011 0.125000
vt 0.551002 0.883941
vt 0.572461 0.883940
vt 0.593921 0.000000
vt 0.551002 0.883941
vt 0.593921 0.125000
vt 0.593921 0.000000
vt 0.593921 0.912078
vt 0.593921 0.912078
vt 0.572461 0.883941
vt 0.489011 0.000000
vt 0.547619 0.750000
vt 0.547619 0.750000
vt 0.547619 0.750000
vt 0.547619 0.750000
vt 0.547619 0.750000
vt 0.602914 0.822401
vt 0.585515 0.835803
vt 0.602914 0.798610
vt 0.602914 0.822401
vt 0.506464 0.798610
vt 0.506464 0.798610
vt 0.548593 0.788546
vt 0.552927 0.785207
vt 0.552927 0.785207
vt 0.585515 0.785207
vt 0.585515 0.785207
vt 0.552927 0.835803
vt 0.549724 0.833336
vt 0.549724 0.833336
vt 0.548593 0.788546
vt 0.602914 0.798610
vt 0.552927 0.835803
vt 0.505503 0.822401
vt 0.625000 0.625000
vt 0.625000 0.750000
vt 0.625000 0.750000
vt 0.625000 1.000000
vt 0.625000 1.000000
vt 0.625000 1.000000
vt 0.625000 0.750000
vt 0.625000 0.834996
vt 0.625000 0.869701
vt 0.625000 0.869701
vt 0.625000 0.765586
vt 0.625000 0.800291
vt 0.625000 0.800291
vt 0.625000 0.834996
vt 0.625000 0.765586
vt 0.625000 1.000000
vt 0.625000 1.000000
vt 0.625000 0.834996
vt 0.625000 0.869701
vt 0.625000 0.800291
vt 0.625000 0.765586
vt 0.625000 1.000000
vt 0.625000 0.750000
vt 0.625000 0.750000
vt 0.625000 1.000000
vt 0.625000 0.750000
vt 0.625000 0.625000
vt 0.625000 0.869701
vt 0.625000 0.834996
vt 0.625000 0.869701
vt 0.625000 0.800291
vt 0.625000 0.765586
vt 0.625000 0.800291
vt 0.625000 0.834996
vt 0.625000 0.765586
vt 0.625000 1.000000
vt 0.625000 0.834996
vt 0.625000 0.869701
vt 0.625000 0.800291
vt 0.625000 0.765586
vt 0.625000 1.000000
vt 0.625000 0.725105
vt 0.621641 0.750000
vt 0.621641 0.725105
vt 0.625000 0.750000
vt 0.625000 1.000000
vt 0.625000 1.000000
vt 0.625000 0.000000
vt 0.625000 0.062500
vt 0.625000 0.062500
vt 0.625000 1.000000
vt 0.625000 1.000000
vt 0.625000 0.625000
vt 0.621641 0.625000
vt 0.625000 0.725105
vt 0.625000 0.750000
vt 0.625000 0.625000
vt 0.625000 0.725105
vt 0.625000 0.725105
vt 0.625000 0.625000
vt 0.621641 0.750000
vt 0.625000 0.725105
vt 0.621641 0.725105
vt 0.625000 1.000000
vt 0.625000 0.750000
vt 0.625000 1.000000
vt 0.363982 0.725105
vt 0.625000 1.000000
vt 0.134285 0.725105
vt 0.625000 0.750000
vt 0.625000 1.000000
vt 0.625000 1.000000
vt 0.625000 1.000000
vt 0.625000 0.125000
vt 0.625000 0.000000
vt 0.625000 0.125000
vt 0.625000 1.000000
vt 0.625000 0.725105
vt 0.625000 0.125000
vt 0.625000 0.000000
vt 0.625000 0.125000
vt 0.625000 0.725105
vt 0.625000 0.725105
vt 0.625000 0.750000
vt 0.363982 0.625000
vt 0.625000 0.625000
vt 0.625000 0.062500
vt 0.625000 0.750000
vt 0.625000 0.000000
vt 0.625000 1.000000
vt 0.625000 0.750000
vt 0.625000 0.000000
vt 0.625000 1.000000
vt 0.625000 1.000000
vt 0.625000 1.000000
vt 0.625000 1.000000
vt 1.000000 1.000000
vt 0.833333 0.500000
vt 1.000000 0.500000
vt 0.833333 1.000000
vt 0.666667 0.500000
vt 0.666667 1.000000
vt 0.500000 0.500000
vt 0.333333 1.000000
vt 0.333333 0.500000
vt 0.500000 1.000000
vt 0.500000 1.000000
vt 0.166667 1.000000
vt 0.166667 0.500000
vt -0.000000 1.000000
vt -0.000000 0.500000
vt 0.542154 0.130000
vt 0.542154 0.370000
vt 0.957846 0.370000
vt -0.000000 1.000000
vt 0.333333 1.000000
vt 0.833333 1.000000
vt 0.666667 1.000000
vt 0.166667 1.000000
vt 1.000000 1.000000
vt 0.828279 0.636141
vt 0.671721 0.750000
vt 0.671721 0.636142
vt 0.578279 0.500000
vt 0.375000 0.750000
vt 0.375000 0.500000
vt 0.578279 0.000000
vt 0.375000 0.250000
vt 0.375000 0.000000
vt 0.125000 0.750000
vt 0.125000 0.500000
vt 0.578279 0.250000
vt 0.875000 0.750000
vt 0.828279 0.750000
vt 0.875000 0.500000
vt 0.578279 0.750000
vt 0.578279 1.000000
vt 0.375000 1.000000
vt 0.500000 0.500000
vt 0.625000 0.653523
vt 0.625000 0.500000
vt 0.291667 0.500000
vt 0.294173 0.514634
vt 0.375000 0.500000
vt 0.791667 0.656008
vt 0.875000 0.500000
vt 0.791667 0.500000
vt 0.708333 0.656008
vt 0.708333 0.500000
vt 0.205827 0.514634
vt 0.208333 0.527980
vt 0.208333 0.500000
vt 0.433236 0.641597
vt 0.500000 0.645749
vt 0.750000 1.000000
vt 0.250000 1.000000
vt 0.437500 1.000000
vt 0.250000 0.500000
vt 0.375000 0.500000
vt 0.375000 0.500000
vt 0.125000 0.727079
vt 0.000000 1.000000
vt 0.000000 0.727079
vt 0.250000 0.727079
vt 0.375000 1.000000
vt 0.375000 0.727079
vt 0.437500 0.727079
vt 0.625000 1.000000
vt 0.500000 0.727079
vt 0.625000 0.727079
vt 0.750000 0.727079
vt 0.875000 1.000000
vt 0.875000 0.727079
vt 1.000000 0.727079
vt 0.875000 0.720445
vt 1.000000 0.720445
vt 0.750000 0.720445
vt 0.625000 0.727079
vt 0.500000 0.720445
vt 0.625000 0.720445
vt 0.000000 0.000000
vt 0.000000 0.000000
vt 0.000000 0.000000
vt 0.000000 0.720445
vt 0.125000 0.720445
vt 0.125000 0.538380
vt 0.000000 0.500000
vt 0.125000 0.500000
vt 0.250000 0.538380
vt 0.375000 0.538380
vt 0.437500 0.538380
vt 0.437500 0.500000
vt 0.625000 0.500000
vt 0.500000 0.538380
vt 0.500000 0.500000
vt 0.750000 0.500000
vt 0.625000 0.538380
vt 0.875000 0.538380
vt 0.875000 0.500000
vt 1.000000 0.538380
vt 1.000000 0.500000
vt 0.625000 0.545761
vt 0.625000 0.545761
vt 0.750000 0.538380
vt 0.625000 0.538380
vt 0.625000 0.720445
vt 0.750000 0.545761
vt 0.000000 0.545761
vt 0.125000 0.545761
vt 0.437500 0.718770
vt 0.375000 0.720445
vt 0.375000 0.545761
vt 0.875000 0.545761
vt 1.000000 0.545761
vt 0.500000 0.545761
vt 0.500000 0.538380
vt 0.000000 0.538380
vt 0.437500 0.545761
vt 0.375000 0.538380
vt 0.437500 0.538380
vt 0.000000 0.000000
vt 0.000000 0.000000
vt 0.000000 0.000000
vt 0.437500 0.545761
vt 0.375000 0.545761
vt 0.437500 0.727079
vt 0.375000 0.720445
vt 0.437500 0.720445
vt 0.500000 0.727079
vt 0.437500 0.720445
vt 0.375000 0.727079
vt 0.500000 0.720445
vt 0.500000 0.545761
vt 0.500000 0.547202
vt 0.500000 1.000000
vt 0.588455 0.539642
vt 0.125000 0.500000
vt 0.250000 0.500000
vt 0.500000 0.500000
vt 0.625000 0.500000
vt 0.875000 0.500000
vt 0.000000 0.500000
vt 0.750000 0.500000
vt 1.000000 0.500000
vt 0.437500 0.500000
vt 0.250000 0.538380
vt 0.125000 0.538380
vt 0.500000 0.718700
vt 0.500000 0.718700
vt 0.596334 0.693419
vt 0.579155 0.545007
vt 0.588455 0.539642
vt 0.437500 0.547670
vt 0.500000 0.547202
vt 0.437500 0.547670
vt 0.462470 0.553846
vt 0.437500 0.567862
vt 0.603006 0.705233
vt 0.565062 0.717935
vt 0.603006 0.705233
vt 0.508099 0.484161
vt 0.508099 0.484161
vt 0.437500 0.697514
vt 0.565062 0.717935
vt 0.498776 0.717357
vt 0.378460 0.413868
vt 0.378460 0.413868
vt 0.462470 0.711776
vt 0.437500 0.718770
vt 0.500000 0.250000
vt 0.625000 0.096477
vt 0.500000 0.104251
vt 0.433236 0.108403
vt 0.625000 0.137339
vt 0.375000 0.250000
vt 0.375000 0.137339
vt 0.625000 0.361301
vt 0.375000 0.500000
vt 0.375000 0.361301
vt 0.625000 0.619741
vt 0.375000 0.619741
vt 0.558681 0.888699
vt 0.441319 0.931507
vt 0.441319 0.888699
vt 0.806507 0.500000
vt 0.763699 0.696075
vt 0.763699 0.500000
vt 0.236301 0.500000
vt 0.193493 0.696075
vt 0.193493 0.500000
vt 0.625000 0.250000
vt 0.375000 0.318493
vt 0.375000 1.000000
vt 0.558681 0.931507
vt 0.625000 0.318493
vt 0.193493 0.750000
vt 0.125000 0.612661
vt 0.625000 0.952259
vt 0.625000 1.000000
vt 0.375000 0.827234
vt 0.763699 0.750000
vt 0.806507 0.750000
vt 0.236301 0.696075
vt 0.125000 1.000000
vt 0.000000 1.000000
vt 0.000000 1.000000
vt 0.375000 1.000000
vt 0.250000 1.000000
vt 0.250000 1.000000
vt 0.625000 1.000000
vt 0.500000 1.000000
vt 0.500000 1.000000
vt 0.875000 1.000000
vt 0.750000 1.000000
vt 0.750000 1.000000
vt 0.375000 1.000000
vt 0.250000 1.000000
vt 0.625000 1.000000
vt 0.500000 1.000000
vt 0.875000 1.000000
vt 0.750000 1.000000
vt 0.125000 1.000000
vt 0.125000 1.000000
vt 0.375000 1.000000
vt 0.625000 1.000000
vt 0.875000 1.000000
vt 1.000000 1.000000
vt 0.000000 1.000000
vt 1.000000 1.000000
vt 0.625000 1.000000
vt 0.500000 1.000000
vt 0.500000 1.000000
vt 0.875000 1.000000
vt 0.750000 1.000000
vt 0.750000 1.000000
vt 0.125000 1.000000
vt 0.250000 1.000000
vt 0.125000 1.000000
vt 0.375000 1.000000
vt 0.375000 1.000000
vt 0.625000 1.000000
vt 1.000000 1.000000
vt 0.875000 1.000000
vt 0.000000 1.000000
vt 0.000000 1.000000
vt 0.250000 1.000000
vt 1.000000 1.000000
vt 0.875000 1.000000
vt 0.875000 1.000000
vt 0.250000 1.000000
vt 0.125000 1.000000
vt 0.125000 1.000000
vt 0.125000 1.000000
vt 0.000000 1.000000
vt 0.000000 1.000000
vt 0.375000 1.000000
vt 0.250000 1.000000
vt 0.625000 1.000000
vt 0.500000 1.000000
vt 0.500000 1.000000
vt 0.750000 1.000000
vt 0.750000 1.000000
vt 0.375000 1.000000
vt 0.625000 1.000000
vt 0.500000 1.000000
vt 0.375000 1.000000
vt 0.625000 1.000000
vt 1.000000 1.000000
vt 0.875000 1.000000
vt 0.000000 1.000000
vt 0.250000 1.000000
vt 0.750000 1.000000
vt 0.000000 0.000000
vt 0.000000 0.000000
vt 0.000000 0.000000
vt 0.000000 0.000000
vt 0.000000 0.000000
vt 0.000000 0.000000
vt 0.000000 0.000000
vt 0.000000 0.000000
vt 0.000000 0.000000
vt 0.000000 0.000000
vt 0.000000 0.000000
vt 0.000000 0.000000
vt 0.000000 0.000000
vt 0.000000 0.000000
vt 0.000000 0.000000
vt 0.000000 0.000000
vt 0.000000 0.000000
vt 0.000000 0.000000
vt 0.000000 0.000000
vt 0.000000 0.000000
vt 0.000000 0.000000
vt 0.000000 0.000000
vt 0.000000 0.000000
vt 0.000000 0.000000
vt 0.000000 0.000000
vt 0.000000 0.000000
vt 0.000000 0.000000
vt 0.000000 0.000000
vt 0.000000 0.000000
vt 0.000000 0.000000
vt 0.000000 0.000000
vt 0.000000 0.000000
vt 0.000000 0.000000
vt 0.000000 0.000000
vt 0.000000 0.000000
vt 0.000000 0.000000
vt 0.000000 0.000000
vt 0.000000 0.000000
vt 0.000000 0.000000
vt 0.000000 0.000000
vt 0.000000 0.000000
vt 0.000000 0.000000
vt 0.000000 0.000000
vt 0.000000 0.000000
vt 0.000000 0.000000
vt 0.000000 0.000000
vt 0.000000 0.000000
vt 0.000000 0.000000
vt 0.000000 0.000000
vt 0.000000 0.000000
vt 0.000000 0.000000
vt 0.000000 0.000000
vt 0.000000 0.000000
vt 0.000000 0.000000
vt 0.000000 0.000000
vt 0.000000 0.000000
vt 0.000000 0.000000
vt 0.000000 0.000000
vt 0.000000 0.000000
vt 0.000000 0.000000
vt 0.000000 0.000000
vt 0.000000 0.000000
vt 0.000000 0.000000
vt 0.000000 0.000000
vt 0.000000 0.000000
vt 0.000000 0.000000
vt 0.000000 0.000000
vt 0.000000 0.000000
vt 0.000000 0.000000
vt 0.000000 0.000000
vt 0.000000 0.000000
vt 0.000000 0.000000
vt 0.000000 0.000000
vt 0.000000 0.000000
vt 0.000000 0.000000
vt 0.000000 0.000000
vt 0.000000 0.000000
vt 0.000000 0.000000
vt 0.000000 0.000000
vt 0.000000 0.000000
vt 0.000000 0.000000
vt 0.000000 0.000000
vt 0.000000 0.000000
vt 0.000000 0.000000
vt 0.000000 0.000000
vt 0.000000 0.000000
vt 0.000000 0.000000
vt 0.000000 0.000000
vt 0.000000 0.000000
vt 0.000000 0.000000
vt 0.000000 0.000000
vt 0.000000 0.000000
vt 0.000000 0.000000
vt 0.000000 0.000000
vt 0.000000 0.000000
vt 0.000000 0.000000
vt 0.000000 0.000000
vt 0.000000 0.000000
vt 0.000000 0.000000
vt 0.000000 0.000000
vt 0.000000 0.000000
vt 0.000000 0.000000
vt 0.000000 0.000000
vt 0.000000 0.000000
vt 0.000000 0.000000
vt 0.000000 0.000000
vt 0.000000 0.000000
vt 0.000000 0.000000
vt 0.000000 0.000000
vt 0.000000 0.000000
vt 0.000000 0.000000
vt 0.000000 0.000000
vt 0.000000 0.000000
vt 0.000000 0.000000
vt 0.000000 0.000000
vt 0.000000 0.000000
vt 0.000000 0.000000
vt 0.000000 0.000000
vt 0.000000 0.000000
vt 0.000000 0.000000
vt 0.000000 0.000000
vt 0.000000 0.000000
vt 0.000000 0.000000
vt 0.000000 0.000000
vt 0.000000 0.000000
vt 0.000000 0.000000
vt 0.000000 0.000000
vt 0.000000 0.000000
vt 0.000000 0.000000
vt 0.000000 0.000000
vt 0.000000 0.000000
vt 0.000000 0.000000
vt 0.000000 0.000000
vt 0.000000 0.000000
vt 0.000000 0.000000
vt 0.000000 0.000000
vt 0.000000 0.000000
vt 0.000000 0.000000
vt 0.000000 0.000000
vt 0.000000 0.000000
vt 0.000000 0.000000
vt 0.000000 0.000000
vt 0.000000 0.000000
vt 0.000000 0.000000
vt 0.000000 0.000000
vt 0.000000 0.000000
vt 0.000000 0.000000
vt 0.000000 0.000000
vt 0.000000 0.000000
vt 0.000000 0.000000
vt 0.000000 0.000000
vt 0.000000 0.000000
vt 0.000000 0.000000
vt 0.000000 0.000000
vt 0.000000 0.000000
vt 0.000000 0.000000
vt 0.000000 0.000000
vt 0.000000 0.000000
vt 0.000000 0.000000
vt 0.000000 0.000000
vt 0.000000 0.000000
vt 0.000000 0.000000
vt 0.000000 0.000000
vt 0.000000 0.000000
vt 0.000000 0.000000
vt 0.000000 0.000000
vt 0.000000 0.000000
vt 0.000000 0.000000
vt 0.000000 0.000000
vt 0.000000 0.000000
vt 0.000000 0.000000
vt 0.000000 0.000000
vt 0.000000 0.000000
vt 0.000000 0.000000
vt 0.000000 0.000000
vt 0.000000 0.000000
vt 0.000000 0.000000
vt 0.000000 0.000000
vt 0.000000 0.000000
vt 0.000000 0.000000
vt 0.000000 0.000000
vt 0.000000 0.000000
vt 0.000000 0.000000
vt 0.000000 0.000000
vt 0.000000 0.000000
vt 0.000000 0.000000
vt 0.000000 0.000000
vt 0.000000 0.000000
vt 0.000000 0.000000
vt 0.000000 0.000000
vt 0.000000 0.000000
vt 0.000000 0.000000
vt 0.000000 0.000000
vt 0.000000 0.000000
vt 0.000000 0.000000
vt 0.000000 0.000000
vt 0.000000 0.000000
vt 0.000000 0.000000
vt 0.000000 0.000000
vt 0.000000 0.000000
vt 0.000000 0.000000
vt 0.000000 0.000000
vt 0.000000 0.000000
vt 0.000000 0.000000
vt 0.000000 0.000000
vt 0.000000 0.000000
vt 0.000000 0.000000
vt 0.000000 0.000000
vt 0.000000 0.000000
vt 0.000000 0.000000
vt 0.000000 0.000000
vt 0.000000 0.000000
vt 0.000000 0.000000
vt 0.000000 0.000000
vt 0.000000 0.000000
vt 0.000000 0.000000
vt 0.000000 0.000000
vt 0.000000 0.000000
vt 0.000000 0.000000
vt 0.000000 0.000000
vt 0.000000 0.000000
vt 0.000000 0.000000
vt 0.000000 0.000000
vt 0.000000 0.000000
vt 0.000000 0.000000
vt 0.000000 0.000000
vt 0.000000 0.000000
vt 0.000000 0.000000
vt 0.000000 0.000000
vt 0.000000 0.000000
vt 0.000000 0.000000
vt 0.000000 0.000000
vt 0.000000 0.000000
vt 0.000000 0.000000
vt 0.000000 0.000000
vt 0.000000 0.000000
vt 0.000000 0.000000
vt 0.000000 0.000000
vt 0.000000 0.000000
vt 0.000000 0.000000
vt 0.000000 0.000000
vt 0.000000 0.000000
vt 0.000000 0.000000
vt 0.000000 0.000000
vt 0.000000 0.000000
vt 0.000000 0.000000
vt 0.000000 0.000000
vt 0.000000 0.000000
vt 0.000000 0.000000
vt 0.000000 0.000000
vt 0.000000 0.000000
vt 0.000000 0.000000
vt 0.000000 0.000000
vt 0.000000 0.000000
vt 0.000000 0.000000
vt 0.000000 0.000000
vt 0.000000 0.000000
vt 0.000000 0.000000
vt 0.000000 0.000000
vt 0.000000 0.000000
vt 0.000000 0.000000
vt 0.000000 0.000000
vt 0.000000 0.000000
vt 0.000000 0.000000
vt 0.000000 0.000000
vt 0.000000 0.000000
vt 0.000000 0.000000
vt 0.000000 0.000000
vt 0.000000 0.000000
vt 0.000000 0.000000
vt 0.000000 0.000000
vt 0.000000 0.000000
vt 0.000000 0.000000
vt 0.000000 0.000000
vt 0.000000 0.000000
vt 0.000000 0.000000
vt 0.000000 0.000000
vt 0.000000 0.000000
vt 0.000000 0.000000
vt 0.000000 0.000000
vt 0.000000 0.000000
vt 0.000000 0.000000
vt 0.000000 0.000000
vt 0.000000 0.000000
vt 0.000000 0.000000
vt 0.000000 0.000000
vt 0.000000 0.000000
vt 0.000000 0.000000
vt 0.000000 0.000000
vt 0.000000 0.000000
vt 0.000000 0.000000
vt 0.000000 0.000000
vt 0.000000 0.000000
vt 0.000000 0.000000
vt 0.000000 0.000000
vt 0.000000 0.000000
vt 0.000000 0.000000
vt 0.000000 0.000000
vt 0.000000 0.000000
vt 0.000000 0.000000
vt 0.000000 0.000000
vt 0.000000 0.000000
vt 0.000000 0.000000
vt 0.000000 0.000000
vt 0.000000 0.000000
vt 0.000000 0.000000
vt 0.000000 0.000000
vt 0.000000 0.000000
vt 0.000000 0.000000
vt 0.000000 0.000000
vt 0.000000 0.000000
vt 0.000000 0.000000
vt 0.000000 0.000000
vt 0.000000 0.000000
vt 0.000000 0.000000
vt 0.000000 0.000000
vt 0.000000 0.000000
vt 0.000000 0.000000
vt 0.000000 0.000000
vt 0.000000 0.000000
vt 0.000000 0.000000
vt 0.000000 0.000000
vt 0.000000 0.000000
vt 0.000000 0.000000
vt 0.000000 0.000000
vt 0.000000 0.000000
vt 0.000000 0.000000
vt 0.000000 0.000000
vt 0.000000 0.000000
vt 0.000000 0.000000
vt 0.000000 0.000000
vt 0.000000 0.000000
vt 0.000000 0.000000
vt 0.000000 0.000000
vt 0.000000 0.000000
vt 0.000000 0.000000
vt 0.000000 0.000000
vt 0.000000 0.000000
vt 0.000000 0.000000
vt 0.000000 0.000000
vt 0.000000 0.000000
vt 0.000000 0.000000
vt 0.000000 0.000000
vt 0.000000 0.000000
vt 0.000000 0.000000
vt 0.000000 0.000000
vt 0.000000 0.000000
vt 0.000000 0.000000
vt 0.000000 0.000000
vt 0.000000 0.000000
vt 0.000000 0.000000
vt 0.000000 0.000000
vt 0.000000 0.000000
vt 0.000000 0.000000
vt 0.000000 0.000000
vt 0.000000 0.000000
vt 0.000000 0.000000
vt 0.000000 0.000000
vt 0.000000 0.000000
vt 0.000000 0.000000
vt 0.000000 0.000000
vt 0.000000 0.000000
vt 0.000000 0.000000
vt 0.000000 0.000000
vt 0.000000 0.000000
vt 0.000000 0.000000
vt 0.000000 0.000000
vt 0.000000 0.000000
vt 0.000000 0.000000
vt 0.000000 0.000000
vt 0.000000 0.000000
vt 0.000000 0.000000
vt 0.000000 0.000000
vt 0.000000 0.000000
vt 0.000000 0.000000
vt 0.000000 0.000000
vt 0.000000 0.000000
vt 0.000000 0.000000
vt 0.000000 0.000000
vt 0.000000 0.000000
vt 0.000000 0.000000
vt 0.000000 0.000000
vt 0.000000 0.000000
vt 0.000000 0.000000
vt 0.000000 0.000000
vt 0.000000 0.000000
vt 0.000000 0.000000
vt 0.000000 0.000000
vt 0.000000 0.000000
vt 0.000000 0.000000
vt 0.000000 0.000000
vt 0.000000 0.000000
vt 0.000000 0.000000
vt 0.000000 0.000000
vt 0.000000 0.000000
vt 0.000000 0.000000
vt 0.000000 0.000000
vt 0.000000 0.000000
vt 0.000000 0.000000
vt 0.000000 0.000000
vt 0.000000 0.000000
vt 0.000000 0.000000
vt 0.000000 0.000000
vt 0.000000 0.000000
vt 0.000000 0.000000
vt 0.000000 0.000000
vt 0.000000 0.000000
vt 0.000000 0.000000
vt 0.000000 0.000000
vt 0.000000 0.000000
vt 0.000000 0.000000
vt 0.000000 0.000000
vt 0.000000 0.000000
vt 0.000000 0.000000
vt 0.000000 0.000000
vt 0.000000 0.000000
vt 0.000000 0.000000
vt 0.000000 0.000000
vt 0.000000 0.000000
vt 0.000000 0.000000
vt 0.000000 0.000000
vt 0.000000 0.000000
vt 0.000000 0.000000
vt 0.000000 0.000000
vt 0.000000 0.000000
vt 0.000000 0.000000
vt 0.000000 0.000000
vt 0.000000 0.000000
vt 0.000000 0.000000
vt 0.000000 0.000000
vt 0.000000 0.000000
vt 0.000000 0.000000
vt 0.000000 0.000000
vt 0.000000 0.000000
vt 0.000000 0.000000
vt 0.000000 0.000000
vt 0.000000 0.000000
vt 0.000000 0.000000
vt 0.000000 0.000000
vt 0.000000 0.000000
vt 0.000000 0.000000
vt 0.000000 0.000000
vt 0.000000 0.000000
vt 0.000000 0.000000
vt 0.000000 0.000000
vt 0.000000 0.000000
vt 0.000000 0.000000
vt 0.000000 0.000000
vt 0.000000 0.000000
vt 0.000000 0.000000
vt 0.000000 0.000000
vt 0.000000 0.000000
vt 0.000000 0.000000
vt 0.000000 0.000000
vt 0.000000 0.000000
vt 0.000000 0.000000
vt 0.000000 0.000000
vt 0.000000 0.000000
vt 0.000000 0.000000
vt 0.000000 0.000000
vt 0.000000 0.000000
vt 0.000000 0.000000
vt 0.000000 0.000000
vt 0.000000 0.000000
vt 0.000000 0.000000
vt 0.000000 0.000000
vt 0.000000 0.000000
vt 0.000000 0.000000
vt 0.000000 0.000000
vt 0.000000 0.000000
vt 0.000000 0.000000
vt 0.000000 0.000000
vt 0.000000 0.000000
vt 0.000000 0.000000
vt 0.000000 0.000000
vt 0.000000 0.000000
vt 0.000000 0.000000
vt 0.000000 0.000000
vt 0.000000 0.000000
vt 0.000000 0.000000
vt 0.000000 0.000000
vt 0.000000 0.000000
vt 0.000000 0.000000
vt 0.000000 0.000000
vt 0.000000 0.000000
vt 0.000000 0.000000
vt 0.000000 0.000000
vt 0.000000 0.000000
vt 0.000000 0.000000
vt 0.000000 0.000000
vt 0.000000 0.000000
vt 0.000000 0.000000
vt 0.000000 0.000000
vt 0.000000 0.000000
vt 0.000000 0.000000
vt 0.000000 0.000000
vt 0.000000 0.000000
vt 0.000000 0.000000
vt 0.000000 0.000000
vt 0.000000 0.000000
vt 0.000000 0.000000
vt 0.000000 0.000000
vt 0.000000 0.000000
vt 0.000000 0.000000
vt 0.000000 0.000000
vt 0.000000 0.000000
vt 0.000000 0.000000
vt 0.000000 0.000000
vt 0.000000 0.000000
vt 0.000000 0.000000
vt 0.000000 0.000000
vt 0.000000 0.000000
vt 0.000000 0.000000
vt 0.000000 0.000000
vt 0.000000 0.000000
vt 0.000000 0.000000
vt 0.000000 0.000000
vt 0.000000 0.000000
vt 0.000000 0.000000
vt 0.000000 0.000000
vt 0.000000 0.000000
vt 0.000000 0.000000
vt 0.000000 0.000000
vt 0.000000 0.000000
vt 0.000000 0.000000
vt 0.000000 0.000000
vt 0.000000 0.000000
vt 0.000000 0.000000
vt 0.000000 0.000000
vt 0.000000 0.000000
vt 0.000000 0.000000
vt 0.000000 0.000000
vt 0.000000 0.000000
vt 0.000000 0.000000
vt 0.000000 0.000000
vt 0.000000 0.000000
vt 0.000000 0.000000
vt 0.000000 0.000000
vt 0.000000 0.000000
vt 0.000000 0.000000
vt 0.000000 0.000000
vt 0.000000 0.000000
vt 0.000000 0.000000
vt 0.000000 0.000000
vt 0.000000 0.000000
vt 0.000000 0.000000
vt 0.000000 0.000000
vt 0.000000 0.000000
vt 0.000000 0.000000
vt 0.000000 0.000000
vt 0.000000 0.000000
vt 0.000000 0.000000
vt 0.000000 0.000000
vt 0.000000 0.000000
vt 0.000000 0.000000
vt 0.000000 0.000000
vt 0.000000 0.000000
vt 0.000000 0.000000
vt 0.000000 0.000000
vt 0.000000 0.000000
vt 0.000000 0.000000
vt 0.000000 0.000000
vt 0.000000 0.000000
vt 0.000000 0.000000
vt 0.000000 0.000000
vt 0.000000 0.000000
vt 0.000000 0.000000
vt 0.000000 0.000000
vt 0.000000 0.000000
vt 0.000000 0.000000
vt 0.000000 0.000000
vt 0.000000 0.000000
vt 0.000000 0.000000
vt 0.000000 0.000000
vt 0.000000 0.000000
vt 0.000000 0.000000
vt 0.000000 0.000000
vt 0.000000 0.000000
vt 0.000000 0.000000
vt 0.000000 0.000000
vt 0.000000 0.000000
vt 0.000000 0.000000
vt 0.000000 0.000000
vt 0.000000 0.000000
vt 0.000000 0.000000
vt 0.000000 0.000000
vt 0.000000 0.000000
vt 0.000000 0.000000
vt 0.000000 0.000000
vt 0.000000 0.000000
vt 0.000000 0.000000
vt 0.000000 0.000000
vt 0.000000 0.000000
vt 0.000000 0.000000
vt 0.000000 0.000000
vt 0.000000 0.000000
vt 0.000000 0.000000
vt 0.000000 0.000000
vt 0.000000 0.000000
vt 0.000000 0.000000
vt 0.000000 0.000000
vt 0.000000 0.000000
vt 0.000000 0.000000
vt 0.000000 0.000000
vt 0.000000 0.000000
vt 0.000000 0.000000
vt 0.000000 0.000000
vt 0.000000 0.000000
vt 0.000000 0.000000
vt 0.000000 0.000000
vt 0.000000 0.000000
vt 0.000000 0.000000
vt 0.000000 0.000000
vt 0.000000 0.000000
vt 0.000000 0.000000
vt 0.000000 0.000000
vt 0.000000 0.000000
vt 0.000000 0.000000
vt 0.000000 0.000000
vt 0.000000 0.000000
vt 0.000000 0.000000
vt 0.000000 0.000000
vt 0.000000 0.000000
vt 0.000000 0.000000
vt 0.000000 0.000000
vt 0.000000 0.000000
vt 0.000000 0.000000
vt 0.000000 0.000000
vt 0.000000 0.000000
vt 0.000000 0.000000
vt 0.000000 0.000000
vt 0.000000 0.000000
vt 0.000000 0.000000
vt 0.000000 0.000000
vt 0.000000 0.000000
vt 0.000000 0.000000
vt 0.000000 0.000000
vt 0.000000 0.000000
vt 0.000000 0.000000
vt 0.000000 0.000000
vt 0.000000 0.000000
vt 0.000000 0.000000
vt 0.000000 0.000000
vt 0.000000 0.000000
vt 0.000000 0.000000
vt 0.000000 0.000000
vt 0.000000 0.000000
vt 0.000000 0.000000
vt 0.000000 0.000000
vt 0.000000 0.000000
vt 0.000000 0.000000
vt 0.000000 0.000000
vt 0.000000 0.000000
vt 0.000000 0.000000
vt 0.000000 0.000000
vt 0.000000 0.000000
vt 0.000000 0.000000
vt 0.000000 0.000000
vt 0.000000 0.000000
vt 0.000000 0.000000
vt 0.000000 0.000000
vt 0.000000 0.000000
vt 0.000000 0.000000
vt 0.000000 0.000000
vt 0.000000 0.000000
vt 0.000000 0.000000
vt 0.000000 0.000000
vt 0.000000 0.000000
vt 0.000000 0.000000
vt 0.000000 0.000000
vt 0.000000 0.000000
vt 0.000000 0.000000
vt 0.000000 0.000000
vt 0.000000 0.000000
vt 0.000000 0.000000
vt 0.000000 0.000000
vt 0.000000 0.000000
vt 0.000000 0.000000
vt 0.000000 0.000000
vt 0.000000 0.000000
vt 0.000000 0.000000
vt 0.000000 0.000000
vt 0.000000 0.000000
vt 0.000000 0.000000
vt 0.000000 0.000000
vt 0.000000 0.000000
vt 0.000000 0.000000
vt 0.000000 0.000000
vt 0.000000 0.000000
vt 0.000000 0.000000
vt 0.000000 0.000000
vt 0.000000 0.000000
vt 0.000000 0.000000
vt 0.000000 0.000000
vt 0.000000 0.000000
vt 0.000000 0.000000
vt 0.000000 0.000000
vt 0.000000 0.000000
vt 0.000000 0.000000
vt 0.000000 0.000000
vt 0.000000 0.000000
vt 0.000000 0.000000
vt 0.000000 0.000000
vt 0.000000 0.000000
vt 0.000000 0.000000
vt 0.000000 0.000000
vt 0.000000 0.000000
vt 0.000000 0.000000
vt 0.000000 0.000000
vt 0.000000 0.000000
vt 0.000000 0.000000
vt 0.000000 0.000000
vt 0.000000 0.000000
vt 0.000000 0.000000
vt 0.000000 0.000000
vt 0.000000 0.000000
vt 0.000000 0.000000
vt 0.000000 0.000000
vt 0.000000 0.000000
vt 0.000000 0.000000
vt 0.000000 0.000000
vt 0.000000 0.000000
vt 0.000000 0.000000
vt 0.000000 0.000000
vt 0.000000 0.000000
vt 0.000000 0.000000
vt 0.000000 0.000000
vt 0.000000 0.000000
vt 0.000000 0.000000
vt 0.000000 0.000000
vt 0.000000 0.000000
vt 0.000000 0.000000
vt 0.000000 0.000000
vt 0.000000 0.000000
vt 0.000000 0.000000
vt 0.000000 0.000000
vt 0.000000 0.000000
vt 0.000000 0.000000
vt 0.000000 0.000000
vt 0.000000 0.000000
vt 0.000000 0.000000
vt 0.000000 0.000000
vt 0.000000 0.000000
vt 0.000000 0.000000
vt 0.000000 0.000000
vt 0.000000 0.000000
vt 0.000000 0.000000
vt 0.000000 0.000000
vt 0.000000 0.000000
vt 0.000000 0.000000
vt 0.000000 0.000000
vt 0.000000 0.000000
vt 0.000000 0.000000
vt 0.000000 0.000000
vt 0.000000 0.000000
vt 0.000000 0.000000
vt 0.000000 0.000000
vt 0.000000 0.000000
vt 0.000000 0.000000
vt 0.000000 0.000000
vt 0.000000 0.000000
vt 0.000000 0.000000
vt 0.000000 0.000000
vt 0.000000 0.000000
vt 0.000000 0.000000
vt 0.000000 0.000000
vt 0.000000 0.000000
vt 0.000000 0.000000
vt 0.000000 0.000000
vt 0.000000 0.000000
vt 0.000000 0.000000
vt 0.000000 0.000000
vt 0.000000 0.000000
vt 0.000000 0.000000
vt 0.000000 0.000000
vt 0.000000 0.000000
vt 0.000000 0.000000
vt 0.000000 0.000000
vt 0.000000 0.000000
vt 0.000000 0.000000
vt 0.000000 0.000000
vt 0.000000 0.000000
vt 0.000000 0.000000
vt 0.000000 0.000000
vt 0.000000 0.000000
vt 0.000000 0.000000
vt 0.000000 0.000000
vt 0.000000 0.000000
vt 0.000000 0.000000
vt 0.000000 0.000000
vt 0.000000 0.000000
vt 0.000000 0.000000
vt 0.000000 0.000000
vt 0.000000 0.000000
vt 0.000000 0.000000
vt 0.000000 0.000000
vt 0.000000 0.000000
vt 0.000000 0.000000
vt 0.000000 0.000000
vt 0.000000 0.000000
vt 0.000000 0.000000
vt 0.000000 0.000000
vt 0.000000 0.000000
vt 0.000000 0.000000
vt 0.000000 0.000000
vt 0.000000 0.000000
vt 0.000000 0.000000
vt 0.000000 0.000000
vt 0.000000 0.000000
vt 0.000000 0.000000
vt 0.000000 0.000000
vt 0.000000 0.000000
vt 0.000000 0.000000
vt 0.000000 0.000000
vt 0.000000 0.000000
vt 0.000000 0.000000
vt 0.000000 0.000000
vt 0.000000 0.000000
vt 0.000000 0.000000
vt 0.000000 0.000000
vt 0.000000 0.000000
vt 0.000000 0.000000
vt 0.000000 0.000000
vt 0.000000 0.000000
vt 0.000000 0.000000
vt 0.000000 0.000000
vt 0.000000 0.000000
vt 0.000000 0.000000
vt 0.000000 0.000000
vt 0.000000 0.000000
vt 0.000000 0.000000
vt 0.000000 0.000000
vt 0.000000 0.000000
vt 0.000000 0.000000
vt 0.000000 0.000000
vt 0.000000 0.000000
vt 0.000000 0.000000
vt 0.000000 0.000000
vt 0.000000 0.000000
vt 0.000000 0.000000
vt 0.000000 0.000000
vt 0.000000 0.000000
vt 0.000000 0.000000
vt 0.000000 0.000000
vt 0.000000 0.000000
vt 0.000000 0.000000
vt 0.000000 0.000000
vt 0.000000 0.000000
vt 0.000000 0.000000
vt 0.000000 0.000000
vt 0.000000 0.000000
vt 0.000000 0.000000
vt 0.000000 0.000000
vt 0.000000 0.000000
vt 0.000000 0.000000
vt 0.000000 0.000000
vt 0.000000 0.000000
vt 0.000000 0.000000
vt 0.000000 0.000000
vt 0.000000 0.000000
vt 0.000000 0.000000
vt 0.000000 0.000000
vt 0.000000 0.000000
vt 0.000000 0.000000
vt 0.000000 0.000000
vt 0.000000 0.000000
vt 0.000000 0.000000
vt 0.000000 0.000000
vt 0.000000 0.000000
vt 0.000000 0.000000
vt 0.000000 0.000000
vt 0.000000 0.000000
vt 0.000000 0.000000
vt 0.000000 0.000000
vt 0.000000 0.000000
vt 0.000000 0.000000
vt 0.000000 0.000000
vt 0.000000 0.000000
vt 0.000000 0.000000
vt 0.000000 0.000000
vt 0.000000 0.000000
vt 0.000000 0.000000
vt 0.000000 0.000000
vt 0.000000 0.000000
vt 0.000000 0.000000
vt 0.000000 0.000000
vt 0.000000 0.000000
vt 0.000000 0.000000
vt 0.000000 0.000000
vt 0.000000 0.000000
vt 0.000000 0.000000
vt 0.000000 0.000000
vt 0.000000 0.000000
vt 0.000000 0.000000
vt 0.000000 0.000000
vt 0.000000 0.000000
vt 0.000000 0.000000
vt 0.000000 0.000000
vt 0.000000 0.000000
vt 0.000000 0.000000
vt 0.000000 0.000000
vt 0.000000 0.000000
vt 0.000000 0.000000
vt 0.000000 0.000000
vt 0.000000 0.000000
vt 0.000000 0.000000
vt 0.000000 0.000000
vt 0.000000 0.000000
vt 0.000000 0.000000
vt 0.000000 0.000000
vt 0.000000 0.000000
vt 0.000000 0.000000
vt 0.000000 0.000000
vt 0.000000 0.000000
vt 0.000000 0.000000
vt 0.000000 0.000000
vt 0.000000 0.000000
vt 0.000000 0.000000
vt 0.000000 0.000000
vt 0.000000 0.000000
vt 0.000000 0.000000
vt 0.000000 0.000000
vt 0.000000 0.000000
vt 0.000000 0.000000
vt 0.000000 0.000000
vt 0.000000 0.000000
vt 0.000000 0.000000
vt 0.000000 0.000000
vt 0.000000 0.000000
vt 0.000000 0.000000
vt 0.000000 0.000000
vt 0.000000 0.000000
vt 0.000000 0.000000
vt 0.000000 0.000000
vt 0.000000 0.000000
vt 0.000000 0.000000
vt 0.000000 0.000000
vt 0.000000 0.000000
vt 0.000000 0.000000
vt 0.000000 0.000000
vt 0.000000 0.000000
vt 0.000000 0.000000
vt 0.000000 0.000000
vt 0.000000 0.000000
vt 0.000000 0.000000
vt 0.000000 0.000000
vt 0.000000 0.000000
vt 0.000000 0.000000
vt 0.000000 0.000000
vt 0.000000 0.000000
vt 0.000000 0.000000
vt 0.000000 0.000000
vt 0.000000 0.000000
vt 0.000000 0.000000
vt 0.000000 0.000000
vt 0.000000 0.000000
vt 0.000000 0.000000
vt 0.000000 0.000000
vt 0.000000 0.000000
vt 0.000000 0.000000
vt 0.000000 0.000000
vt 0.000000 0.000000
vt 0.000000 0.000000
vt 0.000000 0.000000
vt 0.000000 0.000000
vt 0.000000 0.000000
vt 0.000000 0.000000
vt 0.000000 0.000000
vt 0.000000 0.000000
vt 0.000000 0.000000
vt 0.000000 0.000000
vt 0.000000 0.000000
vt 0.000000 0.000000
vt 0.000000 0.000000
vt 0.000000 0.000000
vt 0.000000 0.000000
vt 0.000000 0.000000
vt 0.000000 0.000000
vt 0.000000 0.000000
vt 0.000000 0.000000
vt 0.000000 0.000000
vt 0.000000 0.000000
vt 0.000000 0.000000
vt 0.000000 0.000000
vt 0.000000 0.000000
vt 0.000000 0.000000
vt 0.000000 0.000000
vt 0.000000 0.000000
vt 0.000000 0.000000
vt 0.000000 0.000000
vt 0.000000 0.000000
vt 0.000000 0.000000
vt 0.000000 0.000000
vt 0.000000 0.000000
vt 0.000000 0.000000
vt 0.000000 0.000000
vt 0.000000 0.000000
vt 0.000000 0.000000
vt 0.000000 0.000000
vt 0.000000 0.000000
vt 0.000000 0.000000
vt 0.000000 0.000000
vt 0.000000 0.000000
vt 0.000000 0.000000
vt 0.000000 0.000000
vt 0.000000 0.000000
vt 0.000000 0.000000
vt 0.000000 0.000000
vt 0.000000 0.000000
vt 0.000000 0.000000
vt 0.000000 0.000000
vt 0.000000 0.000000
vt 0.000000 0.000000
vt 0.000000 0.000000
vt 0.000000 0.000000
vt 0.000000 0.000000
vt 0.000000 0.000000
vt 0.000000 0.000000
vt 0.000000 0.000000
vt 0.000000 0.000000
vt 0.000000 0.000000
vt 0.000000 0.000000
vt 0.000000 0.000000
vt 0.000000 0.000000
vt 0.000000 0.000000
vt 0.000000 0.000000
vt 0.000000 0.000000
vt 0.000000 0.000000
vt 0.000000 0.000000
vt 0.000000 0.000000
vt 0.000000 0.000000
vt 0.000000 0.000000
vt 0.000000 0.000000
vt 0.000000 0.000000
vt 0.000000 0.000000
vt 0.000000 0.000000
vt 0.000000 0.000000
vt 0.000000 0.000000
vt 0.000000 0.000000
vt 0.000000 0.000000
vt 0.000000 0.000000
vt 0.000000 0.000000
vt 0.000000 0.000000
vt 0.000000 0.000000
vt 0.000000 0.000000
vt 0.000000 0.000000
vt 0.000000 0.000000
vt 0.000000 0.000000
vt 0.000000 0.000000
vt 0.000000 0.000000
vt 0.000000 0.000000
vt 0.000000 0.000000
vt 0.000000 0.000000
vt 0.000000 0.000000
vt 0.000000 0.000000
vt 0.000000 0.000000
vt 0.000000 0.000000
vt 0.000000 0.000000
vt 0.000000 0.000000
vt 0.000000 0.000000
vt 0.000000 0.000000
vt 0.000000 0.000000
vt 0.000000 0.000000
vt 0.000000 0.000000
vt 0.000000 0.000000
vt 0.000000 0.000000
vt 0.000000 0.000000
vt 0.000000 0.000000
vt 0.000000 0.000000
vt 0.000000 0.000000
vt 0.000000 0.000000
vt 0.000000 0.000000
vt 0.000000 0.000000
vt 0.000000 0.000000
vt 0.000000 0.000000
vt 0.000000 0.000000
vt 0.000000 0.000000
vt 0.000000 0.000000
vt 0.000000 0.000000
vt 0.000000 0.000000
vt 0.000000 0.000000
vt 0.000000 0.000000
vt 0.000000 0.000000
vt 0.000000 0.000000
vt 0.000000 0.000000
vt 0.000000 0.000000
vt 0.000000 0.000000
vt 0.000000 0.000000
vt 0.000000 0.000000
vt 0.000000 0.000000
vt 0.000000 0.000000
vt 0.000000 0.000000
vt 0.000000 0.000000
vt 0.000000 0.000000
vt 0.000000 0.000000
vt 0.000000 0.000000
vt 0.000000 0.000000
vt 0.000000 0.000000
vt 0.000000 0.000000
vt 0.000000 0.000000
vt 0.000000 0.000000
vt 0.000000 0.000000
vt 0.000000 0.000000
vt 0.000000 0.000000
vt 0.000000 0.000000
vt 0.000000 0.000000
vt 0.000000 0.000000
vt 0.000000 0.000000
vt 0.000000 0.000000
vt 0.000000 0.000000
vt 0.000000 0.000000
vt 0.000000 0.000000
vt 0.000000 0.000000
vt 0.000000 0.000000
vt 0.000000 0.000000
vt 0.000000 0.000000
vt 0.000000 0.000000
vt 0.000000 0.000000
vt 0.000000 0.000000
vt 0.000000 0.000000
vt 0.000000 0.000000
vt 0.000000 0.000000
vt 0.000000 0.000000
vt 0.000000 0.000000
vt 0.000000 0.000000
vt 0.000000 0.000000
vt 0.000000 0.000000
vt 0.000000 0.000000
vt 0.000000 0.000000
vt 0.000000 0.000000
vt 0.000000 0.000000
vt 0.000000 0.000000
vt 0.000000 0.000000
vt 0.000000 0.000000
vt 0.000000 0.000000
vt 0.000000 0.000000
vt 0.000000 0.000000
vt 0.000000 0.000000
vt 0.000000 0.000000
vt 0.000000 0.000000
vt 0.000000 0.000000
vt 0.000000 0.000000
vt 0.000000 0.000000
vt 0.000000 0.000000
vt 0.000000 0.000000
vt 0.000000 0.000000
vt 0.000000 0.000000
vt 0.000000 0.000000
vt 0.000000 0.000000
vt 0.000000 0.000000
vt 0.000000 0.000000
vt 0.000000 0.000000
vt 0.000000 0.000000
vt 0.000000 0.000000
vt 0.000000 0.000000
vt 0.000000 0.000000
vt 0.000000 0.000000
vt 0.000000 0.000000
vt 0.000000 0.000000
vt 0.000000 0.000000
vt 0.000000 0.000000
vt 0.000000 0.000000
vt 0.000000 0.000000
vt 0.000000 0.000000
vt 0.000000 0.000000
vt 0.000000 0.000000
vt 0.000000 0.000000
vt 0.000000 0.000000
vt 0.000000 0.000000
vt 0.000000 0.000000
vt 0.000000 0.000000
vt 0.000000 0.000000
vt 0.000000 0.000000
vt 0.000000 0.000000
vt 0.000000 0.000000
vt 0.000000 0.000000
vt 0.000000 0.000000
vt 0.000000 0.000000
vt 0.000000 0.000000
vt 0.000000 0.000000
vt 0.000000 0.000000
vt 0.000000 0.000000
vt 0.000000 0.000000
vt 0.000000 0.000000
vt 0.000000 0.000000
vt 0.000000 0.000000
vt 0.000000 0.000000
vt 0.000000 0.000000
vt 0.000000 0.000000
vt 0.000000 0.000000
vt 0.000000 0.000000
vt 0.000000 0.000000
vt 0.000000 0.000000
vt 0.000000 0.000000
vt 0.000000 0.000000
vt 0.000000 0.000000
vt 0.000000 0.000000
vt 0.000000 0.000000
vt 0.000000 0.000000
vt 0.000000 0.000000
vt 0.000000 0.000000
vt 0.000000 0.000000
vt 0.000000 0.000000
vt 0.000000 0.000000
vt 0.000000 0.000000
vt 0.000000 0.000000
vt 0.000000 0.000000
vt 0.000000 0.000000
vt 0.000000 0.000000
vt 0.000000 0.000000
vt 0.000000 0.000000
vt 0.000000 0.000000
vt 0.000000 0.000000
vt 0.000000 0.000000
vt 0.000000 0.000000
vt 0.000000 0.000000
vt 0.000000 0.000000
vt 0.000000 0.000000
vt 0.000000 0.000000
vt 0.000000 0.000000
vt 0.000000 0.000000
vt 0.000000 0.000000
vt 0.000000 0.000000
vt 0.000000 0.000000
vt 0.000000 0.000000
vt 0.000000 0.000000
vt 0.000000 0.000000
vt 0.000000 0.000000
vt 0.000000 0.000000
vt 0.000000 0.000000
vt 0.000000 0.000000
vt 0.000000 0.000000
vt 0.000000 0.000000
vt 0.000000 0.000000
vt 0.000000 0.000000
vt 0.000000 0.000000
vt 0.000000 0.000000
vt 0.000000 0.000000
vt 0.000000 0.000000
vt 0.000000 0.000000
vt 0.000000 0.000000
vt 0.000000 0.000000
vt 0.000000 0.000000
vt 0.000000 0.000000
vt 0.000000 0.000000
vt 0.000000 0.000000
vt 0.000000 0.000000
vt 0.000000 0.000000
vt 0.000000 0.000000
vt 0.000000 0.000000
vt 0.000000 0.000000
vt 0.000000 0.000000
vt 0.000000 0.000000
vt 0.000000 0.000000
vt 0.000000 0.000000
vt 0.000000 0.000000
vt 0.000000 0.000000
vt 0.000000 0.000000
vt 0.000000 0.000000
vt 0.000000 0.000000
vt 0.000000 0.000000
vt 0.000000 0.000000
vt 0.000000 0.000000
vt 0.000000 0.000000
vt 0.000000 0.000000
vt 0.000000 0.000000
vt 0.000000 0.000000
vt 0.000000 0.000000
vt 0.000000 0.000000
vt 0.000000 0.000000
vt 0.000000 0.000000
vt 0.000000 0.000000
vt 0.000000 0.000000
vt 0.000000 0.000000
vt 0.000000 0.000000
vt 0.000000 0.000000
vt 0.000000 0.000000
vt 0.000000 0.000000
vt 0.000000 0.000000
vt 0.000000 0.000000
vt 0.000000 0.000000
vt 0.000000 0.000000
vt 0.000000 0.000000
vt 0.000000 0.000000
vt 0.000000 0.000000
vt 0.000000 0.000000
vt 0.000000 0.000000
vt 0.000000 0.000000
vt 0.000000 0.000000
vt 0.000000 0.000000
vt 0.000000 0.000000
vt 0.000000 0.000000
vt 0.000000 0.000000
vt 0.000000 0.000000
vt 0.000000 0.000000
vt 0.000000 0.000000
vt 0.000000 0.000000
vt 0.000000 0.000000
vt 0.000000 0.000000
vt 0.000000 0.000000
vt 0.000000 0.000000
vt 0.000000 0.000000
vt 0.000000 0.000000
vt 0.000000 0.000000
vt 0.000000 0.000000
vt 0.000000 0.000000
vt 0.000000 0.000000
vt 0.000000 0.000000
vt 0.000000 0.000000
vt 0.000000 0.000000
vt 0.000000 0.000000
vt 0.000000 0.000000
vt 0.000000 0.000000
vt 0.000000 0.000000
vt 0.000000 0.000000
vt 0.000000 0.000000
vt 0.000000 0.000000
vt 0.000000 0.000000
vt 0.000000 0.000000
vt 0.000000 0.000000
vt 0.000000 0.000000
vt 0.000000 0.000000
vt 0.000000 0.000000
vt 0.000000 0.000000
vt 0.000000 0.000000
vt 0.000000 0.000000
vt 0.000000 0.000000
vt 0.000000 0.000000
vt 0.000000 0.000000
vt 0.000000 0.000000
vt 0.000000 0.000000
vt 0.000000 0.000000
vt 0.000000 0.000000
vt 0.000000 0.000000
vt 0.000000 0.000000
vt 0.000000 0.000000
vt 0.000000 0.000000
vt 0.000000 0.000000
vt 0.000000 0.000000
vt 0.000000 0.000000
vt 0.000000 0.000000
vt 0.000000 0.000000
vt 0.000000 0.000000
vt 0.000000 0.000000
vt 0.000000 0.000000
vt 0.000000 0.000000
vt 0.000000 0.000000
vt 0.000000 0.000000
vt 0.000000 0.000000
vt 0.000000 0.000000
vt 0.000000 0.000000
vt 0.000000 0.000000
vt 0.000000 0.000000
vt 0.000000 0.000000
vt 0.000000 0.000000
vt 0.000000 0.000000
vt 0.000000 0.000000
vt 0.000000 0.000000
vt 0.000000 0.000000
vt 0.000000 0.000000
vt 0.000000 0.000000
vt 0.000000 0.000000
vt 0.000000 0.000000
vt 0.000000 0.000000
vt 0.000000 0.000000
vt 0.000000 0.000000
vt 0.000000 0.000000
vt 0.000000 0.000000
vt 0.000000 0.000000
vt 0.000000 0.000000
vt 0.000000 0.000000
vt 0.000000 0.000000
vt 0.000000 0.000000
vt 0.000000 0.000000
vt 0.000000 0.000000
vt 0.000000 0.000000
vt 0.000000 0.000000
vt 0.000000 0.000000
vt 0.000000 0.000000
vt 0.000000 0.000000
vt 0.000000 0.000000
vt 0.000000 0.000000
vt 0.000000 0.000000
vt 0.000000 0.000000
vt 0.000000 0.000000
vt 0.000000 0.000000
vt 0.000000 0.000000
vt 0.000000 0.000000
vt 0.000000 0.000000
vt 0.000000 0.000000
vt 0.000000 0.000000
vt 0.000000 0.000000
vt 0.000000 0.000000
vt 0.000000 0.000000
vt 0.000000 0.000000
vt 0.000000 0.000000
vt 0.000000 0.000000
vt 0.000000 0.000000
vt 0.000000 0.000000
vt 0.000000 0.000000
vt 0.000000 0.000000
vt 0.000000 0.000000
vt 0.000000 0.000000
vt 0.000000 0.000000
vt 0.000000 0.000000
vt 0.000000 0.000000
vt 0.000000 0.000000
vt 0.000000 0.000000
vt 0.000000 0.000000
vt 0.000000 0.000000
vt 0.000000 0.000000
vt 0.000000 0.000000
vt 0.000000 0.000000
vt 0.000000 0.000000
vt 0.000000 0.000000
vt 0.000000 0.000000
vt 0.000000 0.000000
vt 0.000000 0.000000
vt 0.000000 0.000000
vt 0.000000 0.000000
vt 0.000000 0.000000
vt 0.000000 0.000000
vt 0.000000 0.000000
vt 0.000000 0.000000
vt 0.000000 0.000000
vt 0.000000 0.000000
vt 0.000000 0.000000
vt 0.000000 0.000000
vt 0.000000 0.000000
vt 0.000000 0.000000
vt 0.000000 0.000000
vt 0.000000 0.000000
vt 0.000000 0.000000
vt 0.000000 0.000000
vt 0.000000 0.000000
vt 0.000000 0.000000
vt 0.000000 0.000000
vt 0.000000 0.000000
vt 0.000000 0.000000
vt 0.000000 0.000000
vt 0.000000 0.000000
vt 0.000000 0.000000
vt 0.000000 0.000000
vt 0.000000 0.000000
vt 0.000000 0.000000
vt 0.000000 0.000000
vt 0.000000 0.000000
vt 0.000000 0.000000
vt 0.000000 0.000000
vt 0.000000 0.000000
vt 0.000000 0.000000
vt 0.000000 0.000000
vt 0.000000 0.000000
vt 0.000000 0.000000
vt 0.000000 0.000000
vt 0.000000 0.000000
vt 0.000000 0.000000
vt 0.000000 0.000000
vt 0.000000 0.000000
vt 0.000000 0.000000
vt 0.000000 0.000000
vt 0.000000 0.000000
vt 0.000000 0.000000
vt 0.000000 0.000000
vt 0.000000 0.000000
vt 0.000000 0.000000
vt 0.000000 0.000000
vt 0.000000 0.000000
vt 0.000000 0.000000
vt 0.000000 0.000000
vt 0.000000 0.000000
vt 0.000000 0.000000
vt 0.000000 0.000000
vt 0.000000 0.000000
vt 0.000000 0.000000
vt 0.000000 0.000000
vt 0.000000 0.000000
vt 0.000000 0.000000
vt 0.000000 0.000000
vt 0.000000 0.000000
vt 0.000000 0.000000
vt 0.000000 0.000000
vt 0.000000 0.000000
vt 0.000000 0.000000
vt 0.000000 0.000000
vt 0.000000 0.000000
vt 0.000000 0.000000
vt 0.000000 0.000000
vt 0.000000 0.000000
vt 0.000000 0.000000
vt 0.000000 0.000000
vt 0.000000 0.000000
vt 0.000000 0.000000
vt 0.000000 0.000000
vt 0.000000 0.000000
vt 0.000000 0.000000
vt 0.000000 0.000000
vt 0.000000 0.000000
vt 0.000000 0.000000
vt 0.000000 0.000000
vt 0.000000 0.000000
vt 0.000000 0.000000
vt 0.000000 0.000000
vt 0.000000 0.000000
vt 0.000000 0.000000
vt 0.000000 0.000000
vt 0.000000 0.000000
vt 0.000000 0.000000
vt 0.000000 0.000000
vt 0.000000 0.000000
vt 0.000000 0.000000
vt 0.000000 0.000000
vt 0.000000 0.000000
vt 0.000000 0.000000
vt 0.000000 0.000000
vt 0.000000 0.000000
vt 0.000000 0.000000
vt 0.000000 0.000000
vt 0.000000 0.000000
vt 0.000000 0.000000
vt 0.000000 0.000000
vt 0.000000 0.000000
vt 0.000000 0.000000
vt 0.000000 0.000000
vt 0.000000 0.000000
vt 0.000000 0.000000
vt 0.000000 0.000000
vt 0.000000 0.000000
vt 0.000000 0.000000
vt 0.000000 0.000000
vt 0.000000 0.000000
vt 0.000000 0.000000
vt 0.000000 0.000000
vt 0.000000 0.000000
vt 0.875000 0.750000
vt 0.580294 0.419706
vt 0.750000 0.490000
vt 0.919706 0.419706
vt 0.990000 0.250000
vt 0.750000 0.010000
vt 1.000000 1.000000
vt 0.419706 0.419706
vt 0.250000 0.490000
vt 0.080294 0.419706
vt 0.080294 0.080294
vt 0.250000 0.010000
vt 0.547619 0.750000
vt 0.547619 0.750000
vt 0.547619 0.750000
vt 0.547619 0.750000
vt 0.547619 0.750000
vt 0.547619 0.750000
vt 0.547619 0.750000
vt 0.547619 0.750000
vt 0.547619 0.750000
vt 0.547619 0.750000
vt 0.547619 0.750000
vt 0.547619 0.750000
vt 0.547619 0.750000
vt 0.547619 0.750000
vt 0.547619 0.750000
vt 0.547619 0.750000
vt 0.547619 0.750000
vt 0.547619 0.750000
vt 0.547619 0.750000
vt 0.547619 0.750000
vt 0.547619 0.750000
vt 0.547619 0.750000
vt 0.547619 0.750000
vt 0.547619 0.750000
vt 0.547619 0.750000
vt 0.547619 0.750000
vt 0.547619 0.750000
vt 0.547619 0.750000
vt 0.547619 0.750000
vt 0.547619 0.750000
vt 0.547619 0.750000
vt 0.547619 0.750000
vt 0.547619 0.750000
vt 0.547619 0.750000
vt 0.547619 0.750000
vt 0.547619 0.750000
vt 0.547619 0.750000
vt 0.547619 0.750000
vt 0.547619 0.750000
vt 0.547619 0.750000
vt 0.547619 0.750000
vt 0.547619 0.750000
vt 0.547619 0.750000
vt 0.489011 1.000000
vt 0.547619 0.750000
vt 0.547619 0.750000
vt 0.547619 0.750000
vt 0.547619 0.750000
vt 0.547619 0.750000
vt 0.547619 0.750000
vt 0.547619 0.750000
vt 0.547619 0.750000
vt 0.547619 0.750000
vt 0.547619 0.750000
vt 0.547619 0.750000
vt 0.547619 0.750000
vt 0.547619 0.750000
vt 0.547619 0.750000
vt 0.547619 0.750000
vt 0.547619 0.750000
vt 0.547619 0.750000
vt 0.547619 0.750000
vt 0.547619 0.750000
vt 0.547619 0.750000
vt 0.547619 0.750000
vt 0.547619 0.750000
vt 0.547619 0.750000
vt 0.547619 0.750000
vt 0.547619 0.750000
vt 0.547619 0.750000
vt 0.547619 0.750000
vt 0.547619 0.750000
vt 0.806357 0.750000
vt 0.489011 1.000000
vt 0.625000 0.729235
vt 0.624866 0.520660
vt 0.625000 0.729235
vt 0.624866 0.729340
vt 0.625000 0.729235
vt 0.624866 0.520660
vt 0.625000 0.729235
vt 0.624866 0.729340
vt 0.624866 0.520660
vt 0.625000 0.729235
vt 0.624866 0.729340
vt 0.625000 0.729235
vt 0.875000 0.729235
vt 0.624866 0.020660
vt 0.625000 0.229235
vt 0.624866 0.229340
vt 0.625000 0.729235
vt 0.624866 0.020660
vt 0.625000 0.229235
vt 0.624866 0.229340
vt 0.624866 0.520660
vt 0.625000 0.729235
vt 0.624866 0.729339
vt 0.624866 0.020660
vt 0.625000 0.229235
vt 0.624866 0.229340
vt 0.624866 0.020660
vt 0.625000 0.229235
vt 0.624866 0.229340
vt 0.625000 0.729235
vt 0.625000 0.729235
vt 0.624866 0.520660
vt 0.624866 0.729340
vt 0.624866 0.020660
vt 0.625000 0.229235
vt 0.624866 0.229340
vt 0.625000 0.729235
vt 0.624866 0.020660
vt 0.625000 0.229235
vt 0.624866 0.229340
vt 0.624866 0.020660
vt 0.625000 0.229235
vt 0.624866 0.229340
vt 0.624866 0.520660
vt 0.625000 0.729235
vt 0.624866 0.729340
vt 0.624866 0.520660
vt 0.624866 0.729339
vt 0.624866 0.020660
vt 0.625000 0.229235
vt 0.624866 0.229340
vt 0.625000 0.729235
vt 0.624866 0.020661
vt 0.625000 0.229235
vt 0.624866 0.229340
vt 0.625000 0.729235
vt 0.624866 0.020661
vt 0.625000 0.229235
vt 0.624866 0.229340
vt 0.624866 0.520660
vt 0.624866 0.729340
vt 0.624866 0.520660
vt 0.624866 0.729340
vt 0.624866 0.020660
vt 0.625000 0.229235
vt 0.624866 0.229340
vt 0.624866 0.520660
vt 0.624866 0.729340
vt 0.624866 0.520660
vt 0.624866 0.729339
vt 0.624866 0.520660
vt 0.624866 0.729339
vt 0.624866 0.020660
vt 0.625000 0.229235
vt 0.624866 0.229340
vt 0.624866 0.520660
vt 0.624866 0.729340
vt 0.624866 0.520660
vt 0.624866 0.729340
vt 0.624866 0.020660
vt 0.625000 0.229235
vt 0.624866 0.229340
vt 0.624866 0.020661
vt 0.625000 0.229235
vt 0.624866 0.229340
vt 0.624866 0.520660
vt 0.624866 0.729340
vt 0.624866 0.020660
vt 0.625000 0.229235
vt 0.624866 0.229340
vt 0.625000 0.931357
vt 0.625000 0.000000
vt 0.625000 1.000000
vt 0.625000 0.625000
vt 0.625000 0.000000
vt 0.625000 0.062500
vt 0.625000 0.000000
vt 0.625000 0.750000
vt 0.750000 0.490000
vt 0.957846 0.130000
vt 0.750000 0.010000
vt 0.625000 0.500000
vt 0.625000 0.796721
vt 0.625000 0.953279
vt 0.291667 0.527980
vt 0.375000 0.565358
vt 0.875000 0.653523
vt 0.125000 0.500000
vt 0.125000 0.565358
vt 0.125000 1.000000
vt 1.000000 1.000000
vt 0.000000 0.000000
vt 0.000000 0.000000
vt 0.377449 0.411318
vt 0.498776 0.717357
vt 0.375000 0.538380
vt 0.495564 0.709255
vt 0.527036 0.714868
vt 0.435881 0.446570
vt 0.381283 0.420990
vt 0.580868 0.709675
vt 0.543012 0.509965
vt 0.500000 0.551226
vt 0.437500 0.568291
vt 0.437500 0.697943
vt 0.500000 0.714122
vt 0.625000 0.250000
vt 0.375000 0.184642
vt 0.375000 0.250000
vt 0.625000 0.500000
vt 0.806507 0.696075
vt 0.875000 0.612661
vt 0.875000 0.500000
vt 0.236301 0.750000
vt 0.125000 0.500000
vt 1.000000 1.000000
vt 1.000000 1.000000
vt 1.000000 1.000000
vt 0.000000 0.000000
vt 0.000000 0.000000
vt 0.541667 0.000000
vt 0.625000 0.125000
vt 0.625000 0.000000
vt 0.375000 0.125000
vt 0.458333 0.000000
vt 0.375000 0.000000
vt 0.458333 0.125000
vt 0.375000 0.148979
vt 0.625000 0.000000
vt 0.375000 0.000000
vt 0.375000 1.000000
vt 0.625000 0.916667
vt 0.375000 0.916667
vt 0.375000 0.750000
vt 0.625000 0.833333
vt 0.625000 0.750000
vt 0.375000 0.833333
vt 0.375000 0.750000
vt 0.460983 1.000000
vt 0.375000 1.000000
vt 0.363982 0.725105
vt 0.134285 0.725105
vt 0.363982 0.725105
vt 0.363982 0.725105
vt 0.134285 0.725105
vt 0.489309 0.725105
vt 0.375000 0.725105
vt 0.125000 0.625000
vt 0.134285 0.625000
vt 0.134285 0.725105
vt 0.489309 0.625000
vt 0.375000 0.625000
vt 0.125000 0.750000
vt 0.504781 1.000000
vt 0.000000 0.000000
vt 0.489213 1.000000
vt 0.363982 0.625000
vt 0.375000 0.725105
vt 0.489309 0.750000
vt 0.375000 0.625000
vt 0.494513 1.000000
vt 0.497884 1.000000
vt 0.375000 0.750000
vt 0.375000 1.000000
vt 0.375000 0.750000
vt 0.375000 0.725105
vt 0.375000 0.625000
vt 0.375000 0.125000
vt 0.375000 0.000000
vt 0.375000 0.000000
vt 0.375000 0.000000
vt 0.460983 0.125000
vt 0.460983 0.000000
vt 0.375000 0.125000
vt 0.363982 0.625000
vt 0.363982 0.625000
vt 0.134285 0.625000
vt 0.489309 0.725105
vt 0.489309 0.750000
vt 0.489309 0.750000
vt 0.489309 0.725105
vt 0.621641 0.725105
vt 0.489309 0.750000
vt 0.621641 0.750000
vt 0.621641 0.725105
vt 0.621641 0.750000
vt 0.621641 0.625000
vt 0.621641 0.725105
vt 0.489309 0.725105
vt 0.621641 0.750000
vt 0.375000 0.750000
vt 0.460983 1.000000
vt 0.489309 0.750000
vt 0.363982 0.725105
vt 0.210301 0.725105
vt 0.219310 0.725105
vt 0.363982 0.725105
vt 0.134285 0.725105
vt 0.134285 0.725105
vt 0.489309 0.725105
vt 0.375000 0.725105
vt 0.489309 0.125000
vt 0.489309 0.000000
vt 0.489309 0.000000
vt 0.550629 1.000000
vt 0.551035 1.000000
vt 0.536584 1.000000
vt 0.125000 0.750000
vt 0.489309 1.000000
vt 0.485852 1.000000
vt 0.489309 1.000000
vt 0.375000 0.725105
vt 0.516196 1.000000
vt 0.526207 1.000000
vt 0.375000 0.750000
vt 0.375000 1.000000
vt 0.375000 0.750000
vt 0.375000 0.725105
vt 0.375000 0.000000
vt 0.375000 0.000000
vt 0.375000 0.000000
vt 0.475146 0.000000
vt 0.375000 1.000000
vt 0.460983 0.000000
vt 0.475146 0.125000
vt 0.494726 0.125000
vt 0.363982 0.725105
vt 0.134285 0.700816
vt 0.134285 0.700814
vt 0.134285 0.625000
vt 0.489309 0.750000
vt 0.489309 0.725105
vt 0.489309 0.750000
vt 0.489309 0.725105
vt 0.489309 0.725105
vt 0.621641 0.725105
vt 0.489309 0.750000
vt 0.621641 0.725105
vt 0.621641 0.750000
vt 0.621641 0.725105
vt 0.621641 0.750000
vt 0.621641 0.750000
vt 0.489309 1.000000
vt 0.485852 1.000000
vt 0.494513 0.000000
vt 0.708333 0.750000
vt 0.791667 0.601021
vt 0.708333 0.601021
vt 0.208333 0.750000
vt 0.291667 0.601021
vt 0.208333 0.601021
vt 0.625000 0.601021
vt 0.791667 0.750000
vt 0.875000 0.601021
vt 0.430387 0.601021
vt 0.125000 0.750000
vt 0.125000 0.601021
vt 0.375000 0.601021
vt 0.327303 0.601021
vt 0.513996 0.000000
vt 0.375000 0.250000
vt 0.375000 0.000000
vt 0.519223 0.450666
vt 0.528575 0.450648
vt 0.625000 0.500000
vt 0.375000 0.750000
vt 0.375000 0.500000
vt 0.625000 0.750000
vt 0.519224 0.799334
vt 0.125000 0.500000
vt 0.125000 0.750000
vt 0.625000 0.250000
vt 0.625000 0.500000
vt 0.625000 0.750000
vt 0.625000 0.750000
vt 0.625000 0.000000
vt 0.625000 0.250000
vt 0.625000 1.000000
vt 0.625000 1.000000
vt 0.625000 1.000000
vt 0.625000 1.000000
vt 0.625000 0.000000
vt 0.625000 0.250000
vt 0.625000 0.500000
vt 0.625000 0.250000
vt 0.625000 0.500000
vt 0.625000 0.500000
vt 0.625000 0.750000
vt 0.625000 0.000000
vt 0.875000 0.500000
vt 0.625000 0.750000
vt 0.625000 0.000000
vt 0.625000 0.250000
vt 0.625000 1.000000
vt 0.375000 1.000000
vt 0.458333 0.904190
vt 0.375000 0.908363
vt 0.541667 0.624571
vt 0.625000 0.580862
vt 0.541667 0.580862
vt 0.625000 0.641836
vt 0.625000 0.624571
vt 0.541667 0.673125
vt 0.541667 0.641836
vt 0.708043 0.644511
vt 0.708043 0.583537
vt 0.458333 1.000000
vt 0.541667 0.904190
vt 0.625000 1.000000
vt 0.625000 0.908363
vt 0.375000 0.624571
vt 0.458333 0.580862
vt 0.375000 0.580862
vt 0.375000 0.641836
vt 0.458333 0.624571
vt 0.375000 0.673125
vt 0.458333 0.641836
vt 0.458333 0.673125
vt 0.541028 0.250000
vt 0.135228 0.624983
vt 0.216637 0.673397
vt 0.513996 0.250000
vt 0.510632 0.836247
vt 0.510632 0.413753
vt 0.511139 0.750000
vt 0.511139 0.625000
vt 0.420380 1.000000
vt 0.375000 1.000000
vt 0.375000 1.000000
vt 0.375000 0.625000
vt 0.359414 0.750000
vt 0.359414 0.625000
vt 0.465759 0.750000
vt 0.465759 0.625000
vt 0.375000 0.869701
vt 0.420380 0.978291
vt 0.375000 0.978097
vt 0.420380 0.625000
vt 0.375000 0.750000
vt 0.420380 0.750000
vt 0.375000 0.834996
vt 0.511139 0.043383
vt 0.511139 0.000000
vt 0.511139 0.043383
vt 0.566785 0.934585
vt 0.465759 1.000000
vt 0.420380 1.000000
vt 0.375000 0.765586
vt 0.324709 0.750000
vt 0.324709 0.625000
vt 0.290004 0.625000
vt 0.255299 0.750000
vt 0.255299 0.625000
vt 0.290004 0.750000
vt 0.375000 0.800291
vt 0.494924 -0.000201
vt 0.511139 0.000000
vt 0.511139 1.000000
vt 0.465759 1.000000
vt 0.553524 1.000000
vt 0.553524 1.000000
vt 0.510348 0.980724
vt 0.375000 0.869701
vt 0.375000 0.978097
vt 0.511139 0.750000
vt 0.420380 1.000000
vt 0.375000 1.000000
vt 0.359414 0.750000
vt 0.465759 0.750000
vt 0.375000 0.869701
vt 0.375000 0.978097
vt 0.420380 0.978291
vt 0.375000 0.750000
vt 0.420380 0.750000
vt 0.375000 0.834996
vt 0.511139 0.043383
vt 0.511139 0.000000
vt 0.566785 0.934585
vt 0.465759 1.000000
vt 0.375000 0.765586
vt 0.324709 0.750000
vt 0.255299 0.750000
vt 0.290004 0.750000
vt 0.375000 0.800291
vt 0.494924 -0.000201
vt 0.511139 1.000000
vt 0.553524 1.000000
vt 0.510348 0.980724
vt 0.610702 0.281774
vt 0.568750 0.500000
vt 0.512500 0.500000
vt 0.625000 0.500000
vt 0.568750 0.750000
vt 0.610702 0.968226
vt 0.512500 0.750000
vt 0.375000 0.500000
vt 0.125000 0.750000
vt 0.125000 0.500000
vt 0.625000 0.974121
vt 0.618281 0.970140
vt 0.375000 0.750000
vt 0.400000 0.750000
vt 0.375000 1.000000
vt 0.400000 0.500000
vt 0.375000 0.250000
vt 0.456250 0.750000
vt 0.625000 0.275879
vt 0.618282 0.279860
vt 0.589630 0.968377
vt 0.507227 0.750000
vt 0.456250 0.500000
vt 0.507227 0.500000
vt 0.589630 0.281623
vt 0.849121 0.750000
vt 0.625000 0.750000
vt 0.849121 0.500000
vt 0.567303 1.000000
vt 0.567303 0.250000
vt 0.567303 0.000000
vt 0.625000 0.046785
vt 0.619371 0.000000
vt 0.625000 0.000000
vt 0.625000 0.250000
vt 0.601562 0.203215
vt 0.588797 0.250000
vt 0.601562 1.000000
vt 0.625000 0.203215
vt 0.601562 0.046785
vt 0.625000 0.000000
vt 0.375000 0.250000
vt 0.375000 0.000000
vt 0.625000 0.250000
vt 0.375000 0.500000
vt 0.625000 0.500000
vt 0.375000 0.750000
vt 0.625000 0.750000
vt 0.375000 1.000000
vt 0.125000 0.750000
vt 0.125000 0.500000
vt 0.625000 0.500000
vt 0.625000 0.750000
vt 0.625000 0.750000
vt 0.875000 0.500000
vt 0.625000 0.500000
vt 0.625000 0.250000
vt 0.625000 0.000000
vt 0.625000 0.250000
vt 0.625000 1.000000
vt 0.625000 1.000000
vt 0.625000 0.250000
vt 0.625000 0.500000
vt 0.625000 0.250000
vt 0.625000 0.500000
vt 0.625000 1.000000
vt 0.625000 1.000000
vt 0.625000 0.750000
vt 0.625000 1.000000
vt 0.625000 0.000000
vt 0.625000 0.000000
vt 0.625000 0.750000
vt 0.375000 0.250000
vt 0.625000 0.250000
vt 0.625000 0.250000
vt 0.625000 0.314650
vt 0.375000 0.500000
vt 0.375000 0.314650
vt 0.404422 0.750000
vt 0.595703 0.935350
vt 0.404368 0.938994
vt 0.875000 0.500000
vt 0.875000 0.721907
vt 0.875000 0.721907
vt 0.579357 0.750000
vt 0.595581 0.750000
vt 0.189650 0.721907
vt 0.189650 0.500000
vt 0.625000 0.028093
vt 0.375000 0.250000
vt 0.375000 0.028093
vt 0.625000 0.500000
vt 0.375000 0.721907
vt 0.375000 0.500000
vt 0.625000 0.500000
vt 0.375000 0.721907
vt 0.163483 0.500000
vt 0.163483 0.721907
vt 0.163483 0.721907
vt 0.125000 0.721907
vt 0.125000 0.500000
vt 0.125000 0.500000
vt 0.836517 0.721907
vt 0.836517 0.500000
vt 0.595729 0.961517
vt 0.404486 1.000000
vt 0.404433 0.958032
vt 0.189650 0.500000
vt 0.577273 1.000000
vt 0.422982 1.000000
vt 0.375000 0.938994
vt 0.375000 0.958032
vt 0.375000 0.938991
vt 0.375000 0.288483
vt 0.810350 0.500000
vt 0.625000 0.721907
vt 0.375000 0.314650
vt 0.375000 0.288483
vt 0.375000 0.288483
vt 0.625000 0.288483
vt 0.189650 0.500000
vt 0.163483 0.721907
vt 0.163483 0.500000
vt 0.163483 0.500000
vt 0.163483 0.721907
vt 0.163483 0.721907
vt 0.375000 0.957773
vt 0.375000 0.940701
vt 0.375000 0.939024
vt 0.189650 0.721907
vt 0.189650 0.500000
vt 0.375000 0.957778
vt 0.375000 0.939001
vt 0.189650 0.721907
vt 0.189650 0.500000
vt 0.375000 0.314650
vt 0.375000 0.288483
vt 0.163483 0.500000
vt 0.163483 0.721907
vt 0.189650 0.721907
vt 0.163483 0.500000
vt 0.375000 0.314650
vt 0.375000 0.288483
vt 0.810350 0.721907
vt 0.163483 0.500000
vt 0.375000 0.288483
vt 0.375000 0.288483
vt 0.375000 0.288483
vt 0.375000 0.961517
vt 0.375000 0.961517
vt 0.375000 0.961518
vt 0.375000 0.961518
vt 0.375000 0.961517
vt 0.163483 0.721907
vt 0.163483 0.500000
vt 0.163483 0.500000
vt 0.163483 0.721907
vt 0.163483 0.721907
vt 0.163483 0.500000
vt 0.375000 0.750000
vt 0.189650 0.750000
vt 0.875000 0.750000
vt 0.836517 0.750000
vt 0.625000 0.721907
vt 0.420490 0.750000
vt 0.625000 1.000000
vt 0.375000 1.000000
vt 0.875000 0.750000
vt 0.125000 0.750000
vt 0.125000 0.721907
vt 0.125000 0.750000
vt 0.810350 0.750000
vt 0.625000 0.750000
vt 0.163483 0.750000
vt 0.163483 0.750000
vt 0.189650 0.750000
vt 0.186732 0.750000
vt 0.166519 0.750000
vt 0.375000 0.935350
vt 0.375000 0.956083
vt 0.375000 0.961517
vt 0.375000 0.961517
vt 0.189650 0.750000
vt 0.189650 0.750000
vt 0.163483 0.750000
vt 0.163483 0.750000
vt 0.163483 0.750000
vt 0.163483 0.750000
vt 0.163483 0.750000
vt 0.163483 0.750000
vt 0.541667 0.000000
vt 0.625000 0.250000
vt 0.541667 0.250000
vt 0.541667 0.416667
vt 0.625000 0.500000
vt 0.541667 0.500000
vt 0.541667 0.750000
vt 0.541667 0.916667
vt 0.625000 1.000000
vt 0.541667 1.000000
vt 0.375000 0.500000
vt 0.291667 0.750000
vt 0.291667 0.500000
vt 0.875000 0.500000
vt 0.791667 0.750000
vt 0.791667 0.500000
vt 0.708333 0.500000
vt 0.625000 0.750000
vt 0.208333 0.500000
vt 0.125000 0.750000
vt 0.125000 0.500000
vt 0.541667 0.833333
vt 0.458333 0.833333
vt 0.375000 0.833333
vt 0.541667 0.333333
vt 0.458333 0.916667
vt 0.347222 0.444444
vt 0.625000 0.333333
vt 0.625000 0.916667
vt 0.486111 0.388889
vt 0.458333 0.250000
vt 0.375000 0.333333
vt 0.375000 0.250000
vt 0.458333 0.333333
vt 0.375000 1.000000
vt 0.375000 0.916667
vt 0.458333 1.000000
vt 0.458333 0.000000
vt 0.375000 0.000000
vt 0.625000 0.416667
vt 0.625000 0.833333
vt 0.513889 0.444444
vt 0.458333 0.750000
vt 0.375000 0.750000
vt 0.458333 0.500000
vt 0.458333 0.416667
vt 0.375000 0.416667
vt 0.750000 1.000000
vt 0.625000 0.500000
vt 0.750000 0.500000
vt 0.500000 1.000000
vt 0.500000 0.500000
vt 0.424616 0.500000
vt 0.375000 1.000000
vt 0.375000 0.500000
vt 0.250000 1.000000
vt 0.375000 1.000000
vt 0.424616 1.000000
vt 0.500000 0.500000
vt 0.625000 0.500000
vt 0.424616 0.500000
vt 0.375000 0.500000
vt 0.250000 1.000000
vt 0.250000 0.500000
vt 0.375000 0.500000
vt 0.625000 0.500000
vt 0.500000 1.000000
vt 0.625000 1.000000
vt 0.424616 0.500000
vt 0.375000 1.000000
vt 0.424616 1.000000
vt 0.375000 1.000000
vt 0.500000 0.500000
vt 0.375000 0.500000
vt 0.375000 0.500000
vt 0.000000 0.000000
vt 0.000000 0.000000
vt 0.000000 0.000000
vt 0.000000 0.000000
vt 0.000000 0.000000
vt 0.000000 0.000000
vt 0.000000 0.000000
vt 0.000000 0.000000
vt 0.000000 0.000000
vt 0.000000 0.000000
vt 0.000000 0.000000
vt 0.000000 0.000000
vt 0.000000 0.000000
vt 0.000000 0.000000
vt 0.000000 0.000000
vt 0.000000 0.000000
vt 0.000000 0.000000
vt 0.000000 0.000000
vt 0.000000 0.000000
vt 0.000000 0.000000
vt 0.000000 0.000000
vt 0.000000 0.000000
vt 0.000000 0.000000
vt 0.000000 0.000000
vt 0.000000 0.000000
vt 0.000000 0.000000
vt 0.000000 0.000000
vt 0.000000 0.000000
vt 0.000000 0.000000
vt 0.000000 0.000000
vt 0.000000 0.000000
vt 0.000000 0.000000
vt 0.000000 0.000000
vt 0.000000 0.000000
vt 0.000000 0.000000
vt 0.000000 0.000000
vt 0.000000 0.000000
vt 0.000000 0.000000
vt 0.000000 0.000000
vt 0.000000 0.000000
vt 0.000000 0.000000
vt 0.000000 0.000000
vt 0.000000 0.000000
vt 0.000000 0.000000
vt 0.000000 0.000000
vt 0.000000 0.000000
vt 0.000000 0.000000
vt 0.000000 0.000000
vt 0.000000 0.000000
vt 0.000000 0.000000
vt 0.000000 0.000000
vt 0.000000 0.000000
vt 0.000000 0.000000
vt 0.000000 0.000000
vt 0.000000 0.000000
vt 0.000000 0.000000
vt 0.000000 0.000000
vt 0.000000 0.000000
vt 0.000000 0.000000
vt 0.000000 0.000000
vt 0.000000 0.000000
vt 0.000000 0.000000
vt 0.000000 0.000000
vt 0.000000 0.000000
vt 0.000000 0.000000
vt 0.000000 0.000000
vt 0.000000 0.000000
vt 0.000000 0.000000
vt 0.000000 0.000000
vt 0.000000 0.000000
vt 0.000000 0.000000
vt 0.000000 0.000000
vt 0.000000 0.000000
vt 0.000000 0.000000
vt 0.000000 0.000000
vt 0.000000 0.000000
vt 0.000000 0.000000
vt 0.000000 0.000000
vt 0.000000 0.000000
vt 0.000000 0.000000
vt 0.000000 0.000000
vt 0.000000 0.000000
vt 0.000000 0.000000
vt 0.000000 0.000000
vt 0.625000 0.000000
vt 0.375000 0.250000
vt 0.375000 0.000000
vt 0.625000 0.250000
vt 0.375000 0.500000
vt 0.625000 0.500000
vt 0.375000 0.750000
vt 0.625000 0.750000
vt 0.375000 1.000000
vt 0.125000 0.750000
vt 0.125000 0.500000
vt 0.875000 0.500000
vt 0.125000 1.000000
vt 0.000000 1.000000
vt 0.500000 1.000000
vt 0.375000 1.000000
vt 0.375000 1.000000
vt 0.250000 1.000000
vt 0.625000 1.000000
vt 0.750000 1.000000
vt 0.875000 1.000000
vt 0.250000 1.000000
vt 0.125000 1.000000
vt 0.125000 1.000000
vt 0.750000 1.000000
vt 0.625000 1.000000
vt 1.000000 1.000000
vt 0.875000 1.000000
vt 0.000000 1.000000
vt 0.500000 1.000000
vt 0.000000 0.000000
vt 0.000000 0.000000
vt 0.000000 0.000000
vt 0.375000 1.000000
vt 0.625000 1.000000
vt 1.000000 1.000000
vt 0.875000 1.000000
vt 0.000000 1.000000
vt 0.250000 1.000000
vt 0.500000 1.000000
vt 0.750000 1.000000
vt 0.000000 0.000000
vt 0.000000 0.000000
vt 0.000000 0.000000
vt 0.000000 0.000000
vt 0.000000 0.000000
vt 0.000000 0.000000
vt 0.000000 0.000000
vt 0.000000 0.000000
vt 0.000000 0.000000
vt 0.000000 0.000000
vt 0.000000 0.000000
vt 0.000000 0.000000
vt 0.000000 0.000000
vt 0.000000 0.000000
vt 0.000000 0.000000
vt 0.000000 0.000000
vt 0.000000 0.000000
vt 0.000000 0.000000
vt 0.000000 0.000000
vt 0.000000 0.000000
vt 0.000000 0.000000
vt 0.000000 0.000000
vt 0.000000 0.000000
vt 0.000000 0.000000
vt 0.000000 0.000000
vt 0.000000 0.000000
vt 0.000000 0.000000
vt 0.000000 0.000000
vt 0.000000 0.000000
vt 0.000000 0.000000
vt 0.000000 0.000000
vt 0.000000 0.000000
vt 0.000000 0.000000
vt 0.000000 0.000000
vt 0.000000 0.000000
vt 0.000000 0.000000
vt 0.000000 0.000000
vt 0.000000 0.000000
vt 0.000000 0.000000
vt 0.000000 0.000000
vt 0.000000 0.000000
vt 0.000000 0.000000
vt 0.000000 0.000000
vt 0.000000 0.000000
vt 0.000000 0.000000
vt 0.000000 0.000000
vt 0.000000 0.000000
vt 0.000000 0.000000
vt 0.000000 0.000000
vt 0.000000 0.000000
vt 0.000000 0.000000
vt 0.000000 0.000000
vt 0.000000 0.000000
vt 0.000000 0.000000
vt 0.000000 0.000000
vt 0.000000 0.000000
vt 0.000000 0.000000
vt 0.000000 0.000000
vt 0.000000 0.000000
vt 0.000000 0.000000
vt 0.000000 0.000000
vt 0.000000 0.000000
vt 0.000000 0.000000
vt 0.000000 0.000000
vt 0.000000 0.000000
vt 0.000000 0.000000
vt 0.000000 0.000000
vt 0.000000 0.000000
vt 0.000000 0.000000
vt 0.000000 0.000000
vt 0.000000 0.000000
vt 0.000000 0.000000
vt 0.000000 0.000000
vt 0.000000 0.000000
vt 0.000000 0.000000
vt 0.000000 0.000000
vt 0.000000 0.000000
vt 0.000000 0.000000
vt 0.000000 0.000000
vt 0.000000 0.000000
vt 0.000000 0.000000
vt 0.000000 0.000000
vt 0.000000 0.000000
vt 0.000000 0.000000
vt 0.000000 0.000000
vt 0.000000 0.000000
vt 0.000000 0.000000
vt 0.000000 0.000000
vt 0.000000 0.000000
vt 0.000000 0.000000
vt 0.000000 0.000000
vt 0.000000 0.000000
vt 0.000000 0.000000
vt 0.000000 0.000000
vt 0.000000 0.000000
vt 0.000000 0.000000
vt 0.000000 0.000000
vt 0.000000 0.000000
vt 0.000000 0.000000
vt 0.000000 0.000000
vt 0.000000 0.000000
vt 0.000000 0.000000
vt 0.000000 0.000000
vt 0.000000 0.000000
vt 0.000000 0.000000
vt 0.000000 0.000000
vt 0.000000 0.000000
vt 0.000000 0.000000
vt 0.000000 0.000000
vt 0.000000 0.000000
vt 0.000000 0.000000
vt 0.000000 0.000000
vt 0.000000 0.000000
vt 0.000000 0.000000
vt 0.000000 0.000000
vt 0.000000 0.000000
vt 0.000000 0.000000
vt 0.000000 0.000000
vt 0.000000 0.000000
vt 0.000000 0.000000
vt 0.000000 0.000000
vt 0.000000 0.000000
vt 0.000000 0.000000
vt 0.000000 0.000000
vt 0.000000 0.000000
vt 0.000000 0.000000
vt 0.000000 0.000000
vt 0.000000 0.000000
vt 0.000000 0.000000
vt 0.000000 0.000000
vt 0.000000 0.000000
vt 0.000000 0.000000
vt 0.000000 0.000000
vt 0.000000 0.000000
vt 0.000000 0.000000
vt 0.000000 0.000000
vt 0.000000 0.000000
vt 0.000000 0.000000
vt 0.000000 0.000000
vt 0.000000 0.000000
vt 0.000000 0.000000
vt 0.000000 0.000000
vt 0.000000 0.000000
vt 0.000000 0.000000
vt 0.000000 0.000000
vt 0.000000 0.000000
vt 0.000000 0.000000
vt 0.000000 0.000000
vt 0.000000 0.000000
vt 0.000000 0.000000
vt 0.000000 0.000000
vt 0.000000 0.000000
vt 0.000000 0.000000
vt 0.000000 0.000000
vt 0.000000 0.000000
vt 0.000000 0.000000
vt 0.000000 0.000000
vt 0.000000 0.000000
vt 0.000000 0.000000
vt 0.000000 0.000000
vt 0.000000 0.000000
vt 0.000000 0.000000
vt 0.000000 0.000000
vt 0.000000 0.000000
vt 0.000000 0.000000
vt 0.000000 0.000000
vt 0.000000 0.000000
vt 0.000000 0.000000
vt 0.000000 0.000000
vt 0.000000 0.000000
vt 0.000000 0.000000
vt 0.000000 0.000000
vt 0.000000 0.000000
vt 0.000000 0.000000
vt 0.000000 0.000000
vt 0.000000 0.000000
vt 0.000000 0.000000
vt 0.000000 0.000000
vt 0.000000 0.000000
vt 0.000000 0.000000
vt 0.000000 0.000000
vt 0.000000 0.000000
vt 0.000000 0.000000
vt 0.000000 0.000000
vt 0.000000 0.000000
vt 0.000000 0.000000
vt 0.000000 0.000000
vt 0.000000 0.000000
vt 0.000000 0.000000
vt 0.000000 0.000000
vt 0.000000 0.000000
vt 0.000000 0.000000
vt 0.000000 0.000000
vt 0.000000 0.000000
vt 0.000000 0.000000
vt 0.000000 0.000000
vt 0.000000 0.000000
vt 0.000000 0.000000
vt 0.000000 0.000000
vt 0.000000 0.000000
vt 0.000000 0.000000
vt 0.000000 0.000000
vt 0.000000 0.000000
vt 0.000000 0.000000
vt 0.000000 0.000000
vt 0.000000 0.000000
vt 0.000000 0.000000
vt 0.000000 0.000000
vt 0.000000 0.000000
vt 0.000000 0.000000
vt 0.000000 0.000000
vt 0.000000 0.000000
vt 0.000000 0.000000
vt 0.000000 0.000000
vt 0.000000 0.000000
vt 0.000000 0.000000
vt 0.000000 0.000000
vt 0.000000 0.000000
vt 0.000000 0.000000
vt 0.000000 0.000000
vt 0.000000 0.000000
vt 0.000000 0.000000
vt 0.000000 0.000000
vt 0.000000 0.000000
vt 0.000000 0.000000
vt 0.000000 0.000000
vt 0.000000 0.000000
vt 0.000000 0.000000
vt 0.000000 0.000000
vt 0.000000 0.000000
vt 0.000000 0.000000
vt 0.000000 0.000000
vt 0.000000 0.000000
vt 0.000000 0.000000
vt 0.000000 0.000000
vt 0.000000 0.000000
vt 0.000000 0.000000
vt 0.000000 0.000000
vt 0.000000 0.000000
vt 0.000000 0.000000
vt 0.000000 0.000000
vt 0.000000 0.000000
vt 0.000000 0.000000
vt 0.000000 0.000000
vt 0.000000 0.000000
vt 0.000000 0.000000
vt 0.000000 0.000000
vt 0.000000 0.000000
vt 0.000000 0.000000
vt 0.000000 0.000000
vt 0.000000 0.000000
vt 0.000000 0.000000
vt 0.000000 0.000000
vt 0.000000 0.000000
vt 0.000000 0.000000
vt 0.000000 0.000000
vt 0.000000 0.000000
vt 0.000000 0.000000
vt 0.000000 0.000000
vt 0.000000 0.000000
vt 0.000000 0.000000
vt 0.000000 0.000000
vt 0.000000 0.000000
vt 0.000000 0.000000
vt 0.000000 0.000000
vt 0.000000 0.000000
vt 0.000000 0.000000
vt 0.000000 0.000000
vt 0.000000 0.000000
vt 0.000000 0.000000
vt 0.000000 0.000000
vt 0.000000 0.000000
vt 0.000000 0.000000
vt 0.000000 0.000000
vt 0.000000 0.000000
vt 0.000000 0.000000
vt 0.000000 0.000000
vt 0.000000 0.000000
vt 0.000000 0.000000
vt 0.000000 0.000000
vt 0.000000 0.000000
vt 0.000000 0.000000
vt 0.000000 0.000000
vt 0.000000 0.000000
vt 0.000000 0.000000
vt 0.000000 0.000000
vt 0.000000 0.000000
vt 0.000000 0.000000
vt 0.000000 0.000000
vt 0.000000 0.000000
vt 0.000000 0.000000
vt 0.000000 0.000000
vt 0.000000 0.000000
vt 0.000000 0.000000
vt 0.000000 0.000000
vt 0.000000 0.000000
vt 0.000000 0.000000
vt 0.000000 0.000000
vt 0.000000 0.000000
vt 0.000000 0.000000
vt 0.000000 0.000000
vt 0.000000 0.000000
vt 0.000000 0.000000
vt 0.000000 0.000000
vt 0.000000 0.000000
vt 0.000000 0.000000
vt 0.000000 0.000000
vt 0.000000 0.000000
vt 0.000000 0.000000
vt 0.000000 0.000000
vt 0.000000 0.000000
vt 0.000000 0.000000
vt 0.000000 0.000000
vt 0.000000 0.000000
vt 0.000000 0.000000
vt 0.000000 0.000000
vt 0.000000 0.000000
vt 0.000000 0.000000
vt 0.000000 0.000000
vt 0.000000 0.000000
vt 0.000000 0.000000
vt 0.000000 0.000000
vt 0.000000 0.000000
vt 0.000000 0.000000
vt 0.000000 0.000000
vt 0.000000 0.000000
vt 0.000000 0.000000
vt 0.000000 0.000000
vt 0.000000 0.000000
vt 0.000000 0.000000
vt 0.000000 0.000000
vt 0.000000 0.000000
vt 0.000000 0.000000
vt 0.000000 0.000000
vt 0.000000 0.000000
vt 0.000000 0.000000
vt 0.000000 0.000000
vt 0.000000 0.000000
vt 0.000000 0.000000
vt 0.000000 0.000000
vt 0.000000 0.000000
vt 0.000000 0.000000
vt 0.000000 0.000000
vt 0.000000 0.000000
vt 0.000000 0.000000
vt 0.000000 0.000000
vt 0.000000 0.000000
vt 0.000000 0.000000
vt 0.000000 0.000000
vt 0.000000 0.000000
vt 0.000000 0.000000
vt 0.000000 0.000000
vt 0.000000 0.000000
vt 0.000000 0.000000
vt 0.000000 0.000000
vt 0.000000 0.000000
vt 0.000000 0.000000
vt 0.000000 0.000000
vt 0.000000 0.000000
vt 0.000000 0.000000
vt 0.000000 0.000000
vt 0.000000 0.000000
vt 0.000000 0.000000
vt 0.000000 0.000000
vt 0.000000 0.000000
vt 0.000000 0.000000
vt 0.000000 0.000000
vt 0.000000 0.000000
vt 0.000000 0.000000
vt 0.000000 0.000000
vt 0.000000 0.000000
vt 0.000000 0.000000
vt 0.000000 0.000000
vt 0.000000 0.000000
vt 0.000000 0.000000
vt 0.000000 0.000000
vt 0.000000 0.000000
vt 0.000000 0.000000
vt 0.000000 0.000000
vt 0.000000 0.000000
vt 0.000000 0.000000
vt 0.000000 0.000000
vt 0.000000 0.000000
vt 0.000000 0.000000
vt 0.000000 0.000000
vt 0.000000 0.000000
vt 0.000000 0.000000
vt 0.000000 0.000000
vt 0.000000 0.000000
vt 0.000000 0.000000
vt 0.000000 0.000000
vt 0.000000 0.000000
vt 0.000000 0.000000
vt 0.000000 0.000000
vt 0.000000 0.000000
vt 0.000000 0.000000
vt 0.000000 0.000000
vt 0.000000 0.000000
vt 0.000000 0.000000
vt 0.000000 0.000000
vt 0.000000 0.000000
vt 0.000000 0.000000
vt 0.000000 0.000000
vt 0.000000 0.000000
vt 0.000000 0.000000
vt 0.000000 0.000000
vt 0.000000 0.000000
vt 0.000000 0.000000
vt 0.000000 0.000000
vt 0.000000 0.000000
vt 0.000000 0.000000
vt 0.000000 0.000000
vt 0.000000 0.000000
vt 0.000000 0.000000
vt 0.000000 0.000000
vt 0.000000 0.000000
vt 0.000000 0.000000
vt 0.000000 0.000000
vt 0.000000 0.000000
vt 0.000000 0.000000
vt 0.000000 0.000000
vt 0.000000 0.000000
vt 0.000000 0.000000
vt 0.000000 0.000000
vt 0.000000 0.000000
vt 0.000000 0.000000
vt 0.000000 0.000000
vt 0.000000 0.000000
vt 0.000000 0.000000
vt 0.000000 0.000000
vt 0.000000 0.000000
vt 0.000000 0.000000
vt 0.000000 0.000000
vt 0.000000 0.000000
vt 0.000000 0.000000
vt 0.000000 0.000000
vt 0.000000 0.000000
vt 0.000000 0.000000
vt 0.000000 0.000000
vt 0.000000 0.000000
vt 0.000000 0.000000
vt 0.000000 0.000000
vt 0.000000 0.000000
vt 0.000000 0.000000
vt 0.000000 0.000000
vt 0.000000 0.000000
vt 0.000000 0.000000
vt 0.000000 0.000000
vt 0.000000 0.000000
vt 0.000000 0.000000
vt 0.000000 0.000000
vt 0.000000 0.000000
vt 0.000000 0.000000
vt 0.000000 0.000000
vt 0.000000 0.000000
vt 0.000000 0.000000
vt 0.000000 0.000000
vt 0.000000 0.000000
vt 0.000000 0.000000
vt 0.000000 0.000000
vt 0.000000 0.000000
vt 0.000000 0.000000
vt 0.000000 0.000000
vt 0.000000 0.000000
vt 0.000000 0.000000
vt 0.000000 0.000000
vt 0.000000 0.000000
vt 0.000000 0.000000
vt 0.000000 0.000000
vt 0.000000 0.000000
vt 0.000000 0.000000
vt 0.000000 0.000000
vt 0.000000 0.000000
vt 0.000000 0.000000
vt 0.000000 0.000000
vt 0.000000 0.000000
vt 0.000000 0.000000
vt 0.000000 0.000000
vt 0.000000 0.000000
vt 0.000000 0.000000
vt 0.000000 0.000000
vt 0.000000 0.000000
vt 0.000000 0.000000
vt 0.000000 0.000000
vt 0.000000 0.000000
vt 0.000000 0.000000
vt 0.000000 0.000000
vt 0.000000 0.000000
vt 0.000000 0.000000
vt 0.000000 0.000000
vt 0.000000 0.000000
vt 0.000000 0.000000
vt 0.000000 0.000000
vt 0.000000 0.000000
vt 0.000000 0.000000
vt 0.000000 0.000000
vt 0.000000 0.000000
vt 0.000000 0.000000
vt 0.000000 0.000000
vt 0.000000 0.000000
vt 0.000000 0.000000
vt 0.000000 0.000000
vt 0.000000 0.000000
vt 0.000000 0.000000
vt 0.000000 0.000000
vt 0.000000 0.000000
vt 0.000000 0.000000
vt 0.000000 0.000000
vt 0.000000 0.000000
vt 0.000000 0.000000
vt 0.000000 0.000000
vt 0.000000 0.000000
vt 0.000000 0.000000
vt 0.000000 0.000000
vt 0.000000 0.000000
vt 0.000000 0.000000
vt 0.000000 0.000000
vt 0.000000 0.000000
vt 0.000000 0.000000
vt 0.000000 0.000000
vt 0.000000 0.000000
vt 0.000000 0.000000
vt 0.000000 0.000000
vt 0.000000 0.000000
vt 0.000000 0.000000
vt 0.000000 0.000000
vt 0.000000 0.000000
vt 0.000000 0.000000
vt 0.000000 0.000000
vt 0.000000 0.000000
vt 0.000000 0.000000
vt 0.000000 0.000000
vt 0.000000 0.000000
vt 0.000000 0.000000
vt 0.000000 0.000000
vt 0.000000 0.000000
vt 0.000000 0.000000
vt 0.000000 0.000000
vt 0.000000 0.000000
vt 0.000000 0.000000
vt 0.000000 0.000000
vt 0.000000 0.000000
vt 0.000000 0.000000
vt 0.000000 0.000000
vt 0.000000 0.000000
vt 0.000000 0.000000
vt 0.000000 0.000000
vt 0.000000 0.000000
vt 0.000000 0.000000
vt 0.000000 0.000000
vt 0.000000 0.000000
vt 0.000000 0.000000
vt 0.000000 0.000000
vt 0.000000 0.000000
vt 0.000000 0.000000
vt 0.000000 0.000000
vt 0.000000 0.000000
vt 0.000000 0.000000
vt 0.000000 0.000000
vt 0.000000 0.000000
vt 0.000000 0.000000
vt 0.000000 0.000000
vt 0.000000 0.000000
vt 0.000000 0.000000
vt 0.000000 0.000000
vt 0.000000 0.000000
vt 0.000000 0.000000
vt 0.000000 0.000000
vt 0.000000 0.000000
vt 0.000000 0.000000
vt 0.000000 0.000000
vt 0.000000 0.000000
vt 0.000000 0.000000
vt 0.000000 0.000000
vt 0.000000 0.000000
vt 0.000000 0.000000
vt 0.000000 0.000000
vt 0.000000 0.000000
vt 0.000000 0.000000
vt 0.000000 0.000000
vt 0.000000 0.000000
vt 0.000000 0.000000
vt 0.000000 0.000000
vt 0.000000 0.000000
vt 0.000000 0.000000
vt 0.000000 0.000000
vt 0.000000 0.000000
vt 0.000000 0.000000
vt 0.000000 0.000000
vt 0.000000 0.000000
vt 0.000000 0.000000
vt 0.000000 0.000000
vt 0.000000 0.000000
vt 0.000000 0.000000
vt 0.000000 0.000000
vt 0.000000 0.000000
vt 0.000000 0.000000
vt 0.000000 0.000000
vt 0.000000 0.000000
vt 0.000000 0.000000
vt 0.000000 0.000000
vt 0.000000 0.000000
vt 0.000000 0.000000
vt 0.000000 0.000000
vt 0.000000 0.000000
vt 0.000000 0.000000
vt 0.000000 0.000000
vt 0.000000 0.000000
vt 0.000000 0.000000
vt 0.000000 0.000000
vt 0.000000 0.000000
vt 0.000000 0.000000
vt 0.000000 0.000000
vt 0.000000 0.000000
vt 0.000000 0.000000
vt 0.000000 0.000000
vt 0.000000 0.000000
vt 0.000000 0.000000
vt 0.000000 0.000000
vt 0.000000 0.000000
vt 0.000000 0.000000
vt 0.000000 0.000000
vt 0.000000 0.000000
vt 0.000000 0.000000
vt 0.000000 0.000000
vt 0.000000 0.000000
vt 0.000000 0.000000
vt 0.000000 0.000000
vt 0.000000 0.000000
vt 0.000000 0.000000
vt 0.000000 0.000000
vt 0.000000 0.000000
vt 0.000000 0.000000
vt 0.000000 0.000000
vt 0.000000 0.000000
vt 0.000000 0.000000
vt 0.000000 0.000000
vt 0.000000 0.000000
vt 0.000000 0.000000
vt 0.000000 0.000000
vt 0.000000 0.000000
vt 0.000000 0.000000
vt 0.000000 0.000000
vt 0.000000 0.000000
vt 0.000000 0.000000
vt 0.000000 0.000000
vt 0.000000 0.000000
vt 0.000000 0.000000
vt 0.000000 0.000000
vt 0.541667 0.125000
vt 0.625000 0.148979
vt 0.625000 1.000000
vt 0.375000 1.000000
vt 0.375000 0.125000
vt 0.489309 0.625000
vt 0.210300 0.725105
vt 0.219310 0.725105
vt 0.134285 0.725105
vt 0.134285 0.725105
vt 0.134285 0.725105
vt 0.489309 0.125000
vt 0.508273 1.000000
vt 0.489309 1.000000
vt 0.507776 1.000000
vt 0.489309 1.000000
vt 0.567934 1.000000
vt 0.600479 1.000000
vt 0.600410 1.000000
vt 0.600323 1.000000
vt 0.600261 1.000000
vt 0.516184 1.000000
vt 0.525667 1.000000
vt 0.557869 1.000000
vt 0.535809 1.000000
vt 0.554333 1.000000
vt 0.502326 1.000000
vt 0.558627 1.000000
vt 0.508218 1.000000
vt 0.375000 1.000000
vt 0.134285 0.700816
vt 0.134285 0.700814
vt 0.291667 0.750000
vt 0.875000 0.750000
vt 0.538499 0.413653
vt 0.538499 0.836347
vt 0.541028 1.000000
vt 0.513996 1.000000
vt 0.375000 1.000000
vt 0.528575 0.799352
vt 0.875000 0.750000
vt 0.625000 0.000000
vt 0.625000 0.673125
vt 0.541667 1.000000
vt 0.541028 0.000000
vt 0.125000 0.625000
vt 0.125000 0.750000
vt 0.216637 0.750000
vt 0.511139 1.000000
vt 0.875000 0.546785
vt 0.875000 0.703215
vt 0.375000 0.000000
vt 0.609983 0.000000
vt 0.618356 0.279530
vt 0.625000 1.000000
vt 0.875000 0.750000
vt 0.625000 0.000000
vt 0.875000 0.500000
vt 0.595660 1.000000
vt 0.375000 0.958032
vt 0.189650 0.721907
vt 0.375000 0.314650
vt 0.375000 0.288483
vt 0.375000 0.961517
vt 0.375000 0.935350
vt 0.625000 0.000000
vt 0.875000 0.750000
vt 0.708333 0.750000
vt 0.208333 0.750000
vt 0.402778 0.472222
vt 0.625000 1.000000
vt 0.625000 1.000000
vt 0.875000 0.750000
vt 1.000000 1.000000
vt 0.625000 0.000000
vt 0.375000 0.250000
vt 0.375000 0.000000
vt 0.625000 0.416667
vt 0.375000 0.500000
vt 0.375000 0.416667
vt 0.625000 0.500000
vt 0.375000 0.750000
vt 0.625000 0.916667
vt 0.375000 1.000000
vt 0.375000 0.916667
vt 0.291667 0.750000
vt 0.291667 0.500000
vt 0.875000 0.500000
vt 0.791667 0.750000
vt 0.791667 0.500000
vt 0.708333 0.500000
vt 0.625000 0.750000
vt 0.208333 0.500000
vt 0.125000 0.750000
vt 0.125000 0.500000
vt 0.625000 0.833333
vt 0.375000 0.833333
vt 0.625000 0.333333
vt 0.375000 0.333333
vt 0.291667 0.750000
vt 0.291667 0.500000
vt 0.291667 0.500000
vt 0.208333 0.750000
vt 0.208333 0.750000
vt 0.208333 0.500000
vt 0.208333 0.750000
vt 0.208333 0.750000
vt 0.375000 0.916667
vt 0.375000 0.916667
vt 0.375000 0.888889
vt 0.375000 0.416667
vt 0.375000 0.416667
vt 0.375000 0.388889
vt 0.291667 0.500000
vt 0.263889 0.750000
vt 0.263889 0.500000
vt 0.375000 0.416667
vt 0.375000 0.388889
vt 0.291667 0.750000
vt 0.375000 0.916667
vt 0.375000 0.888889
vt 0.375000 0.861111
vt 0.375000 0.833333
vt 0.375000 0.833333
vt 0.375000 0.861111
vt 0.375000 0.361111
vt 0.375000 0.333333
vt 0.375000 0.333333
vt 0.375000 0.361111
vt 0.208333 0.500000
vt 0.236111 0.750000
vt 0.236111 0.500000
vt 0.375000 0.333333
vt 0.375000 0.833333
vt 0.708333 0.750000
vt 0.000000 0.000000
vt 0.000000 0.000000
vt 0.000000 0.000000
vt 0.000000 0.000000
vt 0.000000 0.000000
vt 0.000000 0.000000
vt 0.000000 0.000000
vt 0.000000 0.000000
vt 0.000000 0.000000
vt 0.000000 0.000000
vt 0.000000 0.000000
vt 0.000000 0.000000
vt 0.000000 0.000000
vt 0.000000 0.000000
vt 0.000000 0.000000
vt 0.000000 0.000000
vt 0.000000 0.000000
vt 0.000000 0.000000
vt 0.000000 0.000000
vt 0.000000 0.000000
vt 0.000000 0.000000
vt 0.000000 0.000000
vt 0.000000 0.000000
vt 0.000000 0.000000
vt 0.000000 0.000000
vt 0.000000 0.000000
vt 0.000000 0.000000
vt 0.000000 0.000000
vt 0.000000 0.000000
vt 0.000000 0.000000
vt 0.000000 0.000000
vt 0.000000 0.000000
vt 0.000000 0.000000
vt 0.000000 0.000000
vt 0.000000 0.000000
vt 0.000000 0.000000
vt 0.375000 0.000000
vt 0.456130 0.000000
vt 0.456130 0.000000
vt 0.875000 0.750000
vt 0.875000 0.750000
vt 0.875000 0.750000
vt 0.625000 0.750000
vt 0.625000 0.687500
vt 0.625000 0.687500
vt 0.125000 0.750000
vt 0.125000 0.750000
vt 0.125000 0.750000
vt 0.576923 1.000000
vt 0.456130 1.000000
vt 0.625000 1.000000
vt 0.875000 0.625000
vt 0.875000 0.625000
vt 0.875000 0.653355
vt 0.875000 0.625000
vt 0.875000 0.750000
vt 0.625000 0.000000
vt 0.625000 0.000000
vt 0.625000 0.000000
vt 0.625000 0.125000
vt 0.625000 0.125000
vt 0.125000 0.750000
vt 0.125000 0.625000
vt 0.125000 0.625000
vt 0.625000 1.000000
vt 0.625000 1.000000
vt 0.625000 1.000000
vt 0.576923 0.125000
vt 0.576923 0.000000
vt 0.625000 1.000000
vt 0.576923 1.000000
vt 0.576923 1.000000
vt 0.858946 0.750000
vt 0.375000 0.983946
vt 0.375000 0.750000
vt 0.125000 0.750000
vt 0.125000 0.750000
vt 0.125000 0.750000
vt 0.576923 1.000000
vt 0.625000 1.000000
vt 0.625000 1.000000
vt 0.625000 1.000000
vt 0.375000 0.625000
vt 0.375000 0.687500
vt 0.141054 0.750000
vt 0.125000 0.625000
vt 0.875000 0.653355
vt 0.875000 0.750000
vt 0.875000 0.750000
vt 0.875000 0.750000
vt 0.875000 0.750000
vt 0.875000 0.750000
vt 0.875000 0.750000
vt 0.875000 0.625000
vt 0.125000 0.750000
vt 0.125000 0.701031
vt 0.875000 0.750000
vt 0.875000 0.750000
vt 0.336526 0.538441
vt 0.625000 1.000000
vt 0.456130 0.000000
vt 0.375000 0.000000
vt 0.456130 0.000000
vt 0.875000 0.750000
vt 0.875000 0.750000
vt 0.875000 0.750000
vt 0.375000 0.750000
vt 0.375000 0.687500
vt 0.375000 0.687500
vt 0.141054 0.750000
vt 0.125000 0.750000
vt 0.125000 0.750000
vt 0.125000 0.750000
vt 0.336526 0.538441
vt 0.625000 1.000000
vt 0.000000 0.000000
vt 0.875000 0.750000
vt 0.875000 0.750000
vt 0.625000 0.000000
vt 0.625000 0.000000
vt 0.625000 0.000000
vt 0.625000 0.000000
vt 0.125000 0.750000
vt 0.625000 1.000000
vt 0.625000 1.000000
vt 0.625000 1.000000
vt 0.576923 0.000000
vt 0.576923 1.000000
vt 0.625000 1.000000
vt 0.576923 1.000000
vt 0.125000 0.750000
vt 0.125000 0.750000
vt 0.858946 0.750000
vt 0.875000 0.701031
vt 0.125000 0.750000
vt 0.125000 0.750000
vt 0.125000 0.750000
vt 0.125000 0.750000
vt 0.576923 1.000000
vt 0.576923 1.000000
vt 0.625000 1.000000
vt 0.625000 1.000000
vt 0.625000 1.000000
vt 0.375000 0.983946
vt 0.625000 0.750000
vt 0.875000 0.653355
vt 0.875000 0.750000
vt 0.875000 0.750000
vt 0.875000 0.750000
vt 0.875000 0.750000
vt 0.875000 0.750000
vt 0.875000 0.750000
vt 0.875000 0.750000
vt 0.875000 0.653355
vt 0.875000 0.750000
vt 0.456130 0.125000
vt 0.456130 0.000000
vt 0.625000 0.000000
vt 0.576923 0.000000
vt 0.456130 1.000000
vt 0.456130 1.000000
vt 0.456130 1.000000
vt 0.625000 0.000000
vt 0.375000 0.125000
vt 0.375000 1.000000
vt 0.375000 1.000000
vt 0.375000 1.000000
vt 0.375000 1.000000
vt 0.375000 0.000000
vt 0.375000 1.000000
vt 0.456130 1.000000
vt 0.375000 1.000000
vt 0.375000 1.000000
vt 0.456130 1.000000
vt 0.375000 1.000000
vt 0.456130 1.000000
vt 0.576923 0.000000
vt 0.125000 0.750000
vt 0.625000 1.000000
vt 0.577867 1.000000
vt 0.625000 0.000000
vt 0.473976 1.000000
vt 0.125000 0.701031
vt 0.625000 1.000000
vt 0.125000 0.750000
vt 0.875000 0.750000
vt 0.625000 0.983946
vt 0.375000 1.000000
vt 0.375000 1.000000
vt 0.125000 0.750000
vt 0.375000 0.750000
vt 0.625000 0.750000
vt 0.625000 0.750000
vt 0.625000 0.750000
vt 0.375000 0.750000
vt 0.375000 0.750000
vt 0.375000 0.687500
vt 0.625000 0.625000
vt 0.625000 0.687500
vt 0.625000 0.687500
vt 0.625000 0.687500
vt 0.375000 0.750000
vt 0.375000 0.687500
vt 0.625000 0.687500
vt 0.375000 0.687500
vt 0.625000 0.687500
vt 0.375000 0.625000
vt 0.625000 0.687500
vt 0.625000 0.625000
vt 0.375000 0.625000
vt 0.625000 0.625000
vt 0.625000 0.750000
vt 0.625000 0.625000
vt 0.625000 0.687500
vt 0.625000 0.625000
vt 0.625000 0.687500
vt 0.375000 0.000000
vt 0.125000 0.750000
vt 0.000000 0.000000
vt 0.722938 0.853093
vt 0.875000 0.625000
vt 0.625000 1.000000
vt 0.875000 0.701031
vt 0.125000 0.625000
vt 0.375000 0.000000
vt 0.625000 1.000000
vt 0.125000 0.750000
vt 0.625000 0.983946
vt 0.875000 0.750000
vt 0.875000 0.750000
vt 0.722938 0.853092
vt 0.576923 0.000000
vt 0.456130 1.000000
vt 0.375000 1.000000
vt 0.625000 1.000000
vt 0.125000 0.750000
vt 0.875000 0.750000
vt 0.000000 0.000000
vt 0.000000 0.000000
vt 0.000000 0.000000
vt 0.000000 0.000000
vt 0.000000 0.000000
vt 0.000000 0.000000
vt 0.000000 0.000000
vt 0.000000 0.000000
vt 0.000000 0.000000
vt 0.000000 0.000000
vt 0.000000 0.000000
vt 0.000000 0.000000
vt 0.000000 0.000000
vt 0.000000 0.000000
vt 0.000000 0.000000
vt 0.000000 0.000000
vt 0.000000 0.000000
vt 0.000000 0.000000
vt 0.000000 0.000000
vt 0.000000 0.000000
vt 0.000000 0.000000
vt 0.000000 0.000000
vt 0.000000 0.000000
vt 0.000000 0.000000
vt 0.000000 0.000000
vt 0.000000 0.000000
vt 0.000000 0.000000
vt 0.000000 0.000000
vt 0.000000 0.000000
vt 0.000000 0.000000
vt 0.000000 0.000000
vt 0.000000 0.000000
vt 0.000000 0.000000
vt 0.000000 0.000000
vt 0.000000 0.000000
vt 0.000000 0.000000
vt 0.000000 0.000000
vt 0.000000 0.000000
vt 0.000000 0.000000
vt 0.000000 0.000000
vt 0.000000 0.000000
vt 0.000000 0.000000
vt 0.000000 0.000000
vt 0.000000 0.000000
vt 0.000000 0.000000
vt 0.000000 0.000000
vt 0.000000 0.000000
vt 0.000000 0.000000
vt 0.000000 0.000000
vt 0.000000 0.000000
vt 0.000000 0.000000
vt 0.000000 0.000000
vt 0.000000 0.000000
vt 0.000000 0.000000
vt 0.000000 0.000000
vt 0.000000 0.000000
vt 0.000000 0.000000
vt 0.000000 0.000000
vt 0.000000 0.000000
vt 0.000000 0.000000
vt 0.000000 0.000000
vt 0.000000 0.000000
vt 0.000000 0.000000
vt 0.000000 0.000000
vt 0.000000 0.000000
vt 0.000000 0.000000
vt 0.000000 0.000000
vt 0.000000 0.000000
vt 0.000000 0.000000
vt 0.000000 0.000000
vt 0.000000 0.000000
vt 0.000000 0.000000
vt 0.000000 0.000000
vt 0.000000 0.000000
vt 0.000000 0.000000
vt 0.000000 0.000000
vt 0.000000 0.000000
vt 0.000000 0.000000
vt 0.000000 0.000000
vt 0.000000 0.000000
vt 0.000000 0.000000
vt 0.000000 0.000000
vt 0.000000 0.000000
vt 0.000000 0.000000
vt 0.000000 0.000000
vt 0.000000 0.000000
vt 0.000000 0.000000
vt 0.000000 0.000000
vt 0.000000 0.000000
vt 0.625000 0.000000
vt 0.541667 0.250000
vt 0.541667 0.000000
vt 0.625000 0.500000
vt 0.541667 0.500000
vt 0.541667 0.750000
vt 0.625000 0.750000
vt 0.541667 1.000000
vt 0.375000 0.500000
vt 0.125000 0.750000
vt 0.125000 0.500000
vt 0.875000 0.500000
vt 0.375000 0.750000
vt 0.458333 1.000000
vt 0.375000 1.000000
vt 0.458333 0.750000
vt 0.458333 0.500000
vt 0.458333 0.250000
vt 0.375000 0.250000
vt 0.458333 0.000000
vt 0.375000 0.000000
vt 0.000000 0.000000
vt 0.000000 0.000000
vt 0.000000 0.000000
vt 0.000000 0.000000
vt 0.000000 0.000000
vt 0.000000 0.000000
vt 0.000000 0.000000
vt 0.000000 0.000000
vt 0.000000 0.000000
vt 0.000000 0.000000
vt 0.000000 0.000000
vt 0.000000 0.000000
vt 0.000000 0.000000
vt 0.000000 0.000000
vt 0.000000 0.000000
vt 0.000000 0.000000
vt 0.000000 0.000000
vt 0.000000 0.000000
vt 0.000000 0.000000
vt 0.000000 0.000000
vt 0.000000 0.000000
vt 0.000000 0.000000
vt 0.000000 0.000000
vt 0.000000 0.000000
vt 0.000000 0.000000
vt 0.000000 0.000000
vt 0.000000 0.000000
vt 0.000000 0.000000
vt 0.000000 0.000000
vt 0.000000 0.000000
vt 0.000000 0.000000
vt 0.000000 0.000000
vt 0.000000 0.000000
vt 0.000000 0.000000
vt 0.000000 0.000000
vt 0.000000 0.000000
vt 0.000000 0.000000
vt 0.000000 0.000000
vt 0.000000 0.000000
vt 0.000000 0.000000
vt 0.000000 0.000000
vt 0.000000 0.000000
vt 0.000000 0.000000
vt 0.000000 0.000000
vt 0.000000 0.000000
vt 0.000000 0.000000
vt 0.000000 0.000000
vt 0.000000 0.000000
vt 0.000000 0.000000
vt 0.000000 0.000000
vt 0.000000 0.000000
vt 0.000000 0.000000
vt 0.000000 0.000000
vt 0.000000 0.000000
vt 0.000000 0.000000
vt 0.000000 0.000000
vt 0.000000 0.000000
vt 0.000000 0.000000
vt 0.000000 0.000000
vt 0.000000 0.000000
vt 0.000000 0.000000
vt 0.000000 0.000000
vt 0.000000 0.000000
vt 0.000000 0.000000
vt 0.000000 0.000000
vt 0.000000 0.000000
vt 0.000000 0.000000
vt 0.000000 0.000000
vt 0.000000 0.000000
vt 0.000000 0.000000
vt 0.000000 0.000000
vt 0.000000 0.000000
vt 0.000000 0.000000
vt 0.000000 0.000000
vt 0.000000 0.000000
vt 0.000000 0.000000
vt 0.000000 0.000000
vt 0.000000 0.000000
vt 0.000000 0.000000
vt 0.000000 0.000000
vt 0.000000 0.000000
vt 0.000000 0.000000
vt 0.000000 0.000000
vt 0.000000 0.000000
vt 0.000000 0.000000
vt 0.000000 0.000000
vt 0.000000 0.000000
vt 0.000000 0.000000
vt 0.000000 0.000000
vt 0.000000 0.000000
vt 0.000000 0.000000
vt 0.000000 0.000000
vt 0.000000 0.000000
vt 0.000000 0.000000
vt 0.000000 0.000000
vt 0.000000 0.000000
vt 0.000000 0.000000
vt 0.000000 0.000000
vt 0.000000 0.000000
vt 0.000000 0.000000
vt 0.000000 0.000000
vt 0.000000 0.000000
vt 0.000000 0.000000
vt 0.000000 0.000000
vt 0.000000 0.000000
vt 0.000000 0.000000
vt 0.000000 0.000000
vt 0.000000 0.000000
vt 0.625000 0.250000
vt 0.625000 1.000000
vt 0.875000 0.750000
vt 0.291667 0.750000
vt 0.208333 0.500000
vt 0.625000 0.250000
vt 0.625000 1.000000
vt 0.875000 0.750000
vt 0.625000 0.000000
vt 0.541667 0.250000
vt 0.541667 0.000000
vt 0.625000 0.500000
vt 0.541667 0.500000
vt 0.541667 0.750000
vt 0.625000 0.750000
vt 0.541667 1.000000
vt 0.375000 0.500000
vt 0.125000 0.750000
vt 0.125000 0.500000
vt 0.875000 0.750000
vt 0.375000 0.750000
vt 0.458333 1.000000
vt 0.375000 1.000000
vt 0.458333 0.750000
vt 0.458333 0.500000
vt 0.458333 0.250000
vt 0.375000 0.250000
vt 0.458333 0.000000
vt 0.375000 0.000000
vt 0.000000 0.000000
vt 0.000000 0.000000
vt 0.000000 0.000000
vt 0.000000 0.000000
vt 0.000000 0.000000
vt 0.000000 0.000000
vt 0.000000 0.000000
vt 0.000000 0.000000
vt 0.000000 0.000000
vt 0.000000 0.000000
vt 0.000000 0.000000
vt 0.000000 0.000000
vt 0.000000 0.000000
vt 0.000000 0.000000
vt 0.000000 0.000000
vt 0.000000 0.000000
vt 0.000000 0.000000
vt 0.000000 0.000000
vt 0.000000 0.000000
vt 0.000000 0.000000
vt 0.000000 0.000000
vt 0.000000 0.000000
vt 0.000000 0.000000
vt 0.000000 0.000000
vt 0.000000 0.000000
vt 0.000000 0.000000
vt 0.000000 0.000000
vt 0.000000 0.000000
vt 0.000000 0.000000
vt 0.000000 0.000000
vt 0.000000 0.000000
vt 0.000000 0.000000
vt 0.000000 0.000000
vt 0.000000 0.000000
vt 0.000000 0.000000
vt 0.000000 0.000000
vt 0.000000 0.000000
vt 0.000000 0.000000
vt 0.000000 0.000000
vt 0.000000 0.000000
vt 0.000000 0.000000
vt 0.000000 0.000000
vt 0.000000 0.000000
vt 0.000000 0.000000
vt 0.000000 0.000000
vt 0.000000 0.000000
vt 0.000000 0.000000
vt 0.000000 0.000000
vt 0.625000 0.250000
vt 0.625000 1.000000
vt 0.875000 0.500000
vt 1.000000 0.500000
vt 0.833333 0.791622
vt 1.000000 0.793810
vt 0.833333 0.500000
vt 0.666667 0.787244
vt 0.666667 0.500000
vt 0.500000 0.785056
vt 0.333333 0.500000
vt 0.500000 0.500000
vt 0.166667 0.500000
vt 0.333333 0.787244
vt -0.000000 0.500000
vt 0.166667 0.791621
vt 0.750000 0.010000
vt 0.957846 0.130000
vt 0.957846 0.370000
vt 1.000000 0.500000
vt 0.833333 0.773362
vt 1.000000 0.775551
vt 0.833333 0.500000
vt 0.666667 0.768985
vt 0.666667 0.500000
vt 0.500000 0.766796
vt 0.333333 0.500000
vt 0.500000 0.500000
vt 0.166667 0.500000
vt 0.333333 0.768985
vt -0.000000 0.500000
vt 0.166667 0.773362
vt 0.750000 0.010000
vt 0.957846 0.130000
vt 0.957846 0.370000
vt 1.000000 1.000000
vt 0.875000 0.500000
vt 1.000000 0.500000
vt 0.875000 1.000000
vt 0.750000 0.500000
vt 0.702334 0.636110
vt 0.625000 0.611504
vt 0.625000 0.500000
vt 0.500000 0.611335
vt 0.500000 0.500000
vt 0.421665 0.754226
vt 0.375000 1.000000
vt 0.375000 0.500000
vt 0.250000 1.000000
vt 0.250000 0.500000
vt 0.010000 0.250000
vt 0.250000 0.010000
vt 0.490000 0.250000
vt 0.125000 0.500000
vt 0.125000 1.000000
vt 0.000000 0.500000
vt 0.750000 0.500000
vt 0.875000 0.500000
vt 0.625000 0.500000
vt 0.750000 0.500000
vt 0.500000 0.500000
vt 0.000000 0.500000
vt 0.125000 0.500000
vt 1.000000 0.500000
vt 0.250000 0.500000
vt 0.375000 0.500000
vt 0.125000 0.500000
vt 0.250000 0.500000
vt 0.250000 0.500000
vt 1.000000 0.500000
vt 0.000000 0.500000
vt 0.375000 0.500000
vt 0.625000 0.500000
vt 0.875000 0.500000
vt 0.500000 0.500000
vt 0.625000 0.500000
vt 0.500000 0.500000
vt 0.625000 0.500000
vt 0.375000 0.500000
vt 0.500000 0.500000
vt 0.750000 0.500000
vt 1.000000 0.500000
vt 0.125000 0.500000
vt 0.875000 0.500000
vt 0.125000 0.500000
vt 0.000000 0.500000
vt 0.125000 0.500000
vt 0.750000 0.500000
vt 0.875000 0.500000
vt 0.250000 0.500000
vt 1.000000 0.500000
vt 0.000000 0.500000
vt 0.375000 0.500000
vt 0.500000 0.500000
vt 0.375000 0.500000
vt 0.500000 0.500000
vt 0.375000 0.500000
vt 0.625000 0.500000
vt 0.875000 0.500000
vt 0.250000 0.500000
vt 0.750000 0.500000
vt 1.000000 0.500000
vt 0.125000 0.500000
vt 0.250000 0.500000
vt 0.250000 0.500000
vt 0.625000 0.500000
vt 0.750000 0.500000
vt 1.000000 0.500000
vt 0.875000 0.500000
vt 0.375000 0.500000
vt 0.375000 0.500000
vt 0.500000 0.500000
vt 0.750000 0.500000
vt 0.875000 0.500000
vt 1.000000 0.500000
vt 0.000000 0.500000
vt 0.125000 0.500000
vt 0.625000 0.500000
vt 0.919706 0.080294
vt 0.580294 0.080294
vt 0.580294 0.419706
vt 0.500000 0.500000
vt 0.625000 0.500000
vt 0.750000 0.500000
vt 0.875000 0.500000
vt 0.125000 0.500000
vt 0.250000 0.500000
vt 1.000000 0.500000
vt 0.561655 0.416667
vt 0.491767 0.453894
vt 0.540431 0.453640
vt 0.561655 0.333333
vt 0.491767 0.296106
vt 0.470138 0.333333
vt 0.500000 0.779001
vt 0.625000 1.000000
vt 0.500000 1.000000
vt 0.533595 0.380320
vt 0.516902 0.374870
vt 0.512033 0.380320
vt 0.512033 0.369420
vt 0.533595 0.369420
vt -0.000000 0.793810
vt 0.750000 0.490000
vt 0.542154 0.370000
vt 0.542154 0.130000
vt -0.000000 0.775551
vt 0.750000 0.490000
vt 0.542154 0.370000
vt 0.542154 0.130000
vt 0.750000 1.000000
vt 0.625000 0.778832
vt 0.702334 0.754226
vt 0.421665 0.636110
vt 0.419706 0.419706
vt 0.250000 0.490000
vt 0.080294 0.419706
vt 0.080294 0.080294
vt 0.419706 0.080294
vt 0.000000 1.000000
vt 0.000000 0.500000
vt 0.000000 0.500000
vt 0.750000 0.490000
vt 0.919706 0.419706
vt 0.990000 0.250000
vt 0.750000 0.010000
vt 0.510000 0.250000
vt 0.000000 0.500000
vt 0.470138 0.416667
vt 0.540431 0.296360
vt 0.548202 0.374870
vt 0.543333 0.380320
vt 0.497426 0.374870
vt 0.502295 0.380320
vt 0.528726 0.374870
vt 0.502295 0.369420
vt 0.543333 0.369420
vt 0.000000 0.000000
vt 0.000000 0.000000
vt 0.000000 0.000000
vt 0.000000 0.000000
vt 0.000000 0.000000
vt 0.000000 0.000000
vt 0.000000 0.000000
vt 0.000000 0.000000
vt 0.000000 0.000000
vt 0.000000 0.000000
vt 0.000000 0.000000
vt 0.000000 0.000000
vt 0.000000 0.000000
vt 0.000000 0.000000
vt 0.000000 0.000000
vt 0.000000 0.000000
vt 0.000000 0.000000
vt 0.000000 0.000000
vt 0.000000 0.000000
vt 0.000000 0.000000
vt 0.000000 0.000000
vt 0.000000 0.000000
vt 0.000000 0.000000
vt 0.000000 0.000000
vt 0.000000 0.000000
vt 0.000000 0.000000
vt 0.000000 0.000000
vt 0.000000 0.000000
vt 0.000000 0.000000
vt 0.000000 0.000000
vt 0.000000 0.000000
vt 0.000000 0.000000
vt 0.000000 0.000000
vt 0.000000 0.000000
vt 0.000000 0.000000
vt 0.000000 0.000000
vt 0.000000 0.000000
vt 0.000000 0.000000
vt 0.000000 0.000000
vt 0.000000 0.000000
vt 0.000000 0.000000
vt 0.000000 0.000000
vt 0.000000 0.000000
vt 0.000000 0.000000
vt 0.000000 0.000000
vt 0.000000 0.000000
vt 0.000000 0.000000
vt 0.000000 0.000000
vt 0.000000 0.000000
vt 0.000000 0.000000
vt 0.000000 0.000000
vt 0.000000 0.000000
vt 0.000000 0.000000
vt 0.000000 0.000000
vt 0.000000 0.000000
vt 0.000000 0.000000
vt 0.000000 0.000000
vt 0.000000 0.000000
vt 0.000000 0.000000
vt 0.000000 0.000000
vt 0.000000 0.000000
vt 0.000000 0.000000
vt 0.000000 0.000000
vt 0.000000 0.000000
vt 0.000000 0.000000
vt 0.000000 0.000000
vt 0.000000 0.000000
vt 0.000000 0.000000
vt 0.000000 0.000000
vt 0.000000 0.000000
vt 0.000000 0.000000
vt 0.000000 0.000000
vt 0.000000 0.000000
vt 0.000000 0.000000
vt 0.000000 0.000000
vt 0.000000 0.000000
vt 0.000000 0.000000
vt 0.000000 0.000000
vt 0.000000 0.000000
vt 0.000000 0.000000
vt 0.000000 0.000000
vt 0.000000 0.000000
vt 0.000000 0.000000
vt 0.000000 0.000000
vt 0.000000 0.000000
vt 0.000000 0.000000
vt 0.000000 0.000000
vt 0.000000 0.000000
vt 0.000000 0.000000
vt 0.000000 0.000000
vt 0.000000 0.000000
vt 0.000000 0.000000
vt 0.000000 0.000000
vt 0.000000 0.000000
vt 0.000000 0.000000
vt 0.000000 0.000000
vt 0.000000 0.000000
vt 0.000000 0.000000
vt 0.000000 0.000000
vt 0.000000 0.000000
vt 0.000000 0.000000
vt 0.000000 0.000000
vt 0.000000 0.000000
vt 0.000000 0.000000
vt 0.000000 0.000000
vt 0.000000 0.000000
vt 0.000000 0.000000
vt 0.000000 0.000000
vt 0.000000 0.000000
vt 0.000000 0.000000
vt 0.000000 0.000000
vt 0.000000 0.000000
vt 0.000000 0.000000
vt 0.000000 0.000000
vt 0.000000 0.000000
vt 0.000000 0.000000
vt 0.000000 0.000000
vt 0.000000 0.000000
vt 0.000000 0.000000
vt 0.000000 0.000000
vt 0.000000 0.000000
vt 0.000000 0.000000
vt 0.000000 0.000000
vt 0.000000 0.000000
vt 0.000000 0.000000
vt 0.000000 0.000000
vt 0.000000 0.000000
vt 0.000000 0.000000
vt 0.000000 0.000000
vt 0.000000 0.000000
vt 0.000000 0.000000
vt 0.000000 0.000000
vt 0.000000 0.000000
vt 0.000000 0.000000
vt 0.000000 0.000000
vt 0.000000 0.000000
vt 0.000000 0.000000
vt 0.000000 0.000000
vt 0.000000 0.000000
vt 0.000000 0.000000
vt 0.000000 0.000000
vt 0.000000 0.000000
vt 0.000000 0.000000
vt 0.000000 0.000000
vt 0.000000 0.000000
vt 0.000000 0.000000
vt 0.000000 0.000000
vt 0.000000 0.000000
vt 0.000000 0.000000
vt 0.000000 0.000000
vt 0.000000 0.000000
vt 0.000000 0.000000
vt 0.000000 0.000000
vt 0.000000 0.000000
vt 0.000000 0.000000
vt 0.000000 0.000000
vt 0.000000 0.000000
vt 0.000000 0.000000
vt 0.000000 0.000000
vt 0.000000 0.000000
vt 0.000000 0.000000
vt 0.000000 0.000000
vt 0.000000 0.000000
vt 0.000000 0.000000
vt 0.000000 0.000000
vt 0.000000 0.000000
vt 0.000000 0.000000
vt 0.000000 0.000000
vt 0.000000 0.000000
vt 0.000000 0.000000
vt 0.000000 0.000000
vt 0.000000 0.000000
vt 0.000000 0.000000
vt 0.000000 0.000000
vt 0.000000 0.000000
vt 0.000000 0.000000
vt 0.000000 0.000000
vt 0.000000 0.000000
vt 0.000000 0.000000
vt 0.000000 0.000000
vt 0.000000 0.000000
vt 0.000000 0.000000
vt 0.000000 0.000000
vt 0.000000 0.000000
vt 0.000000 0.000000
vt 0.000000 0.000000
vt 0.000000 0.000000
vt 0.000000 0.000000
vt 0.000000 0.000000
vt 0.000000 0.000000
vt 0.000000 0.000000
vt 0.000000 0.000000
vt 0.000000 0.000000
vt 0.000000 0.000000
vt 0.000000 0.000000
vt 0.000000 0.000000
vt 0.000000 0.000000
vt 0.000000 0.000000
vt 0.000000 0.000000
vt 0.000000 0.000000
vt 0.000000 0.000000
vt 0.000000 0.000000
vt 0.000000 0.000000
vt 0.000000 0.000000
vt 0.000000 0.000000
vt 0.000000 0.000000
vt 0.000000 0.000000
vt 0.000000 0.000000
vt 0.000000 0.000000
vt 0.000000 0.000000
vt 0.000000 0.000000
vt 0.000000 0.000000
vt 0.000000 0.000000
vt 0.000000 0.000000
vt 0.000000 0.000000
vt 0.000000 0.000000
vt 0.000000 0.000000
vt 0.000000 0.000000
vt 0.000000 0.000000
vt 0.000000 0.000000
vt 0.000000 0.000000
vt 0.000000 0.000000
vt 0.000000 0.000000
vt 0.000000 0.000000
vt 0.000000 0.000000
vt 0.000000 0.000000
vt 0.000000 0.000000
vt 0.000000 0.000000
vt 0.000000 0.000000
vt 0.000000 0.000000
vt 0.000000 0.000000
vt 0.000000 0.000000
vt 0.000000 0.000000
vt 0.000000 0.000000
vt 0.000000 0.000000
vt 0.000000 0.000000
vt 0.000000 0.000000
vt 0.000000 0.000000
vt 0.000000 0.000000
vt 0.000000 0.000000
vt 0.000000 0.000000
vt 0.000000 0.000000
vt 0.000000 0.000000
vt 0.000000 0.000000
vt 0.000000 0.000000
vt 0.000000 0.000000
vt 0.000000 0.000000
vt 0.000000 0.000000
vt 0.000000 0.000000
vt 0.000000 0.000000
vt 0.000000 0.000000
vt 0.000000 0.000000
vt 0.000000 0.000000
vt 0.000000 0.000000
vt 0.000000 0.000000
vt 0.000000 0.000000
vt 0.000000 0.000000
vt 0.000000 0.000000
vt 0.000000 0.000000
vt 0.000000 0.000000
vt 0.000000 0.000000
vt 0.000000 0.000000
vt 0.000000 0.000000
vt 0.000000 0.000000
vt 0.000000 0.000000
vt 0.000000 0.000000
vt 0.000000 0.000000
vt 0.000000 0.000000
vt 0.000000 0.000000
vt 0.000000 0.000000
vt 0.000000 0.000000
vt 0.000000 0.000000
vt 0.000000 0.000000
vt 0.000000 0.000000
vt 0.000000 0.000000
vt 0.000000 0.000000
vt 0.000000 0.000000
vt 0.000000 0.000000
vt 0.000000 0.000000
vt 0.000000 0.000000
vt 0.000000 0.000000
vt 0.000000 0.000000
vt 0.000000 0.000000
vt 0.000000 0.000000
vt 0.000000 0.000000
vt 0.000000 0.000000
vt 0.000000 0.000000
vt 0.000000 0.000000
vt 0.210397 0.722902
vt 0.172869 0.750000
vt 0.172869 0.722902
vt 0.375000 0.914603
vt 0.375000 0.902195
vt 0.375000 0.902195
vt 0.625000 0.722902
vt 0.611210 0.750000
vt 0.611210 0.722902
vt 0.611210 0.994042
vt 0.625000 1.000000
vt 0.611210 1.000000
vt 0.611210 0.757592
vt 0.625000 0.797332
vt 0.611210 0.797332
vt 0.625000 0.952131
vt 0.625000 0.964341
vt 0.625000 0.972614
vt 0.375000 1.000000
vt 0.375000 0.994042
vt 0.375000 0.994042
vt 0.327668 0.722902
vt 0.316458 0.750000
vt 0.316458 0.722902
vt 0.375000 0.750000
vt 0.375000 0.722902
vt 0.375000 0.722902
vt 0.375000 1.000000
vt 0.375000 0.994042
vt 0.375000 0.750000
vt 0.375000 0.722902
vt 0.375000 0.722902
vt 0.672332 0.722902
vt 0.632592 0.750000
vt 0.632592 0.722902
vt 0.375000 0.750000
vt 0.611210 0.819753
vt 0.625000 0.830963
vt 0.611210 0.830963
vt 0.367408 0.750000
vt 0.367408 0.722902
vt 0.375000 0.830963
vt 0.375000 0.819753
vt 0.375000 0.819753
vt 0.375000 1.000000
vt 0.375000 0.994042
vt 0.375000 0.830963
vt 0.375000 0.819753
vt 0.375000 0.058422
vt 0.375000 0.058422
vt 0.375000 0.058422
vt 0.375000 0.830963
vt 0.375000 0.819753
vt 0.611210 0.058422
vt 0.625000 0.058422
vt 0.611210 0.058422
vt 0.705963 0.722902
vt 0.694753 0.750000
vt 0.694753 0.722902
vt 0.294037 0.722902
vt 0.235212 0.750000
vt 0.235212 0.722902
vt 0.375000 0.797332
vt 0.375000 0.757592
vt 0.375000 0.757592
vt 0.125000 0.691578
vt 0.125000 0.625000
vt 0.125000 0.625000
vt 0.375000 0.797332
vt 0.375000 0.757592
vt 0.375000 0.757592
vt 0.375000 0.797332
vt 0.875000 0.625000
vt 0.875000 0.691578
vt 0.875000 0.691578
vt 0.375000 0.914603
vt 0.375000 0.902195
vt 0.375000 0.902195
vt 0.375000 0.914603
vt 0.625000 0.000000
vt 0.625000 0.027098
vt 0.625000 0.027098
vt 0.611210 0.902195
vt 0.625000 0.914603
vt 0.611210 0.914603
vt 0.375000 0.889788
vt 0.375000 0.889788
vt 0.222805 0.750000
vt 0.222805 0.722902
vt 0.375000 0.889788
vt 0.375000 0.830963
vt 0.375000 0.972614
vt 0.375000 0.962373
vt 0.375000 0.962373
vt 0.375000 0.972614
vt 0.375000 0.962373
vt 0.375000 0.962372
vt 0.375000 0.972614
vt 0.625000 0.914603
vt 0.625000 0.952131
vt 0.611210 0.962373
vt 0.611210 0.972614
vt 0.152386 0.722902
vt 0.130958 0.750000
vt 0.130958 0.722902
vt 0.764788 0.722902
vt 0.789603 0.722902
vt 0.764788 0.722902
vt 0.375000 0.952131
vt 0.375000 0.952131
vt 0.375000 0.914603
vt 0.162627 0.750000
vt 0.162627 0.722902
vt 0.152386 0.750000
vt 0.705963 0.750000
vt 0.705963 0.750000
vt 0.375000 0.952131
vt 0.375000 0.952131
vt 0.210397 0.750000
vt 0.625000 0.889788
vt 0.375000 0.889788
vt 0.683542 0.750000
vt 0.672332 0.750000
vt 0.683542 0.722902
vt 0.375000 0.808542
vt 0.375000 0.797332
vt 0.375000 0.808542
vt 0.375000 0.808542
vt 0.375000 0.808542
vt 0.625000 0.808542
vt 0.611210 0.808542
vt 0.625000 0.819753
vt 0.305247 0.750000
vt 0.294037 0.750000
vt 0.305247 0.722902
vt 0.316458 0.625000
vt 0.305247 0.691578
vt 0.305247 0.625000
vt 0.294037 0.625000
vt 0.294037 0.691578
vt 0.789603 0.722902
vt 0.827131 0.722902
vt 0.827131 0.722902
vt 0.789603 0.722902
vt 0.764788 0.722902
vt 0.625000 0.964341
vt 0.210397 0.625000
vt 0.222805 0.691578
vt 0.210397 0.691578
vt 0.632592 0.625000
vt 0.632592 0.691578
vt 0.632592 0.691578
vt 0.152386 0.625000
vt 0.162627 0.691578
vt 0.152386 0.691578
vt 0.172869 0.625000
vt 0.162627 0.625000
vt 0.625000 0.830963
vt 0.625000 0.889788
vt 0.625000 0.889788
vt 0.130958 0.691578
vt 0.130958 0.625000
vt 0.694753 0.722902
vt 0.235212 0.625000
vt 0.222805 0.625000
vt 0.847614 0.722902
vt 0.869042 0.722902
vt 0.847614 0.722902
vt 0.869042 0.722902
vt 0.875000 0.722902
vt 0.611210 0.027098
vt 0.375000 0.058422
vt 0.375000 0.027098
vt 0.375000 0.027098
vt 0.235212 0.691578
vt 0.625000 0.000000
vt 0.625000 0.027098
vt 0.375000 0.027098
vt 0.375000 0.027098
vt 0.375000 0.625000
vt 0.367408 0.691578
vt 0.367408 0.625000
vt 0.375000 0.691578
vt 0.375000 0.625000
vt 0.375000 0.625000
vt 0.375000 0.691578
vt 0.375000 0.691578
vt 0.375000 0.625000
vt 0.327668 0.625000
vt 0.316458 0.691578
vt 0.869042 0.691578
vt 0.869042 0.625000
vt 0.625000 0.625000
vt 0.611210 0.691578
vt 0.611210 0.625000
vt 0.172869 0.691578
vt 0.375000 0.125000
vt 0.375000 0.058422
vt 0.375000 0.125000
vt 0.375000 0.058422
vt 0.375000 0.125000
vt 0.375000 0.058422
vt 0.611210 0.125000
vt 0.375000 0.058422
vt 0.683542 0.722902
vt 0.125000 0.750000
vt 0.125000 0.722902
vt 0.375000 0.972614
vt 0.625000 0.994042
vt 0.625000 0.691578
vt 0.327668 0.691578
vt 0.375000 0.750000
vt 0.327668 0.750000
vt 0.625000 0.750000
vt 0.625000 0.757592
vt 0.777195 0.722902
vt 0.777195 0.722902
vt 0.375000 0.000000
vt 0.375000 0.000000
vt 0.375000 0.000000
vt 0.375000 0.000000
vt 0.611210 0.000000
vt 0.837373 0.722902
vt 0.847614 0.722902
vt 0.847614 0.722902
vt 0.869042 0.722902
vt 0.869042 0.722902
vt 0.764788 0.722902
vt 0.869042 0.691578
vt 0.837373 0.722902
vt 0.672332 0.722902
vt 0.869042 0.625000
vt 0.632592 0.722902
vt 0.789603 0.722902
vt 0.375000 0.691578
vt 0.705963 0.722902
vt 0.625000 0.994042
vt 0.705963 0.722902
vt 0.827131 0.722902
vt 0.875000 0.722902
vt 0.625000 1.000000
vt 0.375000 1.000000
vt 0.625000 0.058422
vt 0.125000 0.691578
vt 0.875000 0.625000
vt 0.625000 0.000000
vt 0.632592 0.625000
vt 0.625000 0.972614
vt 0.625000 0.994042
vt 0.625000 1.000000
vt 0.375000 0.125000
vt 0.625000 0.125000
vt 0.875000 0.722902
vt 0.625000 0.914603
vt 0.827131 0.722902
vt 0.789603 0.750000
vt 0.869042 0.750000
vt 0.764788 0.750000
vt 0.827131 0.750000
vt 0.847614 0.750000
vt 0.875000 0.750000
vt 0.625000 0.952131
vt 0.210397 0.722902
vt 0.172869 0.722902
vt 0.172869 0.750000
vt 0.375000 0.914603
vt 0.375000 0.902196
vt 0.375000 0.902195
vt 0.625000 0.722902
vt 0.611210 0.722902
vt 0.611210 0.750000
vt 0.611210 0.994042
vt 0.611210 1.000000
vt 0.625000 1.000000
vt 0.611210 0.757592
vt 0.611210 0.797332
vt 0.625000 0.797332
vt 0.625000 0.952131
vt 0.625000 0.972614
vt 0.625000 0.964341
vt 0.375000 1.000000
vt 0.375000 0.994042
vt 0.375000 0.994042
vt 0.327668 0.722902
vt 0.316458 0.722902
vt 0.316458 0.750000
vt 0.375000 0.750000
vt 0.375000 0.722902
vt 0.375000 0.722902
vt 0.375000 1.000000
vt 0.375000 0.994042
vt 0.375000 0.750000
vt 0.375000 0.722902
vt 0.375000 0.722902
vt 0.672332 0.722902
vt 0.632592 0.722902
vt 0.632592 0.750000
vt 0.375000 0.750000
vt 0.611210 0.819753
vt 0.611210 0.830963
vt 0.625000 0.830963
vt 0.367408 0.722902
vt 0.367408 0.750000
vt 0.375000 0.830963
vt 0.375000 0.819753
vt 0.375000 0.819753
vt 0.375000 1.000000
vt 0.375000 0.994042
vt 0.375000 0.830963
vt 0.375000 0.819752
vt 0.375000 0.058422
vt 0.375000 0.058422
vt 0.375000 0.058422
vt 0.375000 0.830963
vt 0.375000 0.819753
vt 0.611210 0.058422
vt 0.611210 0.058422
vt 0.625000 0.058422
vt 0.705963 0.722902
vt 0.694753 0.722902
vt 0.694753 0.750000
vt 0.294037 0.722902
vt 0.235212 0.722902
vt 0.235212 0.750000
vt 0.375000 0.797332
vt 0.375000 0.757592
vt 0.375000 0.757592
vt 0.125000 0.691578
vt 0.375000 0.797332
vt 0.375000 0.757592
vt 0.375000 0.757592
vt 0.375000 0.797332
vt 0.875000 0.691578
vt 0.875000 0.691578
vt 0.375000 0.914603
vt 0.375000 0.902195
vt 0.375000 0.902195
vt 0.375000 0.914603
vt 0.625000 0.000000
vt 0.625000 0.027098
vt 0.625000 0.027098
vt 0.611210 0.902195
vt 0.611210 0.914603
vt 0.625000 0.914603
vt 0.375000 0.889788
vt 0.375000 0.889788
vt 0.222805 0.722902
vt 0.222805 0.750000
vt 0.375000 0.889788
vt 0.375000 0.830963
vt 0.375000 0.972614
vt 0.375000 0.962372
vt 0.375000 0.962373
vt 0.375000 0.972614
vt 0.375000 0.962372
vt 0.375000 0.962373
vt 0.375000 0.972614
vt 0.625000 0.952131
vt 0.625000 0.914603
vt 0.611210 0.962373
vt 0.611210 0.972614
vt 0.152386 0.722902
vt 0.130958 0.722902
vt 0.130958 0.750000
vt 0.764788 0.722902
vt 0.764788 0.722902
vt 0.789603 0.722902
vt 0.375000 0.952131
vt 0.375000 0.952131
vt 0.375000 0.914603
vt 0.162627 0.722902
vt 0.162627 0.750000
vt 0.152386 0.750000
vt 0.705963 0.750000
vt 0.705963 0.750000
vt 0.375000 0.952131
vt 0.375000 0.952131
vt 0.210397 0.750000
vt 0.625000 0.889788
vt 0.375000 0.889788
vt 0.672332 0.750000
vt 0.683542 0.750000
vt 0.683542 0.722902
vt 0.375000 0.808542
vt 0.375000 0.797332
vt 0.375000 0.808542
vt 0.375000 0.808542
vt 0.375000 0.808542
vt 0.611210 0.808542
vt 0.625000 0.808542
vt 0.625000 0.819753
vt 0.294037 0.750000
vt 0.305247 0.750000
vt 0.305247 0.722902
vt 0.305247 0.691578
vt 0.294037 0.691578
vt 0.789603 0.722902
vt 0.827131 0.722902
vt 0.827131 0.722902
vt 0.789603 0.722902
vt 0.625000 0.964341
vt 0.210397 0.691578
vt 0.222805 0.691578
vt 0.632592 0.691578
vt 0.632592 0.691578
vt 0.152386 0.691578
vt 0.162627 0.691578
vt 0.625000 0.889788
vt 0.625000 0.830963
vt 0.625000 0.889788
vt 0.130958 0.691578
vt 0.694753 0.722902
vt 0.847614 0.722902
vt 0.869042 0.722902
vt 0.869042 0.722902
vt 0.875000 0.722902
vt 0.875000 0.722902
vt 0.611210 0.027098
vt 0.375000 0.058422
vt 0.375000 0.027098
vt 0.375000 0.027098
vt 0.235212 0.691578
vt 0.625000 0.000000
vt 0.625000 0.000000
vt 0.375000 0.027098
vt 0.375000 0.027098
vt 0.367408 0.691578
vt 0.375000 0.691578
vt 0.375000 0.691578
vt 0.375000 0.691578
vt 0.316458 0.691578
vt 0.869042 0.691578
vt 0.611210 0.691578
vt 0.172869 0.691578
vt 0.375000 0.058422
vt 0.375000 0.058422
vt 0.375000 0.058422
vt 0.375000 0.058422
vt 0.683542 0.722902
vt 0.125000 0.722902
vt 0.125000 0.750000
vt 0.375000 0.972614
vt 0.625000 0.994042
vt 0.625000 0.691578
vt 0.327668 0.691578
vt 0.375000 0.750000
vt 0.327668 0.750000
vt 0.625000 0.750000
vt 0.625000 0.757592
vt 0.777195 0.722902
vt 0.777195 0.722902
vt 0.375000 0.000000
vt 0.375000 0.000000
vt 0.375000 0.000000
vt 0.375000 0.000000
vt 0.611210 0.000000
vt 0.837373 0.722902
vt 0.847614 0.722902
vt 0.847614 0.722902
vt 0.869042 0.722902
vt 0.869042 0.722902
vt 0.764788 0.722902
vt 0.869042 0.691578
vt 0.837373 0.722902
vt 0.672332 0.722902
vt 0.632592 0.722902
vt 0.789603 0.722902
vt 0.375000 0.691578
vt 0.705963 0.722902
vt 0.625000 0.994042
vt 0.705963 0.722902
vt 0.827131 0.722902
vt 0.625000 1.000000
vt 0.375000 1.000000
vt 0.625000 0.058422
vt 0.125000 0.691578
vt 0.764788 0.722902
vt 0.625000 0.994042
vt 0.625000 0.972614
vt 0.625000 1.000000
vt 0.875000 0.722902
vt 0.625000 0.914603
vt 0.827131 0.722902
vt 0.789603 0.750000
vt 0.869042 0.750000
vt 0.764788 0.750000
vt 0.847614 0.722902
vt 0.827131 0.750000
vt 0.847614 0.750000
vt 0.875000 0.750000
vt 0.625000 0.872641
vt 0.625000 0.972614
vt 0.625000 0.952131
vt 0.625000 0.872641
vt 0.625000 0.027098
vt 0.625000 0.972614
vt 0.625000 0.000000
vt 0.375000 0.250000
vt 0.375000 0.000000
vt 0.625000 0.250000
vt 0.375000 0.500000
vt 0.625000 0.500000
vt 0.375000 0.750000
vt 0.625000 0.750000
vt 0.375000 0.750000
vt 0.125000 0.500000
vt 0.125000 0.750000
vt 0.875000 0.500000
vt 0.125000 0.750000
vt 0.125000 0.750000
vt 0.625000 0.000000
vt 0.875000 0.750000
vt 0.625000 0.750000
vt 0.375000 0.750000
vt 0.125000 0.750000
vt 0.375000 0.000000
vt 0.625000 0.000000
vt 0.875000 0.750000
vt 0.625000 0.750000
vt 0.875000 0.750000
vt 0.625000 0.750000
vt 0.625000 0.750000
vt 0.375000 0.000000
vt 0.625000 0.000000
vt 0.875000 0.750000
vt 0.625000 0.750000
vt 0.375000 0.750000
vt 0.375000 1.000000
vt 0.375000 0.750000
vt 0.375000 0.750000
vt 0.125000 0.750000
vt 0.125000 0.750000
vt 0.875000 0.750000
vt 0.875000 0.750000
vt 0.875000 0.750000
vt 0.375000 0.000000
vt 0.625000 0.000000
vt 0.375000 0.000000
vt 0.625000 0.000000
vt 0.625000 0.000000
vt 0.625000 1.000000
vt 0.375000 1.000000
vt 0.125000 0.750000
vt 0.375000 0.000000
vt 0.875000 0.750000
vt 0.375000 0.000000
vt 0.625000 1.000000
vt 0.125000 0.750000
vt 0.000000 0.000000
vt 0.000000 0.000000
vt 0.000000 0.000000
vt 0.000000 0.000000
vt 0.000000 0.000000
vt 0.000000 0.000000
vt 0.000000 0.000000
vt 0.000000 0.000000
vt 0.000000 0.000000
vt 0.000000 0.000000
vt 0.000000 0.000000
vt 0.000000 0.000000
vt 0.000000 0.000000
vt 0.000000 0.000000
vt 0.000000 0.000000
vt 0.000000 0.000000
vt 0.000000 0.000000
vt 0.000000 0.000000
vt 0.000000 0.000000
vt 0.000000 0.000000
vt 0.000000 0.000000
vt 0.000000 0.000000
vt 0.000000 0.000000
vt 0.000000 0.000000
vt 0.000000 0.000000
vt 0.000000 0.000000
vt 0.000000 0.000000
vt 0.000000 0.000000
vt 0.000000 0.000000
vt 0.000000 0.000000
vt 0.000000 0.000000
vt 0.000000 0.000000
vt 0.000000 0.000000
vt 0.000000 0.000000
vt 0.000000 0.000000
vt 0.000000 0.000000
vt 0.000000 0.000000
vt 0.000000 0.000000
vt 0.000000 0.000000
vt 0.000000 0.000000
vt 0.000000 0.000000
vt 0.000000 0.000000
vt 0.000000 0.000000
vt 0.000000 0.000000
vt 0.000000 0.000000
vt 0.000000 0.000000
vt 0.000000 0.000000
vt 0.000000 0.000000
vt 0.000000 0.000000
vt 0.000000 0.000000
vt 0.000000 0.000000
vt 0.000000 0.000000
vt 0.000000 0.000000
vt 0.000000 0.000000
vt 0.000000 0.000000
vt 0.000000 0.000000
vt 0.000000 0.000000
vt 0.000000 0.000000
vt 0.000000 0.000000
vt 0.000000 0.000000
vt 0.000000 0.000000
vt 0.000000 0.000000
vt 0.000000 0.000000
vt 0.000000 0.000000
vt 0.000000 0.000000
vt 0.000000 0.000000
vt 0.000000 0.000000
vt 0.000000 0.000000
vt 0.000000 0.000000
vt 0.000000 0.000000
vt 0.000000 0.000000
vt 0.000000 0.000000
vt 0.000000 0.000000
vt 0.000000 0.000000
vt 0.000000 0.000000
vt 0.000000 0.000000
vt 0.000000 0.000000
vt 0.000000 0.000000
vt 0.000000 0.000000
vt 0.000000 0.000000
vt 0.000000 0.000000
vt 0.000000 0.000000
vt 0.000000 0.000000
vt 0.000000 0.000000
vt 0.000000 0.000000
vt 0.000000 0.000000
vt 0.000000 0.000000
vt 0.000000 0.000000
vt 0.000000 0.000000
vt 0.000000 0.000000
vt 0.000000 0.000000
vt 0.000000 0.000000
vt 0.000000 0.000000
vt 0.000000 0.000000
vt 0.000000 0.000000
vt 0.000000 0.000000
vt 0.000000 0.000000
vt 0.000000 0.000000
vt 0.000000 0.000000
vt 0.000000 0.000000
vt 0.000000 0.000000
vt 0.000000 0.000000
vt 0.000000 0.000000
vt 0.000000 0.000000
vt 0.000000 0.000000
vt 0.000000 0.000000
vt 0.000000 0.000000
vt 0.000000 0.000000
vt 0.000000 0.000000
vt 0.000000 0.000000
vt 0.000000 0.000000
vt 0.000000 0.000000
vt 0.000000 0.000000
vt 0.000000 0.000000
vt 0.000000 0.000000
vt 0.000000 0.000000
vt 0.000000 0.000000
vt 0.000000 0.000000
vt 0.000000 0.000000
vt 0.000000 0.000000
vt 0.000000 0.000000
vt 0.000000 0.000000
vt 0.000000 0.000000
vt 0.000000 0.000000
vt 0.000000 0.000000
vt 0.000000 0.000000
vt 0.000000 0.000000
vt 0.000000 0.000000
vt 0.000000 0.000000
vt 0.000000 0.000000
vt 0.000000 0.000000
vt 0.000000 0.000000
vt 0.000000 0.000000
vt 0.000000 0.000000
vt 0.000000 0.000000
vt 0.000000 0.000000
vt 0.000000 0.000000
vt 0.000000 0.000000
vt 0.000000 0.000000
vt 0.000000 0.000000
vt 0.000000 0.000000
vt 0.000000 0.000000
vt 0.000000 0.000000
vt 0.000000 0.000000
vt 0.000000 0.000000
vt 0.000000 0.000000
vt 0.000000 0.000000
vt 0.000000 0.000000
vt 0.000000 0.000000
vt 0.000000 0.000000
vt 0.000000 0.000000
vt 0.000000 0.000000
vt 0.000000 0.000000
vt 0.000000 0.000000
vt 0.000000 0.000000
vt 0.000000 0.000000
vt 0.000000 0.000000
vt 0.000000 0.000000
vt 0.000000 0.000000
vt 0.000000 0.000000
vt 0.000000 0.000000
vt 0.000000 0.000000
vt 0.000000 0.000000
vt 0.000000 0.000000
vt 0.000000 0.000000
vt 0.000000 0.000000
vt 0.000000 0.000000
vt 0.000000 0.000000
vt 0.000000 0.000000
vt 0.000000 0.000000
vt 0.000000 0.000000
vt 0.000000 0.000000
vt 0.000000 0.000000
vt 0.000000 0.000000
vt 0.000000 0.000000
vt 0.000000 0.000000
vt 0.000000 0.000000
vt 0.000000 0.000000
vt 0.000000 0.000000
vt 0.000000 0.000000
vt 0.000000 0.000000
vt 0.000000 0.000000
vt 0.000000 0.000000
vt 0.000000 0.000000
vt 0.000000 0.000000
vt 0.000000 0.000000
vt 0.000000 0.000000
vt 0.000000 0.000000
vt 0.000000 0.000000
vt 0.000000 0.000000
vt 0.000000 0.000000
vt 0.000000 0.000000
vt 0.000000 0.000000
vt 0.000000 0.000000
vt 0.000000 0.000000
vt 0.000000 0.000000
vt 0.000000 0.000000
vt 0.000000 0.000000
vt 0.000000 0.000000
vt 0.000000 0.000000
vt 0.000000 0.000000
vt 0.000000 0.000000
vt 0.000000 0.000000
vt 0.000000 0.000000
vt 0.000000 0.000000
vt 0.000000 0.000000
vt 0.000000 0.000000
vt 0.000000 0.000000
vt 0.000000 0.000000
vt 0.000000 0.000000
vt 0.000000 0.000000
vt 0.000000 0.000000
vt 0.000000 0.000000
vt 0.000000 0.000000
vt 0.000000 0.000000
vt 0.000000 0.000000
vt 0.000000 0.000000
vt 0.000000 0.000000
vt 0.000000 0.000000
vt 0.000000 0.000000
vt 0.000000 0.000000
vt 0.000000 0.000000
vt 0.000000 0.000000
vt 0.000000 0.000000
vt 0.000000 0.000000
vt 0.000000 0.000000
vt 0.000000 0.000000
vt 0.000000 0.000000
vt 0.000000 0.000000
vt 0.000000 0.000000
vt 0.000000 0.000000
vt 0.000000 0.000000
vt 0.000000 0.000000
vt 0.000000 0.000000
vt 0.000000 0.000000
vt 0.000000 0.000000
vt 0.000000 0.000000
vt 0.000000 0.000000
vt 0.000000 0.000000
vt 0.000000 0.000000
vt 0.000000 0.000000
vt 0.000000 0.000000
vt 0.000000 0.000000
vt 0.000000 0.000000
vt 0.000000 0.000000
vt 0.000000 0.000000
vt 0.000000 0.000000
vt 0.000000 0.000000
vt 0.000000 0.000000
vt 0.000000 0.000000
vt 0.000000 0.000000
vt 0.000000 0.000000
vt 0.000000 0.000000
vt 0.000000 0.000000
vt 0.000000 0.000000
vt 0.000000 0.000000
vt 0.000000 0.000000
vt 0.000000 0.000000
vt 0.000000 0.000000
vt 0.000000 0.000000
vt 0.000000 0.000000
vt 0.000000 0.000000
vt 0.000000 0.000000
vt 0.000000 0.000000
vt 0.000000 0.000000
vt 0.000000 0.000000
vt 0.000000 0.000000
vt 0.000000 0.000000
vt 0.000000 0.000000
vt 0.000000 0.000000
vt 0.000000 0.000000
vt 0.000000 0.000000
vt 0.000000 0.000000
vt 0.000000 0.000000
vt 0.000000 0.000000
vt 0.000000 0.000000
vt 0.000000 0.000000
vt 0.000000 0.000000
vt 0.000000 0.000000
vt 0.000000 0.000000
vt 0.000000 0.000000
vt 0.000000 0.000000
vt 0.000000 0.000000
vt 0.000000 0.000000
vt 0.000000 0.000000
vt 0.000000 0.000000
vt 0.000000 0.000000
vt 0.000000 0.000000
vt 0.000000 0.000000
vt 0.000000 0.000000
vt 0.000000 0.000000
vt 0.000000 0.000000
vt 0.000000 0.000000
vt 0.000000 0.000000
vt 0.000000 0.000000
vt 0.000000 0.000000
vt 0.000000 0.000000
vt 0.000000 0.000000
vt 0.000000 0.000000
vt 0.000000 0.000000
vt 0.000000 0.000000
vt 0.000000 0.000000
vt 0.000000 0.000000
vt 0.000000 0.000000
vt 0.000000 0.000000
vt 0.000000 0.000000
vt 0.000000 0.000000
vt 0.000000 0.000000
vt 0.000000 0.000000
vt 0.000000 0.000000
vt 0.000000 0.000000
vt 0.000000 0.000000
vt 0.000000 0.000000
vt 0.000000 0.000000
vt 0.000000 0.000000
vt 0.000000 0.000000
vt 0.000000 0.000000
vt 0.000000 0.000000
vt 0.000000 0.000000
vt 0.000000 0.000000
vt 0.000000 0.000000
vt 0.000000 0.000000
vt 0.000000 0.000000
vt 0.000000 0.000000
vt 0.000000 0.000000
vt 0.000000 0.000000
vt 0.000000 0.000000
vt 0.000000 0.000000
vt 0.000000 0.000000
vt 0.000000 0.000000
vt 0.000000 0.000000
vt 0.000000 0.000000
vt 0.000000 0.000000
vt 0.000000 0.000000
vt 0.000000 0.000000
vt 0.000000 0.000000
vt 0.000000 0.000000
vt 0.000000 0.000000
vt 0.000000 0.000000
vt 0.000000 0.000000
vt 0.000000 0.000000
vt 0.000000 0.000000
vt 0.000000 0.000000
vt 0.000000 0.000000
vt 0.000000 0.000000
vt 0.000000 0.000000
vt 0.000000 0.000000
vt 0.000000 0.000000
vt 0.000000 0.000000
vt 0.000000 0.000000
vt 0.000000 0.000000
vt 0.000000 0.000000
vt 0.000000 0.000000
vt 0.000000 0.000000
vt 0.000000 0.000000
vt 0.000000 0.000000
vt 0.000000 0.000000
vt 0.000000 0.000000
vt 0.000000 0.000000
vt 0.000000 0.000000
vt 0.000000 0.000000
vt 0.000000 0.000000
vt 0.000000 0.000000
vt 0.000000 0.000000
vt 0.000000 0.000000
vt 0.000000 0.000000
vt 0.000000 0.000000
vt 0.000000 0.000000
vt 0.000000 0.000000
vt 0.000000 0.000000
vt 0.000000 0.000000
vt 0.000000 0.000000
vt 0.000000 0.000000
vt 0.000000 0.000000
vt 0.000000 0.000000
vt 0.000000 0.000000
vt 0.000000 0.000000
vt 0.000000 0.000000
vt 0.000000 0.000000
vt 0.000000 0.000000
vt 0.000000 0.000000
vt 0.000000 0.000000
vt 0.000000 0.000000
vt 0.000000 0.000000
vt 0.000000 0.000000
vt 0.000000 0.000000
vt 0.000000 0.000000
vt 0.000000 0.000000
vt 0.000000 0.000000
vt 0.000000 0.000000
vt 0.000000 0.000000
vt 0.000000 0.000000
vt 0.000000 0.000000
vt 0.000000 0.000000
vt 0.000000 0.000000
vt 0.000000 0.000000
vt 0.000000 0.000000
vt 0.000000 0.000000
vt 0.000000 0.000000
vt 0.000000 0.000000
vt 0.000000 0.000000
vt 0.000000 0.000000
vt 0.000000 0.000000
vt 0.000000 0.000000
vt 0.000000 0.000000
vt 0.000000 0.000000
vt 0.000000 0.000000
vt 0.000000 0.000000
vt 0.000000 0.000000
vt 0.000000 0.000000
vt 0.000000 0.000000
vt 0.000000 0.000000
vt 0.000000 0.000000
vt 0.000000 0.000000
vt 0.000000 0.000000
vt 0.000000 0.000000
vt 0.000000 0.000000
vt 0.000000 0.000000
vt 0.000000 0.000000
vt 0.000000 0.000000
vt 0.000000 0.000000
vt 0.000000 0.000000
vt 0.000000 0.000000
vt 0.000000 0.000000
vt 0.000000 0.000000
vt 0.000000 0.000000
vt 0.000000 0.000000
vt 0.000000 0.000000
vt 0.000000 0.000000
vt 0.000000 0.000000
vt 0.000000 0.000000
vt 0.000000 0.000000
vt 0.000000 0.000000
vt 0.000000 0.000000
vt 0.000000 0.000000
vt 0.000000 0.000000
vt 0.000000 0.000000
vt 0.000000 0.000000
vt 0.000000 0.000000
vt 0.000000 0.000000
vt 0.000000 0.000000
vt 0.000000 0.000000
vt 0.000000 0.000000
vt 0.000000 0.000000
vt 0.000000 0.000000
vt 0.000000 0.000000
vt 0.000000 0.000000
vt 0.000000 0.000000
vt 0.000000 0.000000
vt 0.000000 0.000000
vt 0.000000 0.000000
vt 0.000000 0.000000
vt 0.000000 0.000000
vt 0.000000 0.000000
vt 0.000000 0.000000
vt 0.000000 0.000000
vt 0.000000 0.000000
vt 0.000000 0.000000
vt 0.000000 0.000000
vt 0.000000 0.000000
vt 0.000000 0.000000
vt 0.000000 0.000000
vt 0.000000 0.000000
vt 0.000000 0.000000
vt 0.000000 0.000000
vt 0.000000 0.000000
vt 0.000000 0.000000
vt 0.000000 0.000000
vt 0.000000 0.000000
vt 0.000000 0.000000
vt 0.000000 0.000000
vt 0.000000 0.000000
vt 0.000000 0.000000
vt 0.000000 0.000000
vt 0.000000 0.000000
vt 0.000000 0.000000
vt 0.000000 0.000000
vt 0.000000 0.000000
vt 0.000000 0.000000
vt 0.000000 0.000000
vt 0.000000 0.000000
vt 0.000000 0.000000
vt 0.000000 0.000000
vt 0.000000 0.000000
vt 0.000000 0.000000
vt 0.000000 0.000000
vt 0.000000 0.000000
vt 0.000000 0.000000
vt 0.000000 0.000000
vt 0.000000 0.000000
vt 0.000000 0.000000
vt 0.000000 0.000000
vt 0.000000 0.000000
vt 0.000000 0.000000
vt 0.000000 0.000000
vt 0.000000 0.000000
vt 0.000000 0.000000
vt 0.000000 0.000000
vt 0.000000 0.000000
vt 0.000000 0.000000
vt 0.000000 0.000000
vt 0.000000 0.000000
vt 0.000000 0.000000
vt 0.000000 0.000000
vt 0.000000 0.000000
vt 0.000000 0.000000
vt 0.000000 0.000000
vt 0.000000 0.000000
vt 0.000000 0.000000
vt 0.000000 0.000000
vt 0.000000 0.000000
vt 0.000000 0.000000
vt 0.000000 0.000000
vt 0.000000 0.000000
vt 0.000000 0.000000
vt 0.000000 0.000000
vt 0.000000 0.000000
vt 0.000000 0.000000
vt 0.000000 0.000000
vt 0.000000 0.000000
vt 0.000000 0.000000
vt 0.000000 0.000000
vt 0.000000 0.000000
vt 0.000000 0.000000
vt 0.000000 0.000000
vt 0.000000 0.000000
vt 0.000000 0.000000
vt 0.000000 0.000000
vt 0.000000 0.000000
vt 0.000000 0.000000
vt 0.000000 0.000000
vt 0.000000 0.000000
vt 0.000000 0.000000
vt 0.000000 0.000000
vt 0.000000 0.000000
vt 0.000000 0.000000
vt 0.000000 0.000000
vt 0.000000 0.000000
vt 0.000000 0.000000
vt 0.000000 0.000000
vt 0.000000 0.000000
vt 0.000000 0.000000
vt 0.000000 0.000000
vt 0.000000 0.000000
vt 0.000000 0.000000
vt 0.000000 0.000000
vt 0.000000 0.000000
vt 0.000000 0.000000
vt 0.000000 0.000000
vt 0.000000 0.000000
vt 0.000000 0.000000
vt 0.000000 0.000000
vt 0.000000 0.000000
vt 0.000000 0.000000
vt 0.000000 0.000000
vt 0.000000 0.000000
vt 0.000000 0.000000
vt 0.000000 0.000000
vt 0.000000 0.000000
vt 0.000000 0.000000
vt 0.000000 0.000000
vt 0.000000 0.000000
vt 0.000000 0.000000
vt 0.000000 0.000000
vt 0.000000 0.000000
vt 0.000000 0.000000
vt 0.000000 0.000000
vt 0.000000 0.000000
vt 0.000000 0.000000
vt 0.000000 0.000000
vt 0.000000 0.000000
vt 0.000000 0.000000
vt 0.000000 0.000000
vt 0.000000 0.000000
vt 0.000000 0.000000
vt 0.000000 0.000000
vt 0.000000 0.000000
vt 0.000000 0.000000
vt 0.000000 0.000000
vt 0.000000 0.000000
vt 0.000000 0.000000
vt 0.000000 0.000000
vt 0.000000 0.000000
vt 0.000000 0.000000
vt 0.000000 0.000000
vt 0.000000 0.000000
vt 0.000000 0.000000
vt 0.000000 0.000000
vt 0.000000 0.000000
vt 0.000000 0.000000
vt 0.000000 0.000000
vt 0.000000 0.000000
vt 0.000000 0.000000
vt 0.000000 0.000000
vt 0.000000 0.000000
vt 0.000000 0.000000
vt 0.000000 0.000000
vt 0.000000 0.000000
vt 0.000000 0.000000
vt 0.000000 0.000000
vt 0.000000 0.000000
vt 0.000000 0.000000
vt 0.000000 0.000000
vt 0.000000 0.000000
vt 0.000000 0.000000
vt 0.000000 0.000000
vt 0.000000 0.000000
vt 0.000000 0.000000
vt 0.000000 0.000000
vt 0.000000 0.000000
vt 0.000000 0.000000
vt 0.000000 0.000000
vt 0.000000 0.000000
vt 0.000000 0.000000
vt 0.000000 0.000000
vt 0.000000 0.000000
vt 0.000000 0.000000
vt 0.000000 0.000000
vt 0.000000 0.000000
vt 0.000000 0.000000
vt 0.000000 0.000000
vt 0.000000 0.000000
vt 0.000000 0.000000
vt 0.000000 0.000000
vt 0.000000 0.000000
vt 0.000000 0.000000
vt 0.000000 0.000000
vt 0.000000 0.000000
vt 0.000000 0.000000
vt 0.000000 0.000000
vt 0.000000 0.000000
vt 0.000000 0.000000
vt 0.000000 0.000000
vt 0.000000 0.000000
vt 0.000000 0.000000
vt 0.000000 0.000000
vt 0.000000 0.000000
vt 0.000000 0.000000
vt 0.000000 0.000000
vt 0.000000 0.000000
vt 0.000000 0.000000
vt 0.000000 0.000000
vt 0.000000 0.000000
vt 0.000000 0.000000
vt 0.000000 0.000000
vt 0.000000 0.000000
vt 0.000000 0.000000
vt 0.000000 0.000000
vt 0.000000 0.000000
vt 0.000000 0.000000
vt 0.000000 0.000000
vt 0.000000 0.000000
vt 0.000000 0.000000
vt 0.000000 0.000000
vt 0.000000 0.000000
vt 0.000000 0.000000
vt 0.000000 0.000000
vt 0.000000 0.000000
vt 0.000000 0.000000
vt 0.000000 0.000000
vt 0.000000 0.000000
vt 0.000000 0.000000
vt 0.000000 0.000000
vt 0.000000 0.000000
vt 0.000000 0.000000
vt 0.000000 0.000000
vt 0.000000 0.000000
vt 0.000000 0.000000
vt 0.000000 0.000000
vt 0.000000 0.000000
vt 0.000000 0.000000
vt 0.000000 0.000000
vt 0.000000 0.000000
vt 0.000000 0.000000
vt 0.000000 0.000000
vt 0.000000 0.000000
vt 0.000000 0.000000
vt 0.000000 0.000000
vt 0.000000 0.000000
vt 0.000000 0.000000
vt 0.000000 0.000000
vt 0.000000 0.000000
vt 0.000000 0.000000
vt 0.000000 0.000000
vt 0.000000 0.000000
vt 0.000000 0.000000
vt 0.000000 0.000000
vt 0.000000 0.000000
vt 0.000000 0.000000
vt 0.000000 0.000000
vt 0.000000 0.000000
vt 0.000000 0.000000
vt 0.000000 0.000000
vt 0.000000 0.000000
vt 0.000000 0.000000
vt 1.000000 1.000000
vt 0.833333 0.500000
vt 1.000000 0.500000
vt 0.666667 1.000000
vt 0.666667 0.500000
vt 0.500000 0.500000
vt 0.500000 1.000000
vt 0.333333 0.500000
vt 0.042154 0.130000
vt 0.250000 0.010000
vt 0.457846 0.130000
vt 0.333333 1.000000
vt 0.166667 0.500000
vt 0.166667 1.000000
vt -0.000000 0.500000
vt 0.750000 0.010000
vt 0.542154 0.130000
vt 0.542154 0.370000
vt 1.000000 0.500000
vt 0.833333 1.000000
vt 0.833333 0.500000
vt 0.666667 0.500000
vt 0.500000 1.000000
vt 0.500000 0.500000
vt 0.333333 0.500000
vt 0.250000 0.010000
vt 0.457846 0.130000
vt 0.250000 0.490000
vt 0.333333 1.000000
vt 0.166667 0.500000
vt 0.166667 1.000000
vt -0.000000 0.500000
vt 0.750000 0.010000
vt 0.542154 0.130000
vt 0.542154 0.370000
vt 1.000000 1.000000
vt 0.833333 0.500000
vt 1.000000 0.500000
vt 0.833333 1.000000
vt 0.666667 0.500000
vt 0.666667 1.000000
vt 0.500000 0.500000
vt 0.500000 1.000000
vt 0.333333 0.500000
vt 0.250000 0.010000
vt 0.457846 0.130000
vt 0.250000 0.490000
vt 0.166667 1.000000
vt 0.166667 0.500000
vt -0.000000 0.500000
vt 0.750000 0.010000
vt 0.542154 0.130000
vt 0.542154 0.370000
vt 1.000000 1.000000
vt 0.833333 0.500000
vt 1.000000 0.500000
vt 0.833333 1.000000
vt 0.666667 0.500000
vt 0.666667 1.000000
vt 0.500000 0.500000
vt 0.333333 1.000000
vt 0.333333 0.500000
vt 0.042154 0.130000
vt 0.250000 0.010000
vt 0.457846 0.130000
vt 0.166667 0.500000
vt 0.166667 1.000000
vt -0.000000 0.500000
vt 0.542154 0.130000
vt 0.542154 0.370000
vt 0.957846 0.370000
vt 1.000000 1.000000
vt 0.833333 0.500000
vt 1.000000 0.500000
vt 0.666667 1.000000
vt 0.666667 0.500000
vt 0.500000 0.500000
vt 0.333333 1.000000
vt 0.333333 0.500000
vt 0.042154 0.130000
vt 0.250000 0.010000
vt 0.457846 0.130000
vt 0.166667 0.500000
vt 0.166667 1.000000
vt -0.000000 0.500000
vt 0.750000 0.010000
vt 0.542154 0.130000
vt 0.542154 0.370000
vt 1.000000 0.500000
vt 0.833333 1.000000
vt 0.833333 0.500000
vt 0.666667 0.500000
vt 0.666667 1.000000
vt 0.500000 0.500000
vt 0.333333 1.000000
vt 0.333333 0.500000
vt 0.042154 0.130000
vt 0.250000 0.010000
vt 0.457846 0.130000
vt 0.166667 0.500000
vt -0.000000 1.000000
vt -0.000000 0.500000
vt 1.000000 0.500000
vt 0.833333 1.000000
vt 0.833333 0.500000
vt 0.666667 1.000000
vt 0.666667 0.500000
vt 0.500000 0.500000
vt 0.333333 1.000000
vt 0.333333 0.500000
vt 0.042154 0.130000
vt 0.250000 0.010000
vt 0.457846 0.130000
vt 0.166667 0.500000
vt 0.166667 1.000000
vt -0.000000 0.500000
vt 0.542154 0.130000
vt 0.542154 0.370000
vt 0.957846 0.370000
vt 1.000000 1.000000
vt 0.833333 0.500000
vt 1.000000 0.500000
vt 0.833333 1.000000
vt 0.666667 0.500000
vt 0.666667 1.000000
vt 0.500000 0.500000
vt 0.500000 1.000000
vt 0.333333 0.500000
vt 0.042154 0.130000
vt 0.250000 0.010000
vt 0.457846 0.130000
vt 0.333333 1.000000
vt 0.166667 0.500000
vt 0.166667 1.000000
vt -0.000000 0.500000
vt 1.000000 0.500000
vt 0.875000 1.000000
vt 0.875000 0.500000
vt 0.750000 0.500000
vt 0.750000 1.000000
vt 0.625000 0.500000
vt 0.625000 1.000000
vt 0.500000 0.500000
vt 0.500000 1.000000
vt 0.375000 0.500000
vt 0.125000 0.500000
vt 0.125000 1.000000
vt 0.125000 1.000000
vt 0.419706 0.080294
vt 0.490000 0.250000
vt 0.080294 0.080294
vt 0.080294 0.419706
vt 0.080294 0.080294
vt 0.125000 1.000000
vt 0.000000 0.500000
vt 0.125000 0.500000
vt 0.580294 0.080294
vt 0.580294 0.419706
vt 0.990000 0.250000
vt 0.375000 1.000000
vt 0.375000 0.500000
vt 0.580294 0.419706
vt 0.375000 1.000000
vt 0.125000 0.500000
vt 0.375000 0.500000
vt 0.580294 0.080294
vt 0.580294 0.419706
vt 0.080294 0.419706
vt 0.080294 0.080294
vt 0.375000 1.000000
vt 0.833333 1.000000
vt 0.666667 1.000000
vt 1.000000 1.000000
vt 0.833333 1.000000
vt 0.166667 1.000000
vt 0.500000 1.000000
vt -0.000000 1.000000
vt 0.333333 1.000000
vt 0.333333 1.000000
vt 0.166667 1.000000
vt 0.166667 1.000000
vt -0.000000 1.000000
vt 0.666667 1.000000
vt 0.500000 1.000000
vt -0.000000 1.000000
vt -0.000000 1.000000
vt 0.666667 1.000000
vt 0.500000 1.000000
vt 1.000000 1.000000
vt 0.833333 1.000000
vt 0.333333 1.000000
vt 0.333333 1.000000
vt 0.166667 1.000000
vt 0.166667 1.000000
vt 0.833333 1.000000
vt 0.666667 1.000000
vt 0.500000 1.000000
vt 1.000000 1.000000
vt 0.042154 0.130000
vt 0.250000 0.010000
vt 0.457846 0.130000
vt 0.500000 1.000000
vt 1.000000 1.000000
vt 0.833333 1.000000
vt -0.000000 1.000000
vt 0.333333 1.000000
vt 0.666667 1.000000
vt 0.625000 0.000000
vt 0.375000 0.250000
vt 0.375000 0.000000
vt 0.625000 0.250000
vt 0.375000 0.500000
vt 0.625000 0.500000
vt 0.375000 0.750000
vt 0.625000 1.000000
vt 0.375000 1.000000
vt 0.375000 1.000000
vt 0.375000 0.750000
vt 0.875000 0.500000
vt 0.625000 0.750000
vt 0.375000 0.250000
vt 0.375000 0.000000
vt 0.375000 0.000000
vt 0.375000 0.500000
vt 0.375000 0.750000
vt 0.375000 1.000000
vt 0.375000 0.750000
vt 0.375000 1.000000
vt 0.375000 0.250000
vt 0.375000 0.500000
vt 0.125000 0.500000
vt 0.125000 0.750000
vt 0.375000 0.250000
vt 0.375000 0.500000
vt 0.375000 0.000000
vt 0.000000 0.000000
vt 0.000000 0.000000
vt 0.000000 0.000000
vt 0.000000 0.000000
vt 0.000000 0.000000
vt 0.000000 0.000000
vt 0.000000 0.000000
vt 0.000000 0.000000
vt 0.000000 0.000000
vt 0.000000 0.000000
vt 0.000000 0.000000
vt 0.000000 0.000000
vt 0.000000 0.000000
vt 0.000000 0.000000
vt 0.000000 0.000000
vt 0.000000 0.000000
vt 0.000000 0.000000
vt 0.000000 0.000000
vt 0.000000 0.000000
vt 0.000000 0.000000
vt 0.000000 0.000000
vt 0.000000 0.000000
vt 0.000000 0.000000
vt 0.000000 0.000000
vt 0.000000 0.000000
vt 0.000000 0.000000
vt 0.000000 0.000000
vt 0.000000 0.000000
vt 0.000000 0.000000
vt 0.000000 0.000000
vt 0.000000 0.000000
vt 0.000000 0.000000
vt 0.000000 0.000000
vt 0.000000 0.000000
vt 0.000000 0.000000
vt 0.000000 0.000000
vt 0.000000 0.000000
vt 0.000000 0.000000
vt 0.000000 0.000000
vt 0.000000 0.000000
vt 0.000000 0.000000
vt 0.000000 0.000000
vt 0.000000 0.000000
vt 0.000000 0.000000
vt 0.000000 0.000000
vt 0.000000 0.000000
vt 0.000000 0.000000
vt 0.000000 0.000000
vt 0.000000 0.000000
vt 0.000000 0.000000
vt 0.000000 0.000000
vt 0.000000 0.000000
vt 0.000000 0.000000
vt 0.000000 0.000000
vt 0.833333 1.000000
vt 0.457846 0.370000
vt 0.250000 0.490000
vt 0.042154 0.370000
vt -0.000000 1.000000
vt 0.750000 0.490000
vt 0.957846 0.370000
vt 0.957846 0.130000
vt 1.000000 1.000000
vt 0.666667 1.000000
vt 0.457846 0.370000
vt 0.042154 0.370000
vt 0.042154 0.130000
vt -0.000000 1.000000
vt 0.750000 0.490000
vt 0.957846 0.370000
vt 0.957846 0.130000
vt 0.333333 1.000000
vt 0.457846 0.370000
vt 0.042154 0.370000
vt 0.042154 0.130000
vt -0.000000 1.000000
vt 0.750000 0.490000
vt 0.957846 0.370000
vt 0.957846 0.130000
vt 0.500000 1.000000
vt 0.457846 0.370000
vt 0.250000 0.490000
vt 0.042154 0.370000
vt -0.000000 1.000000
vt 0.750000 0.490000
vt 0.957846 0.130000
vt 0.750000 0.010000
vt 0.833333 1.000000
vt 0.500000 1.000000
vt 0.457846 0.370000
vt 0.250000 0.490000
vt 0.042154 0.370000
vt -0.000000 1.000000
vt 0.750000 0.490000
vt 0.957846 0.370000
vt 0.957846 0.130000
vt 1.000000 1.000000
vt 0.500000 1.000000
vt 0.457846 0.370000
vt 0.250000 0.490000
vt 0.042154 0.370000
vt 0.166667 1.000000
vt 1.000000 1.000000
vt 0.500000 1.000000
vt 0.457846 0.370000
vt 0.250000 0.490000
vt 0.042154 0.370000
vt -0.000000 1.000000
vt 0.750000 0.490000
vt 0.957846 0.130000
vt 0.750000 0.010000
vt 0.457846 0.370000
vt 0.250000 0.490000
vt 0.042154 0.370000
vt -0.000000 1.000000
vt 1.000000 1.000000
vt 0.419706 0.419706
vt 0.250000 0.490000
vt 0.250000 0.010000
vt 0.000000 1.000000
vt 0.750000 0.490000
vt 0.919706 0.419706
vt 0.919706 0.080294
vt 0.750000 0.010000
vt 0.580294 0.080294
vt 0.080294 0.419706
vt 1.000000 1.000000
vt 0.457846 0.370000
vt 0.042154 0.370000
vt 0.250000 0.490000
vt 0.875000 0.750000
vn -1.0000 0.0000 0.0000
vn 0.0000 -0.0000 -1.0000
vn 0.8771 -0.4803 0.0000
vn -0.0000 0.0000 1.0000
vn -0.0000 -1.0000 0.0000
vn 0.0000 1.0000 -0.0000
vn 0.0000 0.3827 -0.9239
vn 0.0000 0.9239 -0.3827
vn 0.0000 0.9239 0.3827
vn 0.0000 0.3827 0.9239
vn -0.0000 -0.3827 0.9239
vn -0.0000 -0.9239 0.3827
vn -0.0000 -0.9239 -0.3827
vn 0.0000 -0.3827 -0.9239
vn 1.0000 0.0000 0.0000
vn -0.0000 -0.7748 0.6322
vn -0.0000 -0.7747 0.6324
vn -0.3511 -0.0000 0.9363
vn 0.0000 0.7748 0.6322
vn -0.9144 0.0000 0.4047
vn -0.6325 -0.1125 0.7663
vn 0.0000 0.6830 0.7304
vn -0.0000 -0.7748 -0.6322
vn -0.3511 -0.0000 -0.9363
vn 0.0000 0.7748 -0.6322
vn -0.9144 0.0000 -0.4047
vn -0.6325 -0.1124 -0.7663
vn 0.0000 0.6830 -0.7304
vn 1.0000 -0.0000 0.0013
vn 1.0000 -0.0000 -0.0016
vn 1.0000 0.0001 0.0013
vn 1.0000 -0.0007 0.0007
vn 1.0000 -0.0008 -0.0009
vn 1.0000 0.0004 -0.0003
vn -1.0000 0.0007 -0.0014
vn -1.0000 0.0009 0.0017
vn -1.0000 0.0002 -0.0023
vn 1.0000 -0.0001 -0.0013
vn 1.0000 -0.0001 0.0016
vn 1.0000 -0.0002 -0.0013
vn 1.0000 -0.0007 0.0000
vn 1.0000 -0.0009 -0.0000
vn 1.0000 -0.0001 -0.0009
vn 1.0000 0.0001 -0.0013
vn 1.0000 -0.0009 -0.0009
vn 1.0000 -0.0000 -0.0001
vn -1.0000 0.0002 0.0000
vn 1.0000 -0.0007 0.0014
vn 1.0000 -0.0008 -0.0017
vn 1.0000 -0.0001 0.0005
vn -1.0000 0.0007 0.0000
vn -1.0000 0.0009 -0.0000
vn -1.0000 0.0001 -0.0010
vn -0.6621 -0.7495 0.0000
vn -0.6621 0.7495 0.0000
vn 0.8327 -0.5537 0.0000
vn -0.8327 0.5537 0.0000
vn 0.8327 0.5538 0.0000
vn 0.8327 0.5537 0.0000
vn -0.8327 -0.5537 0.0000
vn -0.0015 -1.0000 0.0000
vn -0.0013 -1.0000 0.0000
vn -0.0023 -1.0000 -0.0000
vn -0.0014 -1.0000 -0.0000
vn -0.0003 1.0000 -0.0077
vn 0.0001 1.0000 -0.0088
vn -0.0002 1.0000 -0.0042
vn 0.0123 0.9999 -0.0000
vn 0.0000 1.0000 -0.0032
vn 0.0000 0.5228 0.8525
vn -0.3341 0.5000 -0.7990
vn 0.3341 0.5000 0.7990
vn 0.3341 -0.5000 0.7990
vn -0.9223 0.0000 0.3864
vn -0.3341 -0.5000 -0.7990
vn 0.9223 -0.0000 -0.3864
vn -0.7753 0.6315 0.0000
vn 0.0000 0.5448 -0.8385
vn 0.7753 0.6315 0.0000
vn -0.9411 -0.3267 0.0875
vn -0.2755 0.9580 0.0800
vn 0.2710 -0.9298 0.2492
vn 0.2705 -0.9297 0.2500
vn 0.2703 -0.9296 0.2504
vn -0.2703 -0.9296 0.2504
vn -0.0000 -0.9656 0.2600
vn -0.6831 0.7302 0.0112
vn 0.0000 0.9999 0.0153
vn -0.9290 0.3339 -0.1599
vn -0.9290 0.3336 -0.1600
vn -0.9290 0.3338 -0.1599
vn -0.0000 0.5451 0.8384
vn -0.0000 -0.9955 -0.0951
vn -0.0000 0.6153 0.7883
vn 0.0000 0.9454 -0.3258
vn 0.0000 0.8168 0.5769
vn -0.0000 -0.7823 0.6229
vn -0.0000 -0.9951 -0.0990
vn -0.0000 -0.7760 0.6307
vn 0.0000 0.0684 0.9977
vn -0.0000 0.0572 0.9984
vn 1.0000 -0.0060 0.0021
vn 1.0000 -0.0047 0.0017
vn 1.0000 -0.0059 0.0021
vn -1.0000 0.0012 -0.0004
vn -1.0000 -0.0078 0.0027
vn 0.6345 -0.7287 0.2576
vn -0.6456 -0.7200 0.2546
vn 0.0000 0.9428 -0.3333
vn 1.0000 -0.0045 0.0016
vn 0.0010 -0.9428 0.3333
vn -1.0000 -0.0087 0.0031
vn -1.0000 -0.0000 0.0004
vn 0.9290 -0.3336 0.1600
vn 0.9290 0.3338 -0.1599
vn 0.9290 0.3336 -0.1600
vn 0.9290 0.3339 -0.1599
vn -0.0000 -0.4619 -0.8870
vn 0.0000 0.4619 0.8870
vn 0.0000 0.8870 -0.4619
vn 0.7098 0.3253 0.6248
vn -0.0000 -0.8870 0.4619
vn -0.9042 0.1972 0.3788
vn -0.7379 -0.2206 0.6379
vn -0.7379 0.6491 0.1851
vn 0.4570 -0.2907 0.8407
vn 0.4570 0.8554 0.2439
vn 0.0000 0.9617 0.2742
vn -0.0000 -0.3268 0.9451
vn 0.0000 0.5000 -0.8660
vn 0.0000 0.5000 0.8660
vn -0.0000 -0.5000 0.8660
vn -0.0000 -0.5000 -0.8660
vn -0.0600 -0.4971 0.8656
vn -0.0601 -0.4984 0.8648
vn -0.0601 -0.4991 0.8645
vn 0.1191 0.9929 0.0000
vn -0.1199 -0.9928 0.0000
vn 0.0598 0.4971 -0.8656
vn 0.0599 0.4984 -0.8649
vn 0.0598 0.4964 -0.8660
vn 0.0598 0.4971 0.8657
vn 0.0599 0.4985 0.8648
vn 0.0599 0.4991 0.8645
vn -0.0600 -0.4970 -0.8656
vn -0.0601 -0.4985 -0.8648
vn -0.0600 -0.4964 -0.8660
vn 1.0000 0.0000 0.0005
vn 1.0000 -0.0000 -0.0003
vn -0.0000 0.7579 0.6524
vn 0.0000 -0.7579 0.6524
vn -1.0000 -0.0000 0.0003
vn -1.0000 -0.0000 0.0009
vn -1.0000 -0.0000 -0.0005
vn -1.0000 0.0000 0.0005
vn 1.0000 0.0000 0.0008
vn 1.0000 0.0000 -0.0005
vn 1.0000 0.0000 0.0009
vn -1.0000 -0.0000 -0.0003
vn 0.0000 0.7579 -0.6524
vn -0.0000 -0.7579 -0.6524
vn 0.0000 1.0000 0.0001
vn 0.0000 1.0000 -0.0001
vn -1.0000 0.0000 -0.0006
vn 1.0000 -0.0000 0.0006
vn -1.0000 0.0001 0.0000
vn 1.0000 0.0004 0.0000
vn 1.0000 0.0002 0.0000
vn -0.0000 -0.6466 -0.7628
vn 0.0000 -0.6466 0.7628
vn 1.0000 -0.0000 0.0003
vn 1.0000 -0.0001 0.0000
vn -1.0000 -0.0003 0.0000
vn -1.0000 -0.0001 0.0000
vn 1.0000 0.0001 0.0000
vn -0.0000 -0.0001 -1.0000
vn 0.0000 0.6260 -0.7798
vn 0.0000 0.6260 0.7798
vn 1.0000 -0.0000 -0.0006
vn -1.0000 -0.0002 0.0000
vn 1.0000 -0.0004 0.0000
vn 1.0000 -0.0002 0.0000
vn -1.0000 0.0003 0.0000
vn 1.0000 0.0003 0.0000
vn -1.0000 -0.0004 0.0000
vn -0.0000 0.0001 1.0000
vn -0.0000 -0.6889 -0.7248
vn 0.0000 0.1926 0.9813
vn -0.0000 -0.8540 0.5202
vn 0.0000 0.8807 0.4736
vn 0.0000 0.6970 0.7171
vn -0.0000 -0.2795 0.9602
vn -0.0000 -0.6970 0.7171
vn -0.0000 -0.5732 0.8194
vn 0.0000 0.6889 -0.7248
vn 0.0000 0.5117 0.8592
vn 0.0000 0.6577 -0.7533
vn -0.0000 -0.1305 -0.9914
vn -0.0000 -0.7089 -0.7053
vn 0.0000 0.0472 -0.9989
vn 0.0000 0.8545 -0.5195
vn -0.0000 -0.8763 -0.4818
vn -0.0000 -1.0000 -0.0017
vn 0.5000 0.6640 -0.5560
vn -0.5000 -0.6471 -0.5756
vn -0.5001 -0.6470 -0.5756
vn -0.5000 0.6471 0.5756
vn -0.5000 -0.6640 0.5560
vn 0.5000 -0.6470 -0.5756
vn 0.5001 -0.6470 -0.5756
vn 0.5000 0.6471 0.5756
vn -0.5000 0.6640 -0.5560
vn 0.5000 -0.6471 -0.5756
vn 0.5000 -0.6640 0.5560
vn 0.5000 0.6470 0.5756
vn -0.5000 -0.6470 -0.5756
vn 1.0000 0.0001 0.0001
vn 1.0000 0.0002 0.0002
vn 0.4999 -0.6470 -0.5757
vn 0.5000 -0.6470 -0.5757
vn 0.4999 -0.6471 -0.5757
vn 1.0000 0.0002 0.0001
vn 1.0000 0.0003 0.0002
vn -0.0000 -0.6889 0.7248
vn 0.0000 0.1926 -0.9813
vn -0.0000 -0.8540 -0.5202
vn 0.0000 0.8807 -0.4736
vn 0.0000 0.6970 -0.7171
vn -0.0000 -0.2795 -0.9602
vn -0.0000 -0.6970 -0.7171
vn -0.0000 -0.5732 -0.8194
vn 0.0000 0.6889 0.7248
vn 0.0000 0.5117 -0.8592
vn 0.0000 0.6577 0.7533
vn -0.0000 -0.1305 0.9914
vn -0.0000 -0.7089 0.7053
vn -0.0000 0.0472 0.9989
vn 0.0000 0.8545 0.5195
vn -0.0000 -0.8763 0.4818
vn -0.0000 -1.0000 0.0017
vn 0.5000 0.6640 0.5560
vn -0.5000 -0.6471 0.5756
vn -0.5000 -0.6470 0.5756
vn -0.5000 0.6471 -0.5756
vn -0.5000 -0.6640 -0.5560
vn 0.5000 -0.6470 0.5756
vn 0.5000 -0.6471 0.5756
vn 0.5000 0.6471 -0.5756
vn -0.5000 0.6640 0.5560
vn 0.5000 -0.6640 -0.5560
vn 1.0000 0.0003 -0.0002
vn 1.0000 0.0001 -0.0001
vn 0.5000 -0.6470 0.5757
vn 0.5000 0.6470 -0.5756
vn -0.5000 0.6470 -0.5756
vn 0.4998 -0.6469 0.5759
vn 1.0000 0.0002 -0.0002
vn 1.0000 -0.0000 0.0007
vn -1.0000 0.0000 0.0008
vn 1.0000 0.0000 -0.0007
vn 1.0000 0.0000 -0.0008
vn -1.0000 0.0000 -0.0009
vn -1.0000 -0.0000 -0.0007
vn -1.0000 -0.0000 0.0007
vn -1.0000 -0.0005 0.0000
vn 1.0000 0.0005 0.0000
vn 1.0000 -0.0003 -0.0000
vn 1.0000 0.0001 -0.0003
vn -1.0000 0.0006 0.0000
vn 1.0000 0.0006 0.0000
vn -1.0000 -0.0006 0.0000
vn -0.0000 -0.2794 0.9602
vn -0.5001 -0.6469 -0.5756
vn -0.5000 -0.6470 -0.5757
vn -0.4998 -0.6469 -0.5759
vn -0.5000 0.6470 0.5756
vn -0.0000 -0.2794 -0.9602
vn -0.5001 -0.6470 0.5756
vn 0.5001 -0.6470 0.5756
vn -0.4999 -0.6471 0.5756
vn 0.4999 -0.6470 0.5757
vn 0.4999 -0.6471 0.5756
vn -0.0600 -0.4964 0.8660
vn -0.0000 -0.5032 0.8642
vn -0.0000 -0.5032 -0.8642
vn 0.0599 0.4991 -0.8645
vn 0.0598 0.4964 0.8660
vn -0.0601 -0.4991 -0.8645
vn 0.7071 0.7071 -0.0000
vn 0.7071 -0.7071 0.0000
vn 0.1994 -0.0000 -0.9799
vn -0.6880 0.7257 -0.0000
vn -0.0000 -0.3292 0.9443
vn -0.0110 0.9999 0.0001
vn 0.0003 1.0000 -0.0001
vn 0.1994 0.0000 0.9799
vn -0.0000 -0.3292 -0.9443
vn -0.0110 0.9999 -0.0001
vn 0.0003 1.0000 0.0001
vn -0.0110 0.9999 0.0000
vn -0.0000 -0.7749 0.6321
vn -0.0000 -0.7748 0.6323
vn -0.0000 -0.7751 0.6318
vn -0.0000 -0.7744 0.6327
vn 0.0000 -0.7747 0.6323
vn -0.0000 -0.7750 0.6320
vn -0.0000 -0.7744 0.6326
vn -0.0000 -0.7750 0.6319
vn -0.0000 -0.7749 -0.6321
vn -0.0000 -0.7750 -0.6319
vn -0.0000 -0.7747 -0.6323
vn -0.0000 -0.7748 -0.6323
vn -0.0000 -0.7747 -0.6324
vn 1.0000 0.0001 -0.0012
vn 1.0000 -0.0006 -0.0016
vn 1.0000 -0.0001 0.0004
vn 1.0000 -0.0012 0.0016
vn -1.0000 0.0013 -0.0013
vn -1.0000 0.0002 0.0022
vn -1.0000 0.0013 0.0013
vn 1.0000 -0.0006 -0.0000
vn 1.0000 0.0000 0.0012
vn 1.0000 -0.0012 -0.0013
vn 1.0000 -0.0003 0.0009
vn 1.0000 -0.0014 0.0013
vn 1.0000 0.0001 0.0012
vn 1.0000 -0.0001 0.0002
vn 1.0000 -0.0012 0.0013
vn 1.0000 -0.0013 -0.0013
vn 1.0000 -0.0001 -0.0004
vn 1.0000 -0.0013 0.0013
vn -1.0000 0.0012 -0.0014
vn -1.0000 0.0003 0.0010
vn -1.0000 0.0015 0.0014
vn 0.0000 0.9999 -0.0124
vn -0.9290 -0.3336 0.1600
vn 0.6832 0.7301 0.0112
vn -0.3401 0.9288 -0.1470
vn 0.2711 -0.9298 0.2489
vn -0.2711 -0.9298 0.2489
vn 0.2755 0.9580 0.0800
vn 0.3401 0.9288 -0.1470
vn -0.9200 0.3870 -0.0613
vn -0.9289 0.3340 -0.1598
vn 0.9411 -0.3267 0.0875
vn 0.9289 0.3340 -0.1598
vn 0.9200 0.3870 -0.0613
vn 0.9916 -0.1290 0.0000
vn 0.0000 0.5032 0.8642
vn 0.0000 0.5032 -0.8642
vn 0.6819 -0.7315 0.0000
vn 0.6819 0.7314 0.0000
vn 0.1700 -0.9854 0.0000
vn 0.6595 0.7517 0.0000
vn 0.0622 -0.9968 0.0495
vn 0.9854 0.1700 0.0000
vn -0.9854 -0.1700 0.0000
vn -0.7278 0.6858 0.0000
vn -0.0035 -1.0000 0.0000
vn 0.9745 -0.2244 0.0000
vn -0.1110 0.6026 0.7903
vn -0.9574 -0.2889 0.0000
vn 0.6045 -0.7966 0.0000
vn 0.5950 -0.8038 0.0000
vn 0.5949 -0.8038 0.0000
vn 0.9980 -0.0627 0.0000
vn 0.5949 0.8038 -0.0000
vn 0.8784 -0.4779 0.0000
vn -0.1367 -0.9906 0.0000
vn -0.5992 -0.8006 0.0000
vn -0.1110 0.6026 -0.7903
vn -0.9785 -0.2063 0.0000
vn -0.9574 -0.2888 0.0000
vn 0.0238 -0.9997 -0.0037
vn 0.7404 0.6722 -0.0000
vn -0.7404 0.6722 0.0000
vn -1.0000 0.0028 0.0000
vn 0.1632 -0.9866 0.0000
vn 0.0005 0.0005 -1.0000
vn 0.0005 0.0001 -1.0000
vn -0.6752 -0.7376 0.0000
vn 0.0005 0.0002 -1.0000
vn 0.0005 -0.0001 -1.0000
vn 0.0005 -0.0005 -1.0000
vn -0.6752 0.7376 0.0000
vn 0.9645 0.2640 -0.0000
vn -0.9773 -0.2118 0.0000
vn 0.7359 0.6771 -0.0000
vn 0.7772 0.6293 0.0000
vn -0.6889 -0.7248 0.0000
vn -0.3665 -0.9304 0.0000
vn 0.3415 -0.9399 0.0000
vn -0.1084 -0.6873 0.7182
vn -0.1690 -0.9856 0.0000
vn -0.1158 -0.6753 0.7284
vn -0.6313 -0.1041 0.7685
vn -0.4619 -0.5137 0.7230
vn -0.1084 -0.6873 -0.7182
vn -0.1158 -0.6753 -0.7284
vn -0.6313 -0.1041 -0.7685
vn -0.4619 -0.5137 -0.7230
vn 0.6683 -0.7439 0.0000
vn 0.6104 0.7921 0.0000
vn 0.9742 0.2255 -0.0000
vn 0.9765 -0.2154 0.0000
vn -0.9014 -0.4330 0.0000
vn -0.6010 0.0448 0.7980
vn -0.6082 -0.0272 -0.7933
vn -0.4404 0.4415 -0.7817
vn -0.4404 0.4415 0.7817
vn -0.6016 0.0000 0.7988
vn -0.6016 -0.0000 -0.7988
vn -0.0503 0.9987 -0.0000
vn -0.6294 -0.7771 0.0000
vn -0.7879 0.6158 -0.0000
vn -0.9885 0.1513 0.0000
vn -0.9476 -0.3196 0.0000
vn -0.4353 0.9003 0.0000
vn 0.4972 -0.8676 0.0000
vn -0.4353 -0.9003 0.0000
vn 0.4972 0.8676 0.0000
vn 0.8202 -0.5721 0.0000
vn -0.8202 -0.5721 0.0000
vn -0.4800 -0.8773 0.0000
vn -0.4800 0.8773 0.0000
vn 0.0000 -0.7660 0.6429
vn 0.0000 -0.7660 0.6428
vn -0.0001 0.7666 0.6422
vn -0.0001 0.7665 0.6422
vn -0.0001 0.7666 0.6421
vn 0.7062 -0.0000 0.7080
vn 0.3831 -0.6685 0.6374
vn 0.3019 0.6524 0.6951
vn -0.7062 0.0000 0.7080
vn -0.2629 0.6738 0.6906
vn -0.3385 -0.7000 0.6288
vn -0.0001 -0.7656 0.6433
vn -0.0000 -0.7654 0.6435
vn -0.0000 0.7662 0.6426
vn 0.0001 0.7665 0.6423
vn 0.0000 0.7659 0.6430
vn -0.7214 -0.0001 0.6925
vn -0.7213 -0.0000 0.6926
vn 0.7221 0.0000 0.6918
vn 0.7221 -0.0001 0.6918
vn 0.7222 -0.0000 0.6917
vn 0.0000 -0.7257 0.6880
vn 0.6171 -0.2901 0.7315
vn -0.6158 -0.4295 0.6606
vn 0.7218 -0.0003 0.6921
vn 0.7217 -0.0006 0.6922
vn 0.7211 0.0000 0.6928
vn 0.7219 -0.0005 0.6920
vn -0.7298 0.0000 0.6837
vn -0.0000 0.8951 0.4459
vn -0.0000 0.8949 0.4462
vn -0.0001 0.8952 0.4456
vn -0.0001 -0.8928 0.4504
vn -0.0000 -0.8927 0.4507
vn -0.9050 0.0000 0.4255
vn -0.4414 0.8029 0.4007
vn -0.4396 0.8034 0.4017
vn -0.4418 0.8028 0.4004
vn -0.4402 -0.8014 0.4048
vn -0.4387 -0.8018 0.4057
vn -0.4387 -0.8018 0.4058
vn 0.0000 0.8282 -0.5605
vn -0.0000 -0.8282 -0.5605
vn 0.9065 0.4222 0.0000
vn 0.9949 0.1011 0.0000
vn 0.6402 0.7682 0.0000
vn -0.0000 -1.0000 0.0010
vn -0.0000 -0.0676 0.9977
vn -0.0000 -1.0000 -0.0010
vn -0.0000 -0.0676 -0.9977
vn -0.0000 -0.1549 0.9879
vn 0.0000 0.9902 0.1397
vn 0.0000 0.1549 -0.9879
vn -0.7071 -0.7002 -0.0988
vn -0.7071 0.7002 0.0988
vn 0.7071 -0.7002 -0.0988
vn 0.7071 0.7002 0.0988
vn -0.0000 -0.9902 -0.1397
vn -0.0000 0.1352 -0.9908
vn 0.0000 -0.1352 0.9908
vn 0.6239 -0.7743 -0.1057
vn -0.0000 0.9908 0.1352
vn -0.0000 -0.9908 -0.1352
vn -0.6239 -0.7743 -0.1057
vn -0.0000 0.9707 0.2403
vn 0.0000 -0.9707 -0.2403
vn -0.0000 -0.9707 -0.2404
vn 0.0000 0.0138 -0.9999
vn 0.0000 0.8728 -0.4880
vn 0.0000 0.8591 0.5119
vn -0.0000 -0.0138 0.9999
vn -0.0000 -0.8728 0.4880
vn -0.0000 -0.8591 -0.5119
vn 0.1689 -0.3772 0.9106
vn 0.1689 0.9106 0.3772
vn 0.1689 0.3772 -0.9106
vn 0.1689 -0.3772 -0.9106
vn 0.1689 -0.9106 0.3772
vn 0.1689 0.3772 0.9106
vn 0.1689 0.9106 -0.3772
vn 0.1689 -0.9106 -0.3772
vn -0.6945 -0.7195 -0.0000
vn -0.5266 -0.8501 -0.0000
vn -0.7071 -0.7071 0.0000
vn 0.9980 0.0627 -0.0000
vn 0.6370 0.7709 0.0000
vn -0.6563 0.7545 -0.0000
vn -0.0086 -1.0000 0.0000
vn -0.9870 -0.1604 0.0000
vn -0.6092 -0.7930 0.0000
vn 0.2931 -0.9561 0.0000
vn 0.8742 -0.4856 -0.0000
vn 0.8742 -0.4857 -0.0000
vn 0.5314 0.8361 0.1363
vn 0.5314 0.8361 0.1362
vn 0.0000 -0.2254 0.9743
vn 0.0000 0.2210 -0.9753
vn 0.7988 -0.6015 0.0000
vn 0.0000 0.1931 -0.9812
vn -0.7769 0.6296 0.0000
vn -0.7988 0.6015 -0.0000
vn 0.0000 -0.1931 0.9812
vn -0.7537 0.6572 0.0000
vn 0.0000 0.9870 0.1608
vn -0.5032 0.8529 0.1390
vn 0.6932 -0.7207 -0.0000
vn -0.6932 -0.7207 -0.0000
vn 0.5314 0.8361 -0.1363
vn -0.0000 -0.2254 -0.9743
vn 0.0000 0.2210 0.9753
vn 0.0000 0.1931 0.9812
vn -0.0000 -0.1931 -0.9812
vn 0.0000 0.9870 -0.1608
vn -0.5032 0.8529 -0.1390
vn -0.0000 -0.8660 -0.5000
vn -0.0000 -0.8660 0.5000
vn 0.0000 0.8660 0.5000
vn 0.0000 0.8660 -0.5000
vn -0.7499 0.6530 0.1064
vn -0.7499 0.6530 -0.1064
vn 0.6933 -0.7207 -0.0000
vn -1.0000 0.0001 0.0002
vn -1.0000 0.0001 -0.0002
vn 1.0000 0.0002 -0.0003
vn -1.0000 -0.0001 -0.0002
vn 1.0000 -0.0002 -0.0003
vn 1.0000 0.0002 0.0003
vn 1.0000 0.0001 0.0003
vn 1.0000 -0.0002 0.0003
vn -1.0000 -0.0001 0.0002
vn -1.0000 0.0004 0.0000
vn -1.0000 0.0002 0.0004
vn -1.0000 -0.0002 -0.0004
vn 1.0000 -0.0001 -0.0002
vn 1.0000 0.0001 -0.0002
vn 1.0000 0.0001 0.0002
vn -1.0000 0.0002 -0.0004
vn -1.0000 -0.0002 0.0004
vn 1.0000 0.0002 0.0004
vn 1.0000 -0.0001 0.0001
vn -1.0000 -0.0003 -0.0004
vn 1.0000 -0.0001 -0.0001
vn -0.6090 -0.7932 0.0000
vn -0.6090 0.7932 -0.0000
vn 0.6090 0.0000 0.7932
vn 0.6090 0.7932 -0.0000
vn 0.6090 -0.7932 0.0000
vn -0.6090 -0.0000 0.7932
vn 0.0000 0.8661 0.4999
vn -0.0001 0.8661 0.4999
vn 0.0000 -0.8661 0.4999
vn -0.0001 -0.8661 0.4999
vn 0.0001 -0.8661 -0.4999
vn -0.0001 -0.8661 -0.4999
vn 0.0001 0.8661 -0.4999
vn -0.0001 0.8661 -0.4999
vn -0.6090 -0.0000 -0.7932
vn 0.6090 -0.0000 -0.7932
vn 0.5000 0.8660 0.0000
vn 0.5000 -0.8660 0.0000
vn -0.5000 -0.8660 0.0000
vn -0.5000 0.8660 0.0000
vn -0.3827 0.0000 -0.9239
vn -0.9239 0.0000 -0.3827
vn -0.9239 0.0000 0.3827
vn -0.3827 0.0000 0.9239
vn 0.0187 0.0000 0.9998
vn 0.0187 0.0000 -0.9998
vn 0.0001 1.0000 0.0000
vn 0.0001 1.0000 0.0001
vn 0.9998 0.0000 -0.0208
vn 0.9239 -0.0000 -0.3827
vn 0.3827 0.0000 0.9239
vn 0.3827 0.0000 -0.9239
vn 0.9239 -0.0000 0.3827
vn 0.0001 1.0000 -0.0001
vn -0.0001 1.0000 -0.0000
vn 0.9998 -0.0000 0.0208
vn 0.0000 -0.0187 0.9998
vn 0.0000 -0.0187 -0.9998
vn 0.0000 -0.9998 -0.0208
vn 1.0000 0.0000 0.0001
vn 0.0000 -0.9998 0.0208
vn 0.0243 0.9997 0.0000
vn 0.8548 0.5190 0.0000
vn -0.7644 -0.6447 0.0000
vn -0.7644 -0.6448 0.0000
vn 0.0996 -0.9950 0.0000
vn -0.9990 0.0452 0.0000
vn -0.4275 0.9040 -0.0000
vn 0.4275 0.9040 0.0000
vn -0.5673 0.2027 0.7982
vn -0.5572 0.2317 0.7974
vn -0.5592 0.2317 0.7960
vn -0.5600 0.2318 0.7954
vn -0.8681 0.3593 0.3424
vn 0.3916 -0.9201 0.0000
vn -0.5673 0.2027 -0.7982
vn -0.5573 0.2317 -0.7974
vn -0.5592 0.2317 -0.7960
vn -0.5564 0.2316 -0.7980
vn -0.8681 0.3593 -0.3424
vn -0.5564 0.2316 0.7980
vn -0.5600 0.2318 -0.7954
vn -0.1267 0.7345 0.6667
vn -0.1267 0.7345 -0.6667
vn -0.0174 -0.0031 -0.9998
vn -0.0129 -0.0045 -0.9999
vn -0.0168 -0.0033 -0.9999
vn -0.0122 -0.0048 -0.9999
vn -0.0092 -0.0048 -0.9999
vn -0.0084 -0.0043 -1.0000
vn -0.0075 -0.0039 -1.0000
vn 0.0084 0.0043 1.0000
vn 0.0075 0.0039 1.0000
vn 0.0092 0.0048 0.9999
vn 0.0122 0.0048 0.9999
vn 0.0128 0.0045 0.9999
vn 0.0168 0.0033 0.9999
vn 0.0174 0.0031 0.9998
vn 0.0005 -0.0002 -1.0000
vn -0.6061 -0.1314 0.7845
vn -0.4896 -0.5151 0.7036
vn 0.0000 0.0001 -1.0000
vn -0.6061 -0.1314 -0.7845
vn -0.4896 -0.5151 -0.7036
vn -0.6082 -0.0272 0.7933
vn -0.6010 0.0448 -0.7980
vn -0.0000 -0.7657 0.6432
vn 0.0000 0.7663 0.6425
vn 0.3015 -0.6525 0.6952
vn 0.3830 0.6683 0.6377
vn -0.3388 0.7007 0.6279
vn -0.2626 -0.6731 0.6914
vn 0.6152 -0.4291 0.6613
vn -0.6177 -0.2893 0.7313
vn 0.0000 0.8949 0.4463
vn -0.4395 0.8034 0.4018
vn -0.4406 -0.8014 0.4046
vn 0.7594 -0.6506 0.0000
vn -0.6987 0.7154 -0.0000
vn 0.6987 0.7154 0.0000
vn -0.7594 -0.6506 0.0000
vn 0.0000 0.7847 0.6199
vn -0.0000 -0.7519 -0.6592
vn 0.7528 -0.6582 0.0038
vn -0.7528 -0.6582 0.0038
vn 0.0000 -1.0000 0.0057
vn -0.9239 0.3827 -0.0000
vn -0.7914 0.6113 0.0000
vn 0.3827 0.9239 0.0000
vn 0.9239 0.3827 0.0000
vn 0.9239 -0.3827 0.0000
vn 0.3827 -0.9239 0.0000
vn -0.3827 -0.9239 0.0000
vn -0.9239 -0.3827 0.0000
vn -0.3827 0.9239 0.0000
vn 0.7914 0.6113 0.0000
vn -0.6550 -0.7557 -0.0000
vn -0.6550 0.7557 0.0000
vn -0.5057 0.0000 -0.8627
vn 0.5057 -0.0000 -0.8627
vn 0.6550 0.7557 0.0000
vn 0.6550 -0.7557 0.0000
vn 0.6365 0.7713 0.0000
vn 0.6364 0.7713 0.0000
vn 0.0007 1.0000 -0.0000
vn 0.0013 1.0000 -0.0000
vn 0.0014 1.0000 -0.0004
vn 0.7243 -0.0000 0.6895
vn -0.7243 -0.0000 0.6895
vn -0.0002 1.0000 0.0002
vn 0.9324 0.0000 -0.3615
vn 0.9323 0.0000 -0.3617
vn 0.9339 0.0000 -0.3576
vn 0.9338 0.0000 -0.3578
vn 0.3189 -0.0002 -0.9478
vn 0.3188 -0.0001 -0.9478
vn 0.3187 -0.0000 -0.9478
vn 0.0017 1.0000 -0.0002
vn 0.0022 1.0000 0.0000
vn 0.0013 1.0000 0.0008
vn 0.6364 -0.7713 0.0000
vn 0.0017 1.0000 0.0002
vn 0.0022 1.0000 0.0002
vn 0.7243 0.0000 -0.6895
vn -0.7243 -0.0000 -0.6895
vn -0.0002 1.0000 -0.0002
vn 0.0014 1.0000 0.0004
vn -0.0024 -1.0000 -0.0004
vn 0.0024 -1.0000 -0.0013
vn 0.9323 -0.0000 0.3617
vn 0.9324 -0.0000 0.3615
vn 0.9338 -0.0000 0.3578
vn 0.9339 0.0000 0.3576
vn 0.3188 -0.0001 0.9478
vn 0.3189 -0.0002 0.9478
vn 0.3187 0.0000 0.9478
vn 0.1848 -0.0130 -0.9827
vn 0.0006 1.0000 -0.0008
vn 0.0010 1.0000 -0.0009
vn 0.0005 1.0000 -0.0006
vn -0.0028 -1.0000 0.0030
vn -0.0000 -1.0000 0.0001
vn -0.0022 -1.0000 0.0022
vn 0.7853 0.0000 0.6191
vn 0.7853 0.0000 -0.6191
vn 0.6365 -0.7713 0.0000
vn 0.0022 1.0000 -0.0002
vn 0.0013 1.0000 -0.0004
vn 0.3190 -0.0003 -0.9478
vn 0.0013 1.0000 -0.0008
vn 0.3190 -0.0003 0.9478
vn 0.1890 -0.0000 -0.9820
vn -0.0036 -1.0000 0.0034
vn -0.9998 -0.0195 0.0000
vn 0.6607 -0.7506 0.0000
vn 0.3365 -0.9417 0.0000
vn -0.3304 0.9439 -0.0000
vn -0.6075 0.7943 0.0000
vn -0.3121 0.9500 0.0000
vn -0.6579 0.7531 0.0000
vn -0.0028 1.0000 0.0000
vn -0.3303 0.9439 0.0000
vn 0.9961 0.0829 0.0306
vn 0.9963 0.0827 0.0251
vn 0.9960 0.0827 0.0333
vn 0.9974 0.0720 0.0000
vn 0.9960 0.0880 -0.0176
vn 0.9960 0.0860 -0.0226
vn 0.9959 0.0885 -0.0188
vn 0.9961 0.0829 -0.0306
vn 0.9963 0.0827 -0.0251
vn 0.9963 0.0812 -0.0287
vn 0.9963 0.0815 0.0262
vn 0.9963 0.0812 0.0287
vn -0.0775 0.9147 0.3967
vn 0.0027 -0.0321 0.9995
vn 0.0844 -0.9964 0.0000
vn -0.0204 0.2410 -0.9703
vn 0.0027 -0.0321 -0.9995
vn 0.9948 0.1018 0.0028
vn 0.9947 0.1024 0.0030
vn 0.9948 0.1015 0.0027
vn 0.9974 0.0721 0.0000
vn 0.9960 0.0880 0.0176
vn 0.9960 0.0860 0.0226
vn 0.9963 0.0815 -0.0262
vn 0.9947 0.1028 -0.0031
vn -0.9964 -0.0847 0.0000
vn -0.9963 -0.0857 -0.0019
vn -0.9965 -0.0838 0.0000
vn -0.9963 -0.0857 0.0019
vn -0.0204 0.2410 0.9703
vn 0.0130 -0.1532 -0.9881
vn -0.0775 0.9147 -0.3967
vn 0.0130 -0.1532 0.9881
vn 0.9960 0.0827 -0.0334
vn 0.9947 0.1027 0.0031
vn 0.9959 0.0885 0.0188
vn 0.9948 0.1014 -0.0027
vn -0.9962 -0.0873 0.0000
vn -0.8181 0.5750 0.0000
vn 0.8181 0.5750 0.0000
vn 0.8181 -0.5750 0.0000
vn -0.8181 -0.5750 0.0000
vn 0.2110 0.3654 0.9066
vn -0.2110 0.3654 0.9066
vn -0.2110 -0.3654 0.9066
vn 0.4219 -0.0000 0.9066
vn -0.4219 0.0000 0.9066
vn 0.2110 -0.3654 0.9066
vn 0.0018 1.0000 0.0018
vn 0.0026 1.0000 -0.0000
vn -0.0026 1.0000 0.0009
vn -0.0018 1.0000 0.0018
vn -0.0026 1.0000 -0.0009
vn 0.0009 -1.0000 -0.0026
vn 0.0010 -1.0000 -0.0025
vn -0.0009 -1.0000 -0.0026
vn 0.0010 1.0000 -0.0026
vn 0.0011 1.0000 -0.0025
vn 0.0026 1.0000 -0.0012
vn -0.0018 -1.0000 -0.0018
vn -0.0026 -1.0000 -0.0000
vn 0.0018 -1.0000 0.0018
vn -0.0000 -1.0000 0.0026
vn -0.0018 -1.0000 0.0018
vn -0.0018 1.0000 -0.0018
vn 0.0009 1.0000 0.0026
vn -0.0010 1.0000 0.0026
vn 0.0027 -1.0000 -0.0012
vn 0.0026 -1.0000 -0.0000
vn -0.0010 1.0000 -0.0026
vn 0.4683 -0.0000 -0.8835
vn -0.4683 0.0000 -0.8835
vn 0.2342 -0.4056 -0.8836
vn 0.2342 -0.4056 -0.8835
vn 0.2342 0.4056 -0.8836
vn -0.2342 0.4056 -0.8836
vn -0.2342 0.4056 -0.8835
vn -0.2342 -0.4056 -0.8835
vn 0.4683 -0.0000 -0.8836
vn -0.2342 -0.4056 -0.8836
vn -0.6742 0.7386 0.0000
vn 0.0005 -0.0003 -1.0000
vn 0.6674 0.7447 0.0000
vn -0.0005 0.0003 1.0000
vn -0.0005 -0.0002 1.0000
vn -0.0005 -0.0003 1.0000
vn -0.0005 -0.0006 1.0000
vn -0.0005 0.0002 1.0000
vn 0.6674 -0.7447 0.0000
vn 0.0005 0.0003 -1.0000
vn 0.0005 0.0006 -1.0000
vn -0.6742 -0.7386 0.0000
vn 0.3136 0.8223 -0.4748
vn 0.3136 -0.8223 -0.4748
vn 0.3136 -0.0000 0.9496
vn 0.3136 -0.0000 -0.9496
vn 0.3136 0.8223 0.4748
vn 0.3136 -0.8223 0.4748
vn -0.1601 -0.8549 -0.4935
vn -0.1601 0.8549 -0.4936
vn -0.1601 -0.8549 0.4935
vn -0.1601 -0.0000 -0.9871
vn -0.1601 0.8549 0.4936
vn -0.1601 -0.0000 0.9871
vn -0.1601 -0.8549 -0.4936
vn 0.0005 -0.0006 -1.0000
vn -0.0005 0.0006 1.0000
vn -0.5000 -0.7952 0.3430
vn -0.5000 0.7952 -0.3430
vn 0.5000 0.7952 -0.3430
vn 0.5000 -0.7952 0.3430
vn 0.0000 0.3960 0.9182
vn -0.6223 0.2974 0.7241
vn 0.6223 0.2974 0.7241
vn -0.0000 0.3799 0.9250
vn 0.0292 0.8657 0.4998
vn 0.1797 0.0000 0.9837
vn 0.0292 -0.8657 0.4998
vn 0.0292 0.8657 -0.4998
vn 0.0292 0.0000 0.9996
vn 0.0292 -0.8657 -0.4998
vn 0.0292 0.0000 -0.9996
vn 0.2909 -0.8286 0.4784
vn 0.1797 -0.8519 -0.4919
vn 0.1797 0.0000 -0.9837
vn 0.1797 0.8519 0.4919
vn 0.1797 -0.8519 0.4919
vn 0.1797 0.8519 -0.4919
vn 0.2909 0.8286 -0.4784
vn 0.2909 -0.0000 0.9567
vn 0.2909 -0.8286 -0.4784
vn 0.2909 0.0000 -0.9567
vn 0.2909 0.8286 0.4784
vn 0.3569 -0.8090 0.4671
vn -0.4605 0.0000 -0.8877
vn 0.3974 -0.0000 -0.9177
vn -0.4605 0.7688 0.4438
vn -0.4605 -0.7688 0.4438
vn -0.4605 0.7688 -0.4438
vn -0.4605 -0.7688 -0.4438
vn -0.4605 0.0000 0.8877
vn 0.3974 0.7947 0.4588
vn 0.3974 -0.7947 0.4588
vn 0.3974 0.7947 -0.4588
vn 0.3974 0.0000 0.9177
vn 0.3974 -0.7947 -0.4588
vn 0.3569 0.8090 -0.4671
vn 0.3569 -0.8090 -0.4671
vn 0.3569 0.0000 0.9342
vn 0.3569 0.0000 -0.9342
vn 0.3569 0.8090 0.4671
vn 0.2218 -0.9751 -0.0002
vn 0.2262 -0.9741 0.0000
vn 0.2344 -0.9722 -0.0000
vn 0.5599 0.1474 0.8153
vn 0.5598 0.1473 0.8154
vn 0.5600 0.1474 0.8153
vn -0.0013 0.4496 0.8933
vn 0.0000 0.4447 0.8957
vn 0.2343 -0.9722 0.0000
vn 0.9966 0.0818 0.0000
vn 0.9666 0.2561 0.0000
vn 0.9834 0.1817 0.0000
vn 0.6175 -0.0001 0.7866
vn 0.6174 -0.0001 0.7866
vn 0.6161 0.0512 0.7860
vn 0.6160 0.0512 0.7861
vn 0.6158 0.0512 0.7862
vn 0.6073 0.1122 0.7865
vn 0.6073 0.1121 0.7866
vn 0.5975 0.1578 0.7862
vn -0.0077 -1.0000 0.0000
vn -0.1722 0.9851 0.0000
vn 0.5773 0.0486 0.8151
vn 0.5774 0.0486 0.8150
vn 0.5770 0.0485 0.8153
vn 0.5690 0.1050 0.8156
vn -1.0000 0.0091 -0.0039
vn -0.9999 0.0109 -0.0041
vn -1.0000 -0.0007 0.0005
vn 0.5785 0.0000 0.8157
vn 0.5785 0.0001 0.8157
vn 0.6306 0.1656 0.7583
vn 0.6306 0.1656 0.7582
vn 0.6308 0.1657 0.7580
vn 0.6501 0.0558 0.7578
vn 0.6502 0.0558 0.7577
vn 0.6498 0.0557 0.7580
vn 0.6409 0.1188 0.7584
vn 0.6408 0.1188 0.7584
vn 0.0028 0.4475 0.8943
vn 0.0019 0.4446 0.8957
vn 0.6517 0.0001 0.7585
vn 0.6517 0.0002 0.7585
vn -0.0000 -0.2532 -0.9674
vn 0.0000 -0.6812 0.7321
vn 0.9999 -0.0128 0.0050
vn 0.9999 -0.0123 0.0011
vn 0.9999 -0.0121 0.0000
vn -0.6409 -0.1188 0.7584
vn -0.6408 -0.1188 0.7584
vn -0.6499 -0.0557 0.7580
vn -0.6502 -0.0557 0.7577
vn -0.6498 -0.0557 0.7580
vn -0.6304 -0.1656 0.7584
vn -0.6306 -0.1657 0.7582
vn -0.6308 -0.1658 0.7580
vn 0.2330 -0.9725 0.0003
vn -0.0000 -0.5759 0.8175
vn -0.5690 -0.1051 0.8156
vn -0.5690 -0.1050 0.8156
vn -0.5770 -0.0484 0.8153
vn -0.5774 -0.0485 0.8150
vn -0.5597 -0.1474 0.8155
vn -0.5598 -0.1474 0.8154
vn -0.5600 -0.1475 0.8153
vn -0.5975 -0.1580 0.7862
vn -0.5971 -0.1578 0.7865
vn -0.5975 -0.1580 0.7861
vn -0.6073 -0.1122 0.7865
vn -0.6161 -0.0511 0.7860
vn -0.6163 -0.0511 0.7858
vn -0.6158 -0.0510 0.7862
vn -0.6174 0.0001 0.7866
vn -0.6175 0.0001 0.7866
vn -0.0000 -0.8294 -0.5586
vn 0.0008 0.8633 0.5047
vn 0.0000 0.8634 0.5046
vn 0.2281 -0.9736 0.0000
vn 0.2344 -0.9722 0.0003
vn 0.0000 0.7995 0.6007
vn -0.0000 -0.9044 -0.4267
vn -1.0000 -0.0002 0.0003
vn -1.0000 -0.0003 0.0002
vn -0.9963 -0.0857 0.0000
vn -1.0000 0.0047 -0.0037
vn -1.0000 0.0023 -0.0064
vn -0.9833 -0.1823 0.0000
vn -0.9673 -0.2537 0.0000
vn 0.2218 -0.9751 0.0000
vn -0.9672 -0.2539 0.0000
vn -0.9831 -0.1830 0.0000
vn -0.9963 -0.0855 0.0000
vn 0.6174 -0.0000 -0.7866
vn 0.0000 0.4525 0.8918
vn -0.0006 0.4525 0.8918
vn 0.5785 -0.0000 -0.8157
vn -0.6517 0.0000 -0.7585
vn 0.6517 -0.0000 -0.7585
vn -0.5785 0.0000 -0.8157
vn -0.6174 0.0000 -0.7866
vn 0.0000 0.7248 -0.6890
vn 0.0000 -0.2799 -0.9600
vn 0.0007 -0.2533 -0.9674
vn -0.6176 0.0001 0.7865
vn -0.5787 -0.0000 0.8156
vn -0.5785 -0.0000 0.8157
vn -0.6519 -0.0001 0.7583
vn -0.6517 -0.0001 0.7585
vn 0.6518 0.0001 0.7583
vn 0.6519 0.0001 0.7583
vn 0.5787 0.0000 0.8156
vn 0.6176 -0.0000 0.7865
vn 0.5595 0.1472 0.8156
vn 0.6164 0.0513 0.7858
vn 0.5971 0.1576 0.7865
vn 0.5775 0.0486 0.8150
vn -1.0000 0.0055 -0.0031
vn 0.6304 0.1655 0.7584
vn 0.4417 0.6457 -0.6229
vn 0.9999 -0.0130 0.0070
vn -0.6374 -0.2085 -0.7418
vn -0.5775 -0.0485 0.8150
vn -0.5595 -0.1473 0.8156
vn -0.5970 -0.1578 0.7865
vn -0.6073 -0.1122 0.7866
vn -0.6164 -0.0511 0.7858
vn -0.0501 -0.8282 -0.5582
vn 0.5609 0.5090 -0.6529
vn -0.5667 -0.2008 -0.7991
vn 0.0129 -0.2800 -0.9599
vn 0.0885 0.3407 -0.9360
vn -0.0000 0.3420 -0.9397
vn -0.0102 0.8633 0.5045
vn -0.0001 -0.9044 -0.4267
vn 0.0012 -0.9044 -0.4267
vn 0.5597 0.1473 -0.8155
vn 0.5600 0.1474 -0.8153
vn 0.5596 0.1472 -0.8156
vn -0.0013 0.4496 -0.8933
vn 0.0000 0.4447 -0.8957
vn 0.6174 -0.0001 -0.7866
vn 0.6175 -0.0001 -0.7866
vn 0.6161 0.0512 -0.7860
vn 0.6158 0.0512 -0.7862
vn 0.6073 0.1122 -0.7865
vn 0.6073 0.1121 -0.7866
vn 0.5973 0.1577 -0.7864
vn 0.5975 0.1578 -0.7862
vn 0.5971 0.1577 -0.7865
vn 0.5773 0.0486 -0.8151
vn 0.5770 0.0485 -0.8153
vn 0.5690 0.1050 -0.8156
vn -1.0000 0.0091 0.0039
vn -1.0000 -0.0007 -0.0005
vn -0.9999 0.0109 0.0041
vn 0.6308 0.1657 -0.7581
vn 0.6308 0.1657 -0.7580
vn 0.6502 0.0558 -0.7577
vn 0.6498 0.0557 -0.7580
vn 0.6500 0.0557 -0.7579
vn 0.6409 0.1188 -0.7584
vn 0.6408 0.1188 -0.7584
vn 0.0019 0.4446 -0.8957
vn 0.0028 0.4475 -0.8943
vn 0.6517 0.0001 -0.7585
vn 0.6517 0.0002 -0.7585
vn -0.0000 -0.2532 0.9674
vn 0.0000 -0.6812 -0.7321
vn 0.9999 -0.0128 -0.0050
vn 0.9999 -0.0123 -0.0012
vn -0.6409 -0.1188 -0.7584
vn -0.6408 -0.1188 -0.7584
vn -0.6499 -0.0557 -0.7580
vn -0.6498 -0.0557 -0.7580
vn -0.6500 -0.0557 -0.7579
vn -0.6303 -0.1655 -0.7585
vn -0.6308 -0.1658 -0.7580
vn -0.6304 -0.1656 -0.7584
vn 0.2330 -0.9725 -0.0003
vn -0.0000 -0.5759 -0.8175
vn -0.5690 -0.1051 -0.8156
vn -0.5690 -0.1050 -0.8156
vn -0.5770 -0.0484 -0.8153
vn -0.5774 -0.0485 -0.8150
vn -0.5599 -0.1475 -0.8153
vn -0.5600 -0.1475 -0.8153
vn -0.5598 -0.1474 -0.8154
vn -0.5975 -0.1580 -0.7862
vn -0.5975 -0.1580 -0.7861
vn -0.5973 -0.1579 -0.7863
vn -0.6073 -0.1122 -0.7865
vn -0.6163 -0.0511 -0.7859
vn -0.6158 -0.0510 -0.7862
vn -0.6160 -0.0510 -0.7861
vn -0.6175 0.0001 -0.7866
vn -0.0000 -0.8294 0.5586
vn 0.0000 0.8634 -0.5046
vn 0.0008 0.8633 -0.5047
vn 0.2343 -0.9722 -0.0003
vn 0.0000 0.7995 -0.6007
vn -0.0000 -0.9044 0.4267
vn -1.0000 -0.0003 -0.0002
vn -1.0000 -0.0002 -0.0003
vn -1.0000 0.0047 0.0037
vn -1.0000 0.0055 0.0031
vn 0.2218 -0.9751 0.0004
vn 0.6174 -0.0000 0.7866
vn 0.0000 0.4525 -0.8918
vn -0.0006 0.4525 -0.8918
vn -0.6517 0.0000 0.7585
vn 0.6517 -0.0000 0.7585
vn -0.6174 0.0000 0.7866
vn 0.0000 0.7248 0.6890
vn 0.0000 -0.2799 0.9600
vn 0.0007 -0.2533 0.9674
vn -0.6176 0.0001 -0.7865
vn -0.5787 -0.0000 -0.8156
vn -0.6519 -0.0001 -0.7583
vn -0.6517 -0.0001 -0.7585
vn 0.6518 0.0001 -0.7584
vn 0.6519 0.0001 -0.7583
vn 0.5787 0.0000 -0.8156
vn 0.6176 -0.0000 -0.7865
vn 0.5595 0.1472 -0.8156
vn 0.6164 0.0513 -0.7858
vn 0.5971 0.1576 -0.7865
vn 0.5775 0.0486 -0.8150
vn 0.6304 0.1655 -0.7584
vn 0.4417 0.6457 0.6229
vn 0.9999 -0.0130 -0.0070
vn -0.6502 -0.0557 -0.7577
vn -0.6374 -0.2085 0.7418
vn -0.5775 -0.0485 -0.8150
vn -0.5595 -0.1473 -0.8156
vn -0.5970 -0.1578 -0.7865
vn -0.6164 -0.0511 -0.7858
vn -0.6174 0.0001 -0.7866
vn 0.1982 0.8627 0.4653
vn -1.0000 -0.0003 -0.0003
vn -0.0501 -0.8282 0.5582
vn 0.5609 0.5090 0.6529
vn -0.5667 -0.2008 0.7991
vn 0.0129 -0.2800 0.9599
vn 0.0885 0.3407 0.9360
vn -0.0000 0.3420 0.9397
vn 0.0459 0.7985 -0.6002
vn 0.2809 0.3283 -0.9019
vn 0.1982 0.8627 -0.4653
vn 0.0024 -0.9044 -0.4267
vn 0.0459 0.7985 0.6002
vn -0.0102 0.8633 -0.5045
vn 0.2809 0.3283 0.9019
vn -1.0000 0.0023 0.0064
vn 0.0024 -0.9044 0.4267
vn 0.0012 -0.9044 0.4267
vn -0.6323 0.0000 -0.7747
vn 0.2900 0.0000 -0.9570
vn 0.8940 0.0000 -0.4480
vn 0.7712 -0.0000 0.6366
vn -0.9951 0.0000 -0.0990
vn -0.5463 0.0000 0.8376
vn 0.9673 0.0000 -0.2535
vn 0.0226 0.0000 0.9997
vn 0.1335 0.0000 -0.9910
vn 0.9145 -0.0000 -0.4045
vn 0.0886 -0.0000 -0.9961
vn 0.0887 -0.0000 -0.9961
vn 0.0914 0.0000 -0.9958
vn -0.0004 0.0000 1.0000
vn 0.0477 0.0000 0.9989
vn 0.9583 -0.0000 0.2856
vn -0.9005 0.0000 0.4348
vn -0.9961 -0.0879 0.0000
vn -0.9975 -0.0703 0.0000
vn -0.0730 0.9973 -0.0000
vn 0.7654 -0.6435 0.0000
vn 0.3416 -0.9399 0.0000
vn -0.3073 0.9516 0.0000
vn -0.4182 0.9083 0.0000
vn 0.3073 -0.9516 0.0000
vn 0.4182 -0.9083 0.0000
vn -0.9931 0.1173 -0.0000
vn -0.9931 0.1172 -0.0000
vn 0.9931 -0.1172 0.0000
vn 0.8046 -0.5938 0.0000
vn 0.7064 0.7078 -0.0000
vn -0.7064 -0.7078 0.0000
vn -0.7064 0.7078 -0.0000
vn 0.7064 -0.7078 0.0000
vn -0.7422 -0.6702 0.0000
vn -0.7422 0.6702 -0.0000
vn 0.0000 0.3714 0.9285
vn 0.0000 0.9156 0.4020
vn -0.0000 -0.2501 0.9682
vn -0.9984 -0.0566 0.0000
vn -0.9955 -0.0952 0.0000
vn 0.7422 -0.6702 0.0000
vn 0.7422 0.6702 -0.0000
vn 0.0000 0.3714 -0.9285
vn 0.0000 0.9156 -0.4020
vn -0.0000 -0.2501 -0.9682
vn -0.0146 0.2455 -0.9693
vn 0.9964 0.0847 -0.0009
vn 0.9963 0.0857 -0.0019
vn 0.9965 0.0838 -0.0000
vn -0.0146 0.2455 0.9693
vn 0.0595 -0.9982 0.0000
vn -0.0547 0.9189 0.3908
vn -0.0547 0.9189 -0.3908
vn 0.9963 0.0857 0.0019
vn 0.9964 0.0847 0.0009
vn -0.9964 -0.0832 0.0188
vn -0.9963 -0.0831 0.0234
vn -0.9964 -0.0819 0.0218
vn -0.9964 -0.0819 0.0196
vn -0.9961 -0.0870 0.0168
vn 0.0093 -0.1561 0.9877
vn 0.0093 -0.1561 -0.9877
vn -0.9947 -0.1027 0.0032
vn 0.0020 -0.0327 -0.9995
vn 0.0020 -0.0327 0.9995
vn 0.0845 -0.9964 0.0000
vn -0.0196 0.2319 -0.9725
vn -0.0197 0.2319 -0.9725
vn 0.0026 -0.0308 -0.9995
vn 0.0125 -0.1472 0.9890
vn -0.0770 0.9086 -0.4105
vn -0.9974 -0.0721 0.0000
vn -0.9974 -0.0720 0.0000
vn -0.9964 -0.0832 -0.0189
vn -0.9964 -0.0819 -0.0196
vn -0.9964 -0.0819 -0.0218
vn -0.9948 -0.1015 -0.0026
vn -0.9948 -0.1023 -0.0029
vn -0.9949 -0.1012 -0.0024
vn -0.9961 -0.0872 0.0140
vn -0.9960 -0.0876 0.0151
vn -0.9963 -0.0831 -0.0234
vn -0.9962 -0.0829 -0.0258
vn -0.9961 -0.0870 -0.0168
vn -0.9961 -0.0871 -0.0139
vn 0.0026 -0.0308 0.9995
vn -0.0770 0.9086 0.4105
vn -0.0197 0.2319 0.9725
vn 0.0125 -0.1472 -0.9890
vn 0.0775 -0.9970 0.0000
vn 0.9962 0.0874 -0.0035
vn 0.9962 0.0874 0.0035
vn -0.9962 -0.0829 0.0258
vn -0.9949 -0.1012 0.0024
vn -0.9947 -0.1027 -0.0032
vn -0.9960 -0.0876 -0.0151
vn -0.7616 0.0000 0.6481
vn -0.7616 0.0000 -0.6481
vn 0.7616 -0.0000 -0.6481
vn 0.7616 0.0000 0.6481
vn -0.9991 0.0429 0.0000
vn 0.8759 -0.4825 0.0000
vn 0.6108 -0.7918 0.0000
vn -0.8275 0.5614 0.0000
vn 0.9539 0.3000 0.0000
vn -0.1066 -0.9943 0.0000
vn 0.8088 0.5881 0.0000
vn 0.6171 -0.7869 0.0000
vn 0.0841 -0.8286 0.5535
vn 0.4308 -0.5585 0.7088
vn 0.5566 -0.3066 0.7721
vn 0.6742 0.2120 0.7075
vn 0.5773 -0.3180 0.7520
vn 0.7170 0.5214 0.4627
vn -0.2693 -0.9631 0.0000
vn -0.6919 -0.0000 0.7220
vn -0.5338 0.3622 0.7641
vn -0.6419 0.0275 0.7663
vn 0.3237 -0.1970 0.9254
vn 0.0841 -0.8286 -0.5535
vn 0.4308 -0.5585 -0.7088
vn 0.4309 -0.5585 -0.7088
vn 0.5566 -0.3066 -0.7721
vn 0.6742 0.2120 -0.7075
vn -0.0993 -0.9259 -0.3644
vn 0.5773 -0.3180 -0.7520
vn -0.6919 0.0000 -0.7220
vn -0.5338 0.3622 -0.7641
vn -0.6419 0.0275 -0.7663
vn 0.3373 -0.1858 -0.9229
vn 0.4309 -0.5585 0.7088
vn -0.0993 -0.9259 0.3644
vn 0.3373 -0.1858 0.9229
vn 0.7170 0.5214 -0.4627
vn 0.3237 -0.1970 -0.9254
vn 0.5000 -0.0000 -0.8660
vn 0.5000 0.0000 0.8660
vn -0.5000 0.0000 0.8660
vn -0.5000 -0.0000 -0.8660
vn -0.0000 -0.6871 -0.7265
vn -0.0000 -0.0629 0.9980
vn -0.0000 -0.0629 -0.9980
vn -0.0000 -0.6871 0.7265
vn 0.3346 0.5000 0.7988
vn -0.3346 0.5000 -0.7988
vn -0.3346 -0.5000 -0.7988
vn 0.3346 -0.5000 0.7988
vn 0.7434 -0.5919 -0.3115
vn 0.9415 0.2959 0.1613
vn 0.5454 0.2959 -0.7842
vn 0.5454 -0.2959 -0.7842
vn 0.9415 -0.2959 0.1613
vn 0.7434 0.5919 -0.3115
vn -0.8567 -0.3706 0.3589
vn -0.7327 0.1853 0.6549
vn -0.9807 0.1853 0.0629
vn -0.9807 -0.1853 0.0629
vn -0.7327 -0.1853 0.6549
vn -0.8567 0.3706 0.3589
vn -0.9978 0.0669 0.0000
vn 0.6423 -0.7664 0.0000
vn 0.0395 0.9992 -0.0000
vn -0.9925 -0.1225 0.0000
vn -0.9593 0.2822 0.0000
vn 0.9490 -0.3151 0.0000
vn 0.9996 -0.0283 0.0000
vn 0.6533 -0.7571 0.0000
vn 0.8481 0.5298 -0.0000
vn -0.7166 -0.6975 0.0000
vn 0.4990 0.0632 -0.8643
vn 0.9980 0.0632 0.0000
vn 0.4990 0.0632 0.8643
vn -0.4990 0.0632 0.8643
vn -0.9980 0.0632 0.0000
vn -0.4990 0.0632 -0.8643
vn 0.3659 0.6816 0.6337
vn 0.3659 0.6815 0.6337
vn -0.3659 0.6815 -0.6337
vn -0.3659 0.6816 -0.6337
vn -0.3659 0.6815 0.6337
vn -0.3659 0.6816 0.6337
vn 0.7318 0.6816 0.0000
vn 0.7318 0.6815 0.0000
vn -0.7318 0.6815 0.0000
vn 0.3659 0.6815 -0.6337
vn 0.3659 0.6816 -0.6337
vn -0.9978 0.0668 0.0000
usemtl Material.012
s 1
f 2/1/1 3/2/1 1/3/1
f 4/4/2 7/5/2 3/2/2
f 8/6/3 5/7/3 7/5/3
f 5/7/4 2/8/4 1/9/4
f 7/5/5 1/10/5 3/11/5
f 4/12/6 6/13/6 8/6/6
f 10/14/7 11/15/7 9/16/7
f 11/15/8 14/17/8 13/18/8
f 14/17/9 15/19/9 13/18/9
f 15/19/10 18/20/10 17/21/10
f 17/21/11 20/22/11 19/23/11
f 20/22/12 21/24/12 19/23/12
f 14/17/1 4636/25/1 4637/26/1
f 22/27/13 23/28/13 21/24/13
f 24/29/14 9/30/14 23/28/14
f 19/31/15 21/32/15 15/33/15
f 20/22/1 4639/34/1 4640/35/1
f 24/29/1 4635/36/1 10/37/1
f 12/38/1 4635/39/1 4636/25/1
f 14/17/1 4638/40/1 16/41/1
f 22/27/1 4640/35/1 4641/42/1
f 16/41/1 4639/34/1 18/20/1
f 22/27/1 4642/43/1 24/29/1
f 4643/44/15 27/45/15 4644/46/15
f 32/47/13 41/48/13 33/49/13
f 4643/50/15 33/49/15 26/51/15
f 25/52/15 32/47/15 4648/53/15
f 4647/54/15 29/55/15 30/56/15
f 4644/46/15 28/57/15 4645/58/15
f 4649/59/15 32/47/15 33/49/15
f 4647/54/15 31/60/15 25/52/15
f 4646/61/15 28/57/15 29/55/15
f 37/62/1 36/63/1 40/64/1
f 30/56/11 39/65/11 31/60/11
f 28/57/9 37/66/9 29/55/9
f 27/45/7 34/67/7 35/68/7
f 26/51/14 41/48/14 34/69/14
f 31/60/12 40/70/12 32/47/12
f 29/55/10 38/71/10 30/56/10
f 28/57/8 35/68/8 36/72/8
f 60/73/15 51/74/15 46/75/15
f 51/74/16 156/76/17 166/77/16
f 78/78/15 47/79/15 70/80/15
f 69/81/5 263/82/5 265/83/5
f 268/84/6 43/85/6 264/86/6
f 276/87/18 42/88/18 263/89/18
f 72/90/15 46/75/15 50/91/15
f 49/92/1 73/93/1 61/94/1
f 72/90/15 48/95/15 71/96/15
f 70/80/1 49/92/1 61/94/1
f 44/97/4 50/91/4 47/79/4
f 69/81/5 48/95/5 44/97/5
f 50/91/19 49/92/19 47/79/19
f 277/98/20 67/99/20 42/100/20
f 46/75/4 52/101/4 49/92/4
f 57/102/15 260/103/15 51/74/15
f 54/104/21 52/101/21 53/105/21
f 78/106/6 144/107/6 147/108/6
f 262/109/15 261/110/15 260/103/15
f 53/105/22 144/107/22 54/104/22
f 74/111/15 60/73/15 62/112/15
f 157/113/23 159/114/23 74/111/23
f 63/115/15 78/78/15 70/80/15
f 266/116/5 69/81/5 265/83/5
f 268/84/6 56/117/6 68/118/6
f 55/119/24 274/120/24 266/121/24
f 62/112/15 72/90/15 66/122/15
f 73/93/1 65/123/1 61/94/1
f 64/124/15 72/90/15 71/96/15
f 70/80/1 65/123/1 63/115/1
f 66/122/2 58/125/2 63/115/2
f 64/124/5 69/81/5 58/125/5
f 65/123/25 66/122/25 63/115/25
f 67/99/26 278/126/26 55/127/26
f 75/128/2 62/112/2 65/123/2
f 74/111/15 262/109/15 57/102/15
f 79/129/27 76/130/27 75/128/27
f 78/106/6 147/108/6 79/129/6
f 76/130/28 147/108/28 146/131/28
f 243/132/6 238/133/6 242/134/6
f 213/135/29 208/136/30 209/137/31
f 219/138/6 209/137/6 217/139/6
f 136/140/6 142/141/6 134/142/6
f 87/143/15 82/144/15 83/145/15
f 117/146/32 116/147/33 108/148/34
f 159/149/6 156/150/6 158/151/6
f 89/152/6 95/153/6 94/154/6
f 132/155/1 133/156/1 136/157/1
f 227/158/6 214/159/6 226/160/6
f 111/161/6 108/148/6 110/162/6
f 135/163/22 138/164/22 132/165/22
f 130/166/22 116/167/22 128/168/22
f 121/169/22 112/170/22 120/171/22
f 102/172/22 96/173/22 100/174/22
f 90/175/22 82/176/22 88/177/22
f 205/178/22 200/179/22 204/180/22
f 194/181/22 188/182/22 192/183/22
f 185/184/22 176/185/22 184/186/22
f 167/187/22 170/188/22 164/189/22
f 161/190/22 152/191/22 160/192/22
f 234/193/22 222/194/22 232/195/22
f 228/196/22 210/197/22 208/198/22
f 216/199/22 239/200/22 236/201/22
f 244/202/22 251/203/22 248/204/22
f 137/205/28 139/206/28 141/207/28
f 131/208/28 117/209/28 119/210/28
f 123/211/28 114/212/28 122/213/28
f 105/214/28 99/215/28 104/216/28
f 92/217/28 87/218/28 86/219/28
f 206/220/28 203/221/28 202/222/28
f 196/223/28 191/224/28 190/225/28
f 187/226/28 178/227/28 186/228/28
f 169/229/28 173/230/28 172/231/28
f 162/232/28 155/233/28 154/234/28
f 233/235/28 224/236/28 235/237/28
f 229/238/28 212/239/28 231/240/28
f 221/241/28 241/242/28 220/243/28
f 247/244/28 253/245/28 246/246/28
f 164/247/35 165/248/36 168/249/37
f 115/250/15 112/251/15 106/252/15
f 216/253/1 221/254/1 219/255/1
f 244/256/1 247/257/1 243/258/1
f 132/165/6 139/206/6 133/259/6
f 128/168/6 117/209/6 129/260/6
f 120/171/6 115/261/6 123/211/6
f 100/174/6 97/262/6 105/214/6
f 88/177/6 87/218/6 93/263/6
f 204/180/6 203/221/6 207/264/6
f 192/183/6 191/224/6 197/265/6
f 184/186/6 179/266/6 187/226/6
f 164/189/6 173/230/6 165/267/6
f 160/192/6 155/233/6 163/268/6
f 232/195/6 225/269/6 233/235/6
f 228/196/6 213/270/6 229/238/6
f 216/199/6 237/271/6 221/241/6
f 244/202/6 249/272/6 247/244/6
f 195/273/6 198/274/6 193/275/6
f 255/276/6 250/277/6 254/278/6
f 249/279/38 248/280/39 250/277/40
f 120/281/1 123/282/1 111/283/1
f 149/284/6 150/285/6 148/286/6
f 160/287/1 163/288/1 159/289/1
f 192/290/1 197/291/1 195/292/1
f 191/293/41 188/294/42 180/295/43
f 225/296/38 222/297/39 214/159/44
f 128/298/1 129/299/1 127/300/1
f 127/301/6 124/302/6 126/303/6
f 232/304/1 233/305/1 149/306/1
f 81/307/6 83/145/6 80/308/6
f 168/309/6 174/310/6 166/311/6
f 88/312/1 93/313/1 91/314/1
f 139/315/15 138/316/15 124/302/15
f 97/317/15 96/318/15 94/154/15
f 228/319/1 229/320/1 227/321/1
f 179/322/29 176/323/30 174/310/31
f 147/324/32 144/325/45 142/141/46
f 203/326/15 200/327/15 198/274/15
f 100/328/1 105/329/1 103/330/47
f 155/331/48 152/332/49 150/285/50
f 103/333/6 106/252/6 101/334/6
f 237/335/15 236/336/15 238/133/15
f 204/337/51 207/338/52 81/339/53
f 184/340/1 187/341/1 183/342/1
f 183/343/6 180/295/6 182/344/6
f 173/345/15 170/346/15 156/150/15
f 257/347/1 256/348/1 255/349/1
f 273/350/2 318/351/2 266/121/2
f 59/352/6 268/84/6 78/78/6
f 55/353/5 265/83/5 67/354/5
f 321/355/2 270/356/2 282/357/2
f 275/358/4 276/87/4 263/89/4
f 268/84/6 45/359/6 78/78/6
f 265/83/5 42/360/5 67/354/5
f 45/359/4 280/361/4 269/362/4
f 285/363/20 68/364/20 286/365/20
f 281/366/18 43/367/18 285/368/18
f 284/369/24 267/370/24 283/371/24
f 286/365/26 56/372/26 284/373/26
f 280/361/54 287/374/54 269/362/54
f 271/375/55 292/376/55 275/358/55
f 272/377/1 288/378/1 270/356/1
f 270/356/54 294/379/54 282/357/54
f 271/375/1 287/374/1 289/380/1
f 272/377/55 291/381/55 290/382/55
f 285/363/5 300/383/5 299/384/5
f 284/373/5 300/383/5 286/365/5
f 278/126/6 297/385/6 296/386/6
f 277/98/6 297/385/6 279/387/6
f 275/358/6 292/376/6 276/87/6
f 274/120/6 291/381/6 273/350/6
f 276/87/6 295/388/6 277/98/6
f 274/120/6 296/386/6 291/381/6
f 285/363/5 299/384/5 281/366/5
f 283/371/5 298/389/5 284/373/5
f 283/371/5 294/379/5 298/389/5
f 281/366/5 293/390/5 280/361/5
f 291/381/6 310/391/6 305/392/6
f 289/380/2 306/393/2 292/376/2
f 295/388/6 311/394/6 297/385/6
f 288/378/4 304/395/4 302/396/4
f 296/386/6 311/394/6 310/391/6
f 294/379/5 312/397/5 298/389/5
f 287/374/2 303/398/2 289/380/2
f 298/389/5 314/399/5 300/383/5
f 293/390/5 313/400/5 307/401/5
f 288/378/4 308/402/4 294/379/4
f 299/384/5 314/399/5 313/400/5
f 287/374/2 307/401/2 301/403/2
f 292/376/6 309/404/6 295/388/6
f 290/382/4 305/392/4 304/395/4
f 257/405/6 77/406/6 256/407/6
f 258/408/22 261/110/22 257/405/22
f 256/407/28 262/109/28 259/409/28
f 323/410/56 331/411/56 321/355/56
f 322/412/5 333/413/5 323/410/5
f 318/351/6 327/414/6 317/415/6
f 315/416/57 326/417/57 316/418/57
f 316/418/1 334/419/1 324/420/1
f 320/421/58 329/422/59 319/423/59
f 317/415/57 325/424/57 315/416/57
f 324/420/60 332/425/60 322/412/60
f 321/355/15 330/426/15 320/421/15
f 319/423/59 328/427/59 318/351/59
f 331/411/2 333/413/2 332/425/2
f 353/428/15 345/429/15 341/430/15
f 342/431/1 351/432/1 354/433/1
f 2274/434/5 353/428/5 341/430/5
f 337/435/4 344/436/4 340/437/4
f 2280/438/5 338/439/5 2283/440/5
f 338/439/4 336/441/4 337/435/4
f 2274/434/5 339/442/5 2280/438/5
f 2272/443/61 354/433/62 2316/444/63
f 2284/445/5 340/437/5 2278/446/5
f 2283/440/5 337/435/5 2284/445/5
f 2278/446/5 342/431/62 2272/443/61
f 339/442/4 335/447/4 338/439/4
f 341/430/4 343/448/4 339/442/4
f 340/437/4 346/449/4 342/431/4
f 363/450/15 353/428/15 359/451/15
f 351/432/1 360/452/1 354/433/1
f 2295/453/5 353/428/5 348/454/5
f 362/455/2 355/456/2 358/457/2
f 356/458/5 2301/459/5 2304/460/5
f 350/461/2 356/458/2 355/456/2
f 357/462/5 2295/453/5 2301/459/5
f 354/433/62 347/463/64 2316/444/63
f 358/457/5 2305/464/5 2299/465/5
f 355/456/5 2304/460/5 2305/464/5
f 360/452/5 2299/465/5 347/463/64
f 349/466/2 357/462/2 356/458/2
f 361/467/2 359/451/2 357/462/2
f 364/468/2 358/457/2 360/452/2
f 370/469/15 2131/470/15 2132/471/15
f 2111/472/5 365/473/5 2118/474/5
f 2113/475/5 392/476/5 391/477/5
f 2113/478/5 365/473/5 367/479/5
f 383/480/15 2132/471/15 2186/481/15
f 2111/472/5 369/482/5 366/483/5
f 398/484/15 368/485/15 394/486/15
f 370/469/5 384/487/5 369/482/5
f 389/488/15 382/489/15 390/490/15
f 374/491/5 371/492/5 2157/493/5
f 387/494/65 377/495/66 388/496/67
f 377/495/2 403/497/2 401/498/2
f 381/499/2 401/498/2 402/500/2
f 373/501/5 2150/502/5 2161/503/5
f 2150/504/5 374/491/5 2157/493/5
f 390/490/15 383/480/15 2186/481/15
f 371/492/5 380/505/5 382/489/5
f 372/506/1 402/507/1 400/508/1
f 378/509/15 398/484/15 399/510/15
f 379/511/15 399/510/15 403/497/15
f 382/489/5 384/487/5 383/480/5
f 386/512/68 385/513/68 378/509/68
f 404/514/1 372/506/1 400/508/1
f 391/477/5 373/501/5 2161/503/5
f 392/476/1 400/508/1 373/501/1
f 403/497/15 380/505/15 375/515/15
f 399/510/15 384/487/15 380/505/15
f 400/508/1 376/516/1 373/501/1
f 402/500/2 374/491/2 376/517/2
f 401/498/2 375/515/2 374/491/2
f 369/482/15 397/518/15 366/483/15
f 384/487/15 394/486/15 369/482/15
f 367/519/1 404/514/1 392/476/1
f 365/473/4 396/520/4 367/479/4
f 366/483/4 395/521/4 365/473/4
f 388/496/67 377/495/66 381/499/69
f 397/518/70 405/522/70 395/521/70
f 395/521/70 406/523/70 396/520/70
f 409/524/71 410/525/71 408/526/71
f 411/527/6 412/528/6 410/525/6
f 413/529/72 414/530/72 412/528/72
f 414/530/73 417/531/73 416/532/73
f 413/529/74 421/533/74 415/534/74
f 416/532/5 419/535/5 418/536/5
f 418/536/75 409/537/75 408/538/75
f 416/539/76 418/540/76 410/541/76
f 419/535/74 4650/542/74 409/537/74
f 417/531/74 421/533/74 422/543/74
f 413/529/74 420/544/74 4651/545/74
f 419/535/74 422/543/74 423/546/74
f 411/527/74 4650/547/74 420/544/74
f 430/548/6 433/549/6 434/550/6
f 435/551/15 426/552/15 427/553/15
f 429/554/1 425/555/1 424/556/1
f 427/553/5 424/557/5 425/558/5
f 431/559/2 427/553/2 425/555/2
f 430/548/77 429/560/77 428/561/77
f 434/550/78 431/562/78 430/548/78
f 434/550/79 432/563/79 435/551/79
f 429/564/4 424/565/4 432/563/4
f 445/566/80 543/567/80 439/568/80
f 440/569/81 547/570/81 438/571/81
f 550/572/82 437/573/83 442/574/84
f 439/568/85 542/575/85 443/576/85
f 542/575/86 442/574/86 443/576/86
f 555/577/87 549/578/87 441/579/87
f 549/578/88 440/569/88 441/579/88
f 545/580/89 544/581/90 445/566/91
f 448/582/1 458/583/1 500/584/1
f 454/585/15 521/586/15 461/587/15
f 469/588/14 447/589/14 463/590/14
f 458/583/13 469/588/13 468/591/13
f 453/592/12 468/591/12 467/593/12
f 500/584/11 467/593/11 502/594/11
f 450/595/10 466/596/10 465/597/10
f 448/582/9 465/597/9 464/598/9
f 457/599/8 464/598/8 462/600/8
f 463/601/7 457/599/7 462/600/7
f 463/601/7 481/602/7 480/603/7
f 462/600/8 482/604/8 481/602/8
f 465/597/1 478/605/1 464/598/1
f 465/597/92 498/606/92 512/607/92
f 483/608/93 497/609/93 467/610/93
f 469/588/14 480/611/14 484/612/14
f 476/613/14 446/614/14 455/615/14
f 475/616/13 455/615/13 454/585/13
f 474/617/12 454/585/12 461/587/12
f 503/618/11 461/587/11 501/619/11
f 449/620/10 473/621/10 451/622/10
f 460/623/9 472/624/9 449/620/9
f 470/625/8 460/623/8 459/626/8
f 477/627/7 459/626/7 446/628/7
f 472/624/94 490/629/94 511/630/94
f 472/624/15 471/631/15 479/632/15
f 464/598/95 485/633/95 482/604/95
f 482/604/95 490/629/95 487/634/95
f 512/607/94 478/605/94 465/597/94
f 484/612/14 491/635/14 489/636/14
f 528/637/11 483/638/11 488/639/11
f 481/602/8 487/634/8 486/640/8
f 480/603/7 486/640/7 491/641/7
f 491/641/7 470/625/7 477/627/7
f 470/625/8 487/634/8 471/631/8
f 472/624/10 510/642/10 473/621/10
f 510/642/96 492/643/96 473/621/96
f 489/636/14 477/644/14 476/613/14
f 487/634/95 479/632/95 471/631/95
f 511/630/94 485/633/94 512/607/94
f 507/645/97 493/646/97 506/647/97
f 503/618/15 492/643/15 506/647/15
f 474/648/98 495/649/98 488/650/98
f 505/651/1 495/652/1 507/645/1
f 508/653/99 499/654/99 509/655/99
f 466/596/1 496/656/1 465/597/1
f 504/657/15 498/606/15 509/655/15
f 502/594/1 497/658/1 508/653/1
f 513/659/15 512/607/15 498/606/15
f 502/594/1 496/656/1 466/596/1
f 504/657/15 499/654/15 483/638/15
f 496/656/100 509/655/100 498/606/100
f 505/651/1 494/660/1 510/642/1
f 503/618/15 493/646/15 474/617/15
f 494/660/101 506/647/101 492/643/101
f 526/661/11 505/651/11 510/642/11
f 473/621/11 501/619/11 451/622/11
f 452/662/11 502/594/11 466/596/11
f 530/663/10 511/630/10 512/607/10
f 454/585/15 518/664/15 517/665/15
f 449/620/15 516/666/15 515/667/15
f 460/623/15 519/668/15 459/626/15
f 455/615/15 514/669/15 518/664/15
f 460/623/15 515/667/15 520/670/15
f 459/626/15 514/671/15 446/628/15
f 501/619/15 521/586/15 522/672/15
f 501/619/15 516/666/15 451/622/15
f 474/617/12 524/673/12 475/616/12
f 475/616/13 525/674/13 476/613/13
f 528/637/102 535/675/103 527/676/104
f 528/637/11 513/659/11 504/657/11
f 550/677/10 542/678/10 537/679/10
f 533/680/105 534/681/106 541/682/105
f 546/683/11 547/684/11 541/682/11
f 531/685/107 539/686/107 538/687/107
f 530/663/108 536/688/108 529/689/108
f 528/637/109 533/680/109 549/690/109
f 532/691/110 535/692/103 539/686/110
f 530/663/111 538/687/111 537/679/111
f 529/689/112 534/693/106 526/694/113
f 553/695/11 535/675/11 540/696/11
f 444/697/114 551/698/114 552/699/114
f 444/697/115 552/699/116 554/700/117
f 556/701/1 557/702/1 569/703/1
f 565/704/118 561/705/118 566/706/118
f 561/705/15 560/707/15 559/708/15
f 575/709/119 568/710/119 572/711/119
f 564/712/120 574/713/120 565/714/120
f 559/708/121 575/709/121 572/711/121
f 566/715/122 567/716/122 563/717/122
f 558/718/118 563/719/118 557/702/118
f 569/720/123 568/710/123 570/721/123
f 564/722/118 566/706/118 563/719/118
f 567/716/124 568/723/124 569/724/124
f 570/721/125 571/725/125 556/726/125
f 572/711/126 573/727/126 559/708/126
f 574/713/127 575/728/127 560/707/127
f 574/713/128 570/729/128 575/728/128
f 573/730/129 568/723/129 567/716/129
f 2645/731/14 589/732/14 579/733/14
f 576/734/12 583/735/12 2642/736/12
f 2643/737/10 585/738/10 577/739/10
f 578/740/8 587/741/8 2644/742/8
f 583/735/1 2650/743/1 2651/744/1
f 584/745/1 2649/746/1 585/738/1
f 587/741/1 2646/747/1 2647/748/1
f 583/735/1 581/749/1 588/750/1
f 582/751/1 2649/746/1 2650/743/1
f 587/741/1 2648/752/1 584/745/1
f 586/753/1 580/754/1 2646/747/1
f 588/750/1 580/755/1 589/732/1
f 579/756/7 586/753/7 578/740/7
f 2644/742/9 584/745/9 2643/737/9
f 577/739/11 582/751/11 576/734/11
f 2642/736/13 588/750/13 2645/731/13
f 593/757/10 2609/758/10 594/759/10
f 591/760/8 600/761/8 592/762/8
f 597/763/13 602/764/13 2611/765/13
f 595/766/11 2609/758/11 2610/767/11
f 592/762/9 601/768/9 593/757/9
f 591/760/7 598/769/7 599/770/7
f 597/763/14 598/771/14 590/772/14
f 596/773/12 2610/767/12 602/764/12
f 603/774/7 606/775/7 2636/776/7
f 611/777/1 620/778/1 612/779/1
f 604/780/14 605/781/14 603/782/14
f 2640/783/12 611/777/12 2641/784/12
f 2638/785/10 609/786/10 2639/787/10
f 2636/776/8 607/788/8 2637/789/8
f 2641/784/13 612/779/13 604/780/13
f 2640/783/11 609/786/11 610/790/11
f 2638/785/9 607/788/9 608/791/9
f 610/790/1 617/792/1 618/793/1
f 607/788/1 616/794/1 608/791/1
f 606/775/1 613/795/1 614/796/1
f 612/779/1 613/797/1 605/781/1
f 611/777/1 618/793/1 619/798/1
f 608/791/1 617/792/1 609/786/1
f 607/788/1 614/796/1 615/799/1
f 622/800/130 623/801/130 621/802/130
f 624/803/6 625/804/6 623/801/6
f 626/805/131 627/806/131 625/804/131
f 628/807/132 629/808/132 627/806/132
f 622/800/1 630/809/1 626/805/1
f 630/809/5 631/810/5 629/808/5
f 632/811/133 621/802/133 631/810/133
f 629/808/134 636/812/135 627/806/136
f 638/813/5 5616/814/5 637/815/5
f 623/801/137 635/816/137 634/817/137
f 631/810/138 637/815/138 629/808/138
f 621/802/139 634/817/140 633/818/141
f 627/806/142 635/816/143 625/804/144
f 631/810/145 633/818/146 638/813/147
f 645/819/4 647/820/4 650/821/4
f 648/822/15 641/823/148 649/824/149
f 646/825/1 640/826/1 643/827/1
f 642/828/2 639/829/2 640/826/2
f 646/825/6 642/828/6 640/826/6
f 650/821/150 646/825/150 645/819/150
f 644/830/151 648/822/151 647/820/151
f 648/822/5 639/829/5 641/823/5
f 657/831/4 659/832/4 662/833/4
f 660/834/15 653/835/15 661/836/15
f 658/837/1 652/838/1 655/839/1
f 654/840/2 651/841/2 652/838/2
f 658/837/6 654/840/6 652/838/6
f 662/833/150 658/837/150 657/831/150
f 656/842/151 660/834/151 659/832/151
f 660/834/5 651/841/5 653/835/5
f 669/843/4 671/844/4 674/845/4
f 672/846/15 665/847/15 673/848/15
f 670/849/1 664/850/1 667/851/1
f 666/852/2 663/853/2 664/850/2
f 670/849/6 666/852/6 664/850/6
f 674/845/150 670/849/150 669/843/150
f 668/854/151 672/846/151 671/844/151
f 672/846/5 663/853/5 665/847/5
f 681/855/4 683/856/4 686/857/4
f 684/858/15 677/859/15 685/860/15
f 682/861/1 676/862/1 679/863/1
f 678/864/2 675/865/2 676/862/2
f 682/861/6 678/864/6 676/862/6
f 686/857/150 682/861/150 681/855/150
f 680/866/151 684/858/151 683/856/151
f 684/858/5 675/865/5 677/859/5
f 693/867/4 695/868/4 698/869/4
f 696/870/15 689/871/15 697/872/15
f 694/873/1 688/874/1 691/875/1
f 690/876/2 687/877/2 688/874/2
f 694/873/6 690/876/6 688/874/6
f 698/869/150 694/873/150 693/867/150
f 692/878/151 696/870/151 695/868/151
f 696/870/5 687/877/5 689/871/5
f 705/879/4 707/880/4 710/881/4
f 708/882/15 701/883/15 709/884/15
f 706/885/1 700/886/1 703/887/1
f 702/888/2 699/889/2 700/886/2
f 706/885/6 702/888/6 700/886/6
f 710/881/150 706/885/150 705/879/150
f 704/890/151 708/882/151 707/880/151
f 708/882/5 699/889/5 701/883/5
f 717/891/4 719/892/4 722/893/4
f 720/894/15 713/895/15 721/896/15
f 718/897/1 712/898/1 715/899/1
f 714/900/2 711/901/2 712/898/2
f 718/897/6 714/900/6 712/898/6
f 722/893/150 718/897/150 717/891/150
f 716/902/151 720/894/151 719/892/151
f 720/894/5 711/901/5 713/895/5
f 729/903/4 731/904/4 734/905/4
f 732/906/15 725/907/15 733/908/15
f 730/909/1 724/910/1 727/911/1
f 726/912/2 723/913/2 724/910/2
f 730/909/6 726/912/6 724/910/6
f 734/905/150 730/909/150 729/903/150
f 728/914/151 732/906/151 731/904/151
f 732/906/5 723/913/5 725/907/5
f 741/915/4 743/916/4 746/917/4
f 744/918/15 737/919/15 745/920/15
f 742/921/1 736/922/1 739/923/1
f 738/924/2 735/925/2 736/922/2
f 742/921/6 738/924/6 736/922/6
f 746/917/150 742/921/150 741/915/150
f 740/926/151 744/918/151 743/916/151
f 744/918/5 735/925/5 737/919/5
f 753/927/4 755/928/4 758/929/4
f 756/930/15 749/931/15 757/932/15
f 754/933/1 748/934/1 751/935/1
f 750/936/2 747/937/2 748/934/2
f 754/933/6 750/936/6 748/934/6
f 758/929/150 754/933/150 753/927/150
f 752/938/151 756/930/151 755/928/151
f 756/930/5 747/937/5 749/931/5
f 765/939/4 767/940/4 770/941/4
f 768/942/15 761/943/15 769/944/15
f 766/945/1 760/946/1 763/947/1
f 762/948/2 759/949/2 760/946/2
f 766/945/6 762/948/6 760/946/6
f 770/941/150 766/945/150 765/939/150
f 764/950/151 768/942/151 767/940/151
f 768/942/5 759/949/5 761/943/5
f 777/951/4 779/952/4 782/953/4
f 780/954/15 773/955/15 781/956/15
f 778/957/1 772/958/1 775/959/1
f 774/960/2 771/961/2 772/958/2
f 778/957/6 774/960/6 772/958/6
f 782/953/150 778/957/150 777/951/150
f 776/962/151 780/954/151 779/952/151
f 780/954/5 771/961/5 773/955/5
f 789/963/4 791/964/4 794/965/4
f 792/966/15 785/967/15 793/968/15
f 790/969/152 784/970/153 787/971/154
f 786/972/2 783/973/2 784/970/2
f 790/969/6 786/972/6 784/970/6
f 794/965/150 790/969/150 789/963/150
f 788/974/151 792/966/151 791/964/151
f 792/966/5 783/973/5 785/967/5
f 801/975/4 803/976/4 806/977/4
f 804/978/15 797/979/15 805/980/15
f 802/981/1 796/982/1 799/983/155
f 798/984/2 795/985/2 796/982/2
f 802/981/6 798/984/6 796/982/6
f 806/977/150 802/981/150 801/975/150
f 800/986/151 804/978/151 803/976/151
f 804/978/5 795/985/5 797/979/5
f 813/987/4 815/988/4 818/989/4
f 816/990/148 809/991/156 817/992/157
f 814/993/1 808/994/1 811/995/1
f 810/996/2 807/997/2 808/994/2
f 814/993/6 810/996/6 808/994/6
f 818/989/150 814/993/150 813/987/150
f 812/998/151 816/990/151 815/988/151
f 816/990/5 807/997/5 809/991/5
f 825/999/4 827/1000/4 830/1001/4
f 828/1002/148 821/1003/158 829/1004/157
f 826/1005/1 820/1006/159 823/1007/155
f 822/1008/2 819/1009/2 820/1006/2
f 826/1005/6 822/1008/6 820/1006/6
f 830/1001/150 826/1005/150 825/999/150
f 824/1010/151 828/1002/151 827/1000/151
f 828/1002/5 819/1009/5 821/1003/5
f 839/1011/2 837/1012/2 842/1013/2
f 839/1011/15 842/1013/15 841/1014/15
f 837/1012/1 836/1015/1 835/1016/1
f 831/1017/4 834/1018/4 832/1019/4
f 834/1018/6 838/1020/6 832/1019/6
f 838/1020/160 842/1013/160 837/1012/160
f 840/1021/161 836/1015/161 839/1011/161
f 831/1017/5 840/1021/5 833/1022/5
f 851/1023/2 849/1024/2 854/1025/2
f 851/1023/15 854/1025/15 853/1026/15
f 849/1024/1 848/1027/1 847/1028/1
f 843/1029/4 846/1030/4 844/1031/4
f 846/1030/162 850/1032/6 844/1031/6
f 850/1032/160 854/1025/160 849/1024/160
f 852/1033/161 848/1027/161 851/1023/161
f 843/1029/5 852/1033/5 845/1034/5
f 863/1035/2 861/1036/2 866/1037/2
f 863/1035/15 866/1037/15 865/1038/15
f 861/1036/1 860/1039/1 859/1040/1
f 855/1041/4 858/1042/4 856/1043/4
f 858/1042/163 862/1044/162 856/1043/162
f 862/1044/160 866/1037/160 861/1036/160
f 864/1045/161 860/1039/161 863/1035/161
f 855/1041/5 864/1045/5 857/1046/5
f 875/1047/2 873/1048/2 878/1049/2
f 875/1047/15 878/1049/15 877/1050/15
f 873/1048/1 872/1051/1 871/1052/1
f 867/1053/4 870/1054/4 868/1055/4
f 870/1054/163 874/1056/6 868/1055/6
f 874/1056/160 878/1049/160 873/1048/160
f 876/1057/161 872/1051/161 875/1047/161
f 867/1053/5 876/1057/5 869/1058/5
f 887/1059/2 885/1060/2 890/1061/2
f 887/1059/15 890/1061/15 889/1062/15
f 885/1060/1 884/1063/1 883/1064/1
f 879/1065/4 882/1066/4 880/1067/4
f 882/1066/6 886/1068/163 880/1067/163
f 886/1068/160 890/1061/160 885/1060/160
f 888/1069/161 884/1063/161 887/1059/161
f 879/1065/5 888/1069/5 881/1070/5
f 899/1071/2 897/1072/2 902/1073/2
f 899/1071/15 902/1073/15 901/1074/15
f 897/1072/1 896/1075/1 895/1076/1
f 891/1077/4 894/1078/4 892/1079/4
f 894/1078/6 898/1080/6 892/1079/6
f 898/1080/160 902/1073/160 897/1072/160
f 900/1081/161 896/1075/161 899/1071/161
f 891/1077/5 900/1081/5 893/1082/5
f 911/1083/2 909/1084/2 914/1085/2
f 911/1083/15 914/1085/15 913/1086/15
f 909/1084/1 908/1087/1 907/1088/1
f 903/1089/4 906/1090/4 904/1091/4
f 906/1090/163 910/1092/6 904/1091/6
f 910/1092/160 914/1085/160 909/1084/160
f 912/1093/161 908/1087/161 911/1083/161
f 903/1089/5 912/1093/5 905/1094/5
f 923/1095/2 921/1096/2 926/1097/2
f 923/1095/15 926/1097/15 925/1098/15
f 921/1096/1 920/1099/1 919/1100/1
f 915/1101/4 918/1102/4 916/1103/4
f 918/1102/6 922/1104/163 916/1103/163
f 922/1104/160 926/1097/160 921/1096/160
f 924/1105/161 920/1099/161 923/1095/161
f 915/1101/5 924/1105/5 917/1106/5
f 935/1107/2 933/1108/2 938/1109/2
f 935/1107/15 938/1109/15 937/1110/15
f 933/1108/1 932/1111/1 931/1112/1
f 927/1113/4 930/1114/4 928/1115/4
f 930/1114/6 934/1116/162 928/1115/162
f 934/1116/160 938/1109/160 933/1108/160
f 936/1117/161 932/1111/161 935/1107/161
f 927/1113/5 936/1117/5 929/1118/5
f 947/1119/2 945/1120/2 950/1121/2
f 947/1119/15 950/1121/15 949/1122/15
f 945/1120/1 944/1123/1 943/1124/1
f 939/1125/4 942/1126/4 940/1127/4
f 942/1126/6 946/1128/6 940/1127/6
f 946/1128/160 950/1121/160 945/1120/160
f 948/1129/161 944/1123/161 947/1119/161
f 939/1125/5 948/1129/5 941/1130/5
f 959/1131/2 957/1132/2 962/1133/2
f 959/1131/15 962/1133/15 961/1134/15
f 957/1132/1 956/1135/1 955/1136/1
f 951/1137/4 954/1138/4 952/1139/4
f 954/1138/6 958/1140/6 952/1139/6
f 958/1140/160 962/1133/160 957/1132/160
f 960/1141/161 956/1135/161 959/1131/161
f 951/1137/5 960/1141/5 953/1142/5
f 971/1143/2 969/1144/2 974/1145/2
f 971/1143/15 974/1145/15 973/1146/157
f 969/1144/1 968/1147/1 967/1148/154
f 963/1149/4 966/1150/4 964/1151/4
f 966/1150/6 970/1152/6 964/1151/6
f 970/1152/160 974/1145/160 969/1144/160
f 972/1153/161 968/1147/161 971/1143/161
f 963/1149/5 972/1153/5 965/1154/5
f 983/1155/2 981/1156/2 986/1157/2
f 983/1155/15 986/1157/15 985/1158/157
f 981/1156/1 980/1159/1 979/1160/164
f 975/1161/4 978/1162/4 976/1163/4
f 978/1162/163 982/1164/6 976/1163/6
f 982/1164/160 986/1157/160 981/1156/160
f 984/1165/161 980/1159/161 983/1155/161
f 975/1161/5 984/1165/5 977/1166/5
f 995/1167/2 993/1168/2 998/1169/2
f 995/1167/15 998/1169/15 997/1170/165
f 993/1168/1 992/1171/1 991/1172/1
f 987/1173/4 990/1174/4 988/1175/4
f 990/1174/163 994/1176/6 988/1175/6
f 994/1176/160 998/1169/160 993/1168/160
f 996/1177/161 992/1171/161 995/1167/161
f 987/1173/5 996/1177/5 989/1178/5
f 1007/1179/2 1005/1180/2 1010/1181/2
f 1007/1179/15 1010/1181/15 1009/1182/148
f 1005/1180/1 1004/1183/1 1003/1184/155
f 999/1185/4 1002/1186/4 1000/1187/4
f 1002/1186/6 1006/1188/6 1000/1187/6
f 1006/1188/160 1010/1181/160 1005/1180/160
f 1008/1189/161 1004/1183/161 1007/1179/161
f 999/1185/5 1008/1189/5 1001/1190/5
f 1019/1191/2 1017/1192/2 1022/1193/2
f 1019/1191/15 1022/1193/15 1021/1194/15
f 1017/1192/1 1016/1195/1 1015/1196/1
f 1011/1197/4 1014/1198/4 1012/1199/4
f 1014/1198/6 1018/1200/6 1012/1199/6
f 1018/1200/160 1022/1193/160 1017/1192/160
f 1020/1201/161 1016/1195/161 1019/1191/161
f 1011/1197/5 1020/1201/5 1013/1202/5
f 1029/1203/5 1031/1204/5 1034/1205/5
f 1031/1204/1 1032/1206/166 1025/1207/166
f 1029/1203/15 1030/1208/167 1024/1209/168
f 1026/1210/6 1023/1211/6 1024/1209/6
f 1030/1208/2 1026/1210/2 1024/1209/2
f 1034/1205/169 1030/1208/169 1029/1203/169
f 1031/1204/170 1027/1212/170 1032/1206/170
f 1032/1206/4 1023/1211/4 1025/1207/4
f 1041/1213/5 1043/1214/5 1046/1215/5
f 1043/1214/1 1044/1216/1 1037/1217/1
f 1041/1213/15 1042/1218/15 1036/1219/15
f 1038/1220/6 1035/1221/6 1036/1219/6
f 1042/1218/2 1038/1220/2 1036/1219/2
f 1046/1215/169 1042/1218/169 1041/1213/169
f 1043/1214/170 1039/1222/170 1044/1216/170
f 1044/1216/4 1035/1221/4 1037/1217/4
f 1053/1223/5 1055/1224/5 1058/1225/5
f 1055/1224/159 1056/1226/1 1049/1227/1
f 1053/1223/171 1054/1228/172 1048/1229/15
f 1050/1230/6 1047/1231/6 1048/1229/6
f 1054/1228/2 1050/1230/2 1048/1229/2
f 1058/1225/169 1054/1228/169 1053/1223/169
f 1052/1232/170 1056/1226/170 1055/1224/170
f 1056/1226/4 1047/1231/4 1049/1227/4
f 1065/1233/5 1067/1234/5 1070/1235/5
f 1067/1234/1 1068/1236/173 1061/1237/174
f 1065/1233/15 1066/1238/15 1060/1239/15
f 1062/1240/6 1059/1241/6 1060/1239/6
f 1066/1238/2 1062/1240/2 1060/1239/2
f 1070/1235/169 1066/1238/169 1065/1233/169
f 1064/1242/170 1068/1236/170 1067/1234/170
f 1068/1236/4 1059/1241/4 1061/1237/4
f 1077/1243/5 1079/1244/5 1082/1245/5
f 1079/1244/1 1080/1246/47 1073/1247/166
f 1077/1243/15 1078/1248/168 1072/1249/175
f 1074/1250/6 1071/1251/6 1072/1249/6
f 1078/1248/2 1074/1250/2 1072/1249/2
f 1082/1245/169 1078/1248/169 1077/1243/169
f 1076/1252/170 1080/1246/170 1079/1244/170
f 1080/1246/4 1071/1251/4 1073/1247/4
f 1089/1253/5 1091/1254/5 1094/1255/5
f 1091/1254/1 1092/1256/166 1085/1257/1
f 1089/1253/15 1090/1258/172 1084/1259/15
f 1086/1260/6 1083/1261/6 1084/1259/6
f 1090/1258/2 1086/1260/2 1084/1259/2
f 1094/1255/169 1090/1258/169 1089/1253/169
f 1088/1262/170 1092/1256/170 1091/1254/170
f 1092/1256/4 1083/1261/4 1085/1257/4
f 1101/1263/5 1103/1264/5 1106/1265/5
f 1103/1264/1 1104/1266/1 1097/1267/1
f 1101/1263/15 1102/1268/15 1096/1269/15
f 1098/1270/6 1095/1271/6 1096/1269/6
f 1102/1268/2 1098/1270/2 1096/1269/2
f 1106/1265/169 1102/1268/169 1101/1263/169
f 1100/1272/170 1104/1266/170 1103/1264/170
f 1104/1266/4 1095/1271/4 1097/1267/4
f 1113/1273/5 1115/1274/5 1118/1275/5
f 1115/1274/1 1116/1276/166 1109/1277/1
f 1113/1273/15 1114/1278/168 1108/1279/175
f 1110/1280/6 1107/1281/6 1108/1279/6
f 1114/1278/2 1110/1280/2 1108/1279/2
f 1118/1275/169 1114/1278/169 1113/1273/169
f 1112/1282/170 1116/1276/170 1115/1274/170
f 1116/1276/4 1107/1281/4 1109/1277/4
f 1125/1283/5 1127/1284/5 1130/1285/5
f 1127/1284/1 1128/1286/1 1121/1287/1
f 1125/1283/15 1126/1288/15 1120/1289/15
f 1122/1290/6 1119/1291/6 1120/1289/6
f 1126/1288/176 1122/1290/2 1120/1289/176
f 1130/1285/169 1126/1288/169 1125/1283/169
f 1124/1292/170 1128/1286/170 1127/1284/170
f 1128/1286/4 1119/1291/4 1121/1287/4
f 1137/1293/5 1139/1294/5 1142/1295/5
f 1139/1294/1 1140/1296/1 1133/1297/1
f 1137/1293/15 1138/1298/15 1132/1299/15
f 1134/1300/6 1131/1301/6 1132/1299/6
f 1138/1298/2 1134/1300/2 1132/1299/2
f 1142/1295/169 1138/1298/169 1137/1293/169
f 1136/1302/170 1140/1296/170 1139/1294/170
f 1140/1296/4 1131/1301/4 1133/1297/4
f 1149/1303/5 1151/1304/5 1154/1305/5
f 1151/1304/1 1152/1306/1 1145/1307/1
f 1149/1303/15 1150/1308/15 1144/1309/15
f 1146/1310/6 1143/1311/6 1144/1309/6
f 1150/1308/2 1146/1310/2 1144/1309/2
f 1154/1305/169 1150/1308/169 1149/1303/169
f 1148/1312/170 1152/1306/170 1151/1304/170
f 1152/1306/4 1143/1311/4 1145/1307/4
f 1161/1313/5 1163/1314/5 1166/1315/5
f 1163/1314/154 1164/1316/1 1157/1317/1
f 1161/1313/15 1162/1318/15 1156/1319/15
f 1158/1320/6 1155/1321/6 1156/1319/6
f 1162/1318/2 1158/1320/2 1156/1319/2
f 1166/1315/169 1162/1318/169 1161/1313/169
f 1160/1322/170 1164/1316/170 1163/1314/170
f 1164/1316/4 1155/1321/4 1157/1317/4
f 1173/1323/5 1175/1324/5 1178/1325/5
f 1175/1324/1 1176/1326/174 1169/1327/174
f 1173/1323/15 1174/1328/15 1168/1329/15
f 1170/1330/6 1167/1331/6 1168/1329/6
f 1174/1328/2 1170/1330/2 1168/1329/2
f 1178/1325/169 1174/1328/169 1173/1323/169
f 1172/1332/170 1176/1326/170 1175/1324/170
f 1176/1326/4 1167/1331/4 1169/1327/4
f 1185/1333/5 1187/1334/5 1190/1335/5
f 1187/1334/1 1188/1336/1 1181/1337/1
f 1185/1333/15 1186/1338/172 1180/1339/15
f 1182/1340/6 1179/1341/6 1180/1339/6
f 1186/1338/2 1182/1340/2 1180/1339/2
f 1190/1335/169 1186/1338/169 1185/1333/169
f 1184/1342/170 1188/1336/170 1187/1334/170
f 1188/1336/4 1179/1341/4 1181/1337/4
f 1197/1343/5 1199/1344/5 1202/1345/5
f 1199/1344/1 1200/1346/1 1193/1347/1
f 1197/1343/15 1198/1348/15 1192/1349/15
f 1194/1350/6 1191/1351/6 1192/1349/6
f 1198/1348/2 1194/1350/2 1192/1349/2
f 1202/1345/169 1198/1348/169 1197/1343/169
f 1196/1352/170 1200/1346/170 1199/1344/170
f 1200/1346/4 1191/1351/4 1193/1347/4
f 1209/1353/5 1211/1354/5 1214/1355/5
f 1211/1354/1 1212/1356/1 1205/1357/1
f 1209/1353/15 1210/1358/15 1204/1359/15
f 1206/1360/6 1203/1361/6 1204/1359/6
f 1210/1358/2 1206/1360/2 1204/1359/2
f 1214/1355/169 1210/1358/169 1209/1353/169
f 1208/1362/170 1212/1356/170 1211/1354/170
f 1212/1356/4 1203/1361/4 1205/1357/4
f 1221/1363/6 1223/1364/6 1226/1365/6
f 1223/1364/15 1224/1366/15 1217/1367/15
f 1221/1363/1 1222/1368/1 1216/1369/1
f 1218/1370/5 1215/1371/5 1216/1369/5
f 1222/1368/2 1218/1370/2 1216/1369/2
f 1221/1363/177 1225/1372/177 1222/1368/177
f 1220/1373/178 1224/1366/178 1223/1364/178
f 1224/1366/4 1215/1371/4 1217/1367/4
f 1233/1374/6 1235/1375/6 1238/1376/6
f 1235/1375/15 1236/1377/15 1229/1378/15
f 1233/1374/1 1234/1379/166 1228/1380/1
f 1230/1381/5 1227/1382/5 1228/1380/5
f 1234/1379/2 1230/1381/2 1228/1380/2
f 1238/1376/177 1234/1379/177 1233/1374/177
f 1235/1375/178 1231/1383/178 1236/1377/178
f 1236/1377/4 1227/1382/4 1229/1378/4
f 1245/1384/6 1247/1385/6 1250/1386/6
f 1247/1385/171 1248/1387/175 1241/1388/15
f 1245/1384/1 1246/1389/1 1240/1390/1
f 1242/1391/5 1239/1392/5 1240/1390/5
f 1246/1389/2 1242/1391/2 1240/1390/2
f 1250/1386/177 1246/1389/177 1245/1384/177
f 1244/1393/178 1248/1387/178 1247/1385/178
f 1248/1387/4 1239/1392/4 1241/1388/4
f 1257/1394/6 1259/1395/6 1262/1396/6
f 1259/1395/179 1260/1397/172 1253/1398/15
f 1257/1394/1 1258/1399/166 1252/1400/166
f 1254/1401/5 1251/1402/5 1252/1400/5
f 1258/1399/2 1254/1401/2 1252/1400/2
f 1262/1396/177 1258/1399/177 1257/1394/177
f 1256/1403/178 1260/1397/178 1259/1395/178
f 1260/1397/4 1251/1402/4 1253/1398/4
f 1269/1404/6 1271/1405/6 1274/1406/6
f 1271/1405/148 1272/1407/172 1265/1408/15
f 1269/1404/1 1270/1409/180 1264/1410/174
f 1266/1411/5 1263/1412/5 1264/1410/5
f 1270/1409/2 1266/1411/2 1264/1410/2
f 1274/1406/177 1270/1409/177 1269/1404/177
f 1268/1413/178 1272/1407/178 1271/1405/178
f 1272/1407/4 1263/1412/4 1265/1408/4
f 1281/1414/6 1283/1415/6 1286/1416/6
f 1283/1415/15 1284/1417/15 1277/1418/15
f 1281/1414/1 1282/1419/1 1276/1420/1
f 1278/1421/5 1275/1422/5 1276/1420/5
f 1282/1419/2 1278/1421/2 1276/1420/2
f 1286/1416/177 1282/1419/177 1281/1414/177
f 1280/1423/178 1284/1417/178 1283/1415/178
f 1284/1417/4 1275/1422/4 1277/1418/4
f 1293/1424/6 1295/1425/6 1298/1426/6
f 1295/1425/15 1296/1427/172 1289/1428/15
f 1293/1424/1 1294/1429/47 1288/1430/166
f 1290/1431/5 1287/1432/5 1288/1430/5
f 1294/1429/2 1290/1431/2 1288/1430/2
f 1298/1426/177 1294/1429/177 1293/1424/177
f 1292/1433/178 1296/1427/178 1295/1425/178
f 1296/1427/4 1287/1432/4 1289/1428/4
f 1305/1434/6 1307/1435/6 1310/1436/6
f 1307/1435/15 1308/1437/15 1301/1438/15
f 1305/1434/1 1306/1439/1 1300/1440/1
f 1302/1441/5 1299/1442/5 1300/1440/5
f 1306/1439/2 1302/1441/2 1300/1440/2
f 1310/1436/177 1306/1439/177 1305/1434/177
f 1304/1443/178 1308/1437/178 1307/1435/178
f 1308/1437/4 1299/1442/4 1301/1438/4
f 1317/1444/6 1319/1445/6 1322/1446/6
f 1319/1445/157 1320/1447/15 1313/1448/15
f 1317/1444/1 1318/1449/166 1312/1450/1
f 1314/1451/5 1311/1452/5 1312/1450/5
f 1318/1449/2 1314/1451/2 1312/1450/2
f 1322/1446/177 1318/1449/177 1317/1444/177
f 1316/1453/178 1320/1447/178 1319/1445/178
f 1320/1447/4 1311/1452/4 1313/1448/4
f 1329/1454/6 1331/1455/6 1334/1456/6
f 1331/1455/149 1332/1457/175 1325/1458/15
f 1329/1454/1 1330/1459/1 1324/1460/1
f 1326/1461/5 1323/1462/5 1324/1460/5
f 1330/1459/2 1326/1461/2 1324/1460/2
f 1334/1456/177 1330/1459/177 1329/1454/177
f 1328/1463/178 1332/1457/178 1331/1455/178
f 1332/1457/4 1323/1462/4 1325/1458/4
f 1341/1464/6 1343/1465/6 1346/1466/6
f 1343/1465/171 1344/1467/168 1337/1468/175
f 1341/1464/155 1342/1469/1 1336/1470/1
f 1338/1471/5 1335/1472/5 1336/1470/5
f 1342/1469/2 1338/1471/2 1336/1470/2
f 1346/1466/177 1342/1469/177 1341/1464/177
f 1340/1473/178 1344/1467/178 1343/1465/178
f 1344/1467/4 1335/1472/4 1337/1468/4
f 1353/1474/6 1355/1475/6 1358/1476/6
f 1355/1475/15 1356/1477/181 1349/1478/182
f 1353/1474/1 1354/1479/1 1348/1480/1
f 1350/1481/5 1347/1482/5 1348/1480/5
f 1354/1479/2 1350/1481/2 1348/1480/2
f 1358/1476/177 1354/1479/177 1353/1474/177
f 1352/1483/178 1356/1477/178 1355/1475/178
f 1356/1477/4 1347/1482/4 1349/1478/4
f 1365/1484/6 1367/1485/6 1370/1486/6
f 1367/1485/15 1368/1487/15 1361/1488/15
f 1365/1484/1 1366/1489/173 1360/1490/174
f 1362/1491/5 1359/1492/5 1360/1490/5
f 1366/1489/2 1362/1491/2 1360/1490/2
f 1370/1486/177 1366/1489/177 1365/1484/177
f 1364/1493/178 1368/1487/178 1367/1485/178
f 1368/1487/4 1359/1492/4 1361/1488/4
f 1377/1494/6 1379/1495/6 1382/1496/6
f 1379/1495/15 1380/1497/15 1373/1498/15
f 1377/1494/1 1378/1499/183 1372/1500/166
f 1374/1501/5 1371/1502/5 1372/1500/5
f 1378/1499/2 1374/1501/2 1372/1500/2
f 1382/1496/177 1378/1499/177 1377/1494/177
f 1376/1503/178 1380/1497/178 1379/1495/178
f 1380/1497/4 1371/1502/4 1373/1498/4
f 1389/1504/6 1391/1505/6 1394/1506/6
f 1391/1505/149 1392/1507/184 1385/1508/175
f 1389/1504/1 1390/1509/185 1384/1510/180
f 1386/1511/5 1383/1512/5 1384/1510/5
f 1390/1509/2 1386/1511/2 1384/1510/2
f 1394/1506/177 1390/1509/177 1389/1504/177
f 1388/1513/178 1392/1507/178 1391/1505/178
f 1392/1507/4 1383/1512/4 1385/1508/4
f 1401/1514/6 1403/1515/6 1406/1516/6
f 1403/1515/15 1404/1517/181 1397/1518/182
f 1401/1514/1 1402/1519/166 1396/1520/166
f 1398/1521/5 1395/1522/5 1396/1520/5
f 1402/1519/2 1398/1521/2 1396/1520/2
f 1406/1516/177 1402/1519/177 1401/1514/177
f 1400/1523/178 1404/1517/178 1403/1515/178
f 1404/1517/186 1395/1522/4 1397/1518/186
f 1409/1524/187 1428/1525/187 1414/1526/187
f 1437/1527/15 1419/1528/15 1446/1529/15
f 1454/1530/15 1412/1531/15 1452/1532/15
f 1412/1531/188 1451/1533/188 1452/1532/188
f 1431/1534/1 1779/1535/1 1449/1536/1
f 1408/1537/1 1448/1538/1 1433/1539/1
f 1436/1540/1 1756/1541/1 1435/1542/1
f 1414/1526/189 1550/1543/189 1637/1544/189
f 1444/1545/1 1756/1541/1 1767/1546/1
f 1433/1539/1 1803/1547/1 1453/1548/1
f 1438/1549/15 1409/1524/15 1437/1527/15
f 1439/1550/1 1755/1551/1 1436/1540/1
f 1440/1552/1 1760/1553/1 1439/1550/1
f 1625/1554/190 1561/1555/190 1413/1556/190
f 1417/1557/191 1738/1558/191 1739/1559/191
f 1438/1549/15 1418/1560/15 1410/1561/15
f 1441/1562/15 1417/1557/15 1418/1560/15
f 1431/1534/1 1768/1563/1 1751/1564/1
f 1443/1565/1 1767/1546/1 1768/1563/1
f 1542/1566/192 1536/1567/192 1565/1568/192
f 1419/1528/193 1727/1569/193 1728/1570/193
f 1445/1571/15 1411/1572/15 1434/1573/15
f 1446/1529/15 1420/1574/15 1445/1571/15
f 1448/1538/6 1424/1575/6 1447/1576/6
f 1412/1531/194 1423/1577/194 1408/1537/194
f 1432/1578/15 1772/1579/15 1447/1576/15
f 1426/1580/4 1428/1525/4 1425/1581/4
f 1414/1526/1 1427/1582/1 1413/1556/1
f 1410/1561/15 1425/1581/15 1409/1524/15
f 1413/1556/195 1426/1580/195 1410/1561/195
f 1450/1583/5 1429/1584/5 1449/1536/5
f 1411/1572/15 1450/1583/15 1434/1573/15
f 1407/1585/196 1430/1586/196 1411/1572/196
f 1434/1573/15 1780/1587/15 1753/1588/15
f 1780/1587/5 1449/1536/5 1779/1535/5
f 1412/1531/15 1447/1576/15 1424/1575/15
f 1771/1589/6 1447/1576/6 1772/1579/6
f 1421/1590/1 1444/1545/1 1443/1565/1
f 1407/1585/1 1443/1565/1 1431/1534/1
f 1416/1591/1 1439/1550/1 1415/1592/1
f 1415/1592/1 1436/1540/1 1413/1556/1
f 1408/1537/1 1453/1548/1 1451/1533/1
f 1422/1593/1 1435/1542/1 1444/1545/1
f 1413/1556/1 1435/1542/1 1414/1526/1
f 1433/1539/1 1771/1589/1 1752/1594/1
f 1407/1585/1 1449/1536/1 1429/1584/1
f 1802/1595/15 1432/1578/15 1454/1530/15
f 1451/1533/1 1440/1552/1 1416/1591/1
f 1453/1548/1 1759/1596/1 1440/1552/1
f 1452/1532/188 1602/1597/188 1600/1598/188
f 1442/1599/15 1452/1532/15 1417/1557/15
f 1753/1588/6 1455/1600/6 1434/1573/6
f 1446/1529/197 1733/1601/197 1729/1602/197
f 1546/1603/198 1568/1604/198 1463/1605/198
f 1441/1562/199 1742/1606/199 1740/1607/199
f 1455/1600/200 1567/1608/200 1543/1609/200
f 1437/1527/2 1457/1610/2 1438/1549/2
f 1638/1611/201 1551/1612/201 1456/1613/201
f 1457/1610/202 1562/1614/202 1626/1615/202
f 1454/1530/203 1815/1616/5 1802/1595/5
f 1692/1617/204 1682/1618/204 1695/1619/204
f 1553/1620/205 1551/1612/205 1555/1621/206
f 1714/1622/207 1716/1623/207 1717/1624/207
f 1640/1625/15 1639/1626/15 1641/1627/15
f 1578/1628/15 1572/1629/15 1577/1630/175
f 1484/1631/15 1482/1632/15 1483/1633/15
f 1544/1634/208 1547/1635/208 1546/1603/208
f 1501/1636/209 1503/1637/210 1504/1638/209
f 1522/1639/211 1524/1640/211 1525/1641/211
f 1679/1642/212 1680/1643/212 1684/1644/212
f 1685/1645/193 1691/1646/193 1666/1647/193
f 1697/1648/193 1711/1649/193 1710/1650/193
f 1630/1651/193 1643/1652/193 1642/1653/193
f 1635/1654/193 1553/1620/193 1552/1655/193
f 1580/1656/193 1593/1657/193 1592/1658/193
f 1495/1659/193 1512/1660/193 1505/1661/193
f 1501/1636/193 1422/1593/193 1421/1590/193
f 1579/1662/213 1581/1663/213 1582/1664/213
f 1464/1665/214 1469/1666/214 1463/1605/214
f 1493/1667/204 1478/1668/204 1494/1669/204
f 1542/1566/211 1543/1609/211 1541/1670/211
f 1725/1671/211 1726/1672/211 1724/1673/211
f 1515/1674/15 1514/1675/15 1516/1676/15
f 1513/1677/1 1512/1660/1 1497/1678/1
f 1705/1679/15 1694/1680/15 1704/1681/15
f 1647/1682/211 1648/1683/215 1646/1684/211
f 1739/1559/212 1740/1607/212 1742/1606/212
f 1465/1685/208 1468/1686/208 1467/1687/208
f 1686/1688/205 1690/1689/205 1688/1690/216
f 1585/1691/1 1584/1692/166 1586/1693/1
f 1584/1692/208 1464/1665/208 1463/1605/208
f 1559/1694/212 1560/1695/212 1564/1696/212
f 1609/1697/208 1602/1597/208 1601/1698/208
f 1654/1699/214 1655/1700/214 1653/1701/214
f 1583/1702/217 1574/1703/218 1575/1704/15
f 1651/1705/1 1650/1706/1 1644/1707/1
f 1718/1708/204 1721/1709/204 1719/1710/204
f 1711/1649/205 1634/1711/205 1713/1712/216
f 1629/1713/213 1631/1714/219 1632/1715/220
f 1600/1598/214 1605/1716/214 1599/1717/214
f 1735/1718/208 1654/1699/208 1653/1701/208
f 1675/1719/211 1676/1720/211 1700/1721/211
f 1658/1722/15 1660/1723/15 1657/1724/15
f 1558/1725/1 1557/1726/1 1554/1727/1
f 1659/1728/191 1673/1729/191 1679/1642/191
f 1693/1730/191 1709/1731/191 1603/1732/191
f 1620/1733/191 1611/1734/191 1613/1735/191
f 1534/1736/191 1549/1737/191 1559/1694/191
f 1571/1738/191 1587/1739/191 1588/1740/191
f 1486/1741/191 1474/1742/191 1475/1743/191
f 1481/1744/191 1416/1591/191 1415/1592/191
f 1678/1745/1 1691/1646/1 1687/1746/1
f 1612/1747/1 1609/1697/166 1610/1748/1
f 1669/1749/1 1668/1750/166 1672/1751/166
f 1485/1752/204 1490/1753/204 1488/1754/204
f 1727/1569/205 1662/1755/205 1730/1756/216
f 1671/1757/214 1703/1758/214 1670/1759/214
f 1619/1760/204 1616/1761/204 1622/1762/204
f 1565/1568/211 1567/1608/211 1576/1763/211
f 1598/1764/1 1597/1765/1 1708/1766/1
f 1602/1597/214 1530/1767/214 1601/1698/214
f 1521/1768/1 1596/1769/1 1594/1770/1
f 1664/1771/15 1663/1772/15 1665/1773/171
f 1466/1774/1 1465/1685/174 1473/1775/1
f 1736/1776/1 1735/1718/174 1737/1777/1
f 1649/1778/207 1651/1705/207 1652/1779/207
f 1716/1623/1 1715/1780/1 1712/1781/1
f 1472/1782/15 1487/1783/15 1471/1784/15
f 1468/1686/214 1479/1785/214 1467/1687/214
f 1511/1786/207 1513/1677/207 1527/1787/207
f 1707/1788/15 1701/1789/15 1702/1790/15
f 1696/1791/213 1698/1792/221 1699/1793/213
f 1526/1794/211 1528/1795/211 1529/1796/211
f 1570/1797/204 1562/1614/204 1573/1798/204
f 1532/1799/15 1535/1800/15 1531/1801/15
f 1593/1657/205 1510/1802/205 1595/1803/216
f 1518/1804/222 1517/1805/223 1519/1806/15
f 1537/1807/217 1536/1567/218 1538/1808/15
f 1496/1809/205 1500/1810/205 1498/1811/216
f 1520/1812/207 1521/1768/207 1523/1813/207
f 1603/1732/212 1604/1814/212 1618/1815/212
f 1613/1735/212 1614/1816/212 1624/1817/212
f 1665/1773/197 1678/1745/197 1687/1746/197
f 1702/1790/197 1716/1623/197 1712/1781/197
f 1641/1627/197 1651/1705/197 1644/1707/197
f 1538/1808/197 1558/1725/197 1554/1727/197
f 1575/1704/197 1521/1768/197 1594/1770/197
f 1516/1676/197 1513/1677/197 1497/1678/197
f 1519/1806/197 1460/1818/197 1461/1819/197
f 1545/1820/166 1544/1634/1 1548/1821/1
f 1660/1723/199 1684/1644/199 1680/1643/199
f 1694/1680/199 1618/1815/199 1604/1814/199
f 1614/1816/199 1610/1748/199 1621/1822/199
f 1560/1695/199 1548/1821/199 1535/1800/199
f 1572/1629/199 1591/1823/199 1589/1824/199
f 1476/1825/199 1473/1775/199 1487/1783/199
f 1482/1632/199 1458/1826/199 1459/1827/199
f 1475/1743/212 1476/1825/212 1492/1828/212
f 1547/1635/214 1568/1604/214 1546/1603/214
f 1588/1740/212 1589/1824/212 1591/1823/212
f 1539/1829/213 1540/1830/213 1636/1831/213
f 1597/1765/208 1600/1598/208 1599/1717/208
f 1731/1832/207 1733/1601/207 1734/1833/207
f 1607/1834/15 1621/1822/15 1606/1835/15
f 1668/1750/208 1671/1757/208 1670/1759/208
f 1733/1601/1 1732/1836/1 1729/1602/1
f 1505/1661/209 1507/1837/210 1508/1838/209
f 1666/1647/213 1667/1839/220 1723/1840/209
f 1556/1841/207 1558/1725/207 1566/1842/207
f 1627/1843/204 1626/1615/204 1628/1844/204
f 1677/1845/207 1678/1745/207 1674/1846/207
f 1643/1652/205 1638/1611/205 1645/1847/216
f 1776/1848/224 1745/1849/224 1750/1850/224
f 1763/1851/15 1787/1852/15 1796/1853/15
f 1806/1854/15 1748/1855/15 1782/1856/15
f 1801/1857/225 1748/1855/225 1804/1858/225
f 1781/1859/1 1779/1535/1 1751/1564/1
f 1798/1860/1 1744/1861/1 1783/1862/1
f 1756/1541/1 1786/1863/1 1785/1864/1
f 1991/1865/226 1904/1866/226 1750/1850/226
f 1794/1867/1 1756/1541/1 1785/1864/1
f 1803/1547/1 1783/1862/1 1805/1868/1
f 1745/1849/15 1788/1869/15 1787/1852/15
f 1755/1551/1 1789/1870/1 1786/1863/1
f 1760/1553/1 1790/1871/1 1789/1870/1
f 1746/1872/227 1979/1873/227 1969/1874/227
f 2093/1875/228 2092/1876/228 1761/1877/228
f 1788/1869/15 1762/1878/15 1791/1879/15
f 1791/1879/15 1761/1877/15 1792/1880/15
f 1781/1859/1 1768/1563/1 1793/1881/1
f 1793/1881/1 1767/1546/1 1794/1867/1
f 1896/1882/229 2003/1883/229 2001/1884/229
f 2082/1885/230 2081/1886/230 1763/1851/230
f 1747/1887/15 1795/1888/15 1784/1889/15
f 1764/1890/15 1796/1853/15 1795/1888/15
f 1770/1891/6 1798/1860/6 1797/1892/6
f 1769/1893/231 1748/1855/231 1744/1861/231
f 1782/1856/15 1772/1579/15 1754/1894/15
f 1776/1848/2 1774/1895/2 1773/1896/2
f 1775/1897/1 1750/1850/1 1749/1898/1
f 1773/1896/15 1746/1872/15 1745/1849/15
f 1774/1895/232 1749/1898/232 1746/1872/232
f 1777/1899/5 1800/1900/5 1799/1901/5
f 1800/1900/15 1747/1887/15 1784/1889/15
f 1778/1902/233 1743/1903/233 1747/1887/233
f 1780/1587/15 1784/1889/15 1753/1588/15
f 1799/1901/5 1780/1587/5 1779/1535/5
f 1748/1855/15 1797/1892/15 1782/1856/15
f 1797/1892/6 1771/1589/6 1772/1579/6
f 1765/1904/1 1794/1867/1 1766/1905/1
f 1743/1903/1 1793/1881/1 1765/1904/1
f 1789/1870/1 1758/1906/1 1757/1907/1
f 1786/1863/1 1757/1907/1 1749/1898/1
f 1805/1868/1 1744/1861/1 1801/1857/1
f 1766/1905/1 1785/1864/1 1750/1850/1
f 1785/1864/1 1749/1898/1 1750/1850/1
f 1771/1589/1 1783/1862/1 1752/1594/1
f 1743/1903/1 1799/1901/1 1781/1859/1
f 1802/1595/15 1782/1856/15 1754/1894/15
f 1790/1871/1 1801/1857/1 1758/1906/1
f 1759/1596/1 1805/1868/1 1790/1871/1
f 1956/1908/225 1901/1909/225 1801/1857/225
f 1792/1880/15 1804/1858/15 1806/1854/15
f 1808/1910/6 1753/1588/6 1784/1889/6
f 1796/1853/234 2087/1911/234 1795/1888/234
f 1955/1912/235 1963/1913/235 1953/1914/235
f 2094/1915/236 2096/1916/236 1791/1879/236
f 1897/1917/237 1921/1918/237 1808/1910/237
f 1810/1919/4 1787/1852/4 1788/1869/4
f 1787/1852/238 1988/1920/238 2044/1921/238
f 1980/1922/239 1916/1923/239 1810/1919/239
f 1815/1616/5 1806/1854/240 1802/1595/5
f 2046/1924/241 2047/1925/241 2049/1926/241
f 1907/1927/242 1906/1928/243 1909/1929/243
f 2071/1930/244 2068/1931/244 2001/1884/244
f 1995/1932/15 1993/1933/175 1994/1934/15
f 1932/1935/15 1923/1936/15 1931/1937/15
f 1838/1938/15 1834/1939/15 1837/1940/15
f 1898/1941/245 1901/1909/245 1899/1942/245
f 1858/1943/246 1855/1944/246 1856/1945/247
f 1879/1946/248 1876/1947/248 1868/1948/248
f 2038/1949/249 2033/1950/249 2037/1951/249
f 2039/1952/230 2076/1953/230 2020/1954/230
f 2064/1955/230 2051/1956/230 2050/1957/230
f 1996/1958/230 1984/1959/230 1983/1960/230
f 1906/1928/230 1989/1961/230 1893/1962/230
f 1946/1963/230 1934/1964/230 1933/1965/230
f 1849/1966/230 1860/1967/230 1859/1968/230
f 1766/1905/230 1856/1945/230 1855/1944/230
f 1936/1969/246 1933/1965/247 1934/1964/247
f 1823/1970/250 1818/1971/250 1817/1972/250
f 1847/1973/241 1835/1974/241 1848/1975/241
f 1895/1976/248 1896/1882/248 1890/1977/248
f 2078/1978/248 2079/1979/248 2017/1980/248
f 1870/1981/15 1868/1948/175 1869/1982/15
f 1866/1983/1 1865/1984/1 1867/1985/1
f 2059/1986/15 2060/1987/15 2058/1988/15
f 2000/1989/248 2001/1884/248 1993/1933/248
f 2096/1916/249 2093/1875/249 2095/1990/249
f 1819/1991/245 1822/1992/245 1820/1993/245
f 2040/1994/242 2039/1952/242 2042/1995/242
f 1940/1996/1 1939/1997/1 1941/1998/1
f 1938/1999/245 1818/1971/245 1939/1997/245
f 1918/2000/249 1913/2001/249 1917/2002/249
f 1963/1913/245 1956/1908/245 1966/2003/245
f 2009/2004/250 2008/2005/250 2007/2006/250
f 1929/2007/15 1928/2008/251 1937/2009/252
f 2004/2010/166 2003/1883/47 2005/2011/1
f 2072/2012/241 2013/2013/241 2073/2014/241
f 2065/2015/242 2064/1955/242 2067/2016/243
f 1986/2017/253 1983/1960/247 1984/1959/247
f 1959/2018/250 1954/2019/250 1953/1914/250
f 2089/2020/245 2008/2005/245 2090/2021/245
f 2054/2022/248 2029/2023/248 2055/2024/248
f 2012/2025/15 2010/2026/15 2011/2027/15
f 1911/2028/1 1910/2029/1 1912/2030/1
f 2027/2031/228 2012/2025/228 2013/2013/228
f 2063/2032/228 2059/1986/228 2047/1925/228
f 1965/2033/228 1961/2034/228 1974/2035/228
f 1903/2036/228 1886/2037/228 1888/2038/228
f 1941/1998/228 1932/1935/228 1925/2039/228
f 1829/2040/228 1826/2041/228 1840/2042/228
f 1758/1906/228 1838/1938/228 1835/1974/228
f 2045/2043/1 2031/2044/1 2032/2045/1
f 1964/2046/1 1966/2003/1 1965/2033/1
f 2026/2047/174 2023/2048/159 2027/2031/1
f 1839/2049/241 1840/2042/241 1842/2050/241
f 2081/1886/242 2082/1885/242 2084/2051/243
f 2057/2052/250 2025/2053/250 2024/2054/250
f 1973/2055/241 1974/2035/241 1976/2056/241
f 1930/2057/248 1919/2058/254 1928/2008/248
f 2062/2059/166 1952/2060/1 2063/2032/1
f 1884/2061/250 1956/1908/250 1955/1912/250
f 1950/2062/1 1874/2063/166 1875/2064/1
f 2019/2065/15 2017/1980/15 2018/2066/15
f 1827/2067/1 1820/1993/1 1828/2068/1
f 2091/2069/1 2090/2021/1 2092/1876/1
f 2006/2070/244 2003/1883/244 1896/1882/255
f 2069/2071/1 2068/1931/1 2070/2072/1
f 1826/2041/15 1824/2073/15 1825/2074/15
f 1833/2075/250 1822/1992/250 1821/2076/250
f 1881/2077/244 1865/1984/244 1880/2078/255
f 2056/2079/15 2055/2024/172 2061/2080/172
f 2053/2081/247 2050/1957/256 2051/1956/247
f 1883/2082/248 1880/2078/248 1871/2083/248
f 1924/2084/241 1925/2039/241 1927/2085/241
f 1886/2037/15 1887/2086/15 1885/2087/15
f 1947/2088/243 1946/1963/243 1949/2089/243
f 1873/2090/15 1871/2083/251 1872/2091/252
f 1892/2092/15 1890/1977/257 1891/2093/252
f 1850/2094/242 1849/1966/243 1852/2095/243
f 1877/2096/244 1874/2063/244 1876/1947/244
f 1972/2097/249 1957/2098/249 1971/2099/249
f 1978/2100/249 1967/2101/249 1977/2102/249
f 2041/2103/234 2032/2045/234 2019/2065/234
f 2066/2104/234 2070/2072/234 2056/2079/234
f 1998/2105/234 2005/2011/234 1995/1932/234
f 1908/2106/234 1912/2030/234 1892/2092/234
f 1875/2064/234 1877/2096/234 1929/2007/234
f 1851/2107/234 1867/1985/234 1870/1981/234
f 1814/2108/234 1813/2109/234 1873/2090/234
f 1902/2110/1 1899/1942/1 1903/2036/1
f 2034/2111/236 2073/2014/236 2014/2112/236
f 1958/2113/236 2049/1926/236 2048/2114/236
f 1968/2115/236 1976/2056/236 1975/2116/236
f 1914/2117/236 1982/2118/236 1889/2119/236
f 1926/2120/236 1940/1996/236 1943/2121/236
f 1830/2122/236 1842/2050/236 1841/2123/236
f 1812/2124/236 1811/2125/236 1836/2126/236
f 1846/2127/249 1829/2040/249 1845/2128/249
f 1922/2129/250 1901/1909/250 1900/2130/250
f 1945/2131/249 1942/2132/249 1944/2133/249
f 1990/2134/246 1893/1962/247 1989/1961/247
f 1951/2135/245 1954/2019/245 1952/2060/245
f 2088/2136/244 2085/2137/244 2079/1979/244
f 1961/2034/15 1962/2138/15 1960/2139/15
f 2022/2140/245 2025/2053/245 2023/2048/245
f 2086/2141/1 2085/2137/1 2087/1911/1
f 1862/2142/246 1859/1968/246 1860/1967/247
f 2077/2143/246 2020/1954/247 2076/1953/247
f 1920/2144/244 1910/2029/244 1919/2058/244
f 1981/2145/241 1888/2038/241 1982/2118/241
f 2028/2146/244 2031/2044/244 2029/2023/244
f 1997/2147/242 1996/1958/242 1999/2148/242
f 645/819/4 644/830/4 647/820/4
f 641/823/148 642/828/15 649/824/149
f 649/824/149 650/821/15 647/820/15
f 647/820/15 648/822/15 649/824/149
f 640/826/1 639/829/1 643/827/1
f 643/827/1 644/830/1 645/819/1
f 645/819/1 646/825/1 643/827/1
f 642/828/2 641/823/2 639/829/2
f 646/825/6 649/824/6 642/828/6
f 650/821/150 649/824/150 646/825/150
f 644/830/151 643/827/151 648/822/151
f 648/822/5 643/827/5 639/829/5
f 657/831/4 656/842/4 659/832/4
f 653/835/15 654/840/15 661/836/15
f 661/836/15 662/833/15 659/832/15
f 659/832/15 660/834/15 661/836/15
f 652/838/1 651/841/1 655/839/1
f 655/839/1 656/842/1 657/831/1
f 657/831/1 658/837/1 655/839/1
f 654/840/2 653/835/2 651/841/2
f 658/837/6 661/836/6 654/840/6
f 662/833/150 661/836/150 658/837/150
f 656/842/151 655/839/151 660/834/151
f 660/834/5 655/839/5 651/841/5
f 669/843/4 668/854/4 671/844/4
f 665/847/15 666/852/15 673/848/15
f 673/848/15 674/845/15 671/844/15
f 671/844/15 672/846/15 673/848/15
f 664/850/1 663/853/1 667/851/1
f 667/851/1 668/854/1 669/843/1
f 669/843/1 670/849/1 667/851/1
f 666/852/2 665/847/2 663/853/2
f 670/849/6 673/848/6 666/852/6
f 674/845/150 673/848/150 670/849/150
f 668/854/151 667/851/151 672/846/151
f 672/846/5 667/851/5 663/853/5
f 681/855/4 680/866/4 683/856/4
f 677/859/15 678/864/15 685/860/15
f 685/860/15 686/857/15 683/856/15
f 683/856/15 684/858/15 685/860/15
f 676/862/1 675/865/1 679/863/1
f 679/863/1 680/866/1 681/855/1
f 681/855/1 682/861/1 679/863/1
f 678/864/2 677/859/2 675/865/2
f 682/861/6 685/860/6 678/864/6
f 686/857/150 685/860/150 682/861/150
f 680/866/151 679/863/151 684/858/151
f 684/858/5 679/863/5 675/865/5
f 693/867/4 692/878/4 695/868/4
f 689/871/15 690/876/15 697/872/15
f 697/872/15 698/869/15 695/868/15
f 695/868/15 696/870/15 697/872/15
f 688/874/1 687/877/1 691/875/1
f 691/875/1 692/878/1 693/867/1
f 693/867/1 694/873/1 691/875/1
f 690/876/2 689/871/2 687/877/2
f 694/873/6 697/872/6 690/876/6
f 698/869/150 697/872/150 694/873/150
f 692/878/151 691/875/151 696/870/151
f 696/870/5 691/875/5 687/877/5
f 705/879/4 704/890/4 707/880/4
f 701/883/15 702/888/15 709/884/15
f 709/884/15 710/881/15 707/880/15
f 707/880/15 708/882/15 709/884/15
f 700/886/1 699/889/1 703/887/1
f 703/887/1 704/890/1 705/879/1
f 705/879/1 706/885/1 703/887/1
f 702/888/2 701/883/2 699/889/2
f 706/885/6 709/884/6 702/888/6
f 710/881/150 709/884/150 706/885/150
f 704/890/151 703/887/151 708/882/151
f 708/882/5 703/887/5 699/889/5
f 717/891/4 716/902/4 719/892/4
f 713/895/15 714/900/15 721/896/15
f 721/896/15 722/893/15 719/892/15
f 719/892/15 720/894/15 721/896/15
f 712/898/1 711/901/1 715/899/1
f 715/899/1 716/902/1 717/891/1
f 717/891/1 718/897/1 715/899/1
f 714/900/2 713/895/2 711/901/2
f 718/897/6 721/896/6 714/900/6
f 722/893/150 721/896/150 718/897/150
f 716/902/151 715/899/151 720/894/151
f 720/894/5 715/899/5 711/901/5
f 729/903/4 728/914/4 731/904/4
f 725/907/15 726/912/15 733/908/15
f 733/908/15 734/905/15 731/904/15
f 731/904/15 732/906/15 733/908/15
f 724/910/1 723/913/1 727/911/1
f 727/911/1 728/914/1 729/903/1
f 729/903/1 730/909/1 727/911/1
f 726/912/2 725/907/2 723/913/2
f 730/909/6 733/908/6 726/912/6
f 734/905/150 733/908/150 730/909/150
f 728/914/151 727/911/151 732/906/151
f 732/906/5 727/911/5 723/913/5
f 741/915/4 740/926/4 743/916/4
f 737/919/15 738/924/15 745/920/15
f 745/920/15 746/917/15 743/916/15
f 743/916/15 744/918/15 745/920/15
f 736/922/1 735/925/1 739/923/1
f 739/923/1 740/926/1 741/915/1
f 741/915/1 742/921/1 739/923/1
f 738/924/2 737/919/2 735/925/2
f 742/921/6 745/920/6 738/924/6
f 746/917/150 745/920/150 742/921/150
f 740/926/151 739/923/151 744/918/151
f 744/918/5 739/923/5 735/925/5
f 753/927/4 752/938/4 755/928/4
f 749/931/15 750/936/15 757/932/15
f 757/932/15 758/929/15 755/928/15
f 755/928/15 756/930/15 757/932/15
f 748/934/1 747/937/1 751/935/1
f 751/935/1 752/938/1 753/927/1
f 753/927/1 754/933/1 751/935/1
f 750/936/2 749/931/2 747/937/2
f 754/933/6 757/932/6 750/936/6
f 758/929/150 757/932/150 754/933/150
f 752/938/151 751/935/151 756/930/151
f 756/930/5 751/935/5 747/937/5
f 765/939/4 764/950/4 767/940/4
f 761/943/15 762/948/15 769/944/15
f 769/944/15 770/941/15 767/940/15
f 767/940/15 768/942/15 769/944/15
f 760/946/1 759/949/1 763/947/1
f 763/947/1 764/950/1 765/939/1
f 765/939/1 766/945/1 763/947/1
f 762/948/2 761/943/2 759/949/2
f 766/945/6 769/944/6 762/948/6
f 770/941/150 769/944/150 766/945/150
f 764/950/151 763/947/151 768/942/151
f 768/942/5 763/947/5 759/949/5
f 777/951/4 776/962/4 779/952/4
f 773/955/15 774/960/15 781/956/15
f 781/956/15 782/953/15 779/952/15
f 779/952/15 780/954/15 781/956/15
f 772/958/1 771/961/1 775/959/1
f 775/959/1 776/962/1 777/951/1
f 777/951/1 778/957/1 775/959/1
f 774/960/2 773/955/2 771/961/2
f 778/957/6 781/956/6 774/960/6
f 782/953/150 781/956/150 778/957/150
f 776/962/151 775/959/151 780/954/151
f 780/954/5 775/959/5 771/961/5
f 789/963/4 788/974/4 791/964/4
f 785/967/15 786/972/15 793/968/15
f 793/968/15 794/965/15 791/964/15
f 791/964/15 792/966/15 793/968/15
f 784/970/153 783/973/1 787/971/154
f 787/971/154 788/974/1 789/963/1
f 789/963/1 790/969/152 787/971/154
f 786/972/2 785/967/2 783/973/2
f 790/969/6 793/968/6 786/972/6
f 794/965/150 793/968/150 790/969/150
f 788/974/151 787/971/151 792/966/151
f 792/966/5 787/971/5 783/973/5
f 801/975/4 800/986/4 803/976/4
f 797/979/15 798/984/15 805/980/15
f 805/980/15 806/977/15 803/976/15
f 803/976/15 804/978/15 805/980/15
f 796/982/1 795/985/1 799/983/155
f 799/983/155 800/986/1 801/975/1
f 801/975/1 802/981/1 799/983/155
f 798/984/2 797/979/2 795/985/2
f 802/981/6 805/980/6 798/984/6
f 806/977/150 805/980/150 802/981/150
f 800/986/151 799/983/151 804/978/151
f 804/978/5 799/983/5 795/985/5
f 813/987/4 812/998/4 815/988/4
f 809/991/156 810/996/15 817/992/157
f 817/992/157 818/989/15 815/988/15
f 815/988/15 816/990/148 817/992/157
f 808/994/1 807/997/1 811/995/1
f 811/995/1 812/998/1 813/987/1
f 813/987/1 814/993/1 811/995/1
f 810/996/2 809/991/2 807/997/2
f 814/993/6 817/992/6 810/996/6
f 818/989/150 817/992/150 814/993/150
f 812/998/151 811/995/151 816/990/151
f 816/990/5 811/995/5 807/997/5
f 825/999/4 824/1010/4 827/1000/4
f 821/1003/158 822/1008/15 829/1004/157
f 829/1004/157 830/1001/15 827/1000/15
f 827/1000/15 828/1002/148 829/1004/157
f 820/1006/159 819/1009/1 823/1007/155
f 823/1007/155 824/1010/1 825/999/1
f 825/999/1 826/1005/1 823/1007/155
f 822/1008/2 821/1003/2 819/1009/2
f 826/1005/6 829/1004/6 822/1008/6
f 830/1001/150 829/1004/150 826/1005/150
f 824/1010/151 823/1007/151 828/1002/151
f 828/1002/5 823/1007/5 819/1009/5
f 839/1011/2 836/1015/2 837/1012/2
f 841/1014/15 834/1018/15 833/1022/15
f 833/1022/15 840/1021/15 841/1014/15
f 840/1021/15 839/1011/15 841/1014/15
f 835/1016/1 831/1017/1 832/1019/1
f 832/1019/1 838/1020/1 835/1016/1
f 838/1020/1 837/1012/1 835/1016/1
f 831/1017/4 833/1022/4 834/1018/4
f 834/1018/6 841/1014/6 838/1020/6
f 838/1020/160 841/1014/160 842/1013/160
f 840/1021/161 835/1016/161 836/1015/161
f 831/1017/5 835/1016/5 840/1021/5
f 851/1023/2 848/1027/2 849/1024/2
f 853/1026/15 846/1030/15 845/1034/15
f 845/1034/15 852/1033/15 853/1026/15
f 852/1033/15 851/1023/15 853/1026/15
f 847/1028/1 843/1029/1 844/1031/1
f 844/1031/1 850/1032/1 847/1028/1
f 850/1032/1 849/1024/1 847/1028/1
f 843/1029/4 845/1034/4 846/1030/4
f 846/1030/162 853/1026/162 850/1032/6
f 850/1032/160 853/1026/160 854/1025/160
f 852/1033/161 847/1028/161 848/1027/161
f 843/1029/5 847/1028/5 852/1033/5
f 863/1035/2 860/1039/2 861/1036/2
f 865/1038/15 858/1042/15 857/1046/15
f 857/1046/15 864/1045/15 865/1038/15
f 864/1045/15 863/1035/15 865/1038/15
f 859/1040/1 855/1041/1 856/1043/1
f 856/1043/1 862/1044/1 859/1040/1
f 862/1044/1 861/1036/1 859/1040/1
f 855/1041/4 857/1046/4 858/1042/4
f 858/1042/163 865/1038/163 862/1044/162
f 862/1044/160 865/1038/160 866/1037/160
f 864/1045/161 859/1040/161 860/1039/161
f 855/1041/5 859/1040/5 864/1045/5
f 875/1047/2 872/1051/2 873/1048/2
f 877/1050/15 870/1054/15 869/1058/15
f 869/1058/15 876/1057/15 877/1050/15
f 876/1057/15 875/1047/15 877/1050/15
f 871/1052/1 867/1053/1 868/1055/1
f 868/1055/1 874/1056/1 871/1052/1
f 874/1056/1 873/1048/1 871/1052/1
f 867/1053/4 869/1058/4 870/1054/4
f 870/1054/163 877/1050/163 874/1056/6
f 874/1056/160 877/1050/160 878/1049/160
f 876/1057/161 871/1052/161 872/1051/161
f 867/1053/5 871/1052/5 876/1057/5
f 887/1059/2 884/1063/2 885/1060/2
f 889/1062/15 882/1066/15 881/1070/15
f 881/1070/15 888/1069/15 889/1062/15
f 888/1069/15 887/1059/15 889/1062/15
f 883/1064/1 879/1065/1 880/1067/1
f 880/1067/1 886/1068/1 883/1064/1
f 886/1068/1 885/1060/1 883/1064/1
f 879/1065/4 881/1070/4 882/1066/4
f 882/1066/6 889/1062/6 886/1068/163
f 886/1068/160 889/1062/160 890/1061/160
f 888/1069/161 883/1064/161 884/1063/161
f 879/1065/5 883/1064/5 888/1069/5
f 899/1071/2 896/1075/2 897/1072/2
f 901/1074/15 894/1078/15 893/1082/15
f 893/1082/15 900/1081/15 901/1074/15
f 900/1081/15 899/1071/15 901/1074/15
f 895/1076/1 891/1077/1 892/1079/1
f 892/1079/1 898/1080/1 895/1076/1
f 898/1080/1 897/1072/1 895/1076/1
f 891/1077/4 893/1082/4 894/1078/4
f 894/1078/6 901/1074/6 898/1080/6
f 898/1080/160 901/1074/160 902/1073/160
f 900/1081/161 895/1076/161 896/1075/161
f 891/1077/5 895/1076/5 900/1081/5
f 911/1083/2 908/1087/2 909/1084/2
f 913/1086/15 906/1090/15 905/1094/15
f 905/1094/15 912/1093/15 913/1086/15
f 912/1093/15 911/1083/15 913/1086/15
f 907/1088/1 903/1089/1 904/1091/1
f 904/1091/1 910/1092/1 907/1088/1
f 910/1092/1 909/1084/1 907/1088/1
f 903/1089/4 905/1094/4 906/1090/4
f 906/1090/163 913/1086/163 910/1092/6
f 910/1092/160 913/1086/160 914/1085/160
f 912/1093/161 907/1088/161 908/1087/161
f 903/1089/5 907/1088/5 912/1093/5
f 923/1095/2 920/1099/2 921/1096/2
f 925/1098/15 918/1102/15 917/1106/149
f 917/1106/149 924/1105/15 925/1098/15
f 924/1105/15 923/1095/15 925/1098/15
f 919/1100/1 915/1101/1 916/1103/1
f 916/1103/1 922/1104/1 919/1100/1
f 922/1104/1 921/1096/1 919/1100/1
f 915/1101/4 917/1106/4 918/1102/4
f 918/1102/6 925/1098/6 922/1104/163
f 922/1104/160 925/1098/160 926/1097/160
f 924/1105/161 919/1100/161 920/1099/161
f 915/1101/5 919/1100/5 924/1105/5
f 935/1107/2 932/1111/2 933/1108/2
f 937/1110/15 930/1114/15 929/1118/15
f 929/1118/15 936/1117/15 937/1110/15
f 936/1117/15 935/1107/15 937/1110/15
f 931/1112/1 927/1113/1 928/1115/1
f 928/1115/1 934/1116/1 931/1112/1
f 934/1116/1 933/1108/1 931/1112/1
f 927/1113/4 929/1118/4 930/1114/4
f 930/1114/6 937/1110/6 934/1116/162
f 934/1116/160 937/1110/160 938/1109/160
f 936/1117/161 931/1112/161 932/1111/161
f 927/1113/5 931/1112/5 936/1117/5
f 947/1119/2 944/1123/2 945/1120/2
f 949/1122/15 942/1126/15 941/1130/15
f 941/1130/15 948/1129/15 949/1122/15
f 948/1129/15 947/1119/15 949/1122/15
f 943/1124/1 939/1125/1 940/1127/1
f 940/1127/1 946/1128/1 943/1124/1
f 946/1128/1 945/1120/1 943/1124/1
f 939/1125/4 941/1130/4 942/1126/4
f 942/1126/6 949/1122/6 946/1128/6
f 946/1128/160 949/1122/160 950/1121/160
f 948/1129/161 943/1124/161 944/1123/161
f 939/1125/5 943/1124/5 948/1129/5
f 959/1131/2 956/1135/2 957/1132/2
f 961/1134/15 954/1138/15 953/1142/15
f 953/1142/15 960/1141/15 961/1134/15
f 960/1141/15 959/1131/15 961/1134/15
f 955/1136/1 951/1137/1 952/1139/1
f 952/1139/1 958/1140/1 955/1136/1
f 958/1140/1 957/1132/1 955/1136/1
f 951/1137/4 953/1142/4 954/1138/4
f 954/1138/6 961/1134/6 958/1140/6
f 958/1140/160 961/1134/160 962/1133/160
f 960/1141/161 955/1136/161 956/1135/161
f 951/1137/5 955/1136/5 960/1141/5
f 971/1143/2 968/1147/2 969/1144/2
f 973/1146/157 966/1150/15 965/1154/258
f 965/1154/258 972/1153/165 973/1146/157
f 972/1153/165 971/1143/15 973/1146/157
f 967/1148/154 963/1149/1 964/1151/259
f 964/1151/259 970/1152/1 967/1148/154
f 970/1152/1 969/1144/1 967/1148/154
f 963/1149/4 965/1154/4 966/1150/4
f 966/1150/6 973/1146/6 970/1152/6
f 970/1152/160 973/1146/160 974/1145/160
f 972/1153/161 967/1148/161 968/1147/161
f 963/1149/5 967/1148/5 972/1153/5
f 983/1155/2 980/1159/2 981/1156/2
f 985/1158/157 978/1162/15 977/1166/158
f 977/1166/158 984/1165/165 985/1158/157
f 984/1165/165 983/1155/15 985/1158/157
f 979/1160/164 975/1161/1 976/1163/259
f 976/1163/259 982/1164/1 979/1160/164
f 982/1164/1 981/1156/1 979/1160/164
f 975/1161/4 977/1166/4 978/1162/4
f 978/1162/163 985/1158/163 982/1164/6
f 982/1164/160 985/1158/160 986/1157/160
f 984/1165/161 979/1160/161 980/1159/161
f 975/1161/5 979/1160/5 984/1165/5
f 995/1167/2 992/1171/2 993/1168/2
f 997/1170/165 990/1174/15 989/1178/260
f 989/1178/260 996/1177/15 997/1170/165
f 996/1177/15 995/1167/15 997/1170/165
f 991/1172/1 987/1173/1 988/1175/1
f 988/1175/1 994/1176/1 991/1172/1
f 994/1176/1 993/1168/1 991/1172/1
f 987/1173/4 989/1178/4 990/1174/4
f 990/1174/163 997/1170/163 994/1176/6
f 994/1176/160 997/1170/160 998/1169/160
f 996/1177/161 991/1172/161 992/1171/161
f 987/1173/5 991/1172/5 996/1177/5
f 1007/1179/2 1004/1183/2 1005/1180/2
f 1009/1182/148 1002/1186/15 1001/1190/261
f 1001/1190/261 1008/1189/157 1009/1182/148
f 1008/1189/157 1007/1179/15 1009/1182/148
f 1003/1184/155 999/1185/1 1000/1187/262
f 1000/1187/262 1006/1188/263 1003/1184/155
f 1006/1188/263 1005/1180/1 1003/1184/155
f 999/1185/4 1001/1190/4 1002/1186/4
f 1002/1186/6 1009/1182/6 1006/1188/6
f 1006/1188/160 1009/1182/160 1010/1181/160
f 1008/1189/161 1003/1184/161 1004/1183/161
f 999/1185/5 1003/1184/5 1008/1189/5
f 1019/1191/2 1016/1195/2 1017/1192/2
f 1021/1194/15 1014/1198/15 1013/1202/15
f 1013/1202/15 1020/1201/15 1021/1194/15
f 1020/1201/15 1019/1191/15 1021/1194/15
f 1015/1196/1 1011/1197/1 1012/1199/1
f 1012/1199/1 1018/1200/1 1015/1196/1
f 1018/1200/1 1017/1192/1 1015/1196/1
f 1011/1197/4 1013/1202/4 1014/1198/4
f 1014/1198/6 1021/1194/6 1018/1200/6
f 1018/1200/160 1021/1194/160 1022/1193/160
f 1020/1201/161 1015/1196/161 1016/1195/161
f 1011/1197/5 1015/1196/5 1020/1201/5
f 1029/1203/5 1028/2149/5 1031/1204/5
f 1025/1207/166 1026/1210/1 1031/1204/1
f 1026/1210/1 1033/2150/1 1034/1205/1
f 1031/1204/1 1026/1210/1 1034/1205/1
f 1024/1209/168 1023/1211/15 1029/1203/15
f 1023/1211/15 1027/1212/15 1028/2149/15
f 1029/1203/15 1023/1211/15 1028/2149/15
f 1026/1210/6 1025/1207/6 1023/1211/6
f 1030/1208/2 1033/2150/2 1026/1210/2
f 1034/1205/169 1033/2150/169 1030/1208/169
f 1031/1204/170 1028/2149/170 1027/1212/170
f 1032/1206/4 1027/1212/4 1023/1211/4
f 1041/1213/5 1040/2151/5 1043/1214/5
f 1037/1217/1 1038/1220/1 1043/1214/1
f 1038/1220/1 1045/2152/1 1046/1215/1
f 1043/1214/1 1038/1220/1 1046/1215/1
f 1036/1219/15 1035/1221/15 1041/1213/15
f 1035/1221/15 1039/1222/15 1040/2151/15
f 1041/1213/15 1035/1221/15 1040/2151/15
f 1038/1220/6 1037/1217/6 1035/1221/6
f 1042/1218/2 1045/2152/2 1038/1220/2
f 1046/1215/169 1045/2152/169 1042/1218/169
f 1043/1214/170 1040/2151/170 1039/1222/170
f 1044/1216/4 1039/1222/4 1035/1221/4
f 1053/1223/5 1052/1232/5 1055/1224/5
f 1049/1227/1 1050/1230/1 1055/1224/159
f 1050/1230/1 1057/2153/1 1058/1225/264
f 1055/1224/159 1050/1230/1 1058/1225/264
f 1048/1229/15 1047/1231/15 1053/1223/171
f 1047/1231/15 1051/2154/15 1052/1232/15
f 1053/1223/171 1047/1231/15 1052/1232/15
f 1050/1230/6 1049/1227/6 1047/1231/6
f 1054/1228/2 1057/2153/2 1050/1230/2
f 1058/1225/169 1057/2153/169 1054/1228/169
f 1052/1232/170 1051/2154/170 1056/1226/170
f 1056/1226/4 1051/2154/4 1047/1231/4
f 1065/1233/5 1064/1242/5 1067/1234/5
f 1061/1237/174 1062/1240/180 1067/1234/1
f 1062/1240/180 1069/2155/265 1070/1235/1
f 1067/1234/1 1062/1240/180 1070/1235/1
f 1060/1239/15 1059/1241/168 1065/1233/15
f 1059/1241/168 1063/2156/266 1064/1242/260
f 1065/1233/15 1059/1241/168 1064/1242/260
f 1062/1240/6 1061/1237/6 1059/1241/6
f 1066/1238/2 1069/2155/2 1062/1240/2
f 1070/1235/169 1069/2155/169 1066/1238/169
f 1064/1242/170 1063/2156/170 1068/1236/170
f 1068/1236/4 1063/2156/4 1059/1241/4
f 1077/1243/5 1076/1252/5 1079/1244/5
f 1073/1247/166 1074/1250/1 1079/1244/1
f 1074/1250/1 1081/2157/1 1082/1245/1
f 1079/1244/1 1074/1250/1 1082/1245/1
f 1072/1249/175 1071/1251/15 1077/1243/15
f 1071/1251/15 1075/2158/15 1076/1252/15
f 1077/1243/15 1071/1251/15 1076/1252/15
f 1074/1250/6 1073/1247/6 1071/1251/6
f 1078/1248/2 1081/2157/2 1074/1250/2
f 1082/1245/169 1081/2157/169 1078/1248/169
f 1076/1252/170 1075/2158/170 1080/1246/170
f 1080/1246/4 1075/2158/4 1071/1251/4
f 1089/1253/5 1088/1262/5 1091/1254/5
f 1085/1257/1 1086/1260/1 1091/1254/1
f 1086/1260/1 1093/2159/1 1094/1255/1
f 1091/1254/1 1086/1260/1 1094/1255/1
f 1084/1259/15 1083/1261/15 1089/1253/15
f 1083/1261/15 1087/2160/15 1088/1262/15
f 1089/1253/15 1083/1261/15 1088/1262/15
f 1086/1260/6 1085/1257/6 1083/1261/6
f 1090/1258/2 1093/2159/2 1086/1260/2
f 1094/1255/169 1093/2159/169 1090/1258/169
f 1088/1262/170 1087/2160/170 1092/1256/170
f 1092/1256/4 1087/2160/4 1083/1261/4
f 1101/1263/5 1100/1272/5 1103/1264/5
f 1097/1267/1 1098/1270/1 1103/1264/1
f 1098/1270/1 1105/2161/1 1106/1265/1
f 1103/1264/1 1098/1270/1 1106/1265/1
f 1096/1269/15 1095/1271/15 1101/1263/15
f 1095/1271/15 1099/2162/15 1100/1272/15
f 1101/1263/15 1095/1271/15 1100/1272/15
f 1098/1270/6 1097/1267/6 1095/1271/6
f 1102/1268/2 1105/2161/2 1098/1270/2
f 1106/1265/169 1105/2161/169 1102/1268/169
f 1100/1272/170 1099/2162/170 1104/1266/170
f 1104/1266/4 1099/2162/4 1095/1271/4
f 1113/1273/5 1112/1282/5 1115/1274/5
f 1109/1277/1 1110/1280/1 1115/1274/1
f 1110/1280/1 1117/2163/1 1118/1275/1
f 1115/1274/1 1110/1280/1 1118/1275/1
f 1108/1279/175 1107/1281/172 1113/1273/15
f 1107/1281/172 1111/2164/267 1112/1282/15
f 1113/1273/15 1107/1281/172 1112/1282/15
f 1110/1280/6 1109/1277/6 1107/1281/6
f 1114/1278/2 1117/2163/2 1110/1280/2
f 1118/1275/169 1117/2163/169 1114/1278/169
f 1112/1282/170 1111/2164/170 1116/1276/170
f 1116/1276/4 1111/2164/4 1107/1281/4
f 1125/1283/5 1124/1292/5 1127/1284/5
f 1121/1287/1 1122/1290/1 1127/1284/1
f 1122/1290/1 1129/2165/1 1130/1285/1
f 1127/1284/1 1122/1290/1 1130/1285/1
f 1120/1289/15 1119/1291/175 1125/1283/15
f 1119/1291/175 1123/2166/184 1124/1292/15
f 1125/1283/15 1119/1291/175 1124/1292/15
f 1122/1290/6 1121/1287/6 1119/1291/6
f 1126/1288/176 1129/2165/2 1122/1290/2
f 1130/1285/169 1129/2165/169 1126/1288/169
f 1124/1292/170 1123/2166/170 1128/1286/170
f 1128/1286/4 1123/2166/4 1119/1291/4
f 1137/1293/5 1136/1302/5 1139/1294/5
f 1133/1297/1 1134/1300/1 1139/1294/1
f 1134/1300/1 1141/2167/1 1142/1295/1
f 1139/1294/1 1134/1300/1 1142/1295/1
f 1132/1299/15 1131/1301/268 1137/1293/15
f 1131/1301/268 1135/2168/184 1136/1302/258
f 1137/1293/15 1131/1301/268 1136/1302/258
f 1134/1300/6 1133/1297/6 1131/1301/6
f 1138/1298/2 1141/2167/2 1134/1300/2
f 1142/1295/169 1141/2167/169 1138/1298/169
f 1136/1302/170 1135/2168/170 1140/1296/170
f 1140/1296/4 1135/2168/4 1131/1301/4
f 1149/1303/5 1148/1312/5 1151/1304/5
f 1145/1307/1 1146/1310/159 1151/1304/1
f 1146/1310/159 1153/2169/1 1154/1305/264
f 1151/1304/1 1146/1310/159 1154/1305/264
f 1144/1309/15 1143/1311/15 1149/1303/15
f 1143/1311/15 1147/2170/15 1148/1312/15
f 1149/1303/15 1143/1311/15 1148/1312/15
f 1146/1310/6 1145/1307/6 1143/1311/6
f 1150/1308/2 1153/2169/2 1146/1310/2
f 1154/1305/169 1153/2169/169 1150/1308/169
f 1148/1312/170 1147/2170/170 1152/1306/170
f 1152/1306/4 1147/2170/4 1143/1311/4
f 1161/1313/5 1160/1322/5 1163/1314/5
f 1157/1317/1 1158/1320/1 1163/1314/154
f 1158/1320/1 1165/2171/1 1166/1315/1
f 1163/1314/154 1158/1320/1 1166/1315/1
f 1156/1319/15 1155/1321/15 1161/1313/15
f 1155/1321/15 1159/2172/15 1160/1322/15
f 1161/1313/15 1155/1321/15 1160/1322/15
f 1158/1320/6 1157/1317/6 1155/1321/6
f 1162/1318/2 1165/2171/2 1158/1320/2
f 1166/1315/169 1165/2171/169 1162/1318/169
f 1160/1322/170 1159/2172/170 1164/1316/170
f 1164/1316/4 1159/2172/4 1155/1321/4
f 1173/1323/5 1172/1332/5 1175/1324/5
f 1169/1327/174 1170/1330/174 1175/1324/1
f 1170/1330/174 1177/2173/173 1178/1325/263
f 1175/1324/1 1170/1330/174 1178/1325/263
f 1168/1329/15 1167/1331/172 1173/1323/15
f 1167/1331/172 1171/2174/267 1172/1332/15
f 1173/1323/15 1167/1331/172 1172/1332/15
f 1170/1330/6 1169/1327/6 1167/1331/6
f 1174/1328/2 1177/2173/2 1170/1330/2
f 1178/1325/169 1177/2173/169 1174/1328/169
f 1172/1332/170 1171/2174/170 1176/1326/170
f 1176/1326/4 1171/2174/4 1167/1331/4
f 1185/1333/5 1184/1342/5 1187/1334/5
f 1181/1337/1 1182/1340/1 1187/1334/1
f 1182/1340/1 1189/2175/1 1190/1335/263
f 1187/1334/1 1182/1340/1 1190/1335/263
f 1180/1339/15 1179/1341/15 1185/1333/15
f 1179/1341/15 1183/2176/15 1184/1342/15
f 1185/1333/15 1179/1341/15 1184/1342/15
f 1182/1340/6 1181/1337/6 1179/1341/6
f 1186/1338/2 1189/2175/2 1182/1340/2
f 1190/1335/169 1189/2175/169 1186/1338/169
f 1184/1342/170 1183/2176/170 1188/1336/170
f 1188/1336/4 1183/2176/4 1179/1341/4
f 1197/1343/5 1196/1352/5 1199/1344/5
f 1193/1347/1 1194/1350/1 1199/1344/1
f 1194/1350/1 1201/2177/1 1202/1345/1
f 1199/1344/1 1194/1350/1 1202/1345/1
f 1192/1349/15 1191/1351/15 1197/1343/15
f 1191/1351/15 1195/2178/15 1196/1352/15
f 1197/1343/15 1191/1351/15 1196/1352/15
f 1194/1350/6 1193/1347/6 1191/1351/6
f 1198/1348/2 1201/2177/2 1194/1350/2
f 1202/1345/169 1201/2177/169 1198/1348/169
f 1196/1352/170 1195/2178/170 1200/1346/170
f 1200/1346/4 1195/2178/4 1191/1351/4
f 1209/1353/5 1208/1362/5 1211/1354/5
f 1205/1357/1 1206/1360/1 1211/1354/1
f 1206/1360/1 1213/2179/1 1214/1355/1
f 1211/1354/1 1206/1360/1 1214/1355/1
f 1204/1359/15 1203/1361/172 1209/1353/15
f 1203/1361/172 1207/2180/172 1208/1362/149
f 1209/1353/15 1203/1361/172 1208/1362/149
f 1206/1360/6 1205/1357/6 1203/1361/6
f 1210/1358/2 1213/2179/2 1206/1360/2
f 1214/1355/169 1213/2179/169 1210/1358/169
f 1208/1362/170 1207/2180/170 1212/1356/170
f 1212/1356/4 1207/2180/4 1203/1361/4
f 1221/1363/6 1220/1373/6 1223/1364/6
f 1217/1367/15 1218/1370/15 1223/1364/15
f 1218/1370/15 1225/1372/15 1226/1365/15
f 1223/1364/15 1218/1370/15 1226/1365/15
f 1216/1369/1 1215/1371/1 1221/1363/1
f 1215/1371/1 1219/2181/1 1220/1373/1
f 1221/1363/1 1215/1371/1 1220/1373/1
f 1218/1370/5 1217/1367/5 1215/1371/5
f 1222/1368/2 1225/1372/2 1218/1370/2
f 1221/1363/177 1226/1365/177 1225/1372/177
f 1220/1373/178 1219/2181/178 1224/1366/178
f 1224/1366/4 1219/2181/4 1215/1371/4
f 1233/1374/6 1232/2182/6 1235/1375/6
f 1229/1378/15 1230/1381/15 1235/1375/15
f 1230/1381/15 1237/2183/15 1238/1376/15
f 1235/1375/15 1230/1381/15 1238/1376/15
f 1228/1380/1 1227/1382/1 1233/1374/1
f 1227/1382/1 1231/1383/1 1232/2182/1
f 1233/1374/1 1227/1382/1 1232/2182/1
f 1230/1381/5 1229/1378/5 1227/1382/5
f 1234/1379/2 1237/2183/2 1230/1381/2
f 1238/1376/177 1237/2183/177 1234/1379/177
f 1235/1375/178 1232/2182/178 1231/1383/178
f 1236/1377/4 1231/1383/4 1227/1382/4
f 1245/1384/6 1244/1393/6 1247/1385/6
f 1241/1388/15 1242/1391/171 1247/1385/171
f 1242/1391/171 1249/2184/15 1250/1386/261
f 1247/1385/171 1242/1391/171 1250/1386/261
f 1240/1390/1 1239/1392/1 1245/1384/1
f 1239/1392/1 1243/2185/1 1244/1393/1
f 1245/1384/1 1239/1392/1 1244/1393/1
f 1242/1391/5 1241/1388/5 1239/1392/5
f 1246/1389/2 1249/2184/2 1242/1391/2
f 1250/1386/177 1249/2184/177 1246/1389/177
f 1244/1393/178 1243/2185/178 1248/1387/178
f 1248/1387/4 1243/2185/4 1239/1392/4
f 1257/1394/6 1256/1403/6 1259/1395/6
f 1253/1398/15 1254/1401/157 1259/1395/179
f 1254/1401/157 1261/2186/15 1262/1396/156
f 1259/1395/179 1254/1401/157 1262/1396/156
f 1252/1400/166 1251/1402/1 1257/1394/1
f 1251/1402/1 1255/2187/1 1256/1403/1
f 1257/1394/1 1251/1402/1 1256/1403/1
f 1254/1401/5 1253/1398/5 1251/1402/5
f 1258/1399/2 1261/2186/2 1254/1401/2
f 1262/1396/177 1261/2186/177 1258/1399/177
f 1256/1403/178 1255/2187/178 1260/1397/178
f 1260/1397/4 1255/2187/4 1251/1402/4
f 1269/1404/6 1268/1413/6 1271/1405/6
f 1265/1408/15 1266/1411/148 1271/1405/148
f 1266/1411/148 1273/2188/15 1274/1406/261
f 1271/1405/148 1266/1411/148 1274/1406/261
f 1264/1410/174 1263/1412/159 1269/1404/1
f 1263/1412/159 1267/2189/1 1268/1413/259
f 1269/1404/1 1263/1412/159 1268/1413/259
f 1266/1411/5 1265/1408/5 1263/1412/5
f 1270/1409/2 1273/2188/2 1266/1411/2
f 1274/1406/177 1273/2188/177 1270/1409/177
f 1268/1413/178 1267/2189/178 1272/1407/178
f 1272/1407/4 1267/2189/4 1263/1412/4
f 1281/1414/6 1280/1423/6 1283/1415/6
f 1277/1418/15 1278/1421/15 1283/1415/15
f 1278/1421/15 1285/2190/15 1286/1416/15
f 1283/1415/15 1278/1421/15 1286/1416/15
f 1276/1420/1 1275/1422/1 1281/1414/1
f 1275/1422/1 1279/2191/1 1280/1423/1
f 1281/1414/1 1275/1422/1 1280/1423/1
f 1278/1421/5 1277/1418/5 1275/1422/5
f 1282/1419/2 1285/2190/2 1278/1421/2
f 1286/1416/177 1285/2190/177 1282/1419/177
f 1280/1423/178 1279/2191/178 1284/1417/178
f 1284/1417/4 1279/2191/4 1275/1422/4
f 1293/1424/6 1292/1433/6 1295/1425/6
f 1289/1428/15 1290/1431/172 1295/1425/15
f 1290/1431/172 1297/2192/267 1298/1426/15
f 1295/1425/15 1290/1431/172 1298/1426/15
f 1288/1430/166 1287/1432/1 1293/1424/1
f 1287/1432/1 1291/2193/1 1292/1433/1
f 1293/1424/1 1287/1432/1 1292/1433/1
f 1290/1431/5 1289/1428/5 1287/1432/5
f 1294/1429/2 1297/2192/2 1290/1431/2
f 1298/1426/177 1297/2192/177 1294/1429/177
f 1292/1433/178 1291/2193/178 1296/1427/178
f 1296/1427/4 1291/2193/4 1287/1432/4
f 1305/1434/6 1304/1443/6 1307/1435/6
f 1301/1438/15 1302/1441/15 1307/1435/15
f 1302/1441/15 1309/2194/15 1310/1436/15
f 1307/1435/15 1302/1441/15 1310/1436/15
f 1300/1440/1 1299/1442/1 1305/1434/1
f 1299/1442/1 1303/2195/1 1304/1443/1
f 1305/1434/1 1299/1442/1 1304/1443/1
f 1302/1441/5 1301/1438/5 1299/1442/5
f 1306/1439/2 1309/2194/2 1302/1441/2
f 1310/1436/177 1309/2194/177 1306/1439/177
f 1304/1443/178 1303/2195/178 1308/1437/178
f 1308/1437/4 1303/2195/4 1299/1442/4
f 1317/1444/6 1316/1453/6 1319/1445/6
f 1313/1448/15 1314/1451/157 1319/1445/157
f 1314/1451/157 1321/2196/15 1322/1446/156
f 1319/1445/157 1314/1451/157 1322/1446/156
f 1312/1450/1 1311/1452/159 1317/1444/1
f 1311/1452/159 1315/2197/1 1316/1453/259
f 1317/1444/1 1311/1452/159 1316/1453/259
f 1314/1451/5 1313/1448/5 1311/1452/5
f 1318/1449/2 1321/2196/2 1314/1451/2
f 1322/1446/177 1321/2196/177 1318/1449/177
f 1316/1453/178 1315/2197/178 1320/1447/178
f 1320/1447/4 1315/2197/4 1311/1452/4
f 1329/1454/6 1328/1463/6 1331/1455/6
f 1325/1458/15 1326/1461/148 1331/1455/149
f 1326/1461/148 1333/2198/15 1334/1456/261
f 1331/1455/149 1326/1461/148 1334/1456/261
f 1324/1460/1 1323/1462/159 1329/1454/1
f 1323/1462/159 1327/2199/1 1328/1463/259
f 1329/1454/1 1323/1462/159 1328/1463/259
f 1326/1461/5 1325/1458/5 1323/1462/5
f 1330/1459/2 1333/2198/2 1326/1461/2
f 1334/1456/177 1333/2198/177 1330/1459/177
f 1328/1463/178 1327/2199/178 1332/1457/178
f 1332/1457/4 1327/2199/4 1323/1462/4
f 1341/1464/6 1340/1473/6 1343/1465/6
f 1337/1468/175 1338/1471/148 1343/1465/171
f 1338/1471/148 1345/2200/15 1346/1466/261
f 1343/1465/171 1338/1471/148 1346/1466/261
f 1336/1470/1 1335/1472/1 1341/1464/155
f 1335/1472/1 1339/2201/1 1340/1473/1
f 1341/1464/155 1335/1472/1 1340/1473/1
f 1338/1471/5 1337/1468/5 1335/1472/5
f 1342/1469/2 1345/2200/2 1338/1471/2
f 1346/1466/177 1345/2200/177 1342/1469/177
f 1340/1473/178 1339/2201/178 1344/1467/178
f 1344/1467/4 1339/2201/4 1335/1472/4
f 1353/1474/6 1352/1483/6 1355/1475/6
f 1349/1478/182 1350/1481/15 1355/1475/15
f 1350/1481/15 1357/2202/15 1358/1476/15
f 1355/1475/15 1350/1481/15 1358/1476/15
f 1348/1480/1 1347/1482/1 1353/1474/1
f 1347/1482/1 1351/2203/1 1352/1483/1
f 1353/1474/1 1347/1482/1 1352/1483/1
f 1350/1481/5 1349/1478/5 1347/1482/5
f 1354/1479/2 1357/2202/2 1350/1481/2
f 1358/1476/177 1357/2202/177 1354/1479/177
f 1352/1483/178 1351/2203/178 1356/1477/178
f 1356/1477/4 1351/2203/4 1347/1482/4
f 1365/1484/6 1364/1493/6 1367/1485/6
f 1361/1488/15 1362/1491/15 1367/1485/15
f 1362/1491/15 1369/2204/15 1370/1486/15
f 1367/1485/15 1362/1491/15 1370/1486/15
f 1360/1490/174 1359/1492/47 1365/1484/1
f 1359/1492/47 1363/2205/269 1364/1493/1
f 1365/1484/1 1359/1492/47 1364/1493/1
f 1362/1491/5 1361/1488/5 1359/1492/5
f 1366/1489/2 1369/2204/2 1362/1491/2
f 1370/1486/177 1369/2204/177 1366/1489/177
f 1364/1493/178 1363/2205/178 1368/1487/178
f 1368/1487/4 1363/2205/4 1359/1492/4
f 1377/1494/6 1376/1503/6 1379/1495/6
f 1373/1498/15 1374/1501/168 1379/1495/15
f 1374/1501/168 1381/2206/270 1382/1496/15
f 1379/1495/15 1374/1501/168 1382/1496/15
f 1372/1500/166 1371/1502/47 1377/1494/1
f 1371/1502/47 1375/2207/269 1376/1503/1
f 1377/1494/1 1371/1502/47 1376/1503/1
f 1374/1501/5 1373/1498/5 1371/1502/5
f 1378/1499/2 1381/2206/2 1374/1501/2
f 1382/1496/177 1381/2206/177 1378/1499/177
f 1376/1503/178 1375/2207/178 1380/1497/178
f 1380/1497/4 1375/2207/4 1371/1502/4
f 1389/1504/6 1388/1513/6 1391/1505/6
f 1385/1508/175 1386/1511/157 1391/1505/149
f 1386/1511/157 1393/2208/15 1394/1506/156
f 1391/1505/149 1386/1511/157 1394/1506/156
f 1384/1510/180 1383/1512/1 1389/1504/1
f 1383/1512/1 1387/2209/1 1388/1513/1
f 1389/1504/1 1383/1512/1 1388/1513/1
f 1386/1511/5 1385/1508/5 1383/1512/5
f 1390/1509/2 1393/2208/2 1386/1511/2
f 1394/1506/177 1393/2208/177 1390/1509/177
f 1388/1513/178 1387/2209/178 1392/1507/178
f 1392/1507/4 1387/2209/4 1383/1512/4
f 1401/1514/6 1400/1523/6 1403/1515/6
f 1397/1518/182 1398/1521/157 1403/1515/15
f 1398/1521/157 1405/2210/15 1406/1516/156
f 1403/1515/15 1398/1521/157 1406/1516/156
f 1396/1520/166 1395/1522/180 1401/1514/1
f 1395/1522/180 1399/2211/271 1400/1523/1
f 1401/1514/1 1395/1522/180 1400/1523/1
f 1398/1521/5 1397/1518/5 1395/1522/5
f 1402/1519/2 1405/2210/2 1398/1521/2
f 1406/1516/177 1405/2210/177 1402/1519/177
f 1400/1523/178 1399/2211/178 1404/1517/178
f 1404/1517/186 1399/2211/4 1395/1522/4
f 1409/1524/187 1425/1581/187 1428/1525/187
f 1437/1527/15 1409/1524/15 1419/1528/15
f 1454/1530/15 1432/1578/15 1412/1531/15
f 1412/1531/188 1408/1537/188 1451/1533/188
f 1431/1534/1 1751/1564/1 1779/1535/1
f 1408/1537/1 1423/1577/1 1448/1538/1
f 1436/1540/1 1755/1551/1 1756/1541/1
f 1727/1569/189 1419/1528/189 1409/1524/189
f 1414/1526/189 1422/1593/189 1502/2212/189
f 1499/2213/189 1496/1809/189 1506/2214/189
f 1414/1526/189 1502/2212/189 1499/2213/189
f 1661/2215/189 1727/1569/189 1409/1524/189
f 1686/1688/189 1722/2216/189 1689/2217/189
f 1722/2216/189 1661/2215/189 1689/2217/189
f 1711/1649/189 1697/1648/189 1633/2218/189
f 1697/1648/189 1689/2217/189 1633/2218/189
f 1661/2215/189 1409/1524/189 1689/2217/189
f 1409/1524/189 1414/1526/189 1637/1544/189
f 1689/2217/189 1409/1524/189 1633/2218/189
f 1414/1526/189 1499/2213/189 1509/2219/189
f 1499/2213/189 1506/2214/189 1509/2219/189
f 1509/2219/189 1593/1657/189 1580/1656/189
f 1633/2218/189 1409/1524/189 1637/1544/189
f 1643/1652/189 1630/1651/189 1637/1544/189
f 1630/1651/189 1633/2218/189 1637/1544/189
f 1553/1620/189 1635/1654/189 1550/1543/189
f 1635/1654/189 1637/1544/189 1550/1543/189
f 1414/1526/189 1509/2219/189 1550/1543/189
f 1509/2219/189 1580/1656/189 1550/1543/189
f 1444/1545/1 1435/1542/1 1756/1541/1
f 1433/1539/1 1752/1594/1 1803/1547/1
f 1438/1549/15 1410/1561/15 1409/1524/15
f 1439/1550/1 1760/1553/1 1755/1551/1
f 1440/1552/1 1759/1596/1 1760/1553/1
f 1410/1561/190 1418/1560/190 1741/2220/190
f 1720/2221/190 1718/1708/190 1681/2222/190
f 1718/1708/190 1683/2223/190 1681/2222/190
f 1410/1561/190 1741/2220/190 1720/2221/190
f 1493/1667/190 1415/1592/190 1413/1556/190
f 1485/1752/190 1491/2224/190 1477/2225/190
f 1477/2225/190 1493/1667/190 1413/1556/190
f 1413/1556/190 1410/1561/190 1625/1554/190
f 1410/1561/190 1720/2221/190 1681/2222/190
f 1681/2222/190 1692/1617/190 1615/2226/190
f 1692/1617/190 1617/2227/190 1615/2226/190
f 1615/2226/190 1619/1760/190 1625/1554/190
f 1619/1760/190 1623/2228/190 1625/1554/190
f 1410/1561/190 1681/2222/190 1615/2226/190
f 1485/1752/190 1477/2225/190 1489/2229/190
f 1477/2225/190 1413/1556/190 1489/2229/190
f 1570/1797/190 1590/2230/190 1489/2229/190
f 1410/1561/190 1615/2226/190 1625/1554/190
f 1625/1554/190 1627/1843/190 1561/1555/190
f 1627/1843/190 1563/2231/190 1561/1555/190
f 1561/1555/190 1570/1797/190 1489/2229/190
f 1561/1555/190 1489/2229/190 1413/1556/190
f 1741/2220/191 1418/1560/191 1739/1559/191
f 1418/1560/191 1417/1557/191 1739/1559/191
f 1438/1549/15 1441/1562/15 1418/1560/15
f 1441/1562/15 1442/1599/15 1417/1557/15
f 1431/1534/1 1443/1565/1 1768/1563/1
f 1443/1565/1 1444/1545/1 1767/1546/1
f 1411/1572/192 1420/1574/192 1731/1832/192
f 1420/1574/192 1732/1836/272 1731/1832/192
f 1518/1804/272 1421/1590/192 1517/1805/192
f 1421/1590/192 1407/1585/192 1517/1805/192
f 1411/1572/192 1731/1832/192 1725/1671/192
f 1663/1772/192 1664/1771/192 1691/1646/192
f 1407/1585/192 1411/1572/192 1542/1566/192
f 1411/1572/192 1725/1671/192 1675/1719/192
f 1725/1671/192 1663/1772/192 1677/1845/192
f 1663/1772/192 1691/1646/192 1677/1845/192
f 1526/1794/192 1517/1805/192 1407/1585/192
f 1515/1674/192 1512/1660/192 1511/1786/192
f 1515/1674/192 1511/1786/192 1514/1675/192
f 1511/1786/192 1526/1794/192 1514/1675/192
f 1725/1671/192 1677/1845/192 1675/1719/192
f 1701/1789/192 1707/1788/192 1715/1780/192
f 1411/1572/192 1675/1719/192 1647/1682/192
f 1675/1719/192 1701/1789/192 1714/1622/192
f 1701/1789/192 1715/1780/192 1714/1622/192
f 1522/1639/192 1514/1675/192 1526/1794/192
f 1583/1702/192 1596/1769/272 1520/1812/192
f 1522/1639/192 1526/1794/192 1407/1585/192
f 1583/1702/192 1520/1812/192 1574/1703/192
f 1520/1812/192 1522/1639/192 1574/1703/192
f 1522/1639/192 1407/1585/192 1565/1568/192
f 1411/1572/192 1647/1682/192 1542/1566/192
f 1675/1719/192 1714/1622/192 1647/1682/192
f 1639/1626/192 1640/1625/272 1650/1706/272
f 1565/1568/192 1407/1585/192 1542/1566/192
f 1647/1682/192 1639/1626/192 1649/1778/192
f 1639/1626/192 1650/1706/272 1649/1778/192
f 1565/1568/192 1574/1703/192 1522/1639/192
f 1537/1807/192 1557/1726/192 1556/1841/192
f 1537/1807/192 1556/1841/192 1536/1567/192
f 1556/1841/192 1565/1568/192 1536/1567/192
f 1647/1682/192 1649/1778/192 1542/1566/192
f 1732/1836/193 1420/1574/193 1728/1570/193
f 1420/1574/193 1419/1528/193 1728/1570/193
f 1445/1571/15 1420/1574/15 1411/1572/15
f 1446/1529/15 1419/1528/15 1420/1574/15
f 1448/1538/6 1423/1577/6 1424/1575/6
f 1412/1531/194 1424/1575/194 1423/1577/194
f 1432/1578/15 1754/1894/15 1772/1579/15
f 1426/1580/4 1427/1582/4 1428/1525/4
f 1414/1526/1 1428/1525/1 1427/1582/1
f 1410/1561/15 1426/1580/15 1425/1581/15
f 1413/1556/195 1427/1582/195 1426/1580/195
f 1450/1583/5 1430/1586/5 1429/1584/5
f 1411/1572/15 1430/1586/15 1450/1583/15
f 1407/1585/196 1429/1584/196 1430/1586/196
f 1434/1573/15 1450/1583/15 1780/1587/15
f 1780/1587/5 1450/1583/5 1449/1536/5
f 1412/1531/15 1432/1578/15 1447/1576/15
f 1771/1589/6 1448/1538/6 1447/1576/6
f 1421/1590/1 1422/1593/1 1444/1545/1
f 1407/1585/1 1421/1590/1 1443/1565/1
f 1416/1591/1 1440/1552/1 1439/1550/1
f 1415/1592/1 1439/1550/1 1436/1540/1
f 1408/1537/1 1433/1539/1 1453/1548/1
f 1422/1593/1 1414/1526/1 1435/1542/1
f 1413/1556/1 1436/1540/1 1435/1542/1
f 1433/1539/1 1448/1538/1 1771/1589/1
f 1407/1585/1 1431/1534/1 1449/1536/1
f 1802/1595/15 1754/1894/15 1432/1578/15
f 1451/1533/1 1453/1548/1 1440/1552/1
f 1453/1548/1 1803/1547/1 1759/1596/1
f 1738/1558/188 1417/1557/188 1736/1776/188
f 1417/1557/188 1452/1532/188 1736/1776/188
f 1451/1533/188 1416/1591/188 1480/2232/188
f 1416/1591/188 1484/1631/188 1480/2232/188
f 1654/1699/188 1736/1776/188 1452/1532/188
f 1451/1533/188 1480/2232/188 1468/1686/188
f 1466/1774/188 1474/1742/188 1472/1782/188
f 1452/1532/188 1451/1533/188 1602/1597/188
f 1451/1533/188 1468/1686/188 1464/1665/188
f 1468/1686/188 1466/1774/188 1470/2233/188
f 1466/1774/188 1472/1782/188 1470/2233/188
f 1673/1729/188 1658/1722/188 1656/2234/188
f 1669/1749/188 1673/1729/188 1656/2234/188
f 1669/1749/188 1656/2234/188 1654/1699/188
f 1671/1757/188 1669/1749/188 1654/1699/188
f 1468/1686/188 1470/2233/188 1464/1665/188
f 1585/1691/188 1587/1739/188 1578/1628/188
f 1451/1533/188 1464/1665/188 1547/1635/188
f 1464/1665/188 1585/1691/188 1569/2235/188
f 1585/1691/188 1578/1628/188 1569/2235/188
f 1671/1757/188 1654/1699/188 1452/1532/188
f 1709/1731/188 1705/1679/188 1706/2236/188
f 1709/1731/188 1706/2236/188 1598/1764/188
f 1706/2236/188 1671/1757/188 1598/1764/188
f 1464/1665/188 1569/2235/188 1547/1635/188
f 1545/1820/188 1549/1737/188 1532/1799/188
f 1451/1533/188 1547/1635/188 1602/1597/188
f 1547/1635/188 1545/1820/188 1533/2237/188
f 1545/1820/188 1532/1799/188 1533/2237/188
f 1600/1598/188 1598/1764/188 1671/1757/188
f 1611/1734/188 1607/1834/188 1608/2238/188
f 1600/1598/188 1671/1757/188 1452/1532/188
f 1611/1734/188 1608/2238/188 1612/1747/188
f 1608/2238/188 1600/1598/188 1612/1747/188
f 1547/1635/188 1533/2237/188 1602/1597/188
f 1602/1597/188 1612/1747/188 1600/1598/188
f 1442/1599/15 1454/1530/15 1452/1532/15
f 1753/1588/6 1807/2239/6 1455/1600/6
f 1446/1529/197 1445/1571/197 1733/1601/197
f 1445/1571/197 1734/1833/197 1733/1601/197
f 1729/1602/197 1730/1756/197 1446/1529/197
f 1454/1530/198 1442/1599/198 1735/1718/198
f 1442/1599/198 1737/1777/198 1735/1718/198
f 1483/1633/198 1459/1827/198 1479/1785/198
f 1459/1827/198 1462/2240/198 1479/1785/198
f 1454/1530/198 1735/1718/198 1653/1701/198
f 1655/1700/198 1657/1724/198 1672/1751/198
f 1462/2240/198 1454/1530/198 1601/1698/198
f 1454/1530/198 1653/1701/198 1670/1759/198
f 1653/1701/198 1655/1700/198 1668/1750/198
f 1655/1700/198 1672/1751/198 1668/1750/198
f 1467/1687/198 1479/1785/198 1462/2240/198
f 1471/1784/198 1473/1775/198 1465/1685/198
f 1471/1784/198 1465/1685/198 1469/1666/198
f 1465/1685/198 1467/1687/198 1469/1666/198
f 1653/1701/198 1668/1750/198 1670/1759/198
f 1703/1758/198 1704/1681/198 1708/1766/198
f 1454/1530/198 1670/1759/198 1599/1717/198
f 1670/1759/198 1703/1758/198 1597/1765/198
f 1703/1758/198 1708/1766/198 1597/1765/198
f 1469/1666/198 1467/1687/198 1463/1605/198
f 1467/1687/198 1462/2240/198 1463/1605/198
f 1670/1759/198 1597/1765/198 1599/1717/198
f 1605/1716/198 1606/1835/198 1610/1748/198
f 1454/1530/198 1599/1717/198 1601/1698/198
f 1599/1717/198 1605/1716/198 1609/1697/198
f 1605/1716/198 1610/1748/198 1609/1697/198
f 1463/1605/198 1462/2240/198 1546/1603/198
f 1577/1630/198 1586/1693/198 1584/1692/198
f 1599/1717/198 1609/1697/198 1601/1698/198
f 1530/1767/198 1531/1801/198 1548/1821/198
f 1462/2240/198 1601/1698/198 1546/1603/198
f 1601/1698/198 1530/1767/198 1544/1634/198
f 1530/1767/198 1548/1821/198 1544/1634/198
f 1577/1630/198 1584/1692/198 1568/1604/198
f 1584/1692/198 1463/1605/198 1568/1604/198
f 1601/1698/198 1544/1634/198 1546/1603/198
f 1737/1777/199 1442/1599/199 1740/1607/199
f 1442/1599/199 1441/1562/199 1740/1607/199
f 1734/1833/200 1445/1571/200 1434/1573/200
f 1455/1600/200 1460/1818/200 1529/1796/200
f 1528/1795/200 1527/1787/200 1525/1641/200
f 1455/1600/200 1529/1796/200 1528/1795/200
f 1726/1672/200 1734/1833/200 1434/1573/200
f 1674/1846/200 1724/1673/200 1676/1720/200
f 1724/1673/200 1726/1672/200 1676/1720/200
f 1717/1624/200 1700/1721/200 1676/1720/200
f 1726/1672/200 1434/1573/200 1676/1720/200
f 1434/1573/200 1455/1600/200 1543/1609/200
f 1676/1720/200 1434/1573/200 1648/1683/200
f 1455/1600/200 1528/1795/200 1524/1640/200
f 1528/1795/200 1525/1641/200 1524/1640/200
f 1524/1640/200 1523/1813/200 1576/1763/200
f 1648/1683/200 1434/1573/200 1543/1609/200
f 1648/1683/200 1717/1624/200 1676/1720/200
f 1652/1779/200 1646/1684/200 1543/1609/200
f 1646/1684/200 1648/1683/200 1543/1609/200
f 1566/1842/200 1541/1670/200 1567/1608/200
f 1541/1670/200 1543/1609/200 1567/1608/200
f 1455/1600/200 1524/1640/200 1567/1608/200
f 1524/1640/200 1576/1763/200 1567/1608/200
f 1437/1527/2 1456/1613/2 1457/1610/2
f 1437/1527/201 1446/1529/201 1730/1756/201
f 1662/1755/201 1723/1840/201 1688/1690/201
f 1437/1527/201 1730/1756/201 1662/1755/201
f 1504/1638/201 1461/1819/201 1456/1613/201
f 1508/1838/201 1498/1811/201 1500/1810/201
f 1500/1810/201 1504/1638/201 1456/1613/201
f 1456/1613/201 1437/1527/201 1638/1611/201
f 1437/1527/201 1662/1755/201 1690/1689/201
f 1662/1755/201 1688/1690/201 1690/1689/201
f 1690/1689/201 1699/1793/201 1713/1712/201
f 1634/1711/201 1632/1715/201 1638/1611/201
f 1632/1715/201 1645/1847/201 1638/1611/201
f 1690/1689/201 1713/1712/201 1634/1711/201
f 1437/1527/201 1690/1689/201 1634/1711/201
f 1508/1838/201 1500/1810/201 1510/1802/201
f 1500/1810/201 1456/1613/201 1510/1802/201
f 1582/1664/201 1595/1803/201 1510/1802/201
f 1437/1527/201 1634/1711/201 1638/1611/201
f 1638/1611/201 1636/1831/201 1555/1621/201
f 1551/1612/201 1582/1664/201 1510/1802/201
f 1638/1611/201 1555/1621/201 1551/1612/201
f 1551/1612/201 1510/1802/201 1456/1613/201
f 1742/1606/202 1441/1562/202 1438/1549/202
f 1457/1610/202 1458/1826/202 1494/1669/202
f 1478/1668/202 1492/1828/202 1488/1754/202
f 1457/1610/202 1494/1669/202 1478/1668/202
f 1721/1709/202 1742/1606/202 1438/1549/202
f 1684/1644/202 1719/1710/202 1721/1709/202
f 1618/1815/202 1695/1619/202 1682/1618/202
f 1682/1618/202 1684/1644/202 1721/1709/202
f 1721/1709/202 1438/1549/202 1682/1618/202
f 1438/1549/202 1457/1610/202 1626/1615/202
f 1682/1618/202 1438/1549/202 1616/1761/202
f 1457/1610/202 1478/1668/202 1490/1753/202
f 1478/1668/202 1488/1754/202 1490/1753/202
f 1490/1753/202 1591/1823/202 1562/1614/202
f 1591/1823/202 1573/1798/202 1562/1614/202
f 1616/1761/202 1438/1549/202 1626/1615/202
f 1616/1761/202 1618/1815/202 1682/1618/202
f 1624/1817/202 1622/1762/202 1626/1615/202
f 1622/1762/202 1616/1761/202 1626/1615/202
f 1564/1696/202 1628/1844/202 1562/1614/202
f 1628/1844/202 1626/1615/202 1562/1614/202
f 1457/1610/202 1490/1753/202 1562/1614/202
f 1454/1530/203 1462/2240/203 1815/1616/5
f 1695/1619/204 1694/1680/204 1693/1730/204
f 1692/1617/204 1681/2222/204 1682/1618/204
f 1695/1619/204 1693/1730/204 1692/1617/204
f 1555/1621/206 1554/1727/273 1552/1655/205
f 1553/1620/205 1550/1543/205 1551/1612/205
f 1555/1621/206 1552/1655/205 1553/1620/205
f 1717/1624/207 1648/1683/207 1647/1682/207
f 1647/1682/207 1714/1622/207 1717/1624/207
f 1641/1627/15 1631/1714/15 1640/1625/15
f 1631/1714/15 1629/1713/15 1640/1625/15
f 1577/1630/175 1568/1604/168 1569/2235/15
f 1578/1628/15 1571/1738/15 1572/1629/15
f 1577/1630/175 1569/2235/15 1578/1628/15
f 1483/1633/15 1479/1785/15 1480/2232/15
f 1484/1631/15 1481/1744/15 1482/1632/15
f 1483/1633/15 1480/2232/15 1484/1631/15
f 1544/1634/208 1545/1820/208 1547/1635/208
f 1504/1638/209 1500/1810/213 1502/2212/213
f 1500/1810/213 1499/2213/213 1502/2212/213
f 1502/2212/213 1501/1636/209 1504/1638/209
f 1525/1641/211 1516/1676/211 1514/1675/211
f 1514/1675/211 1522/1639/211 1525/1641/211
f 1684/1644/212 1682/1618/212 1683/2223/212
f 1682/1618/212 1681/2222/212 1683/2223/212
f 1683/2223/212 1679/1642/212 1684/1644/212
f 1691/1646/193 1664/1771/193 1666/1647/193
f 1666/1647/193 1722/2216/193 1685/1645/193
f 1722/2216/193 1686/1688/193 1685/1645/193
f 1715/1780/193 1707/1788/193 1710/1650/193
f 1707/1788/193 1696/1791/193 1710/1650/193
f 1696/1791/193 1697/1648/193 1710/1650/193
f 1650/1706/193 1640/1625/193 1642/1653/193
f 1640/1625/193 1629/1713/193 1642/1653/193
f 1629/1713/193 1630/1651/193 1642/1653/193
f 1557/1726/193 1537/1807/193 1552/1655/193
f 1537/1807/193 1539/1829/193 1552/1655/193
f 1539/1829/193 1635/1654/193 1552/1655/193
f 1596/1769/193 1583/1702/193 1592/1658/193
f 1583/1702/193 1579/1662/193 1592/1658/193
f 1579/1662/193 1580/1656/193 1592/1658/193
f 1512/1660/193 1515/1674/193 1505/1661/193
f 1505/1661/193 1506/2214/193 1495/1659/193
f 1506/2214/193 1496/1809/193 1495/1659/193
f 1421/1590/193 1518/1804/193 1501/1636/193
f 1501/1636/193 1502/2212/193 1422/1593/193
f 1582/1664/213 1551/1612/213 1580/1656/213
f 1551/1612/213 1550/1543/213 1580/1656/213
f 1580/1656/213 1579/1662/213 1582/1664/213
f 1464/1665/214 1470/2233/214 1469/1666/214
f 1494/1669/204 1482/1632/204 1481/1744/204
f 1493/1667/204 1477/2225/204 1478/1668/204
f 1494/1669/204 1481/1744/204 1493/1667/204
f 1541/1670/211 1538/1808/211 1536/1567/211
f 1536/1567/211 1542/1566/211 1541/1670/211
f 1724/1673/211 1665/1773/211 1663/1772/211
f 1663/1772/211 1725/1671/211 1724/1673/211
f 1516/1676/15 1507/1837/15 1515/1674/15
f 1507/1837/15 1505/1661/15 1515/1674/15
f 1513/1677/1 1511/1786/1 1512/1660/1
f 1512/1660/1 1495/1659/1 1497/1678/1
f 1704/1681/15 1703/1758/15 1706/2236/15
f 1705/1679/15 1693/1730/15 1694/1680/15
f 1704/1681/15 1706/2236/15 1705/1679/15
f 1646/1684/211 1641/1627/211 1639/1626/211
f 1639/1626/211 1647/1682/211 1646/1684/211
f 1742/1606/212 1721/1709/212 1741/2220/212
f 1721/1709/212 1720/2221/212 1741/2220/212
f 1741/2220/212 1739/1559/212 1742/1606/212
f 1465/1685/208 1466/1774/208 1468/1686/208
f 1688/1690/216 1687/1746/274 1685/1645/275
f 1686/1688/205 1689/2217/205 1690/1689/205
f 1688/1690/216 1685/1645/275 1686/1688/205
f 1586/1693/1 1589/1824/1 1587/1739/1
f 1589/1824/1 1588/1740/1 1587/1739/1
f 1587/1739/1 1585/1691/1 1586/1693/1
f 1584/1692/208 1585/1691/208 1464/1665/208
f 1564/1696/212 1562/1614/212 1563/2231/212
f 1562/1614/212 1561/1555/212 1563/2231/212
f 1563/2231/212 1559/1694/212 1564/1696/212
f 1609/1697/208 1612/1747/208 1602/1597/208
f 1654/1699/214 1656/2234/214 1655/1700/214
f 1575/1704/15 1581/1663/15 1583/1702/217
f 1581/1663/15 1579/1662/15 1583/1702/217
f 1651/1705/1 1649/1778/1 1650/1706/1
f 1650/1706/1 1642/1653/1 1644/1707/1
f 1719/1710/204 1660/1723/204 1659/1728/204
f 1718/1708/204 1720/2221/204 1721/1709/204
f 1719/1710/204 1659/1728/204 1718/1708/204
f 1713/1712/216 1712/1781/206 1710/1650/205
f 1711/1649/205 1633/2218/205 1634/1711/205
f 1713/1712/216 1710/1650/205 1711/1649/205
f 1632/1715/220 1634/1711/213 1630/1651/213
f 1634/1711/213 1633/2218/213 1630/1651/213
f 1630/1651/213 1629/1713/213 1632/1715/220
f 1600/1598/214 1608/2238/214 1605/1716/214
f 1735/1718/208 1736/1776/208 1654/1699/208
f 1700/1721/211 1702/1790/211 1701/1789/211
f 1701/1789/211 1675/1719/211 1700/1721/211
f 1657/1724/15 1655/1700/15 1656/2234/15
f 1658/1722/15 1659/1728/15 1660/1723/15
f 1657/1724/15 1656/2234/15 1658/1722/15
f 1558/1725/1 1556/1841/166 1557/1726/1
f 1557/1726/1 1552/1655/1 1554/1727/1
f 1683/2223/191 1718/1708/191 1679/1642/191
f 1718/1708/191 1659/1728/191 1679/1642/191
f 1659/1728/191 1658/1722/191 1673/1729/191
f 1617/2227/191 1692/1617/191 1603/1732/191
f 1692/1617/191 1693/1730/191 1603/1732/191
f 1693/1730/191 1705/1679/191 1709/1731/191
f 1623/2228/191 1619/1760/191 1613/1735/191
f 1619/1760/191 1620/1733/191 1613/1735/191
f 1620/1733/191 1607/1834/191 1611/1734/191
f 1563/2231/191 1627/1843/191 1559/1694/191
f 1627/1843/191 1534/1736/191 1559/1694/191
f 1534/1736/191 1532/1799/191 1549/1737/191
f 1590/2230/191 1570/1797/191 1588/1740/191
f 1570/1797/191 1571/1738/191 1588/1740/191
f 1571/1738/191 1578/1628/191 1587/1739/191
f 1491/2224/191 1485/1752/191 1486/1741/191
f 1486/1741/191 1472/1782/191 1474/1742/191
f 1475/1743/191 1491/2224/191 1486/1741/191
f 1415/1592/191 1493/1667/191 1481/1744/191
f 1481/1744/191 1484/1631/191 1416/1591/191
f 1678/1745/1 1677/1845/1 1691/1646/1
f 1691/1646/1 1685/1645/1 1687/1746/1
f 1610/1748/1 1614/1816/1 1611/1734/1
f 1614/1816/1 1613/1735/1 1611/1734/1
f 1611/1734/1 1612/1747/1 1610/1748/1
f 1672/1751/166 1680/1643/1 1673/1729/1
f 1680/1643/1 1679/1642/1 1673/1729/1
f 1673/1729/1 1669/1749/1 1672/1751/166
f 1488/1754/204 1487/1783/204 1486/1741/204
f 1485/1752/204 1489/2229/204 1490/1753/204
f 1488/1754/204 1486/1741/204 1485/1752/204
f 1730/1756/216 1729/1602/206 1728/1570/205
f 1727/1569/205 1661/2215/205 1662/1755/205
f 1730/1756/216 1728/1570/205 1727/1569/205
f 1671/1757/214 1706/2236/214 1703/1758/214
f 1622/1762/204 1621/1822/204 1620/1733/204
f 1619/1760/204 1615/2226/204 1616/1761/204
f 1622/1762/204 1620/1733/204 1619/1760/204
f 1576/1763/211 1575/1704/211 1574/1703/211
f 1574/1703/211 1565/1568/211 1576/1763/211
f 1708/1766/1 1604/1814/1 1709/1731/1
f 1604/1814/1 1603/1732/1 1709/1731/1
f 1709/1731/1 1598/1764/1 1708/1766/1
f 1602/1597/214 1533/2237/214 1530/1767/214
f 1521/1768/1 1520/1812/1 1596/1769/1
f 1596/1769/1 1592/1658/1 1594/1770/1
f 1665/1773/171 1667/1839/15 1664/1771/15
f 1667/1839/15 1666/1647/15 1664/1771/15
f 1473/1775/1 1476/1825/1 1474/1742/1
f 1476/1825/1 1475/1743/1 1474/1742/1
f 1474/1742/1 1466/1774/1 1473/1775/1
f 1737/1777/1 1740/1607/1 1738/1558/1
f 1740/1607/1 1739/1559/1 1738/1558/1
f 1738/1558/1 1736/1776/1 1737/1777/1
f 1652/1779/207 1543/1609/276 1542/1566/207
f 1542/1566/207 1649/1778/207 1652/1779/207
f 1716/1623/1 1714/1622/166 1715/1780/1
f 1715/1780/1 1710/1650/1 1712/1781/1
f 1471/1784/15 1469/1666/15 1470/2233/15
f 1472/1782/15 1486/1741/15 1487/1783/15
f 1471/1784/15 1470/2233/15 1472/1782/15
f 1468/1686/214 1480/2232/214 1479/1785/214
f 1527/1787/207 1528/1795/207 1526/1794/207
f 1526/1794/207 1511/1786/207 1527/1787/207
f 1702/1790/15 1698/1792/15 1707/1788/15
f 1698/1792/15 1696/1791/15 1707/1788/15
f 1699/1793/213 1690/1689/213 1697/1648/213
f 1690/1689/213 1689/2217/213 1697/1648/213
f 1697/1648/213 1696/1791/213 1699/1793/213
f 1529/1796/211 1519/1806/211 1517/1805/211
f 1517/1805/211 1526/1794/211 1529/1796/211
f 1573/1798/204 1572/1629/204 1571/1738/204
f 1570/1797/204 1561/1555/204 1562/1614/204
f 1573/1798/204 1571/1738/204 1570/1797/204
f 1531/1801/15 1530/1767/15 1533/2237/15
f 1532/1799/15 1534/1736/15 1535/1800/15
f 1531/1801/15 1533/2237/15 1532/1799/15
f 1595/1803/216 1594/1770/206 1592/1658/205
f 1593/1657/205 1509/2219/205 1510/1802/205
f 1595/1803/216 1592/1658/205 1593/1657/205
f 1519/1806/15 1503/1637/15 1518/1804/222
f 1503/1637/15 1501/1636/15 1518/1804/222
f 1538/1808/15 1540/1830/15 1537/1807/217
f 1540/1830/15 1539/1829/15 1537/1807/217
f 1498/1811/216 1497/1678/206 1495/1659/216
f 1496/1809/205 1499/2213/205 1500/1810/205
f 1498/1811/216 1495/1659/216 1496/1809/205
f 1523/1813/207 1524/1640/207 1522/1639/207
f 1522/1639/207 1520/1812/207 1523/1813/207
f 1618/1815/212 1616/1761/212 1617/2227/212
f 1616/1761/212 1615/2226/212 1617/2227/212
f 1617/2227/212 1603/1732/212 1618/1815/212
f 1624/1817/212 1626/1615/212 1623/2228/212
f 1626/1615/212 1625/1554/212 1623/2228/212
f 1623/2228/212 1613/1735/212 1624/1817/212
f 1688/1690/197 1723/1840/197 1667/1839/197
f 1665/1773/197 1724/1673/197 1678/1745/197
f 1724/1673/197 1674/1846/197 1678/1745/197
f 1688/1690/197 1667/1839/197 1687/1746/197
f 1667/1839/197 1665/1773/197 1687/1746/197
f 1713/1712/197 1699/1793/197 1698/1792/197
f 1702/1790/197 1700/1721/197 1716/1623/197
f 1700/1721/197 1717/1624/197 1716/1623/197
f 1713/1712/197 1698/1792/197 1712/1781/197
f 1698/1792/197 1702/1790/197 1712/1781/197
f 1645/1847/197 1632/1715/197 1631/1714/197
f 1641/1627/197 1646/1684/197 1651/1705/197
f 1646/1684/197 1652/1779/197 1651/1705/197
f 1645/1847/197 1631/1714/197 1644/1707/197
f 1631/1714/197 1641/1627/197 1644/1707/197
f 1555/1621/197 1636/1831/197 1540/1830/197
f 1538/1808/197 1541/1670/197 1558/1725/197
f 1541/1670/197 1566/1842/197 1558/1725/197
f 1555/1621/197 1540/1830/197 1554/1727/197
f 1540/1830/197 1538/1808/197 1554/1727/197
f 1595/1803/197 1582/1664/197 1581/1663/197
f 1575/1704/197 1576/1763/197 1521/1768/197
f 1576/1763/197 1523/1813/197 1521/1768/197
f 1595/1803/197 1581/1663/197 1594/1770/197
f 1581/1663/197 1575/1704/197 1594/1770/197
f 1498/1811/197 1508/1838/197 1507/1837/197
f 1516/1676/197 1525/1641/197 1513/1677/197
f 1525/1641/197 1527/1787/197 1513/1677/197
f 1498/1811/197 1507/1837/197 1497/1678/197
f 1507/1837/197 1516/1676/197 1497/1678/197
f 1461/1819/197 1504/1638/197 1503/1637/197
f 1519/1806/197 1529/1796/197 1460/1818/197
f 1461/1819/197 1503/1637/197 1519/1806/197
f 1548/1821/1 1560/1695/1 1549/1737/1
f 1560/1695/1 1559/1694/1 1549/1737/1
f 1549/1737/1 1545/1820/166 1548/1821/1
f 1672/1751/199 1657/1724/199 1660/1723/199
f 1660/1723/199 1719/1710/199 1684/1644/199
f 1680/1643/199 1672/1751/199 1660/1723/199
f 1708/1766/199 1704/1681/199 1694/1680/199
f 1694/1680/199 1695/1619/199 1618/1815/199
f 1604/1814/199 1708/1766/199 1694/1680/199
f 1610/1748/199 1606/1835/199 1621/1822/199
f 1621/1822/199 1622/1762/199 1614/1816/199
f 1622/1762/199 1624/1817/199 1614/1816/199
f 1548/1821/199 1531/1801/199 1535/1800/199
f 1535/1800/199 1628/1844/199 1560/1695/199
f 1628/1844/199 1564/1696/199 1560/1695/199
f 1586/1693/199 1577/1630/199 1572/1629/199
f 1572/1629/199 1573/1798/199 1591/1823/199
f 1589/1824/199 1586/1693/199 1572/1629/199
f 1473/1775/199 1471/1784/199 1487/1783/199
f 1487/1783/199 1488/1754/199 1476/1825/199
f 1488/1754/199 1492/1828/199 1476/1825/199
f 1459/1827/199 1483/1633/199 1482/1632/199
f 1482/1632/199 1494/1669/199 1458/1826/199
f 1492/1828/212 1478/1668/212 1491/2224/212
f 1478/1668/212 1477/2225/212 1491/2224/212
f 1491/2224/212 1475/1743/212 1492/1828/212
f 1547/1635/214 1569/2235/214 1568/1604/214
f 1591/1823/212 1490/1753/212 1590/2230/212
f 1490/1753/212 1489/2229/212 1590/2230/212
f 1590/2230/212 1588/1740/212 1591/1823/212
f 1636/1831/213 1638/1611/213 1635/1654/213
f 1638/1611/213 1637/1544/213 1635/1654/213
f 1635/1654/213 1539/1829/213 1636/1831/213
f 1597/1765/208 1598/1764/208 1600/1598/208
f 1734/1833/207 1726/1672/207 1725/1671/207
f 1725/1671/207 1731/1832/207 1734/1833/207
f 1606/1835/15 1605/1716/15 1608/2238/15
f 1607/1834/15 1620/1733/15 1621/1822/15
f 1606/1835/15 1608/2238/15 1607/1834/15
f 1668/1750/208 1669/1749/208 1671/1757/208
f 1733/1601/1 1731/1832/1 1732/1836/1
f 1732/1836/1 1728/1570/1 1729/1602/1
f 1508/1838/209 1510/1802/213 1506/2214/213
f 1510/1802/213 1509/2219/213 1506/2214/213
f 1506/2214/213 1505/1661/209 1508/1838/209
f 1723/1840/209 1662/1755/213 1722/2216/213
f 1662/1755/213 1661/2215/213 1722/2216/213
f 1722/2216/213 1666/1647/213 1723/1840/209
f 1566/1842/207 1567/1608/276 1565/1568/276
f 1565/1568/276 1556/1841/207 1566/1842/207
f 1628/1844/204 1535/1800/204 1534/1736/204
f 1627/1843/204 1625/1554/204 1626/1615/204
f 1628/1844/204 1534/1736/204 1627/1843/204
f 1674/1846/207 1676/1720/207 1675/1719/207
f 1675/1719/207 1677/1845/207 1674/1846/207
f 1645/1847/216 1644/1707/274 1642/1653/205
f 1643/1652/205 1637/1544/205 1638/1611/205
f 1645/1847/216 1642/1653/205 1643/1652/205
f 1776/1848/224 1773/1896/224 1745/1849/224
f 1763/1851/15 1745/1849/15 1787/1852/15
f 1806/1854/15 1804/1858/15 1748/1855/15
f 1801/1857/225 1744/1861/225 1748/1855/225
f 1781/1859/1 1799/1901/1 1779/1535/1
f 1798/1860/1 1769/1893/1 1744/1861/1
f 1756/1541/1 1755/1551/1 1786/1863/1
f 1745/1849/226 1763/1851/226 2081/1886/226
f 2015/2241/226 2076/1953/226 2043/2242/226
f 2076/1953/226 2040/1994/226 2043/2242/226
f 1745/1849/226 2081/1886/226 2015/2241/226
f 1856/1945/226 1766/1905/226 1750/1850/226
f 1860/1967/226 1850/2094/226 1853/2243/226
f 1853/2243/226 1856/1945/226 1750/1850/226
f 1750/1850/226 1745/1849/226 1991/1865/226
f 1745/1849/226 2015/2241/226 2043/2242/226
f 2043/2242/226 2051/1956/226 1987/2244/226
f 2051/1956/226 2065/2015/226 1987/2244/226
f 1987/2244/226 1984/1959/226 1991/1865/226
f 1984/1959/226 1997/2147/226 1991/1865/226
f 1745/1849/226 2043/2242/226 1987/2244/226
f 1860/1967/226 1853/2243/226 1863/2245/226
f 1853/2243/226 1750/1850/226 1863/2245/226
f 1934/1964/226 1947/2088/226 1863/2245/226
f 1745/1849/226 1987/2244/226 1991/1865/226
f 1991/1865/226 1989/1961/226 1904/1866/226
f 1989/1961/226 1907/1927/226 1904/1866/226
f 1904/1866/226 1934/1964/226 1863/2245/226
f 1904/1866/226 1863/2245/226 1750/1850/226
f 1794/1867/1 1767/1546/1 1756/1541/1
f 1803/1547/1 1752/1594/1 1783/1862/1
f 1745/1849/15 1746/1872/15 1788/1869/15
f 1755/1551/1 1760/1553/1 1789/1870/1
f 1760/1553/1 1759/1596/1 1790/1871/1
f 1749/1898/227 1757/1907/227 1847/1973/227
f 1831/2246/227 1845/2128/227 1839/2049/227
f 1749/1898/227 1847/1973/227 1831/2246/227
f 2095/1990/227 1762/1878/227 1746/1872/227
f 2037/1951/227 2072/2012/227 2074/2247/227
f 2074/2247/227 2095/1990/227 1746/1872/227
f 1746/1872/227 1749/1898/227 1979/1873/227
f 1749/1898/227 1831/2246/227 1843/2248/227
f 1831/2246/227 1839/2049/227 1843/2248/227
f 1843/2248/227 1944/2133/227 1924/2084/227
f 1915/2249/227 1917/2002/227 1981/2145/227
f 1843/2248/227 1924/2084/227 1915/2249/227
f 1749/1898/227 1843/2248/227 1915/2249/227
f 2037/1951/227 2074/2247/227 2035/2250/227
f 2074/2247/227 1746/1872/227 2035/2250/227
f 1971/2099/227 2046/1924/227 1969/1874/227
f 2046/1924/227 2035/2250/227 1969/1874/227
f 1749/1898/227 1915/2249/227 1979/1873/227
f 1915/2249/227 1981/2145/227 1979/1873/227
f 1979/1873/227 1977/2102/227 1973/2055/227
f 1979/1873/227 1973/2055/227 1969/1874/227
f 1969/1874/227 2035/2250/227 1746/1872/227
f 1761/1877/228 1762/1878/228 2093/1875/228
f 1762/1878/228 2095/1990/228 2093/1875/228
f 1788/1869/15 1746/1872/15 1762/1878/15
f 1791/1879/15 1762/1878/15 1761/1877/15
f 1781/1859/1 1751/1564/1 1768/1563/1
f 1793/1881/1 1768/1563/1 1767/1546/1
f 1743/1903/229 1765/1904/229 1871/2083/229
f 1765/1904/229 1872/2091/229 1871/2083/229
f 2086/2141/229 1764/1890/229 2085/2137/229
f 1764/1890/229 1747/1887/229 2085/2137/229
f 1743/1903/229 1871/2083/229 1880/2078/229
f 1865/1984/229 1866/1983/229 1869/1982/229
f 1747/1887/229 1743/1903/229 1896/1882/229
f 1743/1903/229 1880/2078/229 1876/1947/229
f 1880/2078/229 1865/1984/229 1868/1948/229
f 1865/1984/229 1869/1982/229 1868/1948/229
f 2079/1979/229 2085/2137/229 1747/1887/229
f 2045/2043/229 2018/2066/229 2017/1980/229
f 2045/2043/229 2017/1980/229 2031/2044/229
f 2017/1980/229 2079/1979/229 2031/2044/229
f 1880/2078/229 1868/1948/229 1876/1947/229
f 1874/2063/229 1950/2062/277 1937/2009/229
f 1743/1903/229 1876/1947/229 1919/2058/229
f 1876/1947/229 1874/2063/229 1928/2008/229
f 1874/2063/229 1937/2009/229 1928/2008/229
f 2029/2023/229 2031/2044/229 2079/1979/229
f 2069/2071/229 2061/2080/229 2055/2024/229
f 2029/2023/229 2079/1979/229 1747/1887/229
f 2069/2071/229 2055/2024/229 2068/1931/229
f 2055/2024/229 2029/2023/229 2068/1931/229
f 1876/1947/229 1928/2008/229 1919/2058/229
f 1910/2029/229 1911/2028/229 1891/2093/229
f 1743/1903/229 1919/2058/229 1896/1882/229
f 1919/2058/229 1910/2029/229 1890/1977/229
f 1910/2029/229 1891/2093/229 1890/1977/229
f 2029/2023/229 1747/1887/229 2001/1884/229
f 2001/1884/229 1747/1887/229 1896/1882/229
f 2001/1884/229 2068/1931/229 2029/2023/229
f 2004/2010/229 1994/1934/229 1993/1933/229
f 2004/2010/229 1993/1933/229 2003/1883/229
f 1993/1933/229 2001/1884/229 2003/1883/229
f 1919/2058/229 1890/1977/229 1896/1882/229
f 1763/1851/230 1764/1890/230 2082/1885/230
f 1764/1890/230 2086/2141/230 2082/1885/230
f 1747/1887/15 1764/1890/15 1795/1888/15
f 1764/1890/15 1763/1851/15 1796/1853/15
f 1770/1891/6 1769/1893/6 1798/1860/6
f 1769/1893/231 1770/1891/231 1748/1855/231
f 1782/1856/15 1797/1892/15 1772/1579/15
f 1776/1848/2 1775/1897/2 1774/1895/2
f 1775/1897/1 1776/1848/1 1750/1850/1
f 1773/1896/15 1774/1895/15 1746/1872/15
f 1774/1895/232 1775/1897/232 1749/1898/232
f 1777/1899/5 1778/1902/5 1800/1900/5
f 1800/1900/15 1778/1902/15 1747/1887/15
f 1778/1902/233 1777/1899/233 1743/1903/233
f 1780/1587/15 1800/1900/15 1784/1889/15
f 1799/1901/5 1800/1900/5 1780/1587/5
f 1748/1855/15 1770/1891/15 1797/1892/15
f 1797/1892/6 1798/1860/6 1771/1589/6
f 1765/1904/1 1793/1881/1 1794/1867/1
f 1743/1903/1 1781/1859/1 1793/1881/1
f 1789/1870/1 1790/1871/1 1758/1906/1
f 1786/1863/1 1789/1870/1 1757/1907/1
f 1805/1868/1 1783/1862/1 1744/1861/1
f 1766/1905/1 1794/1867/1 1785/1864/1
f 1785/1864/1 1786/1863/1 1749/1898/1
f 1771/1589/1 1798/1860/1 1783/1862/1
f 1743/1903/1 1777/1899/1 1799/1901/1
f 1802/1595/15 1806/1854/15 1782/1856/15
f 1790/1871/1 1805/1868/1 1801/1857/1
f 1759/1596/1 1803/1547/1 1805/1868/1
f 1804/1858/225 1761/1877/225 2090/2021/225
f 1761/1877/225 2092/1876/225 2090/2021/225
f 1838/1938/225 1758/1906/225 1834/1939/225
f 1758/1906/225 1801/1857/225 1834/1939/225
f 1804/1858/225 2090/2021/225 2008/2005/225
f 2010/2026/225 2012/2025/225 2027/2031/225
f 1801/1857/225 1804/1858/225 1956/1908/225
f 1804/1858/225 2008/2005/225 2025/2053/225
f 2008/2005/225 2010/2026/225 2023/2048/225
f 2010/2026/225 2027/2031/225 2023/2048/225
f 1822/1992/225 1834/1939/225 1801/1857/225
f 1826/2041/225 1828/2068/225 1820/1993/225
f 1826/2041/225 1820/1993/225 1824/2073/225
f 1820/1993/225 1822/1992/225 1824/2073/225
f 2008/2005/225 2023/2048/225 2025/2053/225
f 2060/1987/225 2059/1986/225 2063/2032/225
f 1804/1858/225 2025/2053/225 1954/2019/225
f 2025/2053/225 2060/1987/225 1952/2060/225
f 2060/1987/225 2063/2032/225 1952/2060/225
f 1818/1971/225 1824/2073/225 1822/1992/225
f 1932/1935/225 1941/1998/225 1939/1997/225
f 1818/1971/225 1822/1992/225 1801/1857/225
f 1932/1935/225 1939/1997/225 1923/1936/225
f 1939/1997/225 1818/1971/225 1923/1936/225
f 2025/2053/225 1952/2060/225 1954/2019/225
f 1962/2138/225 1961/2034/225 1965/2033/225
f 1804/1858/225 1954/2019/225 1956/1908/225
f 1954/2019/225 1962/2138/225 1966/2003/225
f 1962/2138/225 1965/2033/225 1966/2003/225
f 1901/1909/225 1923/1936/225 1818/1971/225
f 1886/2037/225 1903/2036/225 1899/1942/225
f 1901/1909/225 1818/1971/225 1801/1857/225
f 1886/2037/225 1899/1942/225 1887/2086/225
f 1899/1942/225 1901/1909/225 1887/2086/225
f 1954/2019/225 1966/2003/225 1956/1908/225
f 1956/1908/225 1887/2086/225 1901/1909/225
f 1792/1880/15 1761/1877/15 1804/1858/15
f 1808/1910/6 1807/2239/6 1753/1588/6
f 1796/1853/234 2084/2051/234 2083/2251/234
f 2087/1911/234 2088/2136/234 1795/1888/234
f 1796/1853/234 2083/2251/234 2087/1911/234
f 1816/2252/235 1812/2124/235 1833/2075/235
f 1812/2124/235 1837/1940/235 1833/2075/235
f 2091/2069/235 1792/1880/235 2089/2020/235
f 1792/1880/235 1806/1854/235 2089/2020/235
f 1816/2252/235 1833/2075/235 1821/2076/235
f 1819/1991/235 1827/2067/235 1825/2074/235
f 1806/1854/235 1816/2252/235 1955/1912/235
f 1816/2252/235 1821/2076/235 1817/1972/235
f 1821/2076/235 1819/1991/235 1823/1970/235
f 1819/1991/235 1825/2074/235 1823/1970/235
f 2007/2006/235 2089/2020/235 1806/1854/235
f 2026/2047/235 2011/2027/235 2009/2004/235
f 2026/2047/235 2009/2004/235 2022/2140/235
f 2009/2004/235 2007/2006/235 2022/2140/235
f 1821/2076/235 1823/1970/235 1817/1972/235
f 1938/1999/235 1940/1996/235 1931/1937/235
f 1816/2252/235 1817/1972/235 1900/2130/235
f 1817/1972/235 1938/1999/235 1922/2129/235
f 1938/1999/235 1931/1937/235 1922/2129/235
f 2024/2054/235 2022/2140/235 2007/2006/235
f 2062/2059/235 2058/1988/235 2057/2052/235
f 2024/2054/235 2007/2006/235 1806/1854/235
f 2062/2059/235 2057/2052/235 1951/2135/235
f 2057/2052/235 2024/2054/235 1951/2135/235
f 1817/1972/235 1922/2129/235 1900/2130/235
f 1898/1941/235 1902/2110/235 1885/2087/235
f 1816/2252/235 1900/2130/235 1955/1912/235
f 1900/2130/235 1898/1941/235 1884/2061/235
f 1898/1941/235 1885/2087/235 1884/2061/235
f 1953/1914/235 1951/2135/235 2024/2054/235
f 1964/2046/235 1960/2139/235 1959/2018/235
f 1953/1914/235 2024/2054/235 1806/1854/235
f 1964/2046/235 1959/2018/235 1963/1913/235
f 1959/2018/235 1953/1914/235 1963/1913/235
f 1953/1914/235 1806/1854/235 1955/1912/235
f 1900/2130/235 1884/2061/235 1955/1912/235
f 1791/1879/236 1792/1880/236 2094/1915/236
f 1792/1880/236 2091/2069/236 2094/1915/236
f 1784/1889/237 1795/1888/237 2088/2136/237
f 2080/2253/237 2078/1978/237 2028/2146/237
f 1784/1889/237 2088/2136/237 2080/2253/237
f 1883/2082/237 1813/2109/237 1808/1910/237
f 1879/1946/237 1881/2077/237 1882/2254/237
f 1882/2254/237 1883/2082/237 1808/1910/237
f 1808/1910/237 1784/1889/237 1897/1917/237
f 1784/1889/237 2080/2253/237 2030/2255/237
f 2080/2253/237 2028/2146/237 2030/2255/237
f 2030/2255/237 2054/2022/237 2071/1930/237
f 2002/2256/237 2000/1989/237 1897/1917/237
f 2000/1989/237 2006/2070/237 1897/1917/237
f 2030/2255/237 2071/1930/237 2002/2256/237
f 1784/1889/237 2030/2255/237 2002/2256/237
f 1879/1946/237 1882/2254/237 1878/2257/237
f 1882/2254/237 1808/1910/237 1878/2257/237
f 1930/2057/237 1877/2096/237 1921/1918/237
f 1877/2096/237 1878/2257/237 1921/1918/237
f 1784/1889/237 2002/2256/237 1897/1917/237
f 1897/1917/237 1895/1976/237 1921/1918/237
f 1895/1976/237 1920/2144/237 1921/1918/237
f 1921/1918/237 1878/2257/237 1808/1910/237
f 1810/1919/4 1809/2258/4 1787/1852/4
f 1809/2258/238 1814/2108/238 1858/1943/238
f 1854/2259/238 1852/2095/238 1862/2142/238
f 1809/2258/238 1858/1943/238 1854/2259/238
f 2084/2051/238 1796/1853/238 1787/1852/238
f 2042/1995/238 2077/2143/238 2016/2260/238
f 2016/2260/238 2084/2051/238 1787/1852/238
f 1787/1852/238 1809/2258/238 1992/2261/238
f 1809/2258/238 1854/2259/238 1864/2262/238
f 1854/2259/238 1862/2142/238 1864/2262/238
f 1864/2262/238 1949/2089/238 1936/1969/238
f 1905/2263/238 1909/1929/238 1990/2134/238
f 1864/2262/238 1936/1969/238 1905/2263/238
f 1809/2258/238 1864/2262/238 1905/2263/238
f 2044/1921/238 2042/1995/238 2016/2260/238
f 1809/2258/238 1905/2263/238 1992/2261/238
f 1905/2263/238 1990/2134/238 1992/2261/238
f 1992/2261/238 1999/2148/238 1986/2017/238
f 1988/1920/238 2067/2016/238 2053/2081/238
f 1992/2261/238 1986/2017/238 1988/1920/238
f 2044/1921/238 2016/2260/238 1787/1852/238
f 1988/1920/238 2053/2081/238 2044/1921/238
f 1787/1852/238 1992/2261/238 1988/1920/238
f 1788/1869/239 1791/1879/239 2096/1916/239
f 2075/2264/239 2073/2014/239 2038/1949/239
f 1788/1869/239 2096/1916/239 2075/2264/239
f 1848/1975/239 1811/2125/239 1810/1919/239
f 1842/2050/239 1846/2127/239 1832/2265/239
f 1832/2265/239 1848/1975/239 1810/1919/239
f 1810/1919/239 1788/1869/239 1980/1922/239
f 1788/1869/239 2075/2264/239 2036/2266/239
f 2075/2264/239 2038/1949/239 2036/2266/239
f 2036/2266/239 2049/1926/239 1972/2097/239
f 1970/2267/239 1976/2056/239 1980/1922/239
f 1976/2056/239 1978/2100/239 1980/1922/239
f 2036/2266/239 1972/2097/239 1970/2267/239
f 1788/1869/239 2036/2266/239 1970/2267/239
f 1842/2050/239 1832/2265/239 1844/2268/239
f 1832/2265/239 1810/1919/239 1844/2268/239
f 1927/2085/239 1945/2131/239 1916/1923/239
f 1945/2131/239 1844/2268/239 1916/1923/239
f 1788/1869/239 1970/2267/239 1980/1922/239
f 1980/1922/239 1982/2118/239 1916/1923/239
f 1982/2118/239 1918/2000/239 1916/1923/239
f 1916/1923/239 1844/2268/239 1810/1919/239
f 1815/1616/5 1816/2252/240 1806/1854/240
f 2047/1925/241 2048/2114/241 2049/1926/241
f 2049/1926/241 2036/2266/241 2046/1924/241
f 2036/2266/241 2035/2250/241 2046/1924/241
f 1906/1928/243 1908/2106/278 1909/1929/243
f 1909/1929/243 1905/2263/242 1907/1927/242
f 1905/2263/242 1904/1866/242 1907/1927/242
f 2001/1884/244 2002/2256/244 2071/1930/244
f 2071/1930/244 2070/2072/244 2068/1931/244
f 1983/1960/15 1985/2269/15 1994/1934/15
f 1985/2269/15 1995/1932/15 1994/1934/15
f 1923/1936/15 1922/2129/15 1931/1937/15
f 1931/1937/15 1926/2120/15 1932/1935/15
f 1926/2120/15 1925/2039/15 1932/1935/15
f 1834/1939/15 1833/2075/15 1837/1940/15
f 1837/1940/15 1836/2126/15 1838/1938/15
f 1836/2126/15 1835/1974/15 1838/1938/15
f 1898/1941/245 1900/2130/245 1901/1909/245
f 1853/2243/247 1854/2259/247 1856/1945/247
f 1854/2259/247 1858/1943/246 1856/1945/247
f 1858/1943/246 1857/2270/279 1855/1944/246
f 1868/1948/248 1870/1981/248 1879/1946/248
f 1879/1946/248 1878/2257/248 1876/1947/248
f 2035/2250/249 2036/2266/249 2037/1951/249
f 2036/2266/249 2038/1949/249 2037/1951/249
f 2038/1949/249 2034/2111/249 2033/1950/249
f 2020/1954/230 2018/2066/230 2045/2043/230
f 2039/1952/230 2040/1994/230 2076/1953/230
f 2020/1954/230 2045/2043/230 2039/1952/230
f 2050/1957/230 2061/2080/230 2064/1955/230
f 2061/2080/230 2069/2071/230 2064/1955/230
f 2064/1955/230 2065/2015/230 2051/1956/230
f 1983/1960/230 1994/1934/230 1996/1958/230
f 1994/1934/230 2004/2010/230 1996/1958/230
f 1996/1958/230 1997/2147/230 1984/1959/230
f 1893/1962/230 1891/2093/230 1906/1928/230
f 1891/2093/230 1911/2028/230 1906/1928/230
f 1906/1928/230 1907/1927/230 1989/1961/230
f 1933/1965/230 1937/2009/230 1946/1963/230
f 1937/2009/230 1950/2062/230 1946/1963/230
f 1946/1963/230 1947/2088/230 1934/1964/230
f 1859/1968/230 1869/1982/230 1866/1983/230
f 1849/1966/230 1850/2094/230 1860/1967/230
f 1859/1968/230 1866/1983/230 1849/1966/230
f 1855/1944/230 1872/2091/230 1765/1904/230
f 1765/1904/230 1766/1905/230 1855/1944/230
f 1904/1866/247 1905/2263/247 1934/1964/247
f 1905/2263/247 1936/1969/246 1934/1964/247
f 1936/1969/246 1935/2271/279 1933/1965/247
f 1823/1970/250 1824/2073/250 1818/1971/250
f 1835/1974/241 1836/2126/241 1848/1975/241
f 1848/1975/241 1832/2265/241 1847/1973/241
f 1832/2265/241 1831/2246/241 1847/1973/241
f 1890/1977/248 1892/2092/248 1895/1976/248
f 1895/1976/248 1897/1917/248 1896/1882/248
f 2017/1980/248 2019/2065/248 2078/1978/248
f 2078/1978/248 2080/2253/248 2079/1979/248
f 1859/1968/15 1861/2272/15 1869/1982/15
f 1861/2272/15 1870/1981/15 1869/1982/15
f 1867/1985/1 1851/2107/1 1866/1983/1
f 1851/2107/1 1849/1966/1 1866/1983/1
f 2060/1987/15 2057/2052/172 2058/1988/15
f 2058/1988/15 2048/2114/15 2059/1986/15
f 2048/2114/15 2047/1925/15 2059/1986/15
f 1993/1933/248 1995/1932/248 2000/1989/248
f 2000/1989/248 2002/2256/248 2001/1884/248
f 2074/2247/249 2075/2264/249 2095/1990/249
f 2075/2264/249 2096/1916/249 2095/1990/249
f 2096/1916/249 2094/1915/249 2093/1875/249
f 1819/1991/245 1821/2076/245 1822/1992/245
f 2039/1952/242 2041/2103/280 2042/1995/242
f 2042/1995/242 2044/1921/242 2040/1994/242
f 2044/1921/242 2043/2242/242 2040/1994/242
f 1942/2132/1 1943/2121/1 1941/1998/1
f 1943/2121/1 1940/1996/1 1941/1998/1
f 1940/1996/1 1938/1999/1 1939/1997/1
f 1938/1999/245 1817/1972/245 1818/1971/245
f 1915/2249/249 1916/1923/249 1917/2002/249
f 1916/1923/249 1918/2000/249 1917/2002/249
f 1918/2000/249 1914/2117/249 1913/2001/249
f 1963/1913/245 1955/1912/245 1956/1908/245
f 2009/2004/250 2010/2026/250 2008/2005/250
f 1933/1965/15 1935/2271/15 1937/2009/252
f 1935/2271/15 1929/2007/15 1937/2009/252
f 2005/2011/1 1998/2105/1 2004/2010/166
f 1998/2105/1 1996/1958/1 2004/2010/166
f 2013/2013/241 2014/2112/241 2073/2014/241
f 2073/2014/241 2075/2264/241 2072/2012/241
f 2075/2264/241 2074/2247/241 2072/2012/241
f 2064/1955/242 2066/2104/278 2067/2016/243
f 2067/2016/243 1988/1920/242 2065/2015/242
f 1988/1920/242 1987/2244/242 2065/2015/242
f 1987/2244/247 1988/1920/247 1984/1959/247
f 1988/1920/247 1986/2017/253 1984/1959/247
f 1986/2017/253 1985/2269/281 1983/1960/247
f 1959/2018/250 1962/2138/250 1954/2019/250
f 2089/2020/245 2007/2006/245 2008/2005/245
f 2055/2024/248 2056/2079/248 2054/2022/248
f 2054/2022/248 2030/2255/248 2029/2023/248
f 2010/2026/15 2009/2004/15 2011/2027/15
f 2011/2027/15 2014/2112/15 2012/2025/15
f 2014/2112/15 2013/2013/15 2012/2025/15
f 1912/2030/1 1908/2106/1 1911/2028/1
f 1908/2106/1 1906/1928/1 1911/2028/1
f 2013/2013/228 2072/2012/228 2033/1950/228
f 2072/2012/228 2037/1951/228 2033/1950/228
f 2033/1950/228 2027/2031/228 2013/2013/228
f 2047/1925/228 2046/1924/228 1957/2098/228
f 2046/1924/228 1971/2099/228 1957/2098/228
f 1957/2098/228 2063/2032/228 2047/1925/228
f 1974/2035/228 1973/2055/228 1967/2101/228
f 1973/2055/228 1977/2102/228 1967/2101/228
f 1967/2101/228 1965/2033/228 1974/2035/228
f 1888/2038/228 1981/2145/228 1913/2001/228
f 1981/2145/228 1917/2002/228 1913/2001/228
f 1913/2001/228 1903/2036/228 1888/2038/228
f 1925/2039/228 1924/2084/228 1942/2132/228
f 1924/2084/228 1944/2133/228 1942/2132/228
f 1942/2132/228 1941/1998/228 1925/2039/228
f 1840/2042/228 1839/2049/228 1829/2040/228
f 1839/2049/228 1845/2128/228 1829/2040/228
f 1829/2040/228 1828/2068/228 1826/2041/228
f 1835/1974/228 1847/1973/228 1757/1907/228
f 1757/1907/228 1758/1906/228 1835/1974/228
f 2032/2045/1 2041/2103/1 2045/2043/1
f 2041/2103/1 2039/1952/1 2045/2043/1
f 1967/2101/1 1968/2115/1 1965/2033/1
f 1968/2115/1 1964/2046/1 1965/2033/1
f 1964/2046/1 1963/1913/1 1966/2003/1
f 2033/1950/1 2034/2111/1 2027/2031/1
f 2034/2111/1 2026/2047/174 2027/2031/1
f 2026/2047/174 2022/2140/180 2023/2048/159
f 1840/2042/241 1841/2123/241 1842/2050/241
f 1842/2050/241 1844/2268/241 1839/2049/241
f 1844/2268/241 1843/2248/241 1839/2049/241
f 2082/1885/242 2083/2251/278 2084/2051/243
f 2084/2051/243 2016/2260/242 2081/1886/242
f 2016/2260/242 2015/2241/242 2081/1886/242
f 2057/2052/250 2060/1987/250 2025/2053/250
f 1974/2035/241 1975/2116/241 1976/2056/241
f 1976/2056/241 1970/2267/241 1973/2055/241
f 1970/2267/241 1969/1874/241 1973/2055/241
f 1928/2008/248 1929/2007/248 1930/2057/248
f 1930/2057/248 1921/1918/254 1919/2058/254
f 1957/2098/1 1958/2113/1 2063/2032/1
f 1958/2113/1 2062/2059/166 2063/2032/1
f 2062/2059/166 1951/2135/47 1952/2060/1
f 1884/2061/250 1887/2086/250 1956/1908/250
f 1875/2064/1 1948/2273/1 1950/2062/1
f 1948/2273/1 1946/1963/1 1950/2062/1
f 2020/1954/15 2021/2274/15 2018/2066/15
f 2021/2274/15 2019/2065/15 2018/2066/15
f 1829/2040/1 1830/2122/1 1828/2068/1
f 1830/2122/1 1827/2067/1 1828/2068/1
f 1827/2067/1 1819/1991/1 1820/1993/1
f 2093/1875/1 2094/1915/1 2092/1876/1
f 2094/1915/1 2091/2069/1 2092/1876/1
f 2091/2069/1 2089/2020/1 2090/2021/1
f 1896/1882/255 1897/1917/255 2006/2070/244
f 2006/2070/244 2005/2011/244 2003/1883/244
f 2070/2072/1 2066/2104/1 2069/2071/1
f 2066/2104/1 2064/1955/1 2069/2071/1
f 1824/2073/15 1823/1970/15 1825/2074/15
f 1825/2074/15 1841/2123/15 1826/2041/15
f 1841/2123/15 1840/2042/15 1826/2041/15
f 1833/2075/250 1834/1939/250 1822/1992/250
f 1880/2078/255 1882/2254/244 1881/2077/244
f 1881/2077/244 1867/1985/244 1865/1984/244
f 2050/1957/15 2052/2275/15 2061/2080/172
f 2052/2275/15 2056/2079/15 2061/2080/172
f 2043/2242/247 2044/1921/247 2051/1956/247
f 2044/1921/247 2053/2081/247 2051/1956/247
f 2053/2081/247 2052/2275/282 2050/1957/256
f 1871/2083/248 1873/2090/248 1883/2082/248
f 1883/2082/248 1882/2254/248 1880/2078/248
f 1925/2039/241 1926/2120/241 1927/2085/241
f 1927/2085/241 1916/1923/241 1924/2084/241
f 1916/1923/241 1915/2249/241 1924/2084/241
f 1887/2086/15 1884/2061/15 1885/2087/15
f 1885/2087/15 1889/2119/15 1886/2037/15
f 1889/2119/15 1888/2038/15 1886/2037/15
f 1946/1963/243 1948/2273/278 1949/2089/243
f 1949/2089/243 1864/2262/243 1947/2088/243
f 1864/2262/243 1863/2245/242 1947/2088/243
f 1855/1944/15 1857/2270/15 1872/2091/252
f 1857/2270/15 1873/2090/15 1872/2091/252
f 1893/1962/15 1894/2276/15 1891/2093/252
f 1894/2276/15 1892/2092/15 1891/2093/252
f 1849/1966/243 1851/2107/278 1852/2095/243
f 1852/2095/243 1854/2259/242 1850/2094/242
f 1854/2259/242 1853/2243/242 1850/2094/242
f 1876/1947/244 1878/2257/255 1877/2096/244
f 1877/2096/244 1875/2064/244 1874/2063/244
f 1969/1874/249 1970/2267/249 1971/2099/249
f 1970/2267/249 1972/2097/249 1971/2099/249
f 1972/2097/249 1958/2113/249 1957/2098/249
f 1979/1873/249 1980/1922/249 1977/2102/249
f 1980/1922/249 1978/2100/249 1977/2102/249
f 1978/2100/249 1968/2115/249 1967/2101/249
f 2021/2274/234 2077/2143/234 2042/1995/234
f 2021/2274/234 2042/1995/234 2041/2103/234
f 2028/2146/234 2078/1978/234 2019/2065/234
f 2019/2065/234 2021/2274/234 2041/2103/234
f 2032/2045/234 2028/2146/234 2019/2065/234
f 2052/2275/234 2053/2081/234 2067/2016/234
f 2052/2275/234 2067/2016/234 2066/2104/234
f 2071/1930/234 2054/2022/234 2056/2079/234
f 2056/2079/234 2052/2275/234 2066/2104/234
f 2070/2072/234 2071/1930/234 2056/2079/234
f 1985/2269/234 1986/2017/234 1998/2105/234
f 1986/2017/234 1999/2148/234 1998/2105/234
f 2006/2070/234 2000/1989/234 1995/1932/234
f 1995/1932/234 1985/2269/234 1998/2105/234
f 2005/2011/234 2006/2070/234 1995/1932/234
f 1894/2276/234 1990/2134/234 1909/1929/234
f 1894/2276/234 1909/1929/234 1908/2106/234
f 1920/2144/234 1895/1976/234 1912/2030/234
f 1895/1976/234 1892/2092/234 1912/2030/234
f 1892/2092/234 1894/2276/234 1908/2106/234
f 1935/2271/234 1936/1969/234 1949/2089/234
f 1935/2271/234 1949/2089/234 1948/2273/234
f 1877/2096/234 1930/2057/234 1929/2007/234
f 1929/2007/234 1935/2271/234 1875/2064/234
f 1935/2271/234 1948/2273/234 1875/2064/234
f 1861/2272/234 1862/2142/234 1851/2107/234
f 1862/2142/234 1852/2095/234 1851/2107/234
f 1881/2077/234 1879/1946/234 1867/1985/234
f 1879/1946/234 1870/1981/234 1867/1985/234
f 1870/1981/234 1861/2272/234 1851/2107/234
f 1857/2270/234 1858/1943/234 1814/2108/234
f 1813/2109/234 1883/2082/234 1873/2090/234
f 1873/2090/234 1857/2270/234 1814/2108/234
f 1913/2001/1 1914/2117/1 1903/2036/1
f 1914/2117/1 1902/2110/1 1903/2036/1
f 1902/2110/1 1898/1941/1 1899/1942/1
f 2014/2112/236 2011/2027/236 2026/2047/236
f 2034/2111/236 2038/1949/236 2073/2014/236
f 2014/2112/236 2026/2047/236 2034/2111/236
f 2048/2114/236 2058/1988/236 2062/2059/236
f 1958/2113/236 1972/2097/236 2049/1926/236
f 2048/2114/236 2062/2059/236 1958/2113/236
f 1975/2116/236 1960/2139/236 1964/2046/236
f 1968/2115/236 1978/2100/236 1976/2056/236
f 1975/2116/236 1964/2046/236 1968/2115/236
f 1889/2119/236 1885/2087/236 1902/2110/236
f 1914/2117/236 1918/2000/236 1982/2118/236
f 1889/2119/236 1902/2110/236 1914/2117/236
f 1926/2120/236 1931/1937/236 1940/1996/236
f 1943/2121/236 1945/2131/236 1926/2120/236
f 1945/2131/236 1927/2085/236 1926/2120/236
f 1841/2123/236 1825/2074/236 1827/2067/236
f 1830/2122/236 1846/2127/236 1842/2050/236
f 1841/2123/236 1827/2067/236 1830/2122/236
f 1836/2126/236 1837/1940/236 1812/2124/236
f 1811/2125/236 1848/1975/236 1836/2126/236
f 1831/2246/249 1832/2265/249 1845/2128/249
f 1832/2265/249 1846/2127/249 1845/2128/249
f 1846/2127/249 1830/2122/249 1829/2040/249
f 1922/2129/250 1923/1936/250 1901/1909/250
f 1843/2248/249 1844/2268/249 1944/2133/249
f 1844/2268/249 1945/2131/249 1944/2133/249
f 1945/2131/249 1943/2121/249 1942/2132/249
f 1991/1865/247 1992/2261/247 1989/1961/247
f 1992/2261/247 1990/2134/246 1989/1961/247
f 1990/2134/246 1894/2276/279 1893/1962/247
f 1951/2135/245 1953/1914/245 1954/2019/245
f 2079/1979/244 2080/2253/244 2088/2136/244
f 2088/2136/244 2087/1911/244 2085/2137/244
f 1962/2138/15 1959/2018/15 1960/2139/15
f 1960/2139/15 1975/2116/15 1961/2034/15
f 1975/2116/15 1974/2035/15 1961/2034/15
f 2022/2140/245 2024/2054/245 2025/2053/245
f 2087/1911/1 2083/2251/1 2086/2141/1
f 2083/2251/1 2082/1885/1 2086/2141/1
f 1863/2245/247 1864/2262/247 1860/1967/247
f 1864/2262/247 1862/2142/246 1860/1967/247
f 1862/2142/246 1861/2272/279 1859/1968/246
f 2015/2241/247 2016/2260/247 2076/1953/247
f 2016/2260/247 2077/2143/246 2076/1953/247
f 2077/2143/246 2021/2274/253 2020/1954/247
f 1919/2058/244 1921/1918/255 1920/2144/244
f 1920/2144/244 1912/2030/244 1910/2029/244
f 1888/2038/241 1889/2119/241 1982/2118/241
f 1982/2118/241 1980/1922/241 1981/2145/241
f 1980/1922/241 1979/1873/241 1981/2145/241
f 2029/2023/244 2030/2255/244 2028/2146/244
f 2028/2146/244 2032/2045/244 2031/2044/244
f 1996/1958/242 1998/2105/280 1999/2148/242
f 1999/2148/242 1992/2261/242 1997/2147/242
f 1992/2261/242 1991/1865/242 1997/2147/242
f 622/800/130 624/803/130 623/801/130
f 624/803/6 626/805/6 625/804/6
f 626/805/131 628/807/131 627/806/131
f 628/807/132 630/809/132 629/808/132
f 626/805/1 624/803/1 622/800/1
f 622/800/1 632/811/1 630/809/1
f 630/809/1 628/807/1 626/805/1
f 630/809/5 632/811/5 631/810/5
f 632/811/133 622/800/133 621/802/133
f 629/808/134 637/815/283 636/812/135
f 635/816/6 5613/2277/6 634/817/6
f 636/812/284 5616/814/284 5615/2278/284
f 633/818/285 5617/2279/285 638/813/285
f 623/801/137 625/804/137 635/816/137
f 631/810/138 638/813/138 637/815/138
f 621/802/139 623/801/286 634/817/140
f 627/806/142 636/812/287 635/816/143
f 631/810/145 621/802/288 633/818/146
f 4889/2280/15 4884/2281/15 4883/2282/15
f 4885/2283/4 4881/2284/4 4883/2282/4
f 4888/2285/5 4880/2286/5 4886/2287/5
f 4885/2283/289 4891/2288/289 4890/2289/289
f 4887/2290/6 4885/2283/6 4890/2289/6
f 4888/2285/290 4883/2282/290 4882/2291/290
f 4881/2284/1 4886/2287/1 4880/2286/1
f 4888/2285/2 4886/2287/2 4887/2290/2
f 4895/2292/15 4903/2293/15 4901/2294/15
f 4897/2295/2 4896/2296/2 4895/2292/2
f 4892/2297/5 4900/2298/5 4898/2299/5
f 4903/2293/289 4897/2295/289 4902/2300/289
f 4897/2295/6 4899/2301/6 4902/2300/6
f 4895/2292/290 4900/2298/290 4894/2302/290
f 4898/2299/1 4893/2303/1 4892/2297/1
f 4900/2298/4 4901/2294/4 4899/2301/4
f 4918/2304/15 4916/2305/15 4911/2306/15
f 4915/2307/291 4914/2308/291 4913/2309/291
f 4905/2310/4 4906/2311/4 4910/2312/4
f 4913/2309/5 4912/2313/5 4909/2314/5
f 4907/2315/292 4906/2311/292 4905/2310/292
f 4912/2313/293 4910/2312/293 4909/2314/293
f 4910/2312/1 4904/2316/1 4908/2317/1
f 4913/2309/2 4904/2316/2 4907/2315/2
f 4917/2318/294 4918/2304/294 4915/2307/295
f 4915/2307/295 4905/2310/6 4917/2318/294
f 4926/2319/15 4931/2320/15 4933/2321/15
f 4930/2322/296 4929/2323/296 4933/2321/296
f 4925/2324/2 4921/2325/2 4920/2326/2
f 4927/2327/5 4929/2323/5 4928/2328/5
f 4920/2326/292 4919/2329/292 4922/2330/292
f 4925/2324/297 4927/2327/297 4924/2331/297
f 4919/2329/1 4921/2325/1 4925/2324/1
f 4919/2329/4 4923/2332/4 4928/2328/4
f 4933/2321/298 4932/2333/298 4930/2322/299
f 4930/2322/299 4920/2326/6 4922/2330/6
f 4889/2280/15 4891/2288/15 4884/2281/15
f 4880/2286/4 4882/2291/4 4881/2284/4
f 4882/2291/4 4883/2282/4 4881/2284/4
f 4883/2282/4 4884/2281/4 4885/2283/4
f 4888/2285/5 4882/2291/5 4880/2286/5
f 4885/2283/289 4884/2281/289 4891/2288/289
f 4887/2290/6 4881/2284/6 4885/2283/6
f 4888/2285/290 4889/2280/290 4883/2282/290
f 4881/2284/1 4887/2290/1 4886/2287/1
f 4887/2290/2 4890/2289/2 4889/2280/2
f 4890/2289/2 4891/2288/2 4889/2280/2
f 4889/2280/2 4888/2285/2 4887/2290/2
f 4895/2292/15 4896/2296/15 4903/2293/15
f 4895/2292/2 4894/2302/2 4893/2303/2
f 4894/2302/2 4892/2297/2 4893/2303/2
f 4893/2303/2 4897/2295/2 4895/2292/2
f 4892/2297/5 4894/2302/5 4900/2298/5
f 4903/2293/289 4896/2296/289 4897/2295/289
f 4897/2295/6 4893/2303/6 4899/2301/6
f 4895/2292/290 4901/2294/290 4900/2298/290
f 4898/2299/1 4899/2301/1 4893/2303/1
f 4903/2293/4 4902/2300/4 4901/2294/4
f 4902/2300/4 4899/2301/4 4901/2294/4
f 4899/2301/4 4898/2299/4 4900/2298/4
f 4912/2313/15 4914/2308/15 4911/2306/15
f 4914/2308/15 4918/2304/15 4911/2306/15
f 4915/2307/291 4918/2304/291 4914/2308/291
f 4910/2312/4 4911/2306/4 4905/2310/4
f 4911/2306/4 4916/2305/4 4917/2318/4
f 4917/2318/4 4905/2310/4 4911/2306/4
f 4909/2314/5 4908/2317/5 4913/2309/5
f 4913/2309/5 4914/2308/5 4912/2313/5
f 4907/2315/292 4904/2316/292 4906/2311/292
f 4912/2313/293 4911/2306/293 4910/2312/293
f 4908/2317/1 4909/2314/1 4910/2312/1
f 4910/2312/1 4906/2311/1 4904/2316/1
f 4907/2315/2 4915/2307/2 4913/2309/2
f 4913/2309/2 4908/2317/2 4904/2316/2
f 4917/2318/294 4916/2305/300 4918/2304/294
f 4915/2307/295 4907/2315/6 4905/2310/6
f 4933/2321/15 4929/2323/15 4926/2319/15
f 4929/2323/15 4927/2327/15 4926/2319/15
f 4930/2322/296 4928/2328/296 4929/2323/296
f 4931/2320/2 4926/2319/2 4932/2333/2
f 4926/2319/2 4925/2324/2 4920/2326/2
f 4932/2333/2 4926/2319/2 4920/2326/2
f 4928/2328/5 4923/2332/5 4924/2331/5
f 4924/2331/5 4927/2327/5 4928/2328/5
f 4920/2326/292 4921/2325/292 4919/2329/292
f 4925/2324/297 4926/2319/297 4927/2327/297
f 4925/2324/1 4924/2331/1 4923/2332/1
f 4923/2332/1 4919/2329/1 4925/2324/1
f 4928/2328/4 4930/2322/4 4922/2330/4
f 4922/2330/4 4919/2329/4 4928/2328/4
f 4933/2321/298 4931/2320/300 4932/2333/298
f 4930/2322/299 4932/2333/298 4920/2326/6
f 2/1/1 4/4/1 3/2/1
f 4/4/2 8/6/2 7/5/2
f 8/6/3 6/13/3 5/7/3
f 5/7/4 6/13/4 2/8/4
f 7/5/5 5/7/5 1/10/5
f 4/12/6 2/2334/6 6/13/6
f 10/14/7 12/38/7 11/15/7
f 11/15/8 12/38/8 14/17/8
f 14/17/9 16/41/9 15/19/9
f 15/19/10 16/41/10 18/20/10
f 17/21/11 18/20/11 20/22/11
f 20/22/12 22/27/12 21/24/12
f 14/17/1 12/38/1 4636/25/1
f 22/27/13 24/29/13 23/28/13
f 24/29/14 10/37/14 9/30/14
f 23/2335/15 9/2336/15 11/2337/15
f 11/2337/15 13/2338/15 23/2335/15
f 13/2338/15 15/33/15 21/32/15
f 23/2335/15 13/2338/15 21/32/15
f 15/33/15 17/2339/15 19/31/15
f 20/22/1 18/20/1 4639/34/1
f 24/29/1 4642/43/1 4635/36/1
f 12/38/1 10/14/1 4635/39/1
f 14/17/1 4637/26/1 4638/40/1
f 22/27/1 20/22/1 4640/35/1
f 16/41/1 4638/40/1 4639/34/1
f 22/27/1 4641/42/1 4642/43/1
f 4643/44/15 26/2340/15 27/45/15
f 32/47/13 40/70/13 41/48/13
f 4643/50/15 4649/59/15 33/49/15
f 25/52/15 31/60/15 32/47/15
f 4647/54/15 4646/61/15 29/55/15
f 4644/46/15 27/45/15 28/57/15
f 4649/59/15 4648/53/15 32/47/15
f 4647/54/15 30/56/15 31/60/15
f 4646/61/15 4645/58/15 28/57/15
f 36/63/1 35/2341/1 40/64/1
f 35/2341/1 34/2342/1 41/2343/1
f 40/64/1 35/2341/1 41/2343/1
f 40/64/1 39/2344/1 37/62/1
f 39/2344/1 38/2345/1 37/62/1
f 30/56/11 38/71/11 39/65/11
f 28/57/9 36/72/9 37/66/9
f 27/45/7 26/2340/7 34/67/7
f 26/51/14 33/49/14 41/48/14
f 31/60/12 39/65/12 40/70/12
f 29/55/10 37/66/10 38/71/10
f 28/57/8 27/45/8 35/68/8
f 60/73/15 57/102/15 51/74/15
f 53/105/16 52/101/16 142/2346/301
f 52/101/16 51/74/16 182/2347/16
f 142/2346/301 52/101/16 134/2348/302
f 51/74/16 260/103/16 254/2349/302
f 260/103/16 258/408/17 254/2349/302
f 142/2346/301 145/2350/303 53/105/16
f 140/2351/304 135/163/17 134/2348/302
f 134/2348/302 52/101/16 124/2352/17
f 124/2352/17 140/2351/304 134/2348/302
f 124/2352/17 52/101/16 126/2353/16
f 51/74/16 254/2349/302 250/2354/16
f 250/2354/16 251/203/305 245/2355/305
f 250/2354/16 245/2355/305 242/2356/16
f 126/2353/16 52/101/16 108/2357/301
f 118/2358/306 130/166/305 108/2357/301
f 130/166/305 126/2353/16 108/2357/301
f 108/2357/301 52/101/16 110/2359/302
f 51/74/16 250/2354/16 242/2356/16
f 238/2360/301 239/200/306 218/2361/305
f 51/74/16 242/2356/16 238/2360/301
f 113/2362/305 121/169/17 110/2359/302
f 110/2359/302 52/101/16 106/2363/16
f 106/2363/16 113/2362/305 110/2359/302
f 106/2363/16 52/101/16 101/2364/301
f 51/74/16 238/2360/301 217/2365/16
f 238/2360/301 218/2361/305 217/2365/16
f 101/2364/301 52/101/16 94/2366/302
f 98/2367/17 102/172/306 101/2364/301
f 89/2368/17 52/101/16 83/2369/301
f 51/74/16 217/2365/16 209/2370/16
f 209/2370/16 210/197/305 230/2371/304
f 209/2370/16 230/2371/304 226/2372/17
f 94/2366/302 98/2367/17 101/2364/301
f 84/2373/306 90/175/307 89/2368/17
f 89/2368/17 94/2366/302 52/101/16
f 51/74/16 209/2370/16 226/2372/17
f 214/2374/301 223/2375/308 234/193/305
f 51/74/16 226/2372/17 214/2374/301
f 80/2376/302 52/101/16 198/2377/301
f 83/2369/301 84/2373/306 89/2368/17
f 201/2378/308 205/178/17 198/2377/301
f 205/178/17 80/2376/302 198/2377/301
f 80/2376/302 83/2369/301 52/101/16
f 51/74/16 214/2374/301 148/2379/16
f 214/2374/301 234/193/305 148/2379/16
f 198/2377/301 52/101/16 193/2380/302
f 189/2381/305 194/181/305 180/2382/16
f 194/181/305 193/2380/302 180/2382/16
f 193/2380/302 52/101/16 180/2382/16
f 180/2382/16 52/101/16 182/2347/16
f 51/74/16 148/2379/16 150/2383/17
f 150/2383/17 153/2384/304 161/190/305
f 150/2383/17 161/190/305 158/2385/16
f 177/2386/305 185/184/305 182/2347/16
f 51/74/16 150/2383/17 158/2385/16
f 156/76/17 171/2387/304 167/187/301
f 51/74/16 158/2385/16 156/76/17
f 174/2388/16 177/2386/305 182/2347/16
f 156/76/17 167/187/301 166/77/16
f 166/77/16 174/2388/16 51/74/16
f 174/2388/16 182/2347/16 51/74/16
f 78/78/15 45/359/15 47/79/15
f 69/81/5 44/97/5 263/82/5
f 268/84/6 68/118/6 43/85/6
f 276/87/18 277/2389/18 42/88/18
f 72/90/15 60/73/15 46/75/15
f 49/92/1 52/101/1 73/93/1
f 72/90/15 50/91/15 48/95/15
f 70/80/1 47/79/1 49/92/1
f 44/97/4 48/95/4 50/91/4
f 69/81/5 71/96/5 48/95/5
f 50/91/19 46/75/19 49/92/19
f 277/98/20 279/387/20 67/99/20
f 46/75/4 51/74/4 52/101/4
f 57/102/15 262/109/15 260/103/15
f 78/106/6 54/104/6 144/107/6
f 262/109/15 77/406/15 261/110/15
f 53/105/22 145/2350/22 144/107/22
f 74/111/15 57/102/15 60/73/15
f 74/111/23 75/128/23 183/2390/23
f 75/128/23 76/130/23 143/2391/23
f 76/130/23 146/131/309 143/2391/23
f 136/2392/309 137/205/310 141/207/311
f 75/128/23 143/2391/23 136/2392/309
f 136/2392/309 141/207/311 125/2393/23
f 75/128/23 136/2392/309 125/2393/23
f 259/409/309 262/109/23 255/2394/23
f 262/109/23 74/111/23 255/2394/23
f 75/128/23 125/2393/23 127/2395/23
f 127/2395/23 131/208/311 109/2396/312
f 131/208/311 119/210/313 109/2396/312
f 75/128/23 127/2395/23 109/2396/312
f 252/2397/23 255/2394/23 74/111/23
f 246/246/310 253/245/311 252/2397/23
f 243/2398/309 246/246/310 252/2397/23
f 111/2399/23 122/213/311 114/212/310
f 75/128/23 109/2396/312 111/2399/23
f 111/2399/23 114/212/310 107/2400/309
f 75/128/23 111/2399/23 107/2400/309
f 243/2398/309 252/2397/23 74/111/23
f 220/243/311 241/242/311 240/2401/23
f 240/2401/23 243/2398/309 74/111/23
f 75/128/23 107/2400/309 103/2402/23
f 103/2402/23 104/216/311 99/215/310
f 75/128/23 103/2402/23 95/2403/309
f 220/243/311 240/2401/23 219/2404/23
f 240/2401/23 74/111/23 219/2404/23
f 103/2402/23 99/215/310 95/2403/309
f 91/2405/23 92/217/311 86/219/311
f 75/128/23 95/2403/309 91/2405/23
f 91/2405/23 86/219/311 85/2406/23
f 75/128/23 91/2405/23 85/2406/23
f 211/2407/309 219/2404/23 74/111/23
f 231/240/311 212/239/310 211/2407/309
f 227/2408/23 231/240/311 211/2407/309
f 75/128/23 85/2406/23 81/2409/309
f 81/2409/309 206/220/310 199/2410/23
f 206/220/310 202/222/311 199/2410/23
f 75/128/23 81/2409/309 199/2410/23
f 227/2408/23 211/2407/309 74/111/23
f 235/237/311 224/236/311 215/2411/23
f 215/2411/23 227/2408/23 74/111/23
f 195/2412/23 196/223/311 181/2413/309
f 196/223/311 190/225/310 181/2413/309
f 75/128/23 199/2410/23 195/2412/23
f 75/128/23 195/2412/23 181/2413/309
f 235/237/311 215/2411/23 149/2414/23
f 215/2411/23 74/111/23 149/2414/23
f 75/128/23 181/2413/309 183/2390/23
f 183/2390/23 186/228/311 178/227/311
f 151/2415/23 149/2414/23 74/111/23
f 162/232/311 154/234/312 151/2415/23
f 159/114/23 162/232/311 151/2415/23
f 183/2390/23 178/227/311 175/2416/23
f 168/2417/23 169/229/311 157/113/23
f 169/229/311 172/231/311 157/113/23
f 74/111/23 183/2390/23 175/2416/23
f 74/111/23 175/2416/23 168/2417/23
f 159/114/23 151/2415/23 74/111/23
f 74/111/23 168/2417/23 157/113/23
f 63/115/15 59/352/15 78/78/15
f 266/116/5 58/125/5 69/81/5
f 268/84/6 267/2418/6 56/117/6
f 55/119/24 278/2419/24 274/120/24
f 62/112/15 60/73/15 72/90/15
f 73/93/1 75/128/1 65/123/1
f 64/124/15 66/122/15 72/90/15
f 70/80/1 61/94/1 65/123/1
f 66/122/2 64/124/2 58/125/2
f 64/124/5 71/96/5 69/81/5
f 65/123/25 62/112/25 66/122/25
f 67/99/26 279/387/26 278/126/26
f 75/128/2 74/111/2 62/112/2
f 76/130/28 79/129/28 147/108/28
f 243/132/6 240/2420/6 238/133/6
f 210/2421/15 209/137/31 208/136/30
f 209/137/31 211/2422/314 213/135/29
f 211/2422/314 212/2423/15 213/135/29
f 219/138/6 211/2422/6 209/137/6
f 136/140/6 143/2424/6 142/141/6
f 84/2425/15 83/145/15 82/144/15
f 83/145/15 85/2426/15 87/143/15
f 85/2426/15 86/2427/15 87/143/15
f 118/2428/315 108/148/34 116/147/33
f 108/148/34 109/2429/316 117/146/32
f 109/2429/316 119/2430/317 117/146/32
f 159/149/6 157/2431/6 156/150/6
f 89/152/6 91/2432/6 95/153/6
f 137/2433/1 136/157/1 133/156/1
f 136/157/1 134/2434/1 132/155/1
f 134/2434/1 135/2435/1 132/155/1
f 227/158/6 215/2436/6 214/159/6
f 111/161/6 109/2429/6 108/148/6
f 135/163/22 140/2351/22 138/164/22
f 130/166/22 118/2358/22 116/167/22
f 121/169/22 113/2362/22 112/170/22
f 102/172/22 98/2367/22 96/173/22
f 90/175/22 84/2373/22 82/176/22
f 205/178/22 201/2378/22 200/179/22
f 194/181/22 189/2381/22 188/182/22
f 185/184/22 177/2386/22 176/185/22
f 167/187/22 171/2387/22 170/188/22
f 161/190/22 153/2384/22 152/191/22
f 234/193/22 223/2375/22 222/194/22
f 228/196/22 230/2371/22 210/197/22
f 216/199/22 218/2361/22 239/200/22
f 244/202/22 245/2355/22 251/203/22
f 137/205/28 133/259/28 139/206/28
f 131/208/28 129/260/28 117/209/28
f 123/211/28 115/261/28 114/212/28
f 105/214/28 97/262/28 99/215/28
f 92/217/28 93/263/28 87/218/28
f 206/220/28 207/264/28 203/221/28
f 196/223/28 197/265/28 191/224/28
f 187/226/28 179/266/28 178/227/28
f 169/229/28 165/267/28 173/230/28
f 162/232/28 163/268/28 155/233/28
f 233/235/28 225/269/28 224/236/28
f 229/238/28 213/270/28 212/239/28
f 221/241/28 237/271/28 241/242/28
f 247/244/28 249/272/28 253/245/28
f 169/2437/318 168/249/37 165/248/36
f 168/249/37 166/2438/319 164/247/35
f 166/2438/319 167/2439/320 164/247/35
f 113/2440/15 106/252/15 112/251/15
f 106/252/15 107/2441/181 115/250/15
f 107/2441/181 114/2442/321 115/250/15
f 220/2443/1 219/255/1 221/254/1
f 219/255/1 217/2444/180 216/253/1
f 217/2444/180 218/2445/173 216/253/1
f 246/2446/1 243/258/1 247/257/1
f 243/258/1 242/2447/1 244/256/1
f 242/2447/1 245/2448/1 244/256/1
f 132/165/6 138/164/6 139/206/6
f 128/168/6 116/167/6 117/209/6
f 120/171/6 112/170/6 115/261/6
f 100/174/6 96/173/6 97/262/6
f 88/177/6 82/176/6 87/218/6
f 204/180/6 200/179/6 203/221/6
f 192/183/6 188/182/6 191/224/6
f 184/186/6 176/185/6 179/266/6
f 164/189/6 170/188/6 173/230/6
f 160/192/6 152/191/6 155/233/6
f 232/195/6 222/194/6 225/269/6
f 228/196/6 208/198/6 213/270/6
f 216/199/6 236/201/6 237/271/6
f 244/202/6 248/204/6 249/272/6
f 195/273/6 199/2449/6 198/274/6
f 255/276/6 252/2450/6 250/277/6
f 251/2451/267 250/277/40 248/280/39
f 250/277/40 252/2450/322 249/279/38
f 252/2450/322 253/2452/15 249/279/38
f 122/2453/1 111/283/1 123/282/1
f 111/283/1 110/2454/185 120/281/1
f 110/2454/185 121/2455/271 120/281/1
f 149/284/6 151/2456/6 150/285/6
f 162/2457/1 159/289/1 163/288/1
f 159/289/1 158/2458/1 160/287/1
f 158/2458/1 161/2459/1 160/287/1
f 196/2460/1 195/292/1 197/291/1
f 195/292/1 193/2461/1 192/290/1
f 193/2461/1 194/2462/1 192/290/1
f 189/2463/323 180/295/43 188/294/42
f 180/295/43 181/2464/324 191/293/41
f 181/2464/324 190/2465/325 191/293/41
f 223/2466/168 214/159/44 222/297/39
f 214/159/44 215/2436/326 225/296/38
f 215/2436/326 224/2467/168 225/296/38
f 131/2468/1 127/300/1 129/299/1
f 127/300/1 126/2469/1 128/298/1
f 126/2469/1 130/2470/1 128/298/1
f 127/301/6 125/2471/6 124/302/6
f 235/2472/1 149/306/1 233/305/1
f 149/306/1 148/2473/1 232/304/1
f 148/2473/1 234/2474/1 232/304/1
f 81/307/6 85/2426/6 83/145/6
f 168/309/6 175/2475/6 174/310/6
f 92/2476/1 91/314/1 93/313/1
f 91/314/1 89/2477/1 88/312/1
f 89/2477/1 90/2478/1 88/312/1
f 140/2479/15 124/302/15 138/316/15
f 124/302/15 125/2471/15 139/315/15
f 125/2471/15 141/2480/15 139/315/15
f 98/2481/15 94/154/15 96/318/15
f 94/154/15 95/153/15 97/317/15
f 95/153/15 99/2482/15 97/317/15
f 231/2483/1 227/321/1 229/320/1
f 227/321/1 226/2484/1 228/319/1
f 226/2484/1 230/2485/1 228/319/1
f 177/2486/15 174/310/31 176/323/30
f 174/310/31 175/2475/314 179/322/29
f 175/2475/314 178/2487/175 179/322/29
f 145/2488/323 142/141/46 144/325/45
f 142/141/46 143/2424/327 147/324/32
f 143/2424/327 146/2489/328 147/324/32
f 201/2490/15 198/274/15 200/327/15
f 198/274/15 199/2449/182 203/326/15
f 199/2449/182 202/2491/267 203/326/15
f 104/2492/183 103/330/47 105/329/1
f 103/330/47 101/2493/1 100/328/1
f 101/2493/1 102/2494/1 100/328/1
f 153/2495/329 150/285/50 152/332/49
f 150/285/50 151/2456/330 155/331/48
f 151/2456/330 154/2496/331 155/331/48
f 103/333/6 107/2441/6 106/252/6
f 239/2497/15 238/133/15 236/336/15
f 238/133/15 240/2420/15 237/335/15
f 240/2420/15 241/2498/15 237/335/15
f 206/2499/332 81/339/53 207/338/52
f 81/339/53 80/2500/333 204/337/51
f 80/2500/333 205/2501/334 204/337/51
f 186/2502/1 183/342/1 187/341/1
f 183/342/1 182/2503/1 184/340/1
f 182/2503/1 185/2504/1 184/340/1
f 183/343/6 181/2464/6 180/295/6
f 171/2505/15 156/150/15 170/346/15
f 156/150/15 157/2431/15 173/345/15
f 157/2431/15 172/2506/15 173/345/15
f 259/2507/1 255/349/1 256/348/1
f 255/349/1 254/2508/1 257/347/1
f 254/2508/1 258/2509/1 257/347/1
f 63/115/2 58/125/2 317/415/2
f 58/125/2 266/121/2 318/351/2
f 317/415/2 58/125/2 318/351/2
f 266/121/2 274/120/2 273/350/2
f 273/350/2 272/377/2 318/351/2
f 272/377/2 319/423/2 318/351/2
f 317/415/2 315/416/2 63/115/2
f 59/352/6 267/2418/6 268/84/6
f 55/353/5 266/116/5 265/83/5
f 63/115/2 315/416/2 316/418/2
f 63/115/2 316/418/2 324/420/2
f 283/371/2 267/370/2 282/357/2
f 267/370/2 59/352/2 323/410/2
f 282/357/2 267/370/2 323/410/2
f 59/352/2 63/115/2 324/420/2
f 59/352/2 324/420/2 322/412/2
f 319/423/2 272/377/2 320/421/2
f 272/377/2 270/356/2 320/421/2
f 59/352/2 322/412/2 323/410/2
f 321/355/2 320/421/2 270/356/2
f 323/410/2 321/355/2 282/357/2
f 263/89/4 44/97/4 275/358/4
f 44/97/4 47/79/4 271/375/4
f 275/358/4 44/97/4 271/375/4
f 268/84/6 264/86/6 45/359/6
f 265/83/5 263/82/5 42/360/5
f 271/375/4 47/79/4 269/362/4
f 47/79/4 45/359/4 269/362/4
f 45/359/4 264/2510/4 280/361/4
f 264/2510/4 281/366/4 280/361/4
f 285/363/20 43/2511/20 68/364/20
f 281/366/18 264/2510/18 43/367/18
f 284/369/24 56/2512/24 267/370/24
f 286/365/26 68/364/26 56/372/26
f 280/361/54 293/390/54 287/374/54
f 271/375/55 289/380/55 292/376/55
f 272/377/1 290/382/1 288/378/1
f 270/356/54 288/378/54 294/379/54
f 271/375/1 269/362/1 287/374/1
f 272/377/55 273/350/55 291/381/55
f 285/363/5 286/365/5 300/383/5
f 284/373/5 298/389/5 300/383/5
f 278/126/6 279/387/6 297/385/6
f 277/98/6 295/388/6 297/385/6
f 276/87/6 292/376/6 295/388/6
f 274/120/6 278/126/6 296/386/6
f 283/371/5 282/357/5 294/379/5
f 281/366/5 299/384/5 293/390/5
f 291/381/6 296/386/6 310/391/6
f 289/380/2 303/398/2 306/393/2
f 295/388/6 309/404/6 311/394/6
f 288/378/4 290/382/4 304/395/4
f 296/386/6 297/385/6 311/394/6
f 294/379/5 308/402/5 312/397/5
f 287/374/2 301/403/2 303/398/2
f 298/389/5 312/397/5 314/399/5
f 293/390/5 299/384/5 313/400/5
f 288/378/4 302/396/4 308/402/4
f 299/384/5 300/383/5 314/399/5
f 287/374/2 293/390/2 307/401/2
f 292/376/6 306/393/6 309/404/6
f 290/382/4 291/381/4 305/392/4
f 257/405/6 261/110/6 77/406/6
f 258/408/22 260/103/22 261/110/22
f 256/407/28 77/406/28 262/109/28
f 323/410/56 333/413/56 331/411/56
f 322/412/5 332/425/5 333/413/5
f 318/351/6 328/427/6 327/414/6
f 315/416/57 325/424/57 326/417/57
f 316/418/1 326/417/1 334/419/1
f 320/421/58 330/426/58 329/422/59
f 317/415/57 327/414/57 325/424/57
f 324/420/60 334/419/60 332/425/60
f 321/355/15 331/411/15 330/426/15
f 319/423/59 329/422/59 328/427/59
f 334/419/2 326/417/2 331/411/2
f 326/417/2 325/424/2 329/422/2
f 331/411/2 326/417/2 330/426/2
f 325/424/2 327/414/2 328/427/2
f 329/422/2 330/426/2 326/417/2
f 325/424/2 328/427/2 329/422/2
f 332/425/2 334/419/2 331/411/2
f 353/428/15 352/2513/15 345/429/15
f 342/431/1 346/449/1 351/432/1
f 2274/434/5 348/454/5 353/428/5
f 337/435/4 336/441/4 344/436/4
f 2280/438/5 339/442/5 338/439/5
f 338/439/4 335/447/4 336/441/4
f 2274/434/5 341/430/5 339/442/5
f 2272/443/61 342/431/62 354/433/62
f 2284/445/5 337/435/5 340/437/5
f 2283/440/5 338/439/5 337/435/5
f 2278/446/5 340/437/5 342/431/62
f 339/442/4 343/448/4 335/447/4
f 341/430/4 345/429/4 343/448/4
f 340/437/4 344/436/4 346/449/4
f 363/450/15 352/2513/15 353/428/15
f 351/432/1 364/468/1 360/452/1
f 2295/453/5 359/451/5 353/428/5
f 362/455/2 350/461/2 355/456/2
f 356/458/5 357/462/5 2301/459/5
f 350/461/2 349/466/2 356/458/2
f 357/462/5 359/451/5 2295/453/5
f 354/433/62 360/452/5 347/463/64
f 358/457/5 355/456/5 2305/464/5
f 355/456/5 356/458/5 2304/460/5
f 360/452/5 358/457/5 2299/465/5
f 349/466/2 361/467/2 357/462/2
f 361/467/2 363/450/2 359/451/2
f 364/468/2 362/455/2 358/457/2
f 370/469/15 2111/472/15 2131/470/15
f 2111/472/5 366/483/5 365/473/5
f 2113/475/5 367/519/5 392/476/5
f 2113/478/5 2118/474/5 365/473/5
f 383/480/15 370/469/15 2132/471/15
f 2111/472/5 370/469/5 369/482/5
f 398/484/15 385/513/15 368/485/15
f 370/469/5 383/480/5 384/487/5
f 389/488/15 371/492/15 382/489/15
f 374/491/5 375/515/5 371/492/5
f 387/494/65 379/511/335 377/495/66
f 377/495/2 379/511/2 403/497/2
f 381/499/2 377/495/2 401/498/2
f 373/501/5 376/516/5 2150/502/5
f 2150/504/5 376/517/5 374/491/5
f 390/490/15 382/489/15 383/480/15
f 371/492/5 375/515/5 380/505/5
f 372/506/1 381/2514/1 402/507/1
f 378/509/15 385/513/15 398/484/15
f 379/511/15 378/509/15 399/510/15
f 382/489/5 380/505/5 384/487/5
f 378/509/68 379/511/68 387/494/68
f 387/494/68 386/512/68 378/509/68
f 404/514/1 393/2515/1 372/506/1
f 391/477/5 392/476/5 373/501/5
f 392/476/1 404/514/1 400/508/1
f 403/497/15 399/510/15 380/505/15
f 399/510/15 398/484/15 384/487/15
f 400/508/1 402/507/1 376/516/1
f 402/500/2 401/498/2 374/491/2
f 401/498/2 403/497/2 375/515/2
f 369/482/15 394/486/15 397/518/15
f 384/487/15 398/484/15 394/486/15
f 367/519/1 396/2516/1 404/514/1
f 365/473/4 395/521/4 396/520/4
f 366/483/4 397/518/4 395/521/4
f 397/518/70 407/2517/70 405/522/70
f 395/521/70 405/522/70 406/523/70
f 409/524/71 411/527/71 410/525/71
f 411/527/6 413/529/6 412/528/6
f 413/529/72 415/534/72 414/530/72
f 414/530/73 415/534/73 417/531/73
f 413/529/74 4651/545/74 421/533/74
f 416/532/5 417/531/5 419/535/5
f 418/536/75 419/535/75 409/537/75
f 418/540/76 408/2518/76 410/541/76
f 410/541/76 412/2519/76 416/539/76
f 412/2519/76 414/2520/76 416/539/76
f 419/535/74 423/546/74 4650/542/74
f 417/531/74 415/534/74 421/533/74
f 413/529/74 411/527/74 420/544/74
f 419/535/74 417/531/74 422/543/74
f 411/527/74 409/524/74 4650/547/74
f 430/548/6 428/561/6 433/549/6
f 435/551/15 432/563/15 426/552/15
f 429/554/1 431/559/1 425/555/1
f 427/553/5 426/552/5 424/557/5
f 431/559/2 435/551/2 427/553/2
f 430/548/77 431/562/77 429/560/77
f 434/550/78 435/2521/78 431/562/78
f 434/550/79 433/549/79 432/563/79
f 424/565/4 426/552/4 432/563/4
f 432/563/4 433/2522/4 428/2523/4
f 428/2523/4 429/564/4 432/563/4
f 445/566/336 544/581/336 543/567/336
f 440/569/337 548/2524/337 547/570/337
f 547/570/338 546/2525/338 438/571/338
f 550/572/82 551/2526/339 437/573/83
f 439/568/340 543/567/340 542/575/340
f 542/575/86 550/572/86 442/574/86
f 441/579/341 436/2527/341 555/577/341
f 436/2527/342 553/2528/342 555/577/342
f 549/578/88 548/2524/88 440/569/88
f 445/566/343 438/571/343 546/2525/343
f 546/2525/344 545/580/89 445/566/91
f 452/662/1 450/595/1 500/584/1
f 450/595/1 448/582/1 500/584/1
f 448/582/1 457/599/1 456/2529/1
f 457/599/1 447/589/1 456/2529/1
f 456/2529/1 458/583/1 448/582/1
f 458/583/1 453/592/1 500/584/1
f 454/585/15 517/665/15 521/586/15
f 469/588/14 456/2529/14 447/589/14
f 458/583/13 456/2529/13 469/588/13
f 453/592/12 458/583/12 468/591/12
f 500/584/11 453/592/11 467/593/11
f 450/595/10 452/662/10 466/596/10
f 448/582/9 450/595/9 465/597/9
f 457/599/8 448/582/8 464/598/8
f 463/601/7 447/2530/7 457/599/7
f 463/601/7 462/600/7 481/602/7
f 462/600/8 464/598/8 482/604/8
f 465/597/92 496/656/92 498/606/92
f 483/608/93 499/2531/93 497/609/93
f 469/588/14 463/590/14 480/611/14
f 476/613/14 477/644/14 446/614/14
f 475/616/13 476/613/13 455/615/13
f 474/617/12 475/616/12 454/585/12
f 503/618/11 474/617/11 461/587/11
f 449/620/10 472/624/10 473/621/10
f 460/623/9 471/631/9 472/624/9
f 470/625/8 471/631/8 460/623/8
f 477/627/7 470/625/7 459/626/7
f 472/624/94 479/632/94 490/629/94
f 464/598/95 478/605/95 485/633/95
f 482/604/95 485/633/95 490/629/95
f 512/607/94 485/633/94 478/605/94
f 484/612/14 480/611/14 491/635/14
f 488/639/11 505/651/11 533/680/11
f 528/637/11 504/657/11 483/638/11
f 488/639/11 533/680/11 528/637/11
f 481/602/8 482/604/8 487/634/8
f 480/603/7 481/602/7 486/640/7
f 491/641/7 486/640/7 470/625/7
f 470/625/8 486/640/8 487/634/8
f 472/624/10 511/630/10 510/642/10
f 510/642/96 494/660/96 492/643/96
f 489/636/14 491/635/14 477/644/14
f 487/634/95 490/629/95 479/632/95
f 511/630/94 490/629/94 485/633/94
f 507/645/97 495/652/97 493/646/97
f 503/618/15 473/621/15 492/643/15
f 474/648/98 493/2532/98 495/649/98
f 505/651/1 488/639/1 495/652/1
f 508/653/99 497/658/99 499/654/99
f 504/657/15 513/659/15 498/606/15
f 502/594/1 467/593/1 497/658/1
f 502/594/1 508/653/1 496/656/1
f 504/657/15 509/655/15 499/654/15
f 496/656/100 508/653/100 509/655/100
f 505/651/1 507/645/1 494/660/1
f 503/618/15 506/647/15 493/646/15
f 494/660/101 507/645/101 506/647/101
f 526/661/11 533/680/11 505/651/11
f 473/621/11 503/618/11 501/619/11
f 452/662/11 500/584/11 502/594/11
f 526/694/10 510/2533/10 529/689/10
f 510/2533/10 511/630/10 529/689/10
f 512/607/10 513/659/10 532/691/10
f 513/659/10 527/2534/10 532/691/10
f 530/663/10 529/689/10 511/630/10
f 512/607/10 532/691/10 531/685/10
f 531/685/10 530/663/10 512/607/10
f 454/585/15 455/615/15 518/664/15
f 449/620/15 451/622/15 516/666/15
f 460/623/15 520/670/15 519/668/15
f 455/615/15 446/614/15 514/669/15
f 460/623/15 449/620/15 515/667/15
f 459/626/15 519/668/15 514/671/15
f 501/619/15 461/587/15 521/586/15
f 501/619/15 522/672/15 516/666/15
f 474/617/12 523/2535/12 524/673/12
f 475/616/13 524/673/13 525/674/13
f 528/637/102 540/696/102 535/675/103
f 528/637/11 527/676/11 513/659/11
f 535/692/10 554/2536/10 552/2537/10
f 539/686/10 535/692/10 552/2537/10
f 544/2538/10 545/2539/10 534/693/10
f 544/2538/10 534/693/10 536/688/10
f 539/686/10 552/2537/10 551/2540/10
f 538/687/10 539/686/10 551/2540/10
f 543/2541/10 544/2538/10 536/688/10
f 543/2541/10 536/688/10 537/679/10
f 538/687/10 551/2540/10 550/677/10
f 542/678/10 543/2541/10 537/679/10
f 538/687/10 550/677/10 537/679/10
f 533/680/105 526/661/113 534/681/106
f 541/682/11 534/681/11 546/683/11
f 534/681/11 545/2542/11 546/683/11
f 531/685/107 532/691/107 539/686/107
f 530/663/108 537/679/108 536/688/108
f 533/680/109 541/682/109 547/684/109
f 533/680/109 547/684/109 548/2543/109
f 555/2544/109 540/696/109 528/637/109
f 533/680/109 548/2543/109 549/690/109
f 549/690/109 555/2544/109 528/637/109
f 532/691/110 527/2534/104 535/692/103
f 530/663/111 531/685/111 538/687/111
f 529/689/112 536/688/112 534/693/106
f 540/696/11 555/2544/11 553/695/11
f 553/695/11 554/2545/11 535/675/11
f 444/697/345 437/2546/345 551/698/345
f 554/700/117 553/2547/346 444/697/115
f 553/2547/347 436/2548/347 444/697/347
f 556/701/1 558/718/1 557/702/1
f 565/704/118 562/2549/118 561/705/118
f 561/705/15 562/2549/15 560/707/15
f 575/709/119 570/721/119 568/710/119
f 562/2549/120 565/714/120 560/707/120
f 565/714/120 574/713/120 560/707/120
f 564/712/120 571/2550/120 574/713/120
f 559/708/121 560/707/121 575/709/121
f 566/715/122 573/730/122 567/716/122
f 571/2550/120 564/712/120 556/2551/120
f 564/712/120 558/2552/120 556/2551/120
f 558/718/118 564/722/118 563/719/118
f 573/730/122 566/715/122 559/708/122
f 566/715/122 561/705/122 559/708/122
f 556/726/123 569/720/123 570/721/123
f 564/722/118 565/704/118 566/706/118
f 574/713/128 571/2550/128 570/729/128
f 573/730/129 572/2553/129 568/723/129
f 557/2554/122 563/717/122 569/724/122
f 563/717/122 567/716/122 569/724/122
f 2645/731/14 588/750/14 589/732/14
f 576/734/12 582/751/12 583/735/12
f 2643/737/10 584/745/10 585/738/10
f 578/740/8 586/753/8 587/741/8
f 583/735/1 582/751/1 2650/743/1
f 584/745/1 2648/752/1 2649/746/1
f 587/741/1 586/753/1 2646/747/1
f 583/735/1 2651/744/1 581/749/1
f 582/751/1 585/738/1 2649/746/1
f 587/741/1 2647/748/1 2648/752/1
f 586/753/1 589/2555/1 580/754/1
f 588/750/1 581/749/1 580/755/1
f 579/756/7 589/2555/7 586/753/7
f 2644/742/9 587/741/9 584/745/9
f 577/739/11 585/738/11 582/751/11
f 2642/736/13 583/735/13 588/750/13
f 593/757/10 601/768/10 2609/758/10
f 591/760/8 599/770/8 600/761/8
f 597/763/13 596/773/13 602/764/13
f 595/766/11 594/759/11 2609/758/11
f 592/762/9 600/761/9 601/768/9
f 591/760/7 590/2556/7 598/769/7
f 597/763/14 2611/765/14 598/771/14
f 596/773/12 595/766/12 2610/767/12
f 603/774/7 605/2557/7 606/775/7
f 611/777/1 619/798/1 620/778/1
f 604/780/14 612/779/14 605/781/14
f 2640/783/12 610/790/12 611/777/12
f 2638/785/10 608/791/10 609/786/10
f 2636/776/8 606/775/8 607/788/8
f 2641/784/13 611/777/13 612/779/13
f 2640/783/11 2639/787/11 609/786/11
f 2638/785/9 2637/789/9 607/788/9
f 610/790/1 609/786/1 617/792/1
f 607/788/1 615/799/1 616/794/1
f 606/775/1 605/2557/1 613/795/1
f 612/779/1 620/778/1 613/797/1
f 611/777/1 610/790/1 618/793/1
f 608/791/1 616/794/1 617/792/1
f 607/788/1 606/775/1 614/796/1
f 5615/2278/348 5616/814/348 5617/2279/348
f 5617/2279/348 5612/2558/348 5615/2278/348
f 5612/2558/348 5613/2277/348 5615/2278/348
f 5613/2277/348 5614/2559/348 5615/2278/348
f 635/816/349 5615/2278/349 5614/2559/349
f 634/817/350 5612/2558/350 633/818/350
f 638/813/5 5617/2279/5 5616/814/5
f 635/816/6 5614/2559/6 5613/2277/6
f 636/812/284 637/815/284 5616/814/284
f 633/818/285 5612/2558/285 5617/2279/285
f 635/816/349 636/812/349 5615/2278/349
f 634/817/350 5613/2277/350 5612/2558/350
usemtl Material.013
f 2100/2560/351 2249/2561/351 2098/2562/351
f 2250/2563/352 2099/2564/352 2097/2565/352
f 2251/2566/15 2100/2560/15 2099/2564/15
f 2206/2567/15 2102/2568/15 2101/2569/15
f 2101/2570/2 2108/2571/2 2105/2572/2
f 2103/2573/2 2107/2574/2 2104/2575/2
f 2105/2572/2 2107/2574/2 2106/2576/2
f 2110/2577/4 2116/2578/4 2109/2579/4
f 2127/2580/2 2130/2581/2 2129/2582/2
f 2112/2583/2 2128/2584/2 2127/2580/2
f 2123/2585/15 2110/2577/15 2120/2586/15
f 2163/2587/353 2177/2588/353 2126/2589/353
f 2171/2590/15 2120/2586/15 2170/2591/15
f 2163/2587/353 2126/2589/353 2125/2592/353
f 2204/2593/173 2119/2594/173 2203/2595/173
f 2146/2596/353 2114/2597/353 2112/2583/353
f 2131/470/4 2118/474/4 2117/2598/4
f 2120/2586/354 2173/2599/354 2170/2591/354
f 2202/2600/355 2119/2594/355 2201/2601/355
f 2122/2602/4 2125/2603/4 2124/2604/4
f 2115/2605/356 2174/2606/356 2173/2599/356
f 2172/2607/357 2125/2608/357 2121/2609/357
f 2109/2610/358 2172/2607/358 2121/2609/358
f 2119/2594/359 2204/2593/359 2201/2601/359
f 2177/2588/360 2128/2584/360 2126/2589/360
f 2109/2579/361 2122/2602/361 2110/2577/361
f 2110/2577/354 2115/2605/354 2120/2586/354
f 2112/2583/353 2114/2597/353 2124/2604/353
f 2122/2602/356 2114/2597/356 2115/2605/356
f 2165/2611/173 2203/2595/173 2119/2594/173
f 2116/2612/174 2169/2613/1 2109/2610/1
f 2112/2583/353 2125/2592/353 2126/2589/353
f 2146/2596/362 2127/2580/362 2178/2614/362
f 2127/2580/1 2182/2615/1 2178/2614/1
f 2181/2616/15 2130/2581/15 2128/2584/15
f 2142/2617/363 2133/2618/363 2143/2619/363
f 2134/2620/2 2142/2617/2 2141/2621/2
f 2134/2620/364 2137/2622/365 2133/2618/363
f 2144/2623/6 2136/2624/6 2141/2621/6
f 2144/2623/4 2133/2618/4 2135/2625/4
f 2142/2617/366 2197/2626/366 2141/2621/366
f 2140/2627/15 2137/2622/15 2138/2628/15
f 2135/2625/367 2140/2627/367 2136/2624/367
f 2133/2618/4 2139/2629/4 2135/2625/4
f 2171/2590/368 2142/2617/368 2123/2585/368
f 2131/470/4 2143/2619/4 2144/2623/4
f 2131/470/6 2141/2621/6 2132/471/6
f 2132/471/6 2197/2626/6 2186/481/6
f 2123/2585/368 2143/2619/368 2117/2598/368
f 2148/2630/2 2155/2631/2 2156/2632/2
f 2183/2633/4 2240/2634/4 2264/2635/4
f 2149/2636/4 2180/2637/4 2175/2638/4
f 2148/2630/15 2167/2639/15 2162/2640/15
f 2163/2587/353 2175/2638/353 2177/2588/353
f 2158/2641/369 2152/2642/369 2154/2643/369
f 2162/2640/15 2171/2590/15 2170/2591/15
f 2213/2644/2 2209/2645/2 2248/2646/2
f 2163/2587/353 2168/2647/353 2175/2638/353
f 2159/2648/2 2156/2649/2 2155/2650/2
f 2146/2596/353 2151/2651/353 2174/2606/353
f 2157/493/2 389/488/2 2156/2632/2
f 2173/2599/354 2162/2640/354 2170/2591/354
f 2265/2652/2 2242/2653/2 2156/2649/2
f 2147/2654/2 2176/2655/2 2166/2656/2
f 2174/2606/356 2153/2657/356 2173/2599/356
f 2168/2658/357 2172/2607/357 2176/2659/357
f 2145/2660/358 2172/2607/358 2169/2613/358
f 2159/2661/370 2158/2641/370 2154/2643/370
f 2180/2637/360 2177/2588/360 2175/2638/360
f 2166/2656/371 2145/2662/371 2148/2630/371
f 2153/2657/354 2148/2630/354 2162/2640/354
f 2149/2636/353 2147/2654/353 2151/2651/353
f 2151/2651/356 2166/2656/356 2153/2657/356
f 2155/2663/372 2164/2664/372 2159/2661/372
f 2205/2665/1 2161/503/1 2150/502/1
f 2169/2613/1 2155/2663/1 2145/2660/1
f 2168/2647/353 2149/2636/353 2175/2638/353
f 2146/2596/362 2179/2666/362 2149/2636/373
f 2182/2615/1 2179/2666/1 2178/2614/1
f 2255/2667/15 2254/2668/15 2185/2669/15
f 2187/2670/363 2196/2671/363 2198/2672/363
f 2188/2673/4 2192/2674/4 2194/2675/4
f 2191/2676/365 2188/2673/364 2187/2670/363
f 2190/2677/6 2199/2678/6 2195/2679/6
f 2199/2678/2 2187/2670/2 2198/2672/2
f 2197/2626/366 2196/2671/366 2195/2679/366
f 2191/2676/15 2194/2675/15 2192/2674/15
f 2194/2675/367 2189/2680/367 2190/2677/367
f 2193/2681/2 2187/2670/2 2189/2680/2
f 2196/2671/368 2171/2590/368 2167/2639/368
f 389/488/2 2198/2672/2 2156/2632/2
f 2195/2679/6 389/488/6 390/490/6
f 2197/2626/6 390/490/6 2186/481/6
f 2198/2672/368 2167/2639/368 2156/2632/368
f 2203/2595/4 2116/2682/4 2117/2683/4
f 2204/2593/4 2117/2683/4 2118/474/4
f 2201/2601/4 2113/478/4 2202/2600/4
f 2205/2665/1 2113/475/1 2161/503/1
f 2202/2684/374 2205/2665/374 2119/2594/374
f 2107/2685/5 2207/2686/5 2215/2687/5
f 2105/2688/6 2209/2689/6 2213/2690/6
f 2104/2575/5 2215/2687/5 2212/2691/5
f 2108/2692/5 2211/2693/5 2207/2686/5
f 2104/2575/1 2212/2691/1 2214/2694/1
f 2101/2695/375 2213/2690/375 2206/2696/375
f 2103/2573/376 2208/2697/376 2210/2698/376
f 2260/2699/377 2218/2700/377 2216/2701/377
f 2271/2702/2 2267/2703/2 2223/2704/2
f 2223/2704/15 2220/2705/15 2222/2706/15
f 2220/2705/4 2221/2707/4 2270/2708/4
f 2218/2709/378 2220/2705/378 2216/2710/378
f 2219/2711/6 2227/2712/6 2223/2704/6
f 2227/2712/15 2230/2713/15 2226/2714/15
f 2221/2707/6 2227/2712/6 2226/2714/6
f 2217/2715/6 2225/2716/6 2219/2711/6
f 2217/2717/6 2226/2714/6 2224/2718/6
f 2230/2713/5 2232/2719/5 2228/2720/5
f 2224/2721/1 2229/2722/1 2225/2716/1
f 2226/2714/4 2228/2720/4 2224/2718/4
f 2225/2716/2 2231/2723/2 2227/2712/2
f 2233/2724/2 2239/2725/2 2235/2726/2
f 2229/2722/5 2235/2726/5 2231/2723/5
f 2230/2713/5 2235/2726/5 2234/2727/5
f 2228/2728/5 2233/2724/5 2229/2722/5
f 2237/2729/6 2238/2730/6 2239/2725/6
f 2235/2726/15 2238/2730/15 2234/2727/15
f 2232/2731/1 2237/2732/1 2233/2724/1
f 2234/2727/4 2236/2733/4 2232/2719/4
f 2097/2734/379 2254/2735/380 2255/2736/380
f 2265/2737/381 2247/2738/381 2267/2739/381
f 2265/2737/381 2246/2740/381 2242/2741/381
f 2264/2742/381 2246/2740/381 2266/2743/381
f 2242/2741/5 2244/2744/5 2245/2745/5
f 2099/2746/382 2253/2747/383 2254/2735/380
f 2253/2747/383 2098/2748/384 2243/2749/383
f 2259/2750/385 2271/2751/385 2263/2752/385
f 2262/2753/385 2269/2754/385 2259/2750/385
f 2257/2755/385 2270/2756/385 2262/2753/385
f 2271/2751/1 2265/2737/1 2267/2739/1
f 2270/2756/1 2265/2737/1 2269/2754/1
f 2268/2757/1 2266/2743/1 2270/2756/1
f 2245/2758/377 2217/2715/377 2219/2711/377
f 2259/2750/6 2256/2759/6 2258/2760/6
f 2261/2761/6 2262/2762/6 2263/2763/6
f 348/454/386 2275/2764/386 2321/2765/386
f 2292/2766/387 2329/2767/387 2287/2768/387
f 2320/2769/5 2281/2770/5 2324/2771/5
f 2321/2765/388 2276/2772/388 2323/2773/388
f 2279/2774/4 2291/2775/4 2286/2776/4
f 2278/446/4 2291/2775/4 2279/2774/4
f 2322/2777/15 2273/2778/15 2320/2769/15
f 2323/2773/389 2277/2779/389 2322/2777/389
f 2284/445/4 2279/2774/4 2282/2780/4
f 2288/2781/1 2314/2782/1 2315/2783/1
f 2272/443/4 2289/2784/4 2278/446/4
f 2293/2785/390 2313/2786/390 2292/2766/390
f 2275/2764/4 2274/434/4 2280/438/4
f 2275/2764/4 2281/2787/4 2276/2772/4
f 2273/2778/4 2277/2779/4 2281/2787/4
f 2277/2779/4 2276/2772/4 2281/2787/4
f 2324/2771/391 2285/2788/391 2326/2789/391
f 2325/2790/392 2279/2791/392 2327/2792/392
f 2326/2789/5 2282/2793/5 2325/2790/5
f 2281/2787/4 2280/438/4 2283/440/4
f 2281/2787/4 2283/440/4 2285/2794/4
f 2283/440/4 2282/2780/4 2285/2794/4
f 2288/2781/393 2289/2795/393 2290/2796/393
f 2288/2797/394 2312/2798/394 2293/2785/394
f 2289/2784/395 2288/2797/395 2293/2785/395
f 2272/443/1 2314/2799/1 2290/2800/1
f 2291/2775/396 2287/2768/396 2286/2776/396
f 2289/2801/397 2292/2766/397 2291/2775/397
f 2286/2776/5 2327/2802/5 2279/2774/5
f 2287/2768/5 2328/2803/5 2286/2776/5
f 2296/2804/386 348/454/386 2321/2765/386
f 2329/2767/387 2318/2805/387 2308/2806/387
f 2302/2807/5 2320/2769/5 2324/2771/5
f 2297/2808/388 2321/2765/388 2323/2773/388
f 2300/2809/2 2307/2810/2 2317/2811/2
f 2317/2811/2 2299/465/2 2300/2809/2
f 2294/2812/15 2322/2777/15 2320/2769/15
f 2298/2813/389 2323/2773/389 2322/2777/389
f 2300/2809/2 2305/464/2 2303/2814/2
f 2309/2815/1 2314/2782/1 2311/2816/1
f 2310/2817/2 347/463/2 2299/465/2
f 2313/2786/390 2319/2818/390 2318/2805/390
f 2296/2804/2 2301/459/2 2295/453/2
f 2302/2819/2 2296/2804/2 2297/2808/2
f 2294/2812/2 2302/2819/2 2298/2813/2
f 2298/2813/2 2302/2819/2 2297/2808/2
f 2306/2820/391 2324/2771/391 2326/2789/391
f 2300/2821/392 2325/2790/392 2327/2792/392
f 2303/2822/5 2326/2789/5 2325/2790/5
f 2302/2819/2 2304/460/2 2301/459/2
f 2302/2819/2 2306/2823/2 2304/460/2
f 2303/2814/2 2304/460/2 2306/2823/2
f 2309/2815/398 2311/2816/398 2310/2824/398
f 2312/2798/394 2309/2825/394 2319/2818/394
f 2310/2817/399 2319/2818/399 2309/2825/399
f 2314/2799/1 347/463/1 2311/2826/1
f 2308/2806/400 2317/2811/400 2307/2810/400
f 2318/2805/401 2310/2827/401 2317/2811/401
f 2327/2802/5 2307/2810/5 2300/2809/5
f 2328/2803/5 2308/2806/5 2307/2810/5
f 2350/2828/2 2338/2829/2 2339/2830/2
f 2334/2831/402 2341/2832/402 2338/2829/402
f 2341/2832/4 2347/2833/4 2342/2834/4
f 2333/2835/5 2337/2836/5 2330/2837/5
f 2341/2832/4 2349/2838/4 2348/2839/4
f 2331/2840/4 2336/2841/4 2337/2842/4
f 2335/2843/15 2331/2840/15 2333/2835/15
f 2330/2844/2 2335/2843/2 2333/2835/2
f 2336/2841/4 2343/2845/4 2337/2842/4
f 2352/2846/2 2338/2829/2 2353/2847/2
f 2342/2834/4 2357/2848/4 2345/2849/4
f 2340/2850/403 2336/2841/403 2335/2843/403
f 2339/2830/404 2345/2849/404 2344/2851/404
f 2338/2829/405 2342/2834/405 2339/2830/405
f 2330/2844/2 2340/2850/2 2335/2843/2
f 2344/2851/2 2330/2844/2 2355/2852/2
f 2355/2852/2 2339/2830/2 2344/2851/2
f 2349/2853/6 2332/2854/6 2352/2855/6
f 2357/2848/4 2359/2856/4 2337/2842/4
f 2356/2857/406 2330/2844/406 2359/2858/406
f 2344/2851/404 2343/2845/404 2340/2850/404
f 2346/2859/407 2348/2860/407 2349/2861/407
f 2351/2862/408 2353/2847/408 2350/2828/408
f 2354/2863/409 2355/2864/409 2356/2857/409
f 2357/2848/410 2358/2865/410 2359/2856/410
f 2347/2833/411 2358/2865/411 2357/2848/411
f 2350/2828/412 2354/2863/412 2351/2866/412
f 2346/2859/1 2354/2863/1 2358/2867/1
f 2361/2868/1 2362/2869/1 2360/2870/1
f 2363/2871/2 2366/2872/2 2362/2869/2
f 2367/2873/15 2364/2874/15 2366/2872/15
f 2365/2875/4 2360/2876/4 2364/2874/4
f 2366/2872/5 2360/2877/5 2362/2878/5
f 2374/2879/15 2370/2880/15 2375/2881/15
f 2369/2882/413 2370/2880/413 2371/2883/413
f 2381/2884/414 2368/2885/414 2369/2886/414
f 2380/2887/4 2370/2880/4 2368/2888/4
f 2381/2884/2 2371/2883/2 2374/2879/2
f 2367/2873/2 2383/2889/2 2372/2890/2
f 2372/2890/2 2382/2891/2 2373/2892/2
f 2382/2891/2 2374/2879/2 2373/2892/2
f 2365/2875/4 2378/2893/4 2361/2894/4
f 2377/2895/4 2379/2896/4 2378/2893/4
f 2379/2896/4 2375/2881/4 2380/2887/4
f 2361/2868/415 2383/2889/415 2363/2871/415
f 2378/2897/416 2382/2891/416 2383/2889/416
f 2379/2898/417 2381/2884/417 2382/2891/417
f 2367/2873/15 2377/2895/15 2365/2875/15
f 2372/2890/15 2376/2899/15 2377/2895/15
f 2373/2892/15 2375/2881/15 2376/2899/15
f 2384/2900/2 2391/2901/2 2385/2902/2
f 2394/2903/2 2386/2904/2 2395/2905/2
f 2413/2906/4 2430/2907/4 2428/2908/4
f 2385/2909/418 2423/2910/418 2410/2911/418
f 2413/2906/4 2418/2912/4 2415/2913/4
f 2386/2904/5 2429/2914/5 2395/2915/5
f 2423/2916/1 2390/2917/1 2421/2918/1
f 2389/2919/15 2417/2920/15 2388/2921/15
f 2387/2922/2 2388/2921/2 2386/2904/2
f 2386/2904/419 2417/2920/419 2412/2923/419
f 2392/2924/1 2446/2925/1 2424/2926/1
f 2408/2927/420 2390/2928/420 2384/2929/420
f 2385/2909/6 2427/2930/6 2393/2931/6
f 2426/2932/4 2409/2933/4 2425/2934/4
f 2429/2914/15 2403/2935/15 2395/2915/15
f 2409/2933/4 2422/2936/4 2420/2937/4
f 2428/2938/4 2447/2939/4 2444/2940/4
f 2385/2902/2 2392/2941/2 2384/2900/2
f 2394/2942/6 2414/2943/6 2387/2922/6
f 2414/2943/421 2389/2919/421 2387/2922/421
f 2400/2944/2 2396/2945/2 2401/2946/2
f 2393/2947/2 2395/2905/2 2392/2941/2
f 2399/2948/5 2437/2949/5 2398/2950/5
f 2401/2951/1 2432/2952/1 2441/2953/1
f 2433/2954/4 2438/2955/4 2435/2956/4
f 2434/2957/422 2399/2948/422 2397/2958/422
f 2444/2940/4 2440/2959/4 2443/2960/4
f 2443/2960/4 2433/2954/4 2435/2956/4
f 2442/2961/15 2397/2958/15 2400/2962/15
f 2397/2963/2 2398/2964/2 2396/2945/2
f 2402/2965/6 2450/2966/6 2446/2925/6
f 2445/2967/15 2400/2962/15 2403/2935/15
f 2441/2953/5 2404/2968/5 2401/2951/5
f 2403/2969/2 2401/2946/2 2402/2970/2
f 2395/2905/2 2402/2970/2 2392/2941/2
f 2393/2931/6 2431/2971/6 2394/2942/6
f 2428/2908/4 2426/2932/4 2425/2934/4
f 2396/2972/423 2437/2949/423 2432/2952/423
f 2405/2973/2 2406/2974/2 2407/2975/2
f 2447/2976/4 2448/2977/4 2440/2978/4
f 2448/2977/4 2454/2979/4 2452/2980/4
f 2401/2946/2 2405/2973/2 2402/2970/2
f 2449/2981/424 2406/2982/424 2404/2968/424
f 2407/2983/1 2453/2984/1 2455/2985/1
f 2405/2986/425 2455/2985/425 2450/2966/425
f 2429/2914/426 2413/2987/427 2428/2988/426
f 2427/2930/428 2411/2989/429 2426/2990/430
f 2418/2912/431 2417/2920/431 2419/2991/431
f 2416/2992/432 2412/2923/432 2417/2920/432
f 2418/2912/433 2414/2943/433 2415/2913/433
f 2420/2937/434 2423/2993/434 2421/2994/434
f 2410/2911/435 2422/2995/435 2411/2989/435
f 2408/2927/436 2420/2996/436 2421/2997/436
f 2424/2926/437 2409/2998/438 2408/2927/438
f 2431/2971/439 2426/2990/430 2430/2999/440
f 2431/2971/439 2415/3000/439 2414/2943/441
f 2441/2953/442 2433/3001/443 2440/3002/442
f 2429/2914/444 2444/3003/445 2445/2967/446
f 2437/2949/447 2438/3004/447 2436/3005/447
f 2438/2955/448 2434/3006/448 2435/2956/448
f 2436/3007/449 2432/3008/449 2437/3009/449
f 2442/2961/450 2435/3010/451 2434/2957/452
f 2442/2961/450 2444/3003/445 2443/3011/453
f 2424/2926/454 2447/3012/454 2425/3013/454
f 2446/2925/455 2451/3014/456 2447/3012/457
f 2441/2953/458 2448/3015/459 2449/2981/459
f 2455/2985/460 2452/3016/460 2454/3017/460
f 2450/2966/461 2454/3017/462 2451/3014/463
f 2449/2981/464 2452/3016/465 2453/2984/466
f 2392/2924/5 2408/2927/5 2384/2929/5
f 2473/3018/1 2459/3019/1 2474/3020/1
f 2486/3021/467 2463/3022/467 2480/3023/467
f 2463/3022/15 2482/3024/15 2480/3023/15
f 2476/3025/4 2457/3026/4 2473/3027/4
f 2462/3028/5 2469/3029/5 2464/3030/5
f 2459/3031/6 2471/3032/6 2466/3033/6
f 2467/3034/6 2461/3035/6 2463/3022/6
f 2465/3036/5 2456/3037/5 2458/3038/5
f 2461/3035/4 2484/3039/4 2482/3024/4
f 2485/3040/1 2464/3030/1 2469/3041/1
f 2459/3019/467 2478/3042/467 2474/3020/467
f 2477/3043/15 2465/3036/15 2479/3044/15
f 2476/3025/15 2466/3045/15 2471/3046/15
f 2477/3043/15 2478/3047/15 2476/3025/15
f 2475/3048/468 2465/3049/468 2458/3050/468
f 2474/3020/2 2479/3051/2 2475/3048/2
f 2477/3043/4 2456/3052/4 2468/3053/4
f 2477/3043/4 2473/3027/4 2472/3054/4
f 2472/3055/1 2458/3050/1 2456/3056/1
f 2473/3018/1 2475/3048/1 2472/3055/1
f 2467/3057/1 2484/3039/1 2470/3058/1
f 2486/3059/1 2485/3040/1 2484/3039/1
f 2483/3060/4 2469/3041/4 2460/3061/4
f 2482/3024/4 2485/3040/4 2483/3060/4
f 2462/3028/15 2483/3060/15 2460/3061/15
f 2480/3023/15 2483/3060/15 2481/3062/15
f 2487/3063/468 2462/3028/468 2464/3064/468
f 2487/3063/2 2480/3023/2 2481/3062/2
f 2499/3065/9 2488/3066/9 2498/3067/9
f 2488/3066/10 2491/3068/10 2490/3069/10
f 2495/3070/11 2493/3071/11 2492/3072/11
f 2506/3073/1 2497/3074/1 2493/3071/1
f 2490/3069/11 2494/3075/11 2495/3070/11
f 2495/3070/469 2510/3076/469 2490/3069/469
f 2498/3067/15 2488/3066/15 2509/3077/15
f 2488/3066/470 2510/3076/470 2509/3077/470
f 2492/3072/471 2512/3078/471 2495/3070/471
f 2506/3073/1 2493/3071/1 2494/3075/1
f 2496/3079/472 2515/3080/5 2516/3081/5
f 2496/3079/15 2511/3082/15 2492/3072/15
f 2493/3071/473 2496/3079/473 2492/3072/473
f 2500/3083/8 2499/3065/8 2498/3067/8
f 2500/3083/7 2503/3084/7 2501/3085/7
f 2508/3086/14 2505/3087/14 2507/3088/14
f 2514/3089/1 2506/3073/1 2505/3087/1
f 2502/3090/14 2507/3088/14 2503/3084/14
f 2510/3076/469 2508/3086/469 2502/3090/469
f 2498/3067/15 2509/3077/15 2500/3083/15
f 2500/3083/470 2510/3076/470 2502/3090/470
f 2512/3078/471 2504/3091/471 2508/3086/471
f 2507/3088/1 2506/3073/1 2499/3065/1
f 2513/3092/474 2515/3080/5 2514/3089/474
f 2513/3092/15 2511/3082/15 2516/3081/15
f 2513/3092/475 2505/3087/475 2504/3091/475
f 2528/3093/476 2520/3094/476 2527/3095/476
f 2532/3096/15 2526/3097/15 2529/3098/15
f 2524/3099/477 2528/3093/477 2531/3100/477
f 2517/3101/1 2523/3102/1 2522/3103/1
f 2524/3099/478 2532/3096/478 2523/3102/478
f 2518/3104/479 2522/3103/479 2521/3105/479
f 2524/3099/480 2520/3094/480 2519/3106/480
f 2525/3107/481 2529/3098/481 2526/3097/481
f 2531/3100/482 2527/3095/482 2532/3096/482
f 2530/3108/483 2518/3104/483 2521/3105/483
f 2533/3109/1 2536/3110/1 2535/3111/1
f 2557/3112/484 2539/3113/484 2560/3114/484
f 2540/3115/15 2537/3116/15 2539/3113/15
f 2564/3117/485 2533/3109/485 2567/3118/485
f 2539/3113/486 2543/3119/486 2544/3120/486
f 2536/3110/487 2564/3117/487 2566/3121/487
f 2544/3120/488 2559/3122/488 2562/3123/488
f 2567/3118/485 2541/3124/485 2568/3125/485
f 2560/3114/484 2544/3120/484 2562/3123/484
f 2535/3111/489 2541/3124/489 2533/3109/489
f 2545/3126/484 2565/3127/484 2563/3128/484
f 2552/3129/485 2550/3130/485 2553/3131/485
f 2549/3132/488 2568/3125/488 2565/3127/488
f 2546/3133/487 2555/3134/487 2551/3135/487
f 2555/3134/485 2547/3136/485 2552/3129/485
f 2566/3121/484 2545/3126/484 2563/3128/484
f 2547/3136/490 2569/3137/490 2567/3118/490
f 2551/3135/487 2561/3138/487 2557/3112/487
f 2552/3129/485 2559/3122/485 2558/3139/485
f 2554/3140/484 2549/3132/484 2545/3126/484
f 2556/3141/488 2550/3130/488 2549/3132/488
f 2546/3133/484 2554/3140/484 2545/3126/484
f 2558/3139/485 2543/3119/485 2537/3116/485
f 2557/3112/487 2538/3142/487 2540/3115/487
f 2538/3142/485 2558/3139/485 2537/3116/485
f 2554/3140/484 2562/3123/484 2556/3141/484
f 2562/3123/488 2553/3131/488 2556/3141/488
f 2551/3135/484 2560/3114/484 2554/3140/484
f 2536/3110/484 2563/3128/484 2535/3111/484
f 2565/3127/488 2541/3124/488 2542/3143/488
f 2563/3128/484 2542/3143/484 2535/3111/484
f 2547/3136/485 2568/3125/485 2550/3130/485
f 2566/3121/487 2548/3144/487 2546/3133/487
f 2564/3117/491 2571/3145/491 2548/3144/491
f 2572/3146/485 2574/3147/485 2575/3148/485
f 2571/3145/485 2569/3137/485 2570/3149/485
f 2555/3134/15 2574/3147/15 2573/3150/15
f 2555/3134/491 2572/3146/492 2561/3138/492
f 2564/3117/15 2569/3137/15 2576/3151/15
f 2558/3139/490 2574/3147/490 2552/3129/490
f 2561/3138/1 2575/3148/1 2558/3139/1
f 2548/3144/1 2570/3149/1 2547/3136/1
f 2578/3152/493 2579/3153/493 2577/3154/493
f 2580/3155/494 2581/3156/494 2579/3153/494
f 2582/3157/495 2583/3158/495 2581/3156/495
f 2584/3159/496 2585/3160/496 2583/3158/496
f 2578/3152/1 2584/3159/1 2582/3157/1
f 2586/3161/497 2587/3162/497 2585/3160/497
f 2588/3163/498 2577/3154/498 2587/3162/498
f 2581/3156/15 2583/3158/15 2587/3162/15
f 2590/3164/493 2591/3165/493 2589/3166/493
f 2592/3167/494 2593/3168/494 2591/3165/494
f 2594/3169/495 2595/3170/495 2593/3168/495
f 2596/3171/496 2597/3172/496 2595/3170/496
f 2590/3164/1 2596/3171/1 2594/3169/1
f 2598/3173/497 2599/3174/497 2597/3172/497
f 2600/3175/498 2589/3166/498 2599/3174/498
f 2593/3168/15 2595/3170/15 2599/3174/15
f 2518/3104/476 2525/3107/476 2526/3097/476
f 2526/3097/476 2527/3095/476 2520/3094/476
f 2528/3093/476 2519/3106/476 2520/3094/476
f 2520/3094/476 2517/3101/476 2526/3097/476
f 2518/3104/476 2526/3097/476 2517/3101/476
f 2532/3096/15 2527/3095/15 2526/3097/15
f 2524/3099/477 2519/3106/477 2528/3093/477
f 2517/3101/1 2520/3094/1 2523/3102/1
f 2530/3108/478 2521/3105/478 2522/3103/478
f 2522/3103/478 2523/3102/478 2532/3096/478
f 2524/3099/478 2531/3100/478 2532/3096/478
f 2532/3096/478 2529/3098/478 2522/3103/478
f 2530/3108/478 2522/3103/478 2529/3098/478
f 2518/3104/479 2517/3101/479 2522/3103/479
f 2524/3099/480 2523/3102/480 2520/3094/480
f 2525/3107/481 2530/3108/481 2529/3098/481
f 2531/3100/482 2528/3093/482 2527/3095/482
f 2530/3108/483 2525/3107/483 2518/3104/483
f 2533/3109/1 2534/3176/1 2536/3110/1
f 2557/3112/484 2540/3115/484 2539/3113/484
f 2540/3115/15 2538/3142/15 2537/3116/15
f 2564/3117/485 2534/3176/485 2533/3109/485
f 2539/3113/486 2537/3116/486 2543/3119/486
f 2536/3110/487 2534/3176/487 2564/3117/487
f 2544/3120/488 2543/3119/488 2559/3122/488
f 2567/3118/485 2533/3109/485 2541/3124/485
f 2560/3114/484 2539/3113/484 2544/3120/484
f 2535/3111/489 2542/3143/489 2541/3124/489
f 2545/3126/484 2549/3132/484 2565/3127/484
f 2552/3129/485 2547/3136/485 2550/3130/485
f 2549/3132/488 2550/3130/488 2568/3125/488
f 2546/3133/487 2548/3144/487 2555/3134/487
f 2555/3134/485 2548/3144/485 2547/3136/485
f 2566/3121/484 2546/3133/484 2545/3126/484
f 2547/3136/490 2570/3149/490 2569/3137/490
f 2551/3135/487 2555/3134/487 2561/3138/487
f 2552/3129/485 2553/3131/485 2559/3122/485
f 2554/3140/484 2556/3141/484 2549/3132/484
f 2556/3141/488 2553/3131/488 2550/3130/488
f 2546/3133/484 2551/3135/484 2554/3140/484
f 2558/3139/485 2559/3122/485 2543/3119/485
f 2557/3112/487 2561/3138/487 2538/3142/487
f 2538/3142/485 2561/3138/485 2558/3139/485
f 2554/3140/484 2560/3114/484 2562/3123/484
f 2562/3123/488 2559/3122/488 2553/3131/488
f 2551/3135/484 2557/3112/484 2560/3114/484
f 2536/3110/484 2566/3121/484 2563/3128/484
f 2565/3127/488 2568/3125/488 2541/3124/488
f 2563/3128/484 2565/3127/484 2542/3143/484
f 2547/3136/485 2567/3118/485 2568/3125/485
f 2566/3121/487 2564/3117/487 2548/3144/487
f 2564/3117/491 2576/3151/491 2571/3145/491
f 2572/3146/485 2573/3150/485 2574/3147/485
f 2571/3145/485 2576/3151/485 2569/3137/485
f 2555/3134/15 2552/3129/15 2574/3147/15
f 2555/3134/491 2573/3150/491 2572/3146/492
f 2564/3117/15 2567/3118/15 2569/3137/15
f 2558/3139/490 2575/3148/490 2574/3147/490
f 2561/3138/1 2572/3146/1 2575/3148/1
f 2548/3144/1 2571/3145/1 2570/3149/1
f 2578/3152/493 2580/3155/493 2579/3153/493
f 2580/3155/494 2582/3157/494 2581/3156/494
f 2582/3157/495 2584/3159/495 2583/3158/495
f 2584/3159/496 2586/3161/496 2585/3160/496
f 2582/3157/1 2580/3155/1 2578/3152/1
f 2578/3152/1 2588/3163/1 2586/3161/1
f 2586/3161/1 2584/3159/1 2578/3152/1
f 2586/3161/497 2588/3163/497 2587/3162/497
f 2588/3163/498 2578/3152/498 2577/3154/498
f 2587/3162/15 2577/3154/15 2579/3153/15
f 2579/3153/15 2581/3156/15 2587/3162/15
f 2583/3158/15 2585/3160/15 2587/3162/15
f 2590/3164/493 2592/3167/493 2591/3165/493
f 2592/3167/494 2594/3169/494 2593/3168/494
f 2594/3169/495 2596/3171/495 2595/3170/495
f 2596/3171/496 2598/3173/496 2597/3172/496
f 2594/3169/1 2592/3167/1 2590/3164/1
f 2590/3164/1 2600/3175/1 2598/3173/1
f 2598/3173/1 2596/3171/1 2590/3164/1
f 2598/3173/497 2600/3175/497 2599/3174/497
f 2600/3175/498 2590/3164/498 2589/3166/498
f 2599/3174/15 2589/3166/15 2591/3165/15
f 2591/3165/15 2593/3168/15 2599/3174/15
f 2595/3170/15 2597/3172/15 2599/3174/15
f 2602/3177/1 2603/3178/1 2601/3179/1
f 2604/3180/2 2607/3181/2 2603/3178/2
f 2608/3182/15 2605/3183/15 2607/3181/15
f 2606/3184/4 2601/3185/4 2605/3183/4
f 2607/3181/5 2601/3186/5 2603/3187/5
f 2604/3188/6 2606/3184/6 2608/3182/6
f 598/771/15 2619/3189/15 2612/3190/15
f 2616/3191/499 2625/3192/499 2617/3193/499
f 2610/767/15 2618/3194/15 602/764/15
f 2609/758/15 2615/3195/15 2616/3191/15
f 599/770/15 2614/3196/15 600/761/15
f 2611/765/15 2618/3194/15 2619/3189/15
f 2609/758/15 2617/3193/15 2610/767/15
f 601/768/15 2614/3196/15 2615/3195/15
f 598/769/15 2613/3197/15 599/770/15
f 2626/3198/13 2635/3199/13 2627/3200/13
f 2615/3195/500 2622/3201/500 2623/3202/500
f 2612/3203/501 2621/3204/501 2613/3197/501
f 2612/3190/502 2627/3200/502 2620/3205/502
f 2617/3193/503 2626/3198/503 2618/3194/503
f 2616/3191/504 2623/3202/504 2624/3206/504
f 2613/3197/505 2622/3201/505 2614/3196/505
f 2619/3189/506 2626/3198/506 2627/3200/506
f 2638/3207/13 2647/3208/13 2637/3209/13
f 2624/3206/11 2633/3210/11 2625/3192/11
f 2622/3201/9 2631/3211/9 2623/3202/9
f 2620/3212/7 2629/3213/7 2621/3204/7
f 2627/3200/14 2628/3214/14 2620/3205/14
f 2625/3192/12 2634/3215/12 2626/3198/12
f 2623/3202/10 2632/3216/10 2624/3206/10
f 2621/3204/8 2630/3217/8 2622/3201/8
f 2637/3209/12 2646/3218/12 2636/3219/12
f 2636/3219/11 580/3220/11 603/3221/11
f 603/3221/10 581/3222/10 604/3223/10
f 2635/3199/1 579/733/1 2628/3214/1
f 2629/3213/1 579/756/1 578/740/1
f 2630/3217/1 2643/737/1 2631/3211/1
f 2633/3210/1 577/739/1 576/734/1
f 2634/3215/1 2645/731/1 2635/3199/1
f 2630/3217/1 578/740/1 2644/742/1
f 2631/3211/1 577/739/1 2632/3216/1
f 2634/3215/1 576/734/1 2642/736/1
f 2639/3224/14 2648/3225/14 2638/3207/14
f 2640/3226/7 2649/3227/7 2639/3224/7
f 2641/3228/8 2650/3229/8 2640/3226/8
f 604/3223/9 2651/3230/9 2641/3228/9
f 2652/3231/507 2659/3232/507 2658/3233/507
f 2670/3234/2 2657/3235/2 2660/3236/2
f 2657/3235/15 2661/3237/15 2660/3236/15
f 2665/3238/4 2658/3233/4 2666/3239/4
f 2656/3240/5 2669/3241/5 2671/3242/5
f 2653/3243/6 2665/3238/6 2663/3244/6
f 2677/3245/2 2667/3246/2 2662/3247/2
f 2660/3236/15 2654/3248/15 2656/3240/15
f 2670/3234/2 2656/3240/2 2671/3242/2
f 2666/3239/4 2674/3249/4 2664/3250/4
f 2673/3251/4 2664/3250/4 2669/3241/4
f 2663/3244/6 2672/3252/6 2668/3253/6
f 2658/3233/1 2677/3245/1 2674/3249/1
f 2672/3252/4 2666/3239/4 2673/3251/4
f 2659/3232/2 2663/3244/2 2667/3246/2
f 2655/3254/4 2673/3251/4 2661/3237/4
f 2668/3253/6 2655/3254/6 2657/3235/6
f 2661/3237/4 2669/3241/4 2654/3248/4
f 2662/3247/2 2670/3234/2 2671/3242/2
f 2671/3242/508 2664/3250/508 2662/3247/508
f 2667/3246/2 2668/3253/2 2670/3234/2
f 2675/3255/509 2677/3245/509 2676/3256/509
f 2662/3247/5 2675/3255/5 2676/3256/5
f 2679/3257/1 2680/3258/1 2678/3259/1
f 2687/3260/2 2684/3261/2 2686/3262/2
f 2685/3263/510 2682/3264/510 2684/3261/510
f 2691/3265/4 2678/3259/4 2693/3266/4
f 2684/3261/5 2688/3267/5 2686/3262/5
f 2692/3268/511 2679/3257/511 2691/3265/511
f 2687/3260/512 2683/3269/512 2685/3263/512
f 2686/3262/5 2703/3270/5 2704/3271/5
f 2682/3264/4 2689/3272/4 2688/3267/4
f 2704/3271/2 2687/3260/2 2686/3262/2
f 2680/3258/2 2692/3268/2 2690/3273/2
f 2722/3274/4 2714/3275/4 2723/3276/4
f 2694/3277/6 2691/3265/6 2697/3278/6
f 2697/3278/4 2693/3266/4 2695/3279/4
f 2717/3280/4 2695/3279/4 2719/3281/4
f 2694/3277/6 2717/3280/6 2718/3282/6
f 2690/3273/2 2694/3277/2 2696/3283/2
f 2720/3284/2 2712/3285/2 2721/3286/2
f 2698/3287/6 2707/3288/6 2708/3289/6
f 2707/3288/4 2699/3290/4 2709/3291/4
f 2716/3292/2 2698/3287/2 2700/3293/2
f 2716/3292/513 2699/3290/513 2719/3281/513
f 2689/3272/4 2703/3270/4 2688/3267/4
f 2702/3294/6 2689/3272/6 2687/3260/6
f 2706/3295/2 2702/3294/2 2704/3271/2
f 2704/3271/514 2709/3291/514 2706/3295/514
f 2706/3295/515 2699/3290/515 2700/3293/515
f 2700/3293/2 2708/3289/2 2706/3295/2
f 2705/3296/4 2709/3291/4 2703/3270/4
f 2708/3289/6 2705/3296/6 2702/3294/6
f 2711/3297/5 2713/3298/5 2710/3299/5
f 2712/3285/5 2714/3275/5 2713/3298/5
f 2724/3300/4 2713/3298/4 2722/3274/4
f 2721/3286/2 2711/3297/2 2725/3301/2
f 2723/3276/15 2715/3302/15 2720/3284/15
f 2725/3301/1 2710/3299/1 2724/3300/1
f 2696/3283/516 2719/3281/516 2695/3279/516
f 2696/3283/2 2718/3282/2 2716/3292/2
f 2718/3282/6 2701/3303/6 2698/3287/6
f 2701/3303/4 2719/3281/4 2699/3290/4
f 2680/3258/1 2724/3300/1 2678/3259/1
f 2695/3279/517 2720/3284/517 2696/3283/518
f 2690/3273/2 2725/3301/2 2680/3258/2
f 2678/3259/4 2722/3274/4 2693/3266/4
f 2690/3273/2 2720/3284/2 2721/3286/2
f 2693/3266/4 2723/3276/4 2695/3279/4
f 2743/3304/4 2738/3305/4 2740/3306/4
f 2755/3307/519 2769/3308/519 2763/3309/520
f 2751/3310/15 2737/3311/15 2749/3312/15
f 2731/3313/4 2734/3314/4 2737/3311/4
f 2744/3315/5 2726/3316/5 2753/3317/5
f 2731/3313/521 2754/3318/521 2727/3319/521
f 2737/3311/4 2726/3316/4 2730/3320/4
f 2749/3312/15 2730/3320/15 2744/3315/15
f 2745/3321/522 2760/3322/522 2759/3323/522
f 2731/3313/15 2761/3324/15 2755/3307/15
f 2741/3325/5 2807/3326/5 2803/3327/5
f 2740/3306/4 2748/3328/4 2743/3304/4
f 2735/3329/523 2809/3330/523 2807/3326/523
f 2728/3331/5 2810/3332/5 2811/3333/5
f 2801/3334/15 2749/3312/15 2802/3335/15
f 2760/3322/524 2767/3336/524 2759/3323/524
f 2734/3314/5 2735/3329/5 2741/3325/5
f 2734/3314/4 2742/3337/4 2743/3304/4
f 2747/3338/522 2757/3339/522 2760/3322/522
f 2732/3340/15 2811/3333/15 2809/3330/15
f 2743/3304/523 2732/3340/523 2735/3329/523
f 2733/3341/1 2750/3342/1 2746/3343/1
f 2752/3344/5 2729/3345/5 2728/3331/5
f 2742/3337/521 2756/3346/521 2738/3305/521
f 2748/3328/15 2728/3331/15 2732/3340/15
f 2746/3343/4 2752/3344/4 2748/3328/4
f 2738/3305/525 2736/3347/525 2740/3306/525
f 2808/3348/1 2729/3345/1 2733/3341/1
f 2734/3314/1 2753/3317/1 2726/3316/1
f 2736/3347/526 2746/3343/526 2740/3306/526
f 2805/3349/526 2733/3341/526 2736/3347/526
f 2802/3335/15 2744/3315/15 2800/3350/15
f 2799/3351/6 2747/3338/6 2745/3321/6
f 2806/3352/6 2739/3353/6 2747/3338/6
f 2739/3353/525 2805/3349/525 2736/3347/525
f 2741/3325/1 2798/3354/1 2753/3317/1
f 2800/3350/5 2753/3317/5 2798/3354/5
f 2758/3355/527 2762/3356/527 2766/3357/527
f 2738/3305/528 2757/3339/528 2739/3353/528
f 2799/3351/6 2751/3310/6 2801/3334/6
f 2727/3319/521 2758/3355/521 2742/3337/521
f 2745/3321/522 2761/3324/522 2751/3310/522
f 2767/3336/529 2763/3309/529 2769/3308/529
f 2768/3358/529 2764/3359/529 2766/3357/529
f 2767/3336/529 2766/3357/529 2762/3356/529
f 2759/3323/524 2769/3308/524 2761/3324/524
f 2758/3355/527 2764/3359/527 2756/3346/527
f 2760/3322/524 2765/3360/524 2768/3358/524
f 2754/3318/527 2763/3309/527 2762/3356/527
f 2756/3346/530 2765/3360/530 2757/3339/530
f 2831/3361/1 2828/3362/1 2830/3363/1
f 2833/3364/15 2834/3365/15 2832/3366/15
f 2832/3366/531 2836/3367/531 2841/3368/531
f 2829/3369/6 2838/3370/6 2843/3371/6
f 2842/3372/6 2835/3373/6 2833/3364/6
f 2843/3371/6 2839/3374/6 2842/3372/6
f 2840/3375/532 2830/3363/532 2828/3362/532
f 2841/3368/5 2837/3376/5 2840/3375/5
f 2839/3374/4 2837/3376/4 2836/3367/4
f 2843/3371/2 2841/3368/2 2840/3375/2
f 2847/3377/1 2844/3378/1 2846/3379/1
f 2849/3380/15 2850/3381/15 2848/3382/15
f 2848/3382/531 2852/3383/531 2857/3384/531
f 2845/3385/6 2854/3386/6 2859/3387/6
f 2858/3388/6 2851/3389/6 2849/3380/6
f 2859/3387/6 2855/3390/6 2858/3388/6
f 2856/3391/532 2846/3379/532 2844/3378/532
f 2857/3384/5 2853/3392/5 2856/3391/5
f 2855/3390/4 2853/3392/4 2852/3383/4
f 2859/3387/2 2857/3384/2 2856/3391/2
f 2787/3393/2 2782/3394/2 2786/3395/2
f 2813/3396/533 2827/3397/533 2819/3398/533
f 2781/3399/15 2795/3400/15 2793/3401/15
f 2778/3402/2 2775/3403/2 2781/3399/2
f 2770/3404/5 2788/3405/5 2797/3406/5
f 2812/3407/534 2775/3403/534 2771/3408/534
f 2770/3404/2 2781/3399/2 2774/3409/2
f 2774/3409/15 2793/3401/15 2788/3405/15
f 2789/3410/535 2818/3411/535 2791/3412/535
f 2775/3403/15 2819/3398/15 2795/3400/15
f 2807/3326/5 2785/3413/5 2803/3327/5
f 2792/3414/2 2784/3415/2 2787/3393/2
f 2809/3330/523 2779/3416/523 2807/3326/523
f 2810/3332/5 2772/3417/5 2811/3333/5
f 2793/3401/15 2801/3334/15 2802/3335/15
f 2825/3418/536 2818/3411/536 2817/3419/536
f 2779/3416/5 2778/3402/5 2785/3413/5
f 2778/3402/2 2786/3395/2 2771/3408/2
f 2791/3412/535 2815/3420/535 2783/3421/535
f 2811/3333/15 2776/3422/15 2809/3330/15
f 2776/3422/523 2787/3393/523 2779/3416/523
f 2794/3423/1 2777/3424/1 2790/3425/1
f 2773/3426/5 2796/3427/5 2772/3417/5
f 2814/3428/534 2786/3395/534 2782/3394/534
f 2772/3417/15 2792/3414/15 2776/3422/15
f 2796/3427/2 2790/3425/2 2792/3414/2
f 2780/3429/525 2782/3394/525 2784/3415/525
f 2773/3426/1 2808/3348/1 2777/3424/1
f 2797/3406/1 2778/3402/1 2770/3404/1
f 2790/3425/526 2780/3429/526 2784/3415/526
f 2777/3424/526 2805/3349/526 2780/3429/526
f 2788/3405/15 2802/3335/15 2800/3350/15
f 2791/3412/6 2799/3351/6 2789/3410/6
f 2783/3421/6 2806/3352/6 2791/3412/6
f 2805/3349/525 2783/3421/525 2780/3429/525
f 2798/3354/1 2785/3413/1 2797/3406/1
f 2797/3406/5 2800/3350/5 2798/3354/5
f 2816/3430/537 2820/3431/537 2812/3407/537
f 2815/3420/528 2782/3394/528 2783/3421/528
f 2795/3400/6 2799/3351/6 2801/3334/6
f 2816/3430/534 2771/3408/534 2786/3395/534
f 2819/3398/535 2789/3410/535 2795/3400/535
f 2821/3432/538 2825/3418/538 2827/3397/538
f 2822/3433/538 2826/3434/538 2824/3435/538
f 2824/3435/538 2825/3418/538 2820/3431/538
f 2827/3397/536 2817/3419/536 2819/3398/536
f 2822/3433/537 2816/3430/537 2814/3428/537
f 2818/3411/536 2823/3436/536 2815/3420/536
f 2812/3407/537 2821/3432/537 2813/3396/537
f 2823/3436/539 2814/3428/539 2815/3420/539
f 2830/3363/1 2829/3369/1 2828/3362/1
f 2834/3365/4 2839/3374/4 2836/3367/4
f 2832/3366/15 2835/3373/15 2834/3365/15
f 2828/3362/2 2843/3371/2 2840/3375/2
f 2841/3368/531 2834/3365/531 2836/3367/531
f 2843/3371/6 2831/3361/6 2838/3370/6
f 2833/3364/6 2839/3374/6 2835/3373/6
f 2842/3372/6 2838/3370/6 2839/3374/6
f 2828/3362/532 2837/3376/532 2830/3363/532
f 2840/3375/5 2836/3367/5 2837/3376/5
f 2832/3366/2 2842/3372/2 2833/3364/2
f 2840/3375/2 2842/3372/2 2841/3368/2
f 2830/3363/4 2838/3370/4 2831/3361/4
f 2836/3367/4 2838/3370/4 2837/3376/4
f 2846/3379/1 2845/3385/1 2844/3378/1
f 2850/3381/4 2855/3390/4 2852/3383/4
f 2848/3382/15 2851/3389/15 2850/3381/15
f 2844/3378/2 2859/3387/2 2856/3391/2
f 2857/3384/531 2850/3381/531 2852/3383/531
f 2859/3387/6 2847/3377/6 2854/3386/6
f 2849/3380/6 2855/3390/6 2851/3389/6
f 2858/3388/6 2854/3386/6 2855/3390/6
f 2844/3378/532 2853/3392/532 2846/3379/532
f 2856/3391/5 2852/3383/5 2853/3392/5
f 2848/3382/2 2858/3388/2 2849/3380/2
f 2856/3391/2 2858/3388/2 2857/3384/2
f 2846/3379/4 2854/3386/4 2847/3377/4
f 2852/3383/4 2854/3386/4 2853/3392/4
f 2861/3437/540 2862/3438/540 2860/3439/540
f 2863/3440/541 2864/3441/541 2862/3438/541
f 2864/3441/4 2867/3442/4 2866/3443/4
f 2867/3442/542 2868/3444/542 2866/3443/542
f 2861/3437/15 2867/3442/15 2865/3445/15
f 2869/3446/543 2870/3447/543 2868/3444/543
f 2871/3448/2 2860/3439/2 2870/3447/2
f 2864/3441/1 2866/3443/1 2870/3447/1
f 2873/3449/540 2874/3450/540 2872/3451/540
f 2874/3450/541 2877/3452/541 2876/3453/541
f 2877/3452/4 2878/3454/4 2876/3453/4
f 2878/3454/542 2881/3455/542 2880/3456/542
f 2873/3449/15 2879/3457/15 2877/3452/15
f 2881/3455/543 2882/3458/543 2880/3456/543
f 2883/3459/2 2872/3451/2 2882/3458/2
f 2874/3450/1 2880/3456/1 2882/3458/1
f 2652/3231/507 2653/3243/507 2659/3232/507
f 2670/3234/2 2668/3253/2 2657/3235/2
f 2657/3235/15 2655/3254/15 2661/3237/15
f 2665/3238/4 2652/3231/4 2658/3233/4
f 2656/3240/5 2654/3248/5 2669/3241/5
f 2653/3243/6 2652/3231/6 2665/3238/6
f 2662/3247/2 2676/3256/2 2677/3245/2
f 2677/3245/2 2659/3232/2 2667/3246/2
f 2660/3236/15 2661/3237/15 2654/3248/15
f 2670/3234/2 2660/3236/2 2656/3240/2
f 2675/3255/4 2664/3250/4 2674/3249/4
f 2666/3239/4 2658/3233/4 2674/3249/4
f 2673/3251/4 2666/3239/4 2664/3250/4
f 2663/3244/6 2665/3238/6 2672/3252/6
f 2658/3233/1 2659/3232/1 2677/3245/1
f 2672/3252/4 2665/3238/4 2666/3239/4
f 2659/3232/2 2653/3243/2 2663/3244/2
f 2655/3254/4 2672/3252/4 2673/3251/4
f 2668/3253/6 2672/3252/6 2655/3254/6
f 2661/3237/4 2673/3251/4 2669/3241/4
f 2662/3247/2 2667/3246/2 2670/3234/2
f 2671/3242/508 2669/3241/508 2664/3250/508
f 2667/3246/2 2663/3244/2 2668/3253/2
f 2675/3255/509 2674/3249/509 2677/3245/509
f 2662/3247/5 2664/3250/5 2675/3255/5
f 2679/3257/1 2681/3460/1 2680/3258/1
f 2687/3260/2 2685/3263/2 2684/3261/2
f 2685/3263/510 2683/3269/510 2682/3264/510
f 2691/3265/4 2679/3257/4 2678/3259/4
f 2684/3261/5 2682/3264/5 2688/3267/5
f 2692/3268/511 2681/3460/511 2679/3257/511
f 2687/3260/512 2689/3272/512 2683/3269/512
f 2686/3262/5 2688/3267/5 2703/3270/5
f 2682/3264/4 2683/3269/4 2689/3272/4
f 2704/3271/2 2702/3294/2 2687/3260/2
f 2680/3258/2 2681/3460/2 2692/3268/2
f 2722/3274/4 2713/3298/4 2714/3275/4
f 2694/3277/6 2692/3268/6 2691/3265/6
f 2697/3278/4 2691/3265/4 2693/3266/4
f 2717/3280/4 2697/3278/4 2695/3279/4
f 2694/3277/6 2697/3278/6 2717/3280/6
f 2690/3273/2 2692/3268/2 2694/3277/2
f 2720/3284/2 2715/3302/2 2712/3285/2
f 2698/3287/6 2701/3303/6 2707/3288/6
f 2707/3288/4 2701/3303/4 2699/3290/4
f 2716/3292/2 2718/3282/2 2698/3287/2
f 2716/3292/513 2700/3293/513 2699/3290/513
f 2689/3272/4 2705/3296/4 2703/3270/4
f 2702/3294/6 2705/3296/6 2689/3272/6
f 2706/3295/2 2708/3289/2 2702/3294/2
f 2704/3271/514 2703/3270/514 2709/3291/514
f 2706/3295/515 2709/3291/515 2699/3290/515
f 2700/3293/2 2698/3287/2 2708/3289/2
f 2705/3296/4 2707/3288/4 2709/3291/4
f 2708/3289/6 2707/3288/6 2705/3296/6
f 2711/3297/5 2712/3285/5 2713/3298/5
f 2712/3285/5 2715/3302/5 2714/3275/5
f 2724/3300/4 2710/3299/4 2713/3298/4
f 2721/3286/2 2712/3285/2 2711/3297/2
f 2723/3276/15 2714/3275/15 2715/3302/15
f 2725/3301/1 2711/3297/1 2710/3299/1
f 2696/3283/516 2716/3292/516 2719/3281/516
f 2696/3283/2 2694/3277/2 2718/3282/2
f 2718/3282/6 2717/3280/6 2701/3303/6
f 2701/3303/4 2717/3280/4 2719/3281/4
f 2680/3258/1 2725/3301/1 2724/3300/1
f 2695/3279/517 2723/3276/517 2720/3284/517
f 2690/3273/2 2721/3286/2 2725/3301/2
f 2678/3259/4 2724/3300/4 2722/3274/4
f 2690/3273/2 2696/3283/2 2720/3284/2
f 2693/3266/4 2722/3274/4 2723/3276/4
f 2743/3304/4 2742/3337/4 2738/3305/4
f 2755/3307/519 2761/3324/519 2769/3308/519
f 2751/3310/15 2731/3313/15 2737/3311/15
f 2731/3313/4 2727/3319/4 2734/3314/4
f 2744/3315/5 2730/3320/5 2726/3316/5
f 2731/3313/521 2755/3307/521 2754/3318/521
f 2737/3311/4 2734/3314/4 2726/3316/4
f 2749/3312/15 2737/3311/15 2730/3320/15
f 2745/3321/522 2747/3338/522 2760/3322/522
f 2731/3313/15 2751/3310/15 2761/3324/15
f 2741/3325/5 2735/3329/5 2807/3326/5
f 2740/3306/4 2746/3343/4 2748/3328/4
f 2735/3329/523 2732/3340/523 2809/3330/523
f 2728/3331/5 2729/3345/5 2810/3332/5
f 2801/3334/15 2751/3310/15 2749/3312/15
f 2760/3322/524 2768/3358/524 2767/3336/524
f 2734/3314/5 2743/3304/5 2735/3329/5
f 2734/3314/4 2727/3319/4 2742/3337/4
f 2747/3338/522 2739/3353/522 2757/3339/522
f 2732/3340/15 2728/3331/15 2811/3333/15
f 2743/3304/523 2748/3328/523 2732/3340/523
f 2733/3341/1 2729/3345/1 2750/3342/1
f 2752/3344/5 2750/3342/5 2729/3345/5
f 2742/3337/521 2758/3355/521 2756/3346/521
f 2748/3328/15 2752/3344/15 2728/3331/15
f 2746/3343/4 2750/3342/4 2752/3344/4
f 2738/3305/525 2739/3353/525 2736/3347/525
f 2808/3348/1 2810/3332/1 2729/3345/1
f 2734/3314/1 2741/3325/1 2753/3317/1
f 2736/3347/526 2733/3341/526 2746/3343/526
f 2805/3349/526 2808/3348/526 2733/3341/526
f 2802/3335/15 2749/3312/15 2744/3315/15
f 2799/3351/6 2806/3352/6 2747/3338/6
f 2806/3352/6 2804/3461/6 2739/3353/6
f 2739/3353/525 2804/3461/525 2805/3349/525
f 2741/3325/1 2803/3327/1 2798/3354/1
f 2800/3350/5 2744/3315/5 2753/3317/5
f 2758/3355/527 2754/3318/527 2762/3356/527
f 2738/3305/544 2756/3346/544 2757/3339/544
f 2799/3351/6 2745/3321/6 2751/3310/6
f 2727/3319/521 2754/3318/521 2758/3355/521
f 2745/3321/522 2759/3323/522 2761/3324/522
f 2767/3336/529 2762/3356/529 2763/3309/529
f 2768/3358/529 2765/3360/529 2764/3359/529
f 2767/3336/529 2768/3358/529 2766/3357/529
f 2759/3323/524 2767/3336/524 2769/3308/524
f 2758/3355/527 2766/3357/527 2764/3359/527
f 2760/3322/524 2757/3339/524 2765/3360/524
f 2754/3318/527 2755/3307/527 2763/3309/527
f 2756/3346/530 2764/3359/530 2765/3360/530
f 2831/3361/1 2829/3369/1 2828/3362/1
f 2833/3364/15 2835/3373/15 2834/3365/15
f 2832/3366/531 2834/3365/531 2836/3367/531
f 2829/3369/6 2831/3361/6 2838/3370/6
f 2842/3372/6 2839/3374/6 2835/3373/6
f 2843/3371/6 2838/3370/6 2839/3374/6
f 2840/3375/532 2837/3376/532 2830/3363/532
f 2841/3368/5 2836/3367/5 2837/3376/5
f 2839/3374/4 2838/3370/4 2837/3376/4
f 2843/3371/2 2842/3372/2 2841/3368/2
f 2847/3377/1 2845/3385/1 2844/3378/1
f 2849/3380/15 2851/3389/15 2850/3381/15
f 2848/3382/531 2850/3381/531 2852/3383/531
f 2845/3385/6 2847/3377/6 2854/3386/6
f 2858/3388/6 2855/3390/6 2851/3389/6
f 2859/3387/6 2854/3386/6 2855/3390/6
f 2856/3391/532 2853/3392/532 2846/3379/532
f 2857/3384/5 2852/3383/5 2853/3392/5
f 2855/3390/4 2854/3386/4 2853/3392/4
f 2859/3387/2 2858/3388/2 2857/3384/2
f 2787/3393/2 2784/3415/2 2782/3394/2
f 2813/3396/533 2821/3432/533 2827/3397/533
f 2781/3399/15 2775/3403/15 2795/3400/15
f 2778/3402/2 2771/3408/2 2775/3403/2
f 2770/3404/5 2774/3409/5 2788/3405/5
f 2812/3407/534 2813/3396/534 2775/3403/534
f 2770/3404/2 2778/3402/2 2781/3399/2
f 2774/3409/15 2781/3399/15 2793/3401/15
f 2789/3410/535 2817/3419/535 2818/3411/535
f 2775/3403/15 2813/3396/15 2819/3398/15
f 2807/3326/5 2779/3416/5 2785/3413/5
f 2792/3414/2 2790/3425/2 2784/3415/2
f 2809/3330/523 2776/3422/523 2779/3416/523
f 2810/3332/5 2773/3426/5 2772/3417/5
f 2793/3401/15 2795/3400/15 2801/3334/15
f 2825/3418/536 2826/3434/536 2818/3411/536
f 2779/3416/5 2787/3393/5 2778/3402/5
f 2778/3402/2 2787/3393/2 2786/3395/2
f 2791/3412/535 2818/3411/535 2815/3420/535
f 2811/3333/15 2772/3417/15 2776/3422/15
f 2776/3422/523 2792/3414/523 2787/3393/523
f 2794/3423/1 2773/3426/1 2777/3424/1
f 2773/3426/5 2794/3423/5 2796/3427/5
f 2814/3428/534 2816/3430/534 2786/3395/534
f 2772/3417/15 2796/3427/15 2792/3414/15
f 2796/3427/2 2794/3423/2 2790/3425/2
f 2780/3429/525 2783/3421/525 2782/3394/525
f 2773/3426/1 2810/3332/1 2808/3348/1
f 2797/3406/1 2785/3413/1 2778/3402/1
f 2790/3425/526 2777/3424/526 2780/3429/526
f 2777/3424/526 2808/3348/526 2805/3349/526
f 2788/3405/15 2793/3401/15 2802/3335/15
f 2791/3412/6 2806/3352/6 2799/3351/6
f 2783/3421/6 2804/3461/6 2806/3352/6
f 2805/3349/525 2804/3461/525 2783/3421/525
f 2798/3354/1 2803/3327/1 2785/3413/1
f 2797/3406/5 2788/3405/5 2800/3350/5
f 2816/3430/537 2824/3435/537 2820/3431/537
f 2815/3420/545 2814/3428/545 2782/3394/545
f 2795/3400/6 2789/3410/6 2799/3351/6
f 2816/3430/534 2812/3407/534 2771/3408/534
f 2819/3398/535 2817/3419/535 2789/3410/535
f 2821/3432/538 2820/3431/538 2825/3418/538
f 2822/3433/538 2823/3436/538 2826/3434/538
f 2824/3435/538 2826/3434/538 2825/3418/538
f 2827/3397/536 2825/3418/536 2817/3419/536
f 2822/3433/537 2824/3435/537 2816/3430/537
f 2818/3411/536 2826/3434/536 2823/3436/536
f 2812/3407/537 2820/3431/537 2821/3432/537
f 2823/3436/539 2822/3433/539 2814/3428/539
f 2830/3363/1 2831/3361/1 2829/3369/1
f 2834/3365/4 2835/3373/4 2839/3374/4
f 2832/3366/15 2833/3364/15 2835/3373/15
f 2828/3362/2 2829/3369/2 2843/3371/2
f 2841/3368/531 2832/3366/531 2834/3365/531
f 2843/3371/6 2829/3369/6 2831/3361/6
f 2833/3364/6 2842/3372/6 2839/3374/6
f 2842/3372/6 2843/3371/6 2838/3370/6
f 2828/3362/532 2840/3375/532 2837/3376/532
f 2840/3375/5 2841/3368/5 2836/3367/5
f 2832/3366/2 2841/3368/2 2842/3372/2
f 2840/3375/2 2843/3371/2 2842/3372/2
f 2830/3363/4 2837/3376/4 2838/3370/4
f 2836/3367/4 2839/3374/4 2838/3370/4
f 2846/3379/1 2847/3377/1 2845/3385/1
f 2850/3381/4 2851/3389/4 2855/3390/4
f 2848/3382/15 2849/3380/15 2851/3389/15
f 2844/3378/2 2845/3385/2 2859/3387/2
f 2857/3384/531 2848/3382/546 2850/3381/531
f 2859/3387/6 2845/3385/6 2847/3377/6
f 2849/3380/6 2858/3388/6 2855/3390/6
f 2858/3388/6 2859/3387/6 2854/3386/6
f 2844/3378/532 2856/3391/532 2853/3392/532
f 2856/3391/5 2857/3384/5 2852/3383/5
f 2848/3382/2 2857/3384/2 2858/3388/2
f 2856/3391/2 2859/3387/2 2858/3388/2
f 2846/3379/4 2853/3392/4 2854/3386/4
f 2852/3383/4 2855/3390/4 2854/3386/4
f 2861/3437/540 2863/3440/540 2862/3438/540
f 2863/3440/541 2865/3445/541 2864/3441/541
f 2864/3441/4 2865/3445/4 2867/3442/4
f 2867/3442/542 2869/3446/542 2868/3444/542
f 2865/3445/15 2863/3440/15 2861/3437/15
f 2861/3437/15 2871/3448/15 2869/3446/15
f 2869/3446/15 2867/3442/15 2861/3437/15
f 2869/3446/543 2871/3448/543 2870/3447/543
f 2871/3448/2 2861/3437/2 2860/3439/2
f 2870/3447/1 2860/3439/1 2862/3438/1
f 2862/3438/1 2864/3441/1 2870/3447/1
f 2866/3443/1 2868/3444/1 2870/3447/1
f 2873/3449/540 2875/3462/540 2874/3450/540
f 2874/3450/541 2875/3462/541 2877/3452/541
f 2877/3452/4 2879/3457/4 2878/3454/4
f 2878/3454/542 2879/3457/542 2881/3455/542
f 2877/3452/15 2875/3462/15 2873/3449/15
f 2873/3449/15 2883/3459/15 2881/3455/15
f 2881/3455/15 2879/3457/15 2873/3449/15
f 2881/3455/543 2883/3459/543 2882/3458/543
f 2883/3459/2 2873/3449/2 2872/3451/2
f 2882/3458/1 2872/3451/1 2874/3450/1
f 2874/3450/1 2876/3453/1 2878/3454/1
f 2878/3454/1 2880/3456/1 2874/3450/1
f 3001/3463/547 2894/3464/47 3002/3465/47
f 3002/3465/47 2895/3466/548 3003/3467/548
f 2889/3468/549 2900/3469/184 2888/3470/184
f 2998/3471/550 2895/3466/548 2890/3472/550
f 2884/3473/551 2897/3474/267 2896/3475/551
f 2888/3470/184 2899/3476/552 2887/3477/553
f 2901/3478/541 2912/3479/541 2900/3469/541
f 2893/3480/542 2906/3481/542 2894/3464/542
f 2897/3474/542 2908/3482/542 2896/3475/542
f 2900/3469/540 2911/3483/540 2899/3476/540
f 2892/3484/4 2905/3485/4 2893/3480/4
f 2895/3466/2 2902/3486/2 2890/3472/2
f 2885/3487/267 2898/3488/554 2897/3474/267
f 2999/3489/180 2890/3472/550 2891/3490/180
f 3000/3491/555 2893/3480/547 3001/3463/547
f 2889/3468/549 2896/3475/551 2901/3478/549
f 3000/3491/555 2891/3490/180 2892/3484/555
f 2887/3477/553 2898/3488/554 2886/3492/554
f 2913/3493/549 2924/3494/184 2912/3479/184
f 2905/3485/547 2918/3495/47 2906/3481/47
f 2908/3482/551 2921/3496/181 2920/3497/551
f 2912/3479/184 2923/3498/552 2911/3483/552
f 2904/3499/555 2917/3500/547 2905/3485/547
f 2902/3486/550 2919/3501/548 2914/3502/550
f 2891/3490/540 2902/3486/540 2903/3503/540
f 2898/3488/543 2909/3504/543 2897/3474/543
f 2894/3464/543 2907/3505/543 2895/3466/543
f 2896/3475/4 2913/3493/4 2901/3478/4
f 2892/3484/541 2903/3503/541 2904/3499/541
f 2899/3476/2 2910/3506/2 2898/3488/2
f 2917/3500/542 2930/3507/542 2918/3495/542
f 2921/3496/542 2932/3508/542 2920/3497/542
f 2924/3494/540 2935/3509/540 2923/3498/540
f 2916/3510/4 2929/3511/4 2917/3500/4
f 2919/3501/2 2926/3512/2 2914/3502/2
f 2923/3498/2 2934/3513/2 2922/3514/2
f 2903/3503/180 2914/3502/550 2915/3515/180
f 2909/3504/181 2922/3514/554 2921/3496/181
f 2906/3481/47 2919/3501/548 2907/3505/548
f 2913/3493/549 2920/3497/551 2925/3516/549
f 2904/3499/555 2915/3515/180 2916/3510/555
f 2911/3483/552 2922/3514/554 2910/3506/554
f 2933/3517/556 2944/3518/557 2932/3508/557
f 2935/3509/558 2948/3519/185 2947/3520/558
f 2929/3511/559 2940/3521/560 2941/3522/559
f 2931/3523/327 2938/3524/561 2926/3512/561
f 2934/3513/562 2947/3520/558 2946/3525/562
f 2927/3526/168 2940/3521/560 2928/3527/560
f 2925/3516/541 2936/3528/541 2924/3494/541
f 2915/3515/540 2926/3512/540 2927/3526/540
f 2922/3514/543 2933/3517/543 2921/3496/543
f 2918/3495/543 2931/3523/543 2919/3501/543
f 2920/3497/4 2937/3529/4 2925/3516/4
f 2915/3515/541 2928/3527/541 2916/3510/541
f 2947/3520/540 2960/3530/540 2959/3531/540
f 2940/3521/4 2953/3532/4 2941/3522/4
f 2938/3524/2 2955/3533/2 2950/3534/2
f 2947/3520/2 2958/3535/2 2946/3525/2
f 2939/3536/541 2952/3537/541 2940/3521/541
f 2944/3518/4 2961/3538/4 2949/3539/4
f 2930/3507/182 2941/3522/559 2942/3540/182
f 2936/3528/185 2949/3539/563 2948/3519/185
f 2926/3512/561 2939/3536/168 2927/3526/168
f 2934/3513/562 2945/3541/556 2933/3517/556
f 2931/3523/327 2942/3540/182 2943/3542/327
f 2932/3508/557 2949/3539/563 2937/3529/563
f 2952/3537/555 2965/3543/547 2953/3532/547
f 2950/3534/550 2967/3544/548 2962/3545/550
f 2959/3531/564 2970/3546/554 2958/3535/554
f 2952/3537/555 2963/3547/180 2964/3548/555
f 2961/3538/549 2968/3549/551 2973/3550/549
f 2954/3551/47 2967/3544/548 2955/3533/548
f 2945/3541/542 2956/3552/542 2944/3518/542
f 2941/3522/542 2954/3551/542 2942/3540/542
f 2949/3539/541 2960/3530/541 2948/3519/541
f 2938/3524/540 2951/3553/540 2939/3536/540
f 2946/3525/543 2957/3554/543 2945/3541/543
f 2942/3540/543 2955/3533/543 2943/3542/543
f 2964/3548/4 2977/3555/4 2965/3543/4
f 2967/3544/2 2974/3556/2 2962/3545/2
f 2970/3546/2 2983/3557/2 2982/3558/2
f 2964/3548/541 2975/3559/541 2976/3560/541
f 2968/3549/4 2985/3561/4 2973/3550/4
f 2966/3562/543 2979/3563/543 2967/3544/543
f 2960/3530/167 2971/3564/564 2959/3531/564
f 2956/3552/551 2969/3565/267 2968/3549/551
f 2953/3532/547 2966/3562/47 2954/3551/47
f 2961/3538/549 2972/3566/167 2960/3530/167
f 2951/3553/180 2962/3545/550 2963/3547/180
f 2957/3554/267 2970/3546/554 2969/3565/267
f 2979/3563/565 2986/3567/217 2974/3556/217
f 2982/3558/562 2995/3568/566 2994/3569/562
f 2975/3559/168 2988/3570/252 2976/3560/252
f 2980/3571/557 2997/3572/563 2985/3561/563
f 2979/3563/565 2990/3573/172 2991/3574/565
f 2982/3558/562 2993/3575/556 2981/3576/556
f 2972/3566/540 2983/3557/540 2971/3564/540
f 2969/3565/542 2980/3571/542 2968/3549/542
f 2965/3543/542 2978/3577/542 2966/3562/542
f 2973/3550/541 2984/3578/541 2972/3566/541
f 2962/3545/540 2975/3559/540 2963/3547/540
f 2969/3565/543 2982/3558/543 2981/3576/543
f 2977/3555/567 2988/3570/252 2989/3579/567
f 2983/3557/558 2996/3580/185 2995/3568/566
f 2981/3576/556 2992/3581/557 2980/3571/557
f 2978/3577/172 2989/3579/567 2990/3573/172
f 2984/3578/185 2997/3572/563 2996/3580/185
f 2974/3556/217 2987/3582/168 2975/3559/168
f 3001/3463/547 2893/3480/547 2894/3464/47
f 3002/3465/47 2894/3464/47 2895/3466/548
f 2889/3468/549 2901/3478/549 2900/3469/184
f 2998/3471/550 3003/3467/548 2895/3466/548
f 2884/3473/551 2885/3487/267 2897/3474/267
f 2888/3470/184 2900/3469/184 2899/3476/552
f 2901/3478/541 2913/3493/541 2912/3479/541
f 2893/3480/542 2905/3485/542 2906/3481/542
f 2897/3474/542 2909/3504/542 2908/3482/542
f 2900/3469/540 2912/3479/540 2911/3483/540
f 2892/3484/4 2904/3499/4 2905/3485/4
f 2895/3466/2 2907/3505/2 2902/3486/2
f 2885/3487/267 2886/3492/554 2898/3488/554
f 2999/3489/180 2998/3471/550 2890/3472/550
f 3000/3491/555 2892/3484/555 2893/3480/547
f 2889/3468/549 2884/3473/551 2896/3475/551
f 3000/3491/555 2999/3489/180 2891/3490/180
f 2887/3477/553 2899/3476/552 2898/3488/554
f 2913/3493/549 2925/3516/549 2924/3494/184
f 2905/3485/547 2917/3500/547 2918/3495/47
f 2908/3482/551 2909/3504/181 2921/3496/181
f 2912/3479/184 2924/3494/184 2923/3498/552
f 2904/3499/555 2916/3510/555 2917/3500/547
f 2902/3486/550 2907/3505/548 2919/3501/548
f 2891/3490/540 2890/3472/540 2902/3486/540
f 2898/3488/543 2910/3506/543 2909/3504/543
f 2894/3464/543 2906/3481/543 2907/3505/543
f 2896/3475/4 2908/3482/4 2913/3493/4
f 2892/3484/541 2891/3490/541 2903/3503/541
f 2899/3476/2 2911/3483/2 2910/3506/2
f 2917/3500/542 2929/3511/542 2930/3507/542
f 2921/3496/542 2933/3517/542 2932/3508/542
f 2924/3494/540 2936/3528/540 2935/3509/540
f 2916/3510/4 2928/3527/4 2929/3511/4
f 2919/3501/2 2931/3523/2 2926/3512/2
f 2923/3498/2 2935/3509/2 2934/3513/2
f 2903/3503/180 2902/3486/550 2914/3502/550
f 2909/3504/181 2910/3506/554 2922/3514/554
f 2906/3481/47 2918/3495/47 2919/3501/548
f 2913/3493/549 2908/3482/551 2920/3497/551
f 2904/3499/555 2903/3503/180 2915/3515/180
f 2911/3483/552 2923/3498/552 2922/3514/554
f 2933/3517/556 2945/3541/556 2944/3518/557
f 2935/3509/558 2936/3528/185 2948/3519/185
f 2929/3511/559 2928/3527/560 2940/3521/560
f 2931/3523/327 2943/3542/327 2938/3524/561
f 2934/3513/562 2935/3509/558 2947/3520/558
f 2927/3526/168 2939/3536/168 2940/3521/560
f 2925/3516/541 2937/3529/541 2936/3528/541
f 2915/3515/540 2914/3502/540 2926/3512/540
f 2922/3514/543 2934/3513/543 2933/3517/543
f 2918/3495/543 2930/3507/543 2931/3523/543
f 2920/3497/4 2932/3508/4 2937/3529/4
f 2915/3515/541 2927/3526/541 2928/3527/541
f 2947/3520/540 2948/3519/540 2960/3530/540
f 2940/3521/4 2952/3537/4 2953/3532/4
f 2938/3524/2 2943/3542/2 2955/3533/2
f 2947/3520/2 2959/3531/2 2958/3535/2
f 2939/3536/541 2951/3553/541 2952/3537/541
f 2944/3518/4 2956/3552/4 2961/3538/4
f 2930/3507/182 2929/3511/559 2941/3522/559
f 2936/3528/185 2937/3529/563 2949/3539/563
f 2926/3512/561 2938/3524/561 2939/3536/168
f 2934/3513/562 2946/3525/562 2945/3541/556
f 2931/3523/327 2930/3507/182 2942/3540/182
f 2932/3508/557 2944/3518/557 2949/3539/563
f 2952/3537/555 2964/3548/555 2965/3543/547
f 2950/3534/550 2955/3533/548 2967/3544/548
f 2959/3531/564 2971/3564/564 2970/3546/554
f 2952/3537/555 2951/3553/180 2963/3547/180
f 2961/3538/549 2956/3552/551 2968/3549/551
f 2954/3551/47 2966/3562/47 2967/3544/548
f 2945/3541/542 2957/3554/542 2956/3552/542
f 2941/3522/542 2953/3532/542 2954/3551/542
f 2949/3539/541 2961/3538/541 2960/3530/541
f 2938/3524/540 2950/3534/540 2951/3553/540
f 2946/3525/543 2958/3535/543 2957/3554/543
f 2942/3540/543 2954/3551/543 2955/3533/543
f 2964/3548/4 2976/3560/4 2977/3555/4
f 2967/3544/2 2979/3563/2 2974/3556/2
f 2970/3546/2 2971/3564/2 2983/3557/2
f 2964/3548/541 2963/3547/541 2975/3559/541
f 2968/3549/4 2980/3571/4 2985/3561/4
f 2966/3562/543 2978/3577/543 2979/3563/543
f 2960/3530/167 2972/3566/167 2971/3564/564
f 2956/3552/551 2957/3554/267 2969/3565/267
f 2953/3532/547 2965/3543/547 2966/3562/47
f 2961/3538/549 2973/3550/549 2972/3566/167
f 2951/3553/180 2950/3534/550 2962/3545/550
f 2957/3554/267 2958/3535/554 2970/3546/554
f 2979/3563/565 2991/3574/565 2986/3567/217
f 2982/3558/562 2983/3557/558 2995/3568/566
f 2975/3559/168 2987/3582/168 2988/3570/252
f 2980/3571/557 2992/3581/557 2997/3572/563
f 2979/3563/565 2978/3577/172 2990/3573/172
f 2982/3558/562 2994/3569/562 2993/3575/556
f 2972/3566/540 2984/3578/540 2983/3557/540
f 2969/3565/542 2981/3576/542 2980/3571/542
f 2965/3543/542 2977/3555/542 2978/3577/542
f 2973/3550/541 2985/3561/541 2984/3578/541
f 2962/3545/540 2974/3556/540 2975/3559/540
f 2969/3565/543 2970/3546/543 2982/3558/543
f 2977/3555/567 2976/3560/252 2988/3570/252
f 2983/3557/558 2984/3578/185 2996/3580/185
f 2981/3576/556 2993/3575/556 2992/3581/557
f 2978/3577/172 2977/3555/567 2989/3579/567
f 2984/3578/185 2985/3561/563 2997/3572/563
f 2974/3556/217 2986/3567/217 2987/3582/168
f 2990/3573/543 3009/3583/543 2991/3574/543
f 2989/3579/4 3006/3584/4 3007/3585/4
f 2986/3567/540 3005/3586/540 2987/3582/540
f 2991/3574/2 3004/3587/2 2986/3567/2
f 2989/3579/542 3008/3588/542 2990/3573/542
f 2987/3582/541 3006/3584/541 2988/3570/541
f 3009/3583/1 3010/3589/1 3004/3587/1
f 3007/3585/1 3014/3590/1 3008/3588/1
f 3006/3584/1 3011/3591/1 3012/3592/1
f 3009/3583/1 3014/3590/1 3015/3593/1
f 3006/3584/1 3013/3594/1 3007/3585/1
f 3004/3587/1 3011/3591/1 3005/3586/1
f 3079/3595/543 3084/3596/543 3021/3597/543
f 3067/3598/4 3059/3599/4 3019/3600/4
f 3010/3589/540 3016/3601/540 3080/3602/540
f 3056/3603/2 3052/3604/2 3016/3601/2
f 3013/3594/542 3019/3600/542 3087/3605/542
f 3086/3606/541 3071/3607/541 3018/3608/541
f 3020/3609/15 3025/3610/15 3026/3611/15
f 3017/3612/15 3024/3613/15 3018/3608/15
f 3020/3609/15 3027/3614/15 3021/3597/15
f 3018/3608/15 3025/3610/15 3019/3600/15
f 3017/3612/15 3022/3615/15 3023/3616/15
f 3021/3597/15 3022/3615/15 3016/3601/15
f 3025/3610/2 3066/3617/2 3031/3618/2
f 3022/3615/542 3078/3619/542 3082/3620/542
f 3022/3615/4 3057/3621/4 3028/3622/4
f 3025/3610/540 3089/3623/540 3073/3624/540
f 3024/3613/543 3088/3625/543 3030/3626/543
f 3027/3614/541 3081/3627/541 3033/3628/541
f 3029/3629/15 3036/3630/15 3030/3626/15
f 3032/3631/15 3039/3632/15 3033/3628/15
f 3031/3618/15 3036/3630/15 3037/3633/15
f 3029/3629/15 3034/3634/15 3035/3635/15
f 3033/3628/15 3034/3634/15 3028/3622/15
f 3032/3631/15 3037/3633/15 3038/3636/15
f 3034/3634/542 3041/3637/542 3035/3635/542
f 3034/3634/4 3045/3638/4 3040/3639/4
f 3037/3633/540 3044/3640/540 3038/3636/540
f 3036/3630/543 3041/3637/543 3042/3641/543
f 3038/3636/541 3045/3638/541 3039/3632/541
f 3036/3630/2 3043/3642/2 3037/3633/2
f 3050/3643/2 3024/3613/2 3054/3644/2
f 3049/3645/568 3060/3646/568 3048/3647/568
f 3046/3648/568 3059/3599/568 3058/3649/568
f 3061/3650/5 3068/3651/5 3060/3646/5
f 3059/3599/5 3066/3617/5 3058/3649/5
f 3053/3652/569 3048/3647/569 3052/3604/569
f 3051/3653/569 3046/3648/569 3050/3643/569
f 3021/3597/2 3068/3651/2 3015/3593/2
f 3055/3654/4 3012/3592/4 3018/3608/4
f 3077/3655/570 3079/3595/570 3076/3656/570
f 3074/3657/570 3080/3602/570 3078/3619/570
f 3054/3644/571 3063/3658/571 3055/3654/571
f 3056/3603/571 3065/3659/571 3057/3621/571
f 3082/3620/4 3080/3602/4 3083/3660/4
f 3084/3596/4 3081/3627/4 3085/3661/4
f 3069/3662/4 3061/3650/4 3027/3614/4
f 3088/3625/2 3071/3607/2 3086/3606/2
f 3087/3605/2 3073/3624/2 3089/3623/2
f 3063/3658/572 3066/3617/572 3067/3598/572
f 3065/3659/572 3068/3651/572 3069/3662/572
f 3090/3663/573 3083/3660/573 3091/3664/573
f 3093/3665/573 3084/3596/573 3085/3661/573
f 3056/3603/6 3053/3652/6 3052/3604/6
f 3054/3644/6 3051/3653/6 3050/3643/6
f 2990/3573/543 3008/3588/543 3009/3583/543
f 2989/3579/4 2988/3570/4 3006/3584/4
f 2986/3567/540 3004/3587/540 3005/3586/540
f 2991/3574/2 3009/3583/2 3004/3587/2
f 2989/3579/542 3007/3585/542 3008/3588/542
f 2987/3582/541 3005/3586/541 3006/3584/541
f 3009/3583/1 3015/3593/1 3010/3589/1
f 3007/3585/1 3013/3594/1 3014/3590/1
f 3006/3584/1 3005/3586/1 3011/3591/1
f 3009/3583/1 3008/3588/1 3014/3590/1
f 3006/3584/1 3012/3592/1 3013/3594/1
f 3004/3587/1 3010/3589/1 3011/3591/1
f 3014/3590/543 3076/3656/543 3079/3595/543
f 3084/3596/543 3092/3666/543 3020/3609/543
f 3015/3593/543 3014/3590/543 3079/3595/543
f 3084/3596/543 3020/3609/543 3021/3597/543
f 3015/3593/543 3079/3595/543 3021/3597/543
f 3013/3594/4 3063/3658/4 3067/3598/4
f 3059/3599/4 3047/3667/4 3019/3600/4
f 3013/3594/4 3067/3598/4 3019/3600/4
f 3017/3612/540 3091/3664/540 3083/3660/540
f 3080/3602/540 3075/3668/540 3011/3591/540
f 3016/3601/540 3017/3612/540 3083/3660/540
f 3080/3602/540 3011/3591/540 3010/3589/540
f 3016/3601/540 3083/3660/540 3080/3602/540
f 3010/3589/2 3015/3593/2 3064/3669/2
f 3010/3589/2 3064/3669/2 3056/3603/2
f 3048/3647/2 3021/3597/2 3016/3601/2
f 3010/3589/2 3056/3603/2 3016/3601/2
f 3052/3604/2 3048/3647/2 3016/3601/2
f 3076/3656/574 3014/3590/542 3087/3605/542
f 3019/3600/542 3020/3609/542 3072/3670/542
f 3020/3609/542 3092/3666/575 3072/3670/542
f 3087/3605/542 3014/3590/542 3013/3594/542
f 3019/3600/542 3072/3670/542 3087/3605/542
f 3012/3592/541 3011/3591/541 3086/3606/541
f 3011/3591/541 3075/3668/576 3086/3606/541
f 3091/3664/577 3017/3612/541 3071/3607/541
f 3012/3592/541 3086/3606/541 3018/3608/541
f 3071/3607/541 3017/3612/541 3018/3608/541
f 3020/3609/15 3019/3600/15 3025/3610/15
f 3017/3612/15 3023/3616/15 3024/3613/15
f 3020/3609/15 3026/3611/15 3027/3614/15
f 3018/3608/15 3024/3613/15 3025/3610/15
f 3017/3612/15 3016/3601/15 3022/3615/15
f 3021/3597/15 3027/3614/15 3022/3615/15
f 3025/3610/2 3046/3648/2 3058/3649/2
f 3066/3617/2 3062/3671/2 3031/3618/2
f 3025/3610/2 3058/3649/2 3066/3617/2
f 3029/3629/542 3074/3657/542 3078/3619/542
f 3082/3620/542 3090/3663/542 3023/3616/542
f 3028/3622/542 3029/3629/542 3078/3619/542
f 3082/3620/542 3023/3616/542 3022/3615/542
f 3028/3622/542 3078/3619/542 3022/3615/542
f 3022/3615/4 3027/3614/4 3049/3645/4
f 3022/3615/4 3049/3645/4 3053/3652/4
f 3065/3659/4 3033/3628/4 3028/3622/4
f 3022/3615/4 3053/3652/4 3057/3621/4
f 3057/3621/4 3065/3659/4 3028/3622/4
f 3093/3665/578 3026/3611/540 3073/3624/540
f 3031/3618/540 3032/3631/540 3089/3623/540
f 3032/3631/540 3077/3655/579 3089/3623/540
f 3073/3624/540 3026/3611/540 3025/3610/540
f 3031/3618/540 3089/3623/540 3025/3610/540
f 3024/3613/543 3023/3616/543 3070/3672/543
f 3023/3616/543 3090/3663/580 3070/3672/543
f 3074/3657/581 3029/3629/543 3088/3625/543
f 3024/3613/543 3070/3672/543 3088/3625/543
f 3088/3625/543 3029/3629/543 3030/3626/543
f 3026/3611/541 3093/3665/541 3085/3661/541
f 3081/3627/541 3077/3655/541 3032/3631/541
f 3027/3614/541 3026/3611/541 3085/3661/541
f 3081/3627/541 3032/3631/541 3033/3628/541
f 3027/3614/541 3085/3661/541 3081/3627/541
f 3029/3629/15 3035/3635/15 3036/3630/15
f 3032/3631/15 3038/3636/15 3039/3632/15
f 3031/3618/15 3030/3626/15 3036/3630/15
f 3029/3629/15 3028/3622/15 3034/3634/15
f 3033/3628/15 3039/3632/15 3034/3634/15
f 3032/3631/15 3031/3618/15 3037/3633/15
f 3034/3634/542 3040/3639/542 3041/3637/542
f 3034/3634/4 3039/3632/4 3045/3638/4
f 3037/3633/540 3043/3642/540 3044/3640/540
f 3036/3630/543 3035/3635/543 3041/3637/543
f 3038/3636/541 3044/3640/541 3045/3638/541
f 3036/3630/2 3042/3641/2 3043/3642/2
f 3030/3626/2 3031/3618/2 3062/3671/2
f 3030/3626/2 3062/3671/2 3054/3644/2
f 3046/3648/2 3025/3610/2 3024/3613/2
f 3030/3626/2 3054/3644/2 3024/3613/2
f 3050/3643/2 3046/3648/2 3024/3613/2
f 3049/3645/568 3061/3650/568 3060/3646/568
f 3046/3648/568 3047/3667/568 3059/3599/568
f 3061/3650/5 3069/3662/5 3068/3651/5
f 3059/3599/5 3067/3598/5 3066/3617/5
f 3053/3652/569 3049/3645/569 3048/3647/569
f 3051/3653/569 3047/3667/569 3046/3648/569
f 3021/3597/2 3048/3647/2 3060/3646/2
f 3068/3651/2 3064/3669/2 3015/3593/2
f 3021/3597/2 3060/3646/2 3068/3651/2
f 3018/3608/4 3019/3600/4 3047/3667/4
f 3018/3608/4 3047/3667/4 3051/3653/4
f 3063/3658/4 3013/3594/4 3012/3592/4
f 3018/3608/4 3051/3653/4 3055/3654/4
f 3055/3654/4 3063/3658/4 3012/3592/4
f 3077/3655/570 3081/3627/570 3079/3595/570
f 3074/3657/570 3075/3668/570 3080/3602/570
f 3091/3664/582 3071/3607/582 3090/3663/582
f 3071/3607/582 3070/3672/582 3090/3663/582
f 3093/3665/582 3073/3624/582 3072/3670/582
f 3072/3670/582 3092/3666/582 3093/3665/582
f 3054/3644/571 3062/3671/571 3063/3658/571
f 3056/3603/571 3064/3669/571 3065/3659/571
f 3082/3620/4 3078/3619/4 3080/3602/4
f 3084/3596/4 3079/3595/4 3081/3627/4
f 3033/3628/4 3065/3659/4 3069/3662/4
f 3061/3650/4 3049/3645/4 3027/3614/4
f 3033/3628/4 3069/3662/4 3027/3614/4
f 3088/3625/2 3070/3672/2 3071/3607/2
f 3087/3605/2 3072/3670/2 3073/3624/2
f 3076/3656/583 3087/3605/583 3077/3655/583
f 3087/3605/583 3089/3623/583 3077/3655/583
f 3074/3657/583 3088/3625/583 3086/3606/583
f 3086/3606/583 3075/3668/583 3074/3657/583
f 3063/3658/572 3062/3671/572 3066/3617/572
f 3065/3659/572 3064/3669/572 3068/3651/572
f 3090/3663/573 3082/3620/573 3083/3660/573
f 3093/3665/573 3092/3666/573 3084/3596/573
f 3056/3603/6 3057/3621/6 3053/3652/6
f 3054/3644/6 3055/3654/6 3051/3653/6
f 3548/3673/584 3549/3674/584 3547/3675/584
f 3550/3676/15 3551/3677/15 3549/3674/15
f 3552/3678/585 3553/3679/585 3551/3677/585
f 3554/3680/586 3555/3681/586 3553/3679/586
f 3548/3673/4 3556/3682/4 3552/3678/4
f 3555/3681/1 3558/3683/1 3557/3684/1
f 3557/3684/587 3548/3673/587 3547/3675/587
f 3555/3681/2 3557/3684/2 3549/3674/2
f 3560/3685/588 3561/3686/588 3559/3687/588
f 3561/3686/589 3564/3688/589 3563/3689/589
f 3563/3689/590 3566/3690/590 3565/3691/590
f 3565/3691/591 3568/3692/591 3567/3693/591
f 3567/3693/592 3570/3694/592 3569/3695/592
f 3560/3685/5 3582/3696/5 3575/3697/5
f 3580/3698/5 3572/3699/5 3570/3694/5
f 3574/3700/593 3559/3687/593 3573/3701/593
f 3563/3689/594 3584/3702/595 3561/3686/595
f 3580/3698/589 3589/3703/589 3581/3704/589
f 3560/3685/5 3576/3705/5 3562/3706/5
f 3564/3688/5 3578/3707/5 3566/3690/5
f 3568/3692/5 3578/3707/5 3579/3708/5
f 3574/3700/596 3571/3709/596 3572/3699/596
f 3564/3688/5 3576/3705/5 3577/3710/5
f 3568/3692/5 3580/3698/5 3570/3694/5
f 3559/3687/162 3584/3702/595 3583/3711/162
f 3579/3708/588 3588/3712/588 3580/3698/588
f 3577/3710/597 3586/3713/597 3578/3707/597
f 3576/3705/598 3583/3711/598 3584/3702/598
f 3582/3696/591 3583/3711/591 3575/3697/591
f 3579/3708/599 3586/3713/599 3587/3714/599
f 3576/3705/600 3585/3715/600 3577/3710/600
f 3563/3689/594 3586/3713/601 3585/3715/594
f 3565/3691/601 3587/3714/163 3586/3713/601
f 3567/3693/163 3588/3712/163 3587/3714/163
f 3571/3709/602 3588/3712/163 3569/3695/6
f 3559/3687/162 3590/3716/162 3573/3701/6
f 3572/3699/5 3582/3696/5 3574/3700/5
f 3570/3694/603 3571/3709/603 3569/3695/603
f 3590/3716/590 3581/3704/590 3589/3703/590
f 3571/3709/602 3590/3716/162 3589/3703/602
f 3592/3717/7 3593/3718/7 3591/3719/7
f 3594/3720/8 3595/3721/8 3593/3718/8
f 3596/3722/9 3597/3723/9 3595/3721/9
f 3598/3724/10 3599/3725/10 3597/3723/10
f 3600/3726/604 3601/3727/604 3599/3725/604
f 3592/3717/1 3614/3728/1 3607/3729/1
f 3612/3730/1 3604/3731/1 3602/3732/1
f 3605/3733/605 3592/3717/605 3591/3719/605
f 3595/3721/172 3616/3734/565 3593/3718/565
f 3612/3730/8 3621/3735/8 3613/3736/8
f 3594/3720/1 3607/3729/1 3608/3737/1
f 3596/3722/1 3610/3738/1 3598/3724/1
f 3598/3724/1 3611/3739/1 3600/3726/1
f 3606/3740/606 3603/3741/606 3604/3731/606
f 3596/3722/1 3608/3737/1 3609/3742/1
f 3600/3726/1 3612/3730/1 3602/3732/1
f 3593/3718/565 3615/3743/607 3591/3719/607
f 3611/3739/7 3620/3744/7 3612/3730/7
f 3609/3742/13 3618/3745/13 3610/3738/13
f 3607/3729/11 3616/3734/11 3608/3737/11
f 3614/3728/10 3615/3743/10 3607/3729/10
f 3610/3738/14 3619/3746/14 3611/3739/14
f 3608/3737/12 3617/3747/12 3609/3742/12
f 3595/3721/172 3618/3745/567 3617/3747/172
f 3599/3725/46 3618/3745/567 3597/3723/567
f 3599/3725/46 3620/3744/46 3619/3746/46
f 3603/3741/175 3620/3744/46 3601/3727/15
f 3591/3719/607 3622/3748/607 3605/3733/15
f 3604/3731/1 3614/3728/1 3606/3740/1
f 3601/3727/608 3604/3731/608 3603/3741/608
f 3614/3728/9 3621/3735/9 3622/3748/9
f 3603/3741/175 3622/3748/607 3621/3735/175
f 3632/3749/609 3626/3750/609 3628/3751/609
f 3628/3751/610 3625/3752/610 3627/3753/610
f 3630/3754/611 3624/3755/611 3623/3756/612
f 3627/3753/613 3623/3756/613 3624/3755/613
f 3631/3757/2 3628/3751/2 3627/3753/2
f 3632/3749/614 3630/3754/614 3629/3758/614
f 3626/3750/4 3629/3758/4 3630/3754/4
f 3633/3759/1 3636/3760/1 3635/3761/1
f 3641/3762/2 3640/3763/2 3639/3764/2
f 3639/3764/15 3638/3765/15 3637/3766/15
f 3645/3767/4 3634/3768/4 3633/3759/4
f 3639/3764/5 3646/3769/5 3641/3762/5
f 3636/3760/615 3648/3770/615 3643/3771/615
f 3640/3763/616 3647/3772/616 3638/3765/616
f 3643/3771/6 3647/3772/6 3644/3773/6
f 3642/3774/5 3633/3759/5 3635/3761/5
f 3641/3762/5 3645/3767/5 3642/3774/5
f 3638/3765/4 3646/3769/4 3637/3766/4
f 3646/3769/4 3648/3770/4 3645/3767/4
f 3636/3760/2 3642/3774/2 3635/3761/2
f 3643/3771/2 3641/3762/2 3642/3774/2
f 3649/3775/1 3652/3776/1 3650/3777/1
f 3657/3778/4 3656/3779/4 3660/3780/4
f 3653/3781/15 3656/3779/15 3655/3782/15
f 3661/3783/2 3650/3777/2 3664/3784/2
f 3662/3785/5 3655/3782/5 3657/3778/5
f 3664/3784/615 3652/3776/615 3659/3786/615
f 3654/3787/616 3660/3780/616 3656/3779/616
f 3663/3788/6 3659/3786/6 3660/3780/6
f 3649/3775/5 3658/3789/5 3651/3790/5
f 3661/3783/5 3657/3778/5 3658/3789/5
f 3662/3785/2 3654/3787/2 3653/3781/2
f 3661/3783/2 3663/3788/2 3662/3785/2
f 3658/3789/4 3652/3776/4 3651/3790/4
f 3657/3778/4 3659/3786/4 3658/3789/4
f 3670/3791/6 3710/3792/6 3713/3793/6
f 3684/3794/4 3681/3795/4 3667/3796/4
f 3685/3797/4 3679/3798/4 3676/3799/4
f 3691/3800/4 3668/3801/4 3670/3791/4
f 3706/3802/15 3671/3803/15 3712/3804/15
f 3710/3792/15 3668/3801/15 3709/3805/15
f 3704/3806/6 3678/3807/6 3680/3808/6
f 3671/3803/4 3673/3809/4 3670/3791/4
f 3671/3803/289 3713/3793/289 3712/3804/289
f 3708/3810/6 3674/3811/6 3711/3812/6
f 3733/3813/1 3675/3814/1 3708/3810/1
f 3687/3815/4 3675/3814/4 3688/3816/4
f 3740/3817/5 3668/3801/5 3691/3800/5
f 3705/3818/5 3665/3819/5 3676/3799/5
f 3687/3815/15 3711/3812/15 3674/3811/15
f 3678/3807/617 3679/3798/617 3680/3808/617
f 3676/3799/618 3678/3807/619 3677/3820/620
f 3678/3807/621 3703/3821/621 3677/3820/621
f 3682/3822/6 3727/3823/6 3683/3824/6
f 3681/3795/1 3730/3825/1 3686/3826/1
f 3684/3794/5 3729/3827/5 3728/3828/5
f 3684/3794/5 3725/3829/5 3681/3795/5
f 3686/3826/1 3726/3830/1 3682/3822/1
f 3683/3824/15 3729/3827/15 3685/3797/15
f 3706/3802/15 3687/3815/15 3666/3831/15
f 3666/3831/4 3688/3816/4 3667/3796/4
f 3667/3796/5 3736/3832/5 3707/3833/5
f 3736/3832/1 3690/3834/1 3738/3835/1
f 3688/3816/4 3689/3836/4 3667/3796/4
f 3733/3813/6 3690/3834/6 3688/3816/6
f 3705/3818/622 3691/3800/622 3665/3819/622
f 3713/3793/6 3696/3837/6 3697/3838/6
f 3694/3839/2 3693/3840/2 3719/3841/2
f 3714/3842/2 3721/3843/2 3720/3844/2
f 3739/3845/2 3692/3846/2 3700/3847/2
f 3712/3804/15 3693/3840/15 3706/3802/15
f 3709/3805/15 3696/3837/15 3710/3792/15
f 3718/3848/6 3716/3849/6 3704/3806/6
f 3700/3847/2 3698/3850/2 3697/3838/2
f 3713/3793/289 3698/3850/289 3712/3804/289
f 3701/3851/6 3708/3810/6 3711/3812/6
f 3708/3810/1 3732/3852/1 3733/3813/1
f 3702/3853/2 3731/3854/2 3732/3852/2
f 3695/3855/5 3740/3817/5 3739/3845/5
f 3714/3842/5 3692/3846/5 3705/3818/5
f 3731/3854/15 3711/3812/15 3734/3856/15
f 3716/3849/623 3718/3848/623 3717/3857/623
f 3714/3842/624 3716/3849/625 3717/3857/626
f 3703/3821/627 3716/3849/627 3715/3858/627
f 3727/3823/6 3720/3844/6 3721/3843/6
f 3724/3859/1 3725/3829/1 3719/3841/1
f 3722/3860/5 3729/3827/5 3723/3861/5
f 3719/3841/5 3728/3828/5 3722/3860/5
f 3726/3830/1 3724/3859/1 3720/3844/1
f 3729/3827/15 3721/3843/15 3723/3861/15
f 3693/3840/15 3734/3856/15 3706/3802/15
f 3732/3852/2 3693/3840/2 3694/3839/2
f 3736/3832/5 3694/3839/5 3707/3833/5
f 3738/3835/1 3735/3862/1 3736/3832/1
f 3735/3862/2 3732/3852/2 3694/3839/2
f 3737/3863/6 3733/3813/6 3732/3852/6
f 3739/3845/622 3705/3818/622 3692/3846/622
f 3548/3673/584 3550/3676/584 3549/3674/584
f 3550/3676/15 3552/3678/15 3551/3677/15
f 3552/3678/585 3554/3680/585 3553/3679/585
f 3554/3680/586 3556/3682/586 3555/3681/586
f 3552/3678/4 3550/3676/4 3548/3673/4
f 3548/3673/4 3558/3683/4 3556/3682/4
f 3556/3682/4 3554/3680/4 3552/3678/4
f 3555/3681/1 3556/3682/1 3558/3683/1
f 3557/3684/587 3558/3683/587 3548/3673/587
f 3557/3684/2 3547/3675/2 3549/3674/2
f 3549/3674/2 3551/3677/2 3553/3679/2
f 3553/3679/2 3555/3681/2 3549/3674/2
f 3560/3685/588 3562/3706/588 3561/3686/588
f 3561/3686/589 3562/3706/589 3564/3688/589
f 3563/3689/590 3564/3688/590 3566/3690/590
f 3565/3691/591 3566/3690/591 3568/3692/591
f 3567/3693/592 3568/3692/592 3570/3694/592
f 3560/3685/5 3574/3700/5 3582/3696/5
f 3580/3698/5 3581/3704/5 3572/3699/5
f 3574/3700/593 3560/3685/593 3559/3687/593
f 3563/3689/594 3585/3715/594 3584/3702/595
f 3580/3698/589 3588/3712/589 3589/3703/589
f 3560/3685/5 3575/3697/5 3576/3705/5
f 3564/3688/5 3577/3710/5 3578/3707/5
f 3568/3692/5 3566/3690/5 3578/3707/5
f 3574/3700/596 3573/3701/596 3571/3709/596
f 3564/3688/5 3562/3706/5 3576/3705/5
f 3568/3692/5 3579/3708/5 3580/3698/5
f 3559/3687/162 3561/3686/595 3584/3702/595
f 3579/3708/588 3587/3714/588 3588/3712/588
f 3577/3710/597 3585/3715/597 3586/3713/597
f 3576/3705/598 3575/3697/598 3583/3711/598
f 3582/3696/591 3590/3716/591 3583/3711/591
f 3579/3708/599 3578/3707/599 3586/3713/599
f 3576/3705/600 3584/3702/600 3585/3715/600
f 3563/3689/594 3565/3691/601 3586/3713/601
f 3565/3691/601 3567/3693/163 3587/3714/163
f 3567/3693/163 3569/3695/6 3588/3712/163
f 3571/3709/602 3589/3703/602 3588/3712/163
f 3559/3687/162 3583/3711/162 3590/3716/162
f 3572/3699/5 3581/3704/5 3582/3696/5
f 3570/3694/603 3572/3699/603 3571/3709/603
f 3590/3716/590 3582/3696/590 3581/3704/590
f 3571/3709/602 3573/3701/6 3590/3716/162
f 3592/3717/7 3594/3720/7 3593/3718/7
f 3594/3720/8 3596/3722/8 3595/3721/8
f 3596/3722/9 3598/3724/9 3597/3723/9
f 3598/3724/10 3600/3726/10 3599/3725/10
f 3600/3726/604 3602/3732/604 3601/3727/604
f 3592/3717/1 3606/3740/1 3614/3728/1
f 3612/3730/1 3613/3736/1 3604/3731/1
f 3605/3733/605 3606/3740/605 3592/3717/605
f 3595/3721/172 3617/3747/172 3616/3734/565
f 3612/3730/8 3620/3744/8 3621/3735/8
f 3594/3720/1 3592/3717/1 3607/3729/1
f 3596/3722/1 3609/3742/1 3610/3738/1
f 3598/3724/1 3610/3738/1 3611/3739/1
f 3606/3740/606 3605/3733/606 3603/3741/606
f 3596/3722/1 3594/3720/1 3608/3737/1
f 3600/3726/1 3611/3739/1 3612/3730/1
f 3593/3718/565 3616/3734/565 3615/3743/607
f 3611/3739/7 3619/3746/7 3620/3744/7
f 3609/3742/13 3617/3747/13 3618/3745/13
f 3607/3729/11 3615/3743/11 3616/3734/11
f 3614/3728/10 3622/3748/10 3615/3743/10
f 3610/3738/14 3618/3745/14 3619/3746/14
f 3608/3737/12 3616/3734/12 3617/3747/12
f 3595/3721/172 3597/3723/567 3618/3745/567
f 3599/3725/46 3619/3746/46 3618/3745/567
f 3599/3725/46 3601/3727/15 3620/3744/46
f 3603/3741/175 3621/3735/175 3620/3744/46
f 3591/3719/607 3615/3743/607 3622/3748/607
f 3604/3731/1 3613/3736/1 3614/3728/1
f 3601/3727/608 3602/3732/608 3604/3731/608
f 3614/3728/9 3613/3736/9 3621/3735/9
f 3603/3741/175 3605/3733/15 3622/3748/607
f 3632/3749/609 3629/3758/609 3626/3750/609
f 3628/3751/610 3626/3750/610 3625/3752/610
f 3630/3754/611 3631/3757/611 3624/3755/611
f 3627/3753/613 3625/3752/613 3623/3756/613
f 3627/3753/2 3624/3755/2 3631/3757/2
f 3631/3757/2 3632/3749/2 3628/3751/2
f 3632/3749/614 3631/3757/614 3630/3754/614
f 3623/3756/4 3625/3752/4 3630/3754/4
f 3625/3752/4 3626/3750/4 3630/3754/4
f 3633/3759/1 3634/3768/1 3636/3760/1
f 3641/3762/2 3644/3773/2 3640/3763/2
f 3639/3764/15 3640/3763/15 3638/3765/15
f 3645/3767/4 3648/3770/4 3634/3768/4
f 3639/3764/5 3637/3766/5 3646/3769/5
f 3636/3760/615 3634/3768/615 3648/3770/615
f 3640/3763/616 3644/3773/616 3647/3772/616
f 3643/3771/6 3648/3770/6 3647/3772/6
f 3642/3774/5 3645/3767/5 3633/3759/5
f 3641/3762/5 3646/3769/5 3645/3767/5
f 3638/3765/4 3647/3772/4 3646/3769/4
f 3646/3769/4 3647/3772/4 3648/3770/4
f 3636/3760/2 3643/3771/2 3642/3774/2
f 3643/3771/2 3644/3773/2 3641/3762/2
f 3649/3775/1 3651/3790/1 3652/3776/1
f 3657/3778/4 3655/3782/4 3656/3779/4
f 3653/3781/15 3654/3787/15 3656/3779/15
f 3661/3783/2 3649/3775/2 3650/3777/2
f 3662/3785/5 3653/3781/5 3655/3782/5
f 3664/3784/615 3650/3777/615 3652/3776/615
f 3654/3787/616 3663/3788/616 3660/3780/616
f 3663/3788/6 3664/3784/6 3659/3786/6
f 3649/3775/5 3661/3783/5 3658/3789/5
f 3661/3783/5 3662/3785/5 3657/3778/5
f 3662/3785/2 3663/3788/2 3654/3787/2
f 3661/3783/2 3664/3784/2 3663/3788/2
f 3658/3789/4 3659/3786/4 3652/3776/4
f 3657/3778/4 3660/3780/4 3659/3786/4
f 3670/3791/6 3669/3864/6 3710/3792/6
f 3686/3826/4 3672/3865/4 3681/3795/4
f 3672/3865/4 3671/3803/4 3666/3831/4
f 3681/3795/4 3672/3865/4 3666/3831/4
f 3666/3831/4 3667/3796/4 3681/3795/4
f 3667/3796/4 3680/3808/4 3684/3794/4
f 3680/3808/4 3679/3798/4 3684/3794/4
f 3676/3799/4 3665/3819/4 3682/3822/4
f 3665/3819/4 3673/3809/4 3682/3822/4
f 3673/3809/4 3672/3865/4 3682/3822/4
f 3672/3865/4 3686/3826/4 3682/3822/4
f 3685/3797/4 3684/3794/4 3679/3798/4
f 3682/3822/4 3683/3824/4 3676/3799/4
f 3683/3824/4 3685/3797/4 3676/3799/4
f 3669/3864/4 3670/3791/4 3668/3801/4
f 3670/3791/4 3673/3809/4 3691/3800/4
f 3673/3809/4 3665/3819/4 3691/3800/4
f 3706/3802/15 3666/3831/15 3671/3803/15
f 3710/3792/15 3669/3864/15 3668/3801/15
f 3667/3796/6 3707/3833/6 3680/3808/6
f 3707/3833/6 3704/3806/6 3680/3808/6
f 3671/3803/4 3672/3865/4 3673/3809/4
f 3671/3803/289 3670/3791/289 3713/3793/289
f 3708/3810/6 3675/3814/6 3674/3811/6
f 3733/3813/1 3688/3816/1 3675/3814/1
f 3687/3815/4 3674/3811/4 3675/3814/4
f 3740/3817/5 3709/3805/5 3668/3801/5
f 3677/3820/5 3703/3821/5 3676/3799/5
f 3703/3821/5 3705/3818/5 3676/3799/5
f 3687/3815/15 3734/3856/15 3711/3812/15
f 3676/3799/618 3679/3798/628 3678/3807/619
f 3678/3807/621 3704/3806/621 3703/3821/621
f 3682/3822/6 3726/3830/6 3727/3823/6
f 3681/3795/1 3725/3829/1 3730/3825/1
f 3684/3794/5 3685/3797/5 3729/3827/5
f 3684/3794/5 3728/3828/5 3725/3829/5
f 3686/3826/1 3730/3825/1 3726/3830/1
f 3683/3824/15 3727/3823/15 3729/3827/15
f 3706/3802/15 3734/3856/15 3687/3815/15
f 3666/3831/4 3687/3815/4 3688/3816/4
f 3667/3796/5 3689/3836/5 3736/3832/5
f 3736/3832/1 3689/3836/1 3690/3834/1
f 3688/3816/4 3690/3834/4 3689/3836/4
f 3733/3813/6 3738/3835/6 3690/3834/6
f 3705/3818/622 3740/3817/622 3691/3800/622
f 3713/3793/6 3710/3792/6 3696/3837/6
f 3698/3850/2 3699/3866/2 3693/3840/2
f 3699/3866/2 3724/3859/2 3719/3841/2
f 3719/3841/2 3722/3860/2 3694/3839/2
f 3722/3860/2 3717/3857/2 3718/3848/2
f 3694/3839/2 3722/3860/2 3718/3848/2
f 3699/3866/2 3719/3841/2 3693/3840/2
f 3700/3847/2 3692/3846/2 3720/3844/2
f 3692/3846/2 3714/3842/2 3720/3844/2
f 3717/3857/2 3722/3860/2 3723/3861/2
f 3717/3857/2 3723/3861/2 3714/3842/2
f 3723/3861/2 3721/3843/2 3714/3842/2
f 3699/3866/2 3700/3847/2 3720/3844/2
f 3720/3844/2 3724/3859/2 3699/3866/2
f 3700/3847/2 3697/3838/2 3739/3845/2
f 3697/3838/2 3696/3837/2 3695/3855/2
f 3739/3845/2 3697/3838/2 3695/3855/2
f 3712/3804/15 3698/3850/15 3693/3840/15
f 3709/3805/15 3695/3855/15 3696/3837/15
f 3704/3806/6 3707/3833/6 3718/3848/6
f 3707/3833/6 3694/3839/6 3718/3848/6
f 3700/3847/2 3699/3866/2 3698/3850/2
f 3713/3793/289 3697/3838/289 3698/3850/289
f 3701/3851/6 3702/3853/6 3708/3810/6
f 3708/3810/1 3702/3853/1 3732/3852/1
f 3702/3853/2 3701/3851/2 3731/3854/2
f 3695/3855/5 3709/3805/5 3740/3817/5
f 3705/3818/5 3703/3821/5 3714/3842/5
f 3703/3821/5 3715/3858/5 3714/3842/5
f 3731/3854/15 3701/3851/15 3711/3812/15
f 3714/3842/624 3715/3858/629 3716/3849/625
f 3703/3821/627 3704/3806/627 3716/3849/627
f 3727/3823/6 3726/3830/6 3720/3844/6
f 3724/3859/1 3730/3825/1 3725/3829/1
f 3722/3860/5 3728/3828/5 3729/3827/5
f 3719/3841/5 3725/3829/5 3728/3828/5
f 3726/3830/1 3730/3825/1 3724/3859/1
f 3729/3827/15 3727/3823/15 3721/3843/15
f 3693/3840/15 3731/3854/15 3734/3856/15
f 3732/3852/2 3731/3854/2 3693/3840/2
f 3736/3832/5 3735/3862/5 3694/3839/5
f 3738/3835/1 3737/3863/1 3735/3862/1
f 3735/3862/2 3737/3863/2 3732/3852/2
f 3737/3863/6 3738/3835/6 3733/3813/6
f 3739/3845/622 3740/3817/622 3705/3818/622
f 2100/2560/351 2252/3867/351 2249/2561/351
f 2250/2563/352 2251/2566/352 2099/2564/352
f 2251/2566/15 2252/3867/15 2100/2560/15
f 2206/2567/15 2211/3868/15 2102/2568/15
f 2101/2570/2 2102/3869/2 2108/2571/2
f 2103/2573/2 2106/2576/2 2107/2574/2
f 2105/2572/2 2108/2571/2 2107/2574/2
f 2110/2577/4 2117/2598/4 2116/2578/4
f 2127/2580/2 2128/2584/2 2130/2581/2
f 2112/2583/2 2126/2589/2 2128/2584/2
f 2123/2585/15 2117/2598/15 2110/2577/15
f 2171/2590/15 2123/2585/15 2120/2586/15
f 2146/2596/353 2174/2606/353 2114/2597/353
f 2131/470/4 2111/472/4 2118/474/4
f 2120/2586/354 2115/2605/354 2173/2599/354
f 2122/2602/4 2121/3870/4 2125/2603/4
f 2115/2605/356 2114/2597/356 2174/2606/356
f 2172/2607/357 2163/3871/357 2125/2608/357
f 2109/2610/358 2169/2613/358 2172/2607/358
f 2177/2588/360 2181/2616/360 2128/2584/360
f 2109/2579/630 2121/3870/630 2122/2602/630
f 2110/2577/354 2122/2602/354 2115/2605/354
f 2122/2602/356 2124/2604/356 2114/2597/356
f 2165/2611/1 2116/2682/174 2203/2595/173
f 2116/2612/174 2165/2611/1 2169/2613/1
f 2112/2583/353 2124/2604/353 2125/2592/353
f 2146/2596/362 2112/2583/373 2127/2580/362
f 2127/2580/1 2129/2582/1 2182/2615/1
f 2181/2616/15 2185/2669/15 2130/2581/15
f 2142/2617/363 2134/2620/364 2133/2618/363
f 2141/2621/2 2136/2624/2 2134/2620/2
f 2136/2624/2 2140/2627/2 2134/2620/2
f 2140/2627/2 2138/2628/2 2134/2620/2
f 2134/2620/364 2138/2628/365 2137/2622/365
f 2144/2623/6 2135/2625/6 2136/2624/6
f 2144/2623/4 2143/2619/4 2133/2618/4
f 2142/2617/366 2200/3872/366 2197/2626/366
f 2140/2627/15 2139/2629/15 2137/2622/15
f 2135/2625/367 2139/2629/367 2140/2627/367
f 2133/2618/4 2137/2622/4 2139/2629/4
f 2171/2590/368 2200/3872/368 2142/2617/368
f 2131/470/4 2117/2598/4 2143/2619/4
f 2131/470/6 2144/2623/6 2141/2621/6
f 2132/471/6 2141/2621/6 2197/2626/6
f 2123/2585/368 2142/2617/368 2143/2619/368
f 2148/2630/2 2145/2662/2 2155/2631/2
f 2180/2637/4 2179/2666/4 2257/3873/4
f 2179/2666/4 2183/2633/4 2264/2635/4
f 2268/3874/4 2179/2666/4 2264/2635/4
f 2183/2633/4 2184/3875/4 2240/2634/4
f 2184/3875/4 2241/3876/4 2240/2634/4
f 2257/3873/4 2258/3877/4 2180/2637/4
f 2268/3874/4 2257/3873/4 2179/2666/4
f 2149/2636/4 2179/2666/4 2180/2637/4
f 2148/2630/15 2156/2632/15 2167/2639/15
f 2158/2641/369 2160/3878/369 2152/2642/369
f 2162/2640/15 2167/2639/15 2171/2590/15
f 2256/3879/2 2154/3880/2 2250/3881/2
f 2154/3880/2 2152/3882/2 2250/3881/2
f 2157/493/2 2214/3883/2 2212/3884/2
f 2215/3885/2 2207/3886/2 2157/493/2
f 2207/3886/2 2211/3887/2 2150/504/2
f 2157/493/2 2212/3884/2 2215/3885/2
f 2251/3888/2 2250/3881/2 2152/3882/2
f 2150/504/2 2157/493/2 2207/3886/2
f 2251/3888/2 2152/3882/2 2252/3889/2
f 2152/3882/2 2150/504/2 2252/3889/2
f 2150/504/2 2211/3887/2 2206/3890/2
f 2252/3889/2 2150/504/2 2206/3890/2
f 2249/3891/2 2252/3889/2 2206/3890/2
f 2249/3891/2 2206/3890/2 2213/2644/2
f 2209/2645/2 2210/3892/2 2248/2646/2
f 2249/3891/2 2213/2644/2 2248/2646/2
f 2146/2596/353 2149/2636/353 2151/2651/353
f 2157/493/2 371/492/2 389/488/2
f 2173/2599/354 2153/2657/354 2162/2640/354
f 2159/2648/2 2154/3880/2 2256/3879/2
f 2159/2648/2 2256/3879/2 2259/3893/2
f 2214/3883/2 2157/493/2 2242/2653/2
f 2157/493/2 2156/2649/2 2242/2653/2
f 2248/2646/2 2210/3892/2 2208/3894/2
f 2208/3894/2 2214/3883/2 2242/2653/2
f 2156/2649/2 2159/2648/2 2259/3893/2
f 2156/2649/2 2259/3893/2 2269/3895/2
f 2242/2653/2 2248/2646/2 2208/3894/2
f 2156/2649/2 2269/3895/2 2265/2652/2
f 2147/2654/2 2168/3896/2 2176/2655/2
f 2174/2606/356 2151/2651/356 2153/2657/356
f 2168/2658/357 2163/3871/357 2172/2607/357
f 2145/2660/358 2176/2659/358 2172/2607/358
f 2159/2661/370 2164/2664/370 2158/2641/370
f 2180/2637/360 2181/2616/360 2177/2588/360
f 2166/2656/631 2176/2655/631 2145/2662/631
f 2153/2657/354 2166/2656/354 2148/2630/354
f 2151/2651/356 2147/2654/356 2166/2656/356
f 2155/2663/372 2165/2611/372 2164/2664/372
f 2150/502/1 2152/2642/1 2205/2665/1
f 2152/2642/1 2160/3878/1 2205/2665/1
f 2169/2613/1 2165/2611/1 2155/2663/1
f 2168/2647/353 2147/2654/353 2149/2636/353
f 2146/2596/362 2178/2614/362 2179/2666/362
f 2182/2615/1 2183/2633/1 2179/2666/1
f 2181/2616/15 2180/2637/15 2255/2667/15
f 2180/2637/15 2258/3877/15 2255/2667/15
f 2184/3875/15 2185/2669/15 2243/3897/15
f 2185/2669/15 2181/2616/15 2255/2667/15
f 2243/3897/15 2185/2669/15 2253/3898/15
f 2243/3897/15 2241/3876/15 2184/3875/15
f 2253/3898/15 2185/2669/15 2254/2668/15
f 2187/2670/363 2188/2673/364 2196/2671/363
f 2194/2675/4 2190/2677/4 2188/2673/4
f 2190/2677/4 2195/2679/4 2188/2673/4
f 2195/2679/4 2196/2671/4 2188/2673/4
f 2191/2676/365 2192/2674/365 2188/2673/364
f 2190/2677/6 2189/2680/6 2199/2678/6
f 2199/2678/2 2189/2680/2 2187/2670/2
f 2197/2626/366 2200/3872/366 2196/2671/366
f 2191/2676/15 2193/2681/15 2194/2675/15
f 2194/2675/367 2193/2681/367 2189/2680/367
f 2193/2681/2 2191/2676/2 2187/2670/2
f 2196/2671/368 2200/3872/368 2171/2590/368
f 389/488/2 2199/2678/2 2198/2672/2
f 2195/2679/6 2199/2678/6 389/488/6
f 2197/2626/6 2195/2679/6 390/490/6
f 2198/2672/368 2196/2671/368 2167/2639/368
f 2118/474/4 2201/2601/4 2204/2593/4
f 2204/2593/4 2203/2595/4 2117/2683/4
f 2201/2601/4 2118/474/4 2113/478/4
f 2205/2665/1 2202/2684/1 2113/475/1
f 2107/2685/5 2108/2692/5 2207/2686/5
f 2105/2688/6 2106/3899/6 2209/2689/6
f 2104/2575/5 2107/2685/5 2215/2687/5
f 2108/2692/5 2102/3900/5 2211/2693/5
f 2214/2694/1 2208/2697/1 2103/2573/1
f 2103/2573/1 2104/2575/1 2214/2694/1
f 2101/2695/375 2105/2688/375 2213/2690/375
f 2210/2698/376 2209/2689/376 2106/3899/376
f 2106/3899/376 2103/2573/376 2210/2698/376
f 2260/2699/377 2261/2761/377 2218/2700/377
f 2222/2706/632 2218/2700/633 2263/2763/634
f 2218/2700/633 2261/2761/635 2263/2763/634
f 2245/2758/636 2219/2711/637 2247/3901/638
f 2219/2711/637 2223/2704/2 2247/3901/638
f 2222/2706/2 2263/2763/2 2271/2702/2
f 2267/2703/2 2247/3901/638 2223/2704/2
f 2222/2706/2 2271/2702/2 2223/2704/2
f 2223/2704/15 2221/2707/15 2220/2705/15
f 2221/2707/4 2217/2717/639 2246/3902/640
f 2217/2717/639 2244/3903/641 2246/3902/640
f 2260/3904/642 2216/3905/643 2262/2762/644
f 2216/3905/643 2220/2705/645 2262/2762/644
f 2221/2707/4 2246/3902/640 2266/3906/4
f 2270/2708/4 2262/2762/4 2220/2705/4
f 2221/2707/4 2266/3906/4 2270/2708/4
f 2218/2709/378 2222/2706/378 2220/2705/378
f 2219/2711/6 2225/2716/6 2227/2712/6
f 2227/2712/15 2231/2723/15 2230/2713/15
f 2221/2707/6 2223/2704/6 2227/2712/6
f 2217/2715/6 2224/2721/6 2225/2716/6
f 2217/2717/6 2221/2707/6 2226/2714/6
f 2230/2713/5 2234/2727/5 2232/2719/5
f 2224/2721/1 2228/2728/1 2229/2722/1
f 2226/2714/4 2230/2713/4 2228/2720/4
f 2225/2716/2 2229/2722/2 2231/2723/2
f 2233/2724/2 2237/2732/2 2239/2725/2
f 2229/2722/5 2233/2724/5 2235/2726/5
f 2230/2713/5 2231/2723/5 2235/2726/5
f 2228/2728/5 2232/2731/5 2233/2724/5
f 2237/2729/6 2236/3907/6 2238/2730/6
f 2235/2726/15 2239/2725/15 2238/2730/15
f 2232/2731/1 2236/3908/1 2237/2732/1
f 2234/2727/4 2238/2730/4 2236/2733/4
f 2097/2734/379 2099/2746/382 2254/2735/380
f 2265/2737/381 2242/2741/381 2247/2738/381
f 2265/2737/381 2266/2743/381 2246/2740/381
f 2264/2742/381 2240/3909/381 2246/2740/381
f 2245/2745/5 2247/2738/5 2242/2741/5
f 2242/2741/5 2246/2740/5 2244/2744/5
f 2099/2746/382 2100/3910/646 2253/2747/383
f 2253/2747/383 2100/3910/646 2098/2748/384
f 2259/2750/385 2269/2754/385 2271/2751/385
f 2262/2753/385 2270/2756/385 2269/2754/385
f 2257/2755/385 2268/2757/385 2270/2756/385
f 2271/2751/1 2269/2754/1 2265/2737/1
f 2270/2756/1 2266/2743/1 2265/2737/1
f 2268/2757/1 2264/2742/1 2266/2743/1
f 2245/2758/377 2244/3911/377 2217/2715/377
f 2256/2759/6 2250/3912/6 2097/3913/6
f 2097/3913/6 2255/3914/6 2256/2759/6
f 2255/3914/6 2258/2760/6 2256/2759/6
f 2258/2760/6 2257/2755/6 2262/2753/6
f 2262/2753/6 2259/2750/6 2258/2760/6
f 2261/2761/6 2260/3904/6 2262/2762/6
f 348/454/386 2274/434/386 2275/2764/386
f 2292/2766/387 2313/2786/387 2329/2767/387
f 2320/2769/5 2273/2778/5 2281/2770/5
f 2321/2765/388 2275/2764/388 2276/2772/388
f 2278/446/4 2289/2801/4 2291/2775/4
f 2322/2777/15 2277/2779/15 2273/2778/15
f 2323/2773/389 2276/2772/389 2277/2779/389
f 2284/445/4 2278/446/4 2279/2774/4
f 2288/2781/1 2290/2796/1 2314/2782/1
f 2272/443/4 2290/2800/186 2289/2784/4
f 2293/2785/390 2312/2798/390 2313/2786/390
f 2275/2764/4 2280/438/4 2281/2787/4
f 2324/2771/391 2281/2770/391 2285/2788/391
f 2325/2790/392 2282/2793/392 2279/2791/392
f 2326/2789/5 2285/2788/5 2282/2793/5
f 2283/440/4 2284/445/4 2282/2780/4
f 2288/2797/394 2315/3915/394 2312/2798/394
f 2272/443/1 2316/444/1 2314/2799/1
f 2291/2775/647 2292/2766/647 2287/2768/647
f 2289/2801/648 2293/2785/648 2292/2766/648
f 2286/2776/5 2328/2803/5 2327/2802/5
f 2287/2768/5 2329/2767/5 2328/2803/5
f 2296/2804/386 2295/453/386 348/454/386
f 2329/2767/387 2313/2786/387 2318/2805/387
f 2302/2807/5 2294/2812/5 2320/2769/5
f 2297/2808/388 2296/2804/388 2321/2765/388
f 2317/2811/2 2310/2827/2 2299/465/2
f 2294/2812/15 2298/2813/15 2322/2777/15
f 2298/2813/389 2297/2808/389 2323/2773/389
f 2300/2809/2 2299/465/2 2305/464/2
f 2309/2815/1 2315/2783/1 2314/2782/1
f 2310/2817/2 2311/2826/649 347/463/2
f 2313/2786/390 2312/2798/390 2319/2818/390
f 2302/2819/2 2301/459/2 2296/2804/2
f 2306/2820/391 2302/2807/391 2324/2771/391
f 2300/2821/392 2303/2822/392 2325/2790/392
f 2303/2822/5 2306/2820/5 2326/2789/5
f 2303/2814/2 2305/464/2 2304/460/2
f 2312/2798/394 2315/3915/394 2309/2825/394
f 2314/2799/1 2316/444/1 347/463/1
f 2308/2806/650 2318/2805/650 2317/2811/650
f 2318/2805/651 2319/2818/651 2310/2827/651
f 2327/2802/5 2328/2803/5 2307/2810/5
f 2328/2803/5 2329/2767/5 2308/2806/5
f 2350/2828/2 2353/2847/2 2338/2829/2
f 2334/2831/402 2332/2854/402 2341/2832/402
f 2341/2832/4 2348/2839/4 2347/2833/4
f 2333/2835/5 2331/2840/5 2337/2836/5
f 2341/2832/4 2332/2854/4 2349/2838/4
f 2335/2843/15 2336/2841/15 2331/2840/15
f 2352/2846/2 2334/2831/2 2338/2829/2
f 2342/2834/4 2347/2833/4 2357/2848/4
f 2340/2850/403 2343/2845/403 2336/2841/403
f 2339/2830/404 2342/2834/404 2345/2849/404
f 2338/2829/405 2341/2832/405 2342/2834/405
f 2340/2850/2 2330/2844/2 2344/2851/2
f 2330/2844/2 2356/2857/2 2355/2852/2
f 2355/2852/2 2350/2828/2 2339/2830/2
f 2332/2854/6 2334/2831/6 2352/2855/6
f 2352/2855/6 2351/3916/6 2346/3917/6
f 2346/3917/6 2349/2853/6 2352/2855/6
f 2337/2842/4 2343/2845/4 2345/2849/4
f 2345/2849/4 2357/2848/4 2337/2842/4
f 2330/2844/406 2337/3918/406 2359/2858/406
f 2359/2858/406 2358/2867/406 2354/2863/406
f 2354/2863/406 2356/2857/406 2359/2858/406
f 2344/2851/404 2345/2849/404 2343/2845/404
f 2346/2859/652 2347/3919/652 2348/2860/652
f 2351/2862/653 2352/3920/653 2353/2847/653
f 2347/2833/411 2346/3921/411 2358/2865/411
f 2350/2828/412 2355/2852/412 2354/2863/412
f 2346/2859/1 2351/2866/1 2354/2863/1
f 2361/2868/1 2363/2871/1 2362/2869/1
f 2363/2871/2 2367/2873/2 2366/2872/2
f 2367/2873/15 2365/2875/15 2364/2874/15
f 2365/2875/4 2361/2894/4 2360/2876/4
f 2366/2872/5 2364/2874/5 2360/2877/5
f 2374/2879/15 2371/2883/15 2370/2880/15
f 2369/2882/413 2368/3922/413 2370/2880/413
f 2381/2884/414 2380/3923/414 2368/2885/414
f 2380/2887/4 2375/2881/4 2370/2880/4
f 2381/2884/2 2369/2886/2 2371/2883/2
f 2367/2873/2 2363/2871/2 2383/2889/2
f 2372/2890/2 2383/2889/2 2382/2891/2
f 2382/2891/2 2381/2884/2 2374/2879/2
f 2365/2875/4 2377/2895/4 2378/2893/4
f 2377/2895/4 2376/2899/4 2379/2896/4
f 2379/2896/4 2376/2899/4 2375/2881/4
f 2361/2868/415 2378/2897/415 2383/2889/415
f 2378/2897/416 2379/2898/416 2382/2891/416
f 2379/2898/417 2380/3923/417 2381/2884/417
f 2367/2873/15 2372/2890/15 2377/2895/15
f 2372/2890/15 2373/2892/15 2376/2899/15
f 2373/2892/15 2374/2879/15 2375/2881/15
f 2384/2900/2 2390/2917/2 2391/2901/2
f 2394/2903/2 2387/2922/2 2386/2904/2
f 2413/2906/4 2415/2913/4 2430/2907/4
f 2385/2909/418 2391/3924/418 2423/2910/418
f 2413/2906/4 2416/2992/4 2418/2912/4
f 2386/2904/5 2412/2923/5 2429/2914/5
f 2423/2916/1 2391/2901/1 2390/2917/1
f 2389/2919/15 2419/2991/15 2417/2920/15
f 2387/2922/2 2389/2919/2 2388/2921/2
f 2386/2904/419 2388/2921/419 2417/2920/419
f 2392/2924/1 2402/2965/1 2446/2925/1
f 2408/2927/420 2421/2997/420 2390/2928/420
f 2385/2909/6 2410/2911/6 2427/2930/6
f 2426/2932/4 2411/3925/4 2409/2933/4
f 2429/2914/15 2445/2967/15 2403/2935/15
f 2409/2933/4 2411/3925/4 2422/2936/4
f 2428/2938/4 2425/3926/4 2447/2939/4
f 2385/2902/2 2393/2947/2 2392/2941/2
f 2394/2942/6 2431/2971/6 2414/2943/6
f 2414/2943/421 2419/2991/421 2389/2919/421
f 2400/2944/2 2397/2963/2 2396/2945/2
f 2393/2947/2 2394/2903/2 2395/2905/2
f 2399/2948/5 2439/3927/5 2437/2949/5
f 2401/2951/1 2396/2972/1 2432/2952/1
f 2433/2954/4 2436/3007/4 2438/2955/4
f 2434/2957/422 2439/3927/422 2399/2948/422
f 2444/2940/4 2447/2939/4 2440/2959/4
f 2443/2960/4 2440/2959/4 2433/2954/4
f 2442/2961/15 2434/2957/15 2397/2958/15
f 2397/2963/2 2399/3928/2 2398/2964/2
f 2402/2965/6 2405/2986/6 2450/2966/6
f 2445/2967/15 2442/2961/15 2400/2962/15
f 2441/2953/5 2449/2981/5 2404/2968/5
f 2403/2969/2 2400/2944/2 2401/2946/2
f 2395/2905/2 2403/2969/2 2402/2970/2
f 2393/2931/6 2427/2930/6 2431/2971/6
f 2428/2908/4 2430/2907/4 2426/2932/4
f 2396/2972/423 2398/2950/423 2437/2949/423
f 2405/2973/2 2404/3929/2 2406/2974/2
f 2447/2976/4 2451/3930/4 2448/2977/4
f 2448/2977/4 2451/3930/4 2454/2979/4
f 2401/2946/2 2404/3929/2 2405/2973/2
f 2449/2981/424 2453/2984/424 2406/2982/424
f 2407/2983/1 2406/2982/1 2453/2984/1
f 2405/2986/425 2407/2983/425 2455/2985/425
f 2429/2914/426 2412/2923/654 2413/2987/427
f 2427/2930/428 2410/2911/655 2411/2989/429
f 2418/2912/431 2416/2992/431 2417/2920/431
f 2416/2992/656 2413/2906/656 2412/2923/656
f 2418/2912/657 2419/2991/657 2414/2943/657
f 2420/2937/434 2422/2936/434 2423/2993/434
f 2410/2911/658 2423/2910/658 2422/2995/658
f 2408/2927/659 2409/2998/659 2420/2996/659
f 2424/2926/437 2425/3013/437 2409/2998/438
f 2431/2971/439 2427/2930/428 2426/2990/430
f 2431/2971/439 2430/2999/440 2415/3000/439
f 2441/2953/442 2432/2952/443 2433/3001/443
f 2429/2914/444 2428/2988/444 2444/3003/445
f 2437/2949/447 2439/3927/447 2438/3004/447
f 2438/2955/660 2439/3931/660 2434/3006/660
f 2436/3007/661 2433/2954/661 2432/3008/661
f 2442/2961/450 2443/3011/453 2435/3010/451
f 2442/2961/450 2445/2967/446 2444/3003/445
f 2424/2926/454 2446/2925/454 2447/3012/454
f 2446/2925/455 2450/2966/662 2451/3014/456
f 2441/2953/458 2440/3002/458 2448/3015/459
f 2455/2985/460 2453/2984/460 2452/3016/460
f 2450/2966/461 2455/2985/663 2454/3017/462
f 2449/2981/464 2448/3015/664 2452/3016/465
f 2392/2924/5 2424/2926/5 2408/2927/5
f 2473/3018/1 2457/3932/1 2459/3019/1
f 2486/3021/467 2467/3057/467 2463/3022/467
f 2463/3022/15 2461/3035/15 2482/3024/15
f 2476/3025/4 2471/3046/4 2457/3026/4
f 2462/3028/5 2460/3061/5 2469/3029/5
f 2459/3031/6 2457/3933/6 2471/3032/6
f 2467/3034/6 2470/3934/6 2461/3035/6
f 2465/3036/5 2468/3935/5 2456/3037/5
f 2461/3035/4 2470/3058/4 2484/3039/4
f 2485/3040/1 2487/3936/1 2464/3030/1
f 2459/3019/467 2466/3045/467 2478/3042/467
f 2477/3043/15 2468/3053/15 2465/3036/15
f 2476/3025/15 2478/3047/15 2466/3045/15
f 2477/3043/15 2479/3044/15 2478/3047/15
f 2475/3048/468 2479/3051/468 2465/3049/468
f 2474/3020/2 2478/3042/2 2479/3051/2
f 2477/3043/4 2472/3054/4 2456/3052/4
f 2477/3043/4 2476/3025/4 2473/3027/4
f 2472/3055/1 2475/3048/1 2458/3050/1
f 2473/3018/1 2474/3020/1 2475/3048/1
f 2467/3057/1 2486/3059/1 2484/3039/1
f 2486/3059/1 2487/3936/1 2485/3040/1
f 2483/3060/4 2485/3040/4 2469/3041/4
f 2482/3024/4 2484/3039/4 2485/3040/4
f 2462/3028/15 2481/3062/15 2483/3060/15
f 2480/3023/15 2482/3024/15 2483/3060/15
f 2487/3063/468 2481/3062/468 2462/3028/468
f 2487/3063/2 2486/3021/2 2480/3023/2
f 2499/3065/9 2489/3937/9 2488/3066/9
f 2488/3066/10 2489/3937/10 2491/3068/10
f 2495/3070/11 2494/3075/11 2493/3071/11
f 2506/3073/1 2515/3080/1 2497/3074/1
f 2490/3069/11 2491/3068/11 2494/3075/11
f 2495/3070/469 2512/3078/469 2510/3076/469
f 2488/3066/470 2490/3069/470 2510/3076/470
f 2492/3072/471 2511/3082/471 2512/3078/471
f 2491/3068/1 2489/3937/1 2494/3075/1
f 2489/3937/1 2499/3065/1 2494/3075/1
f 2499/3065/1 2506/3073/1 2494/3075/1
f 2496/3079/472 2497/3074/472 2515/3080/5
f 2496/3079/15 2516/3081/15 2511/3082/15
f 2493/3071/473 2497/3074/473 2496/3079/473
f 2500/3083/8 2501/3085/8 2499/3065/8
f 2500/3083/7 2502/3090/7 2503/3084/7
f 2508/3086/14 2504/3091/14 2505/3087/14
f 2514/3089/1 2515/3080/1 2506/3073/1
f 2502/3090/14 2508/3086/14 2507/3088/14
f 2510/3076/469 2512/3078/469 2508/3086/469
f 2500/3083/470 2509/3077/470 2510/3076/470
f 2512/3078/471 2511/3082/471 2504/3091/471
f 2499/3065/1 2501/3085/1 2507/3088/1
f 2501/3085/1 2503/3084/1 2507/3088/1
f 2507/3088/1 2505/3087/1 2506/3073/1
f 2513/3092/474 2516/3081/5 2515/3080/5
f 2513/3092/15 2504/3091/15 2511/3082/15
f 2513/3092/475 2514/3089/475 2505/3087/475
f 2602/3177/1 2604/3180/1 2603/3178/1
f 2604/3180/2 2608/3182/2 2607/3181/2
f 2608/3182/15 2606/3184/15 2605/3183/15
f 2606/3184/4 2602/3938/4 2601/3185/4
f 2607/3181/5 2605/3183/5 2601/3186/5
f 2604/3188/6 2602/3939/6 2606/3184/6
f 598/771/15 2611/765/15 2619/3189/15
f 2616/3191/499 2624/3206/499 2625/3192/499
f 2610/767/15 2617/3193/15 2618/3194/15
f 2609/758/15 601/768/15 2615/3195/15
f 599/770/15 2613/3197/15 2614/3196/15
f 2611/765/15 602/764/15 2618/3194/15
f 2609/758/15 2616/3191/15 2617/3193/15
f 601/768/15 600/761/15 2614/3196/15
f 598/769/15 2612/3203/15 2613/3197/15
f 2626/3198/13 2634/3215/13 2635/3199/13
f 2615/3195/500 2614/3196/500 2622/3201/500
f 2612/3203/501 2620/3212/501 2621/3204/501
f 2612/3190/502 2619/3189/502 2627/3200/502
f 2617/3193/503 2625/3192/503 2626/3198/503
f 2616/3191/504 2615/3195/504 2623/3202/504
f 2613/3197/505 2621/3204/505 2622/3201/505
f 2619/3189/506 2618/3194/506 2626/3198/506
f 2638/3207/13 2648/3225/13 2647/3208/13
f 2624/3206/11 2632/3216/11 2633/3210/11
f 2622/3201/9 2630/3217/9 2631/3211/9
f 2620/3212/7 2628/3940/7 2629/3213/7
f 2627/3200/14 2635/3199/14 2628/3214/14
f 2625/3192/12 2633/3210/12 2634/3215/12
f 2623/3202/10 2631/3211/10 2632/3216/10
f 2621/3204/8 2629/3213/8 2630/3217/8
f 2637/3209/12 2647/3208/12 2646/3218/12
f 2636/3219/11 2646/3218/11 580/3220/11
f 603/3221/10 580/3220/10 581/3222/10
f 2635/3199/1 2645/731/1 579/733/1
f 2629/3213/1 2628/3940/1 579/756/1
f 2630/3217/1 2644/742/1 2643/737/1
f 2633/3210/1 2632/3216/1 577/739/1
f 2634/3215/1 2642/736/1 2645/731/1
f 2630/3217/1 2629/3213/1 578/740/1
f 2631/3211/1 2643/737/1 577/739/1
f 2634/3215/1 2633/3210/1 576/734/1
f 2639/3224/14 2649/3227/14 2648/3225/14
f 2640/3226/7 2650/3229/7 2649/3227/7
f 2641/3228/8 2651/3230/8 2650/3229/8
f 604/3223/9 581/3222/9 2651/3230/9
usemtl Material.014
f 3103/3941/1 3104/3942/1 3102/3943/1
f 3126/3944/2 3108/3945/2 3123/3946/2
f 3109/3947/15 3106/3948/15 3108/3945/15
f 3113/3949/4 3102/3950/4 3110/3951/4
f 3108/3945/665 3111/3952/665 3123/3953/665
f 3105/3954/666 3113/3955/666 3125/3956/666
f 3126/3957/667 3107/3958/667 3109/3947/667
f 3124/3959/668 3102/3960/668 3104/3961/668
f 3106/3948/4 3112/3962/4 3111/3963/4
f 3104/3942/2 3125/3964/2 3124/3965/2
f 3129/3966/15 3115/3967/15 3114/3968/15
f 3124/3959/1 3128/3969/1 3110/3970/1
f 3123/3953/15 3129/3966/15 3114/3968/15
f 3116/3971/1 3121/3972/1 3117/3973/1
f 3128/3974/669 3117/3975/669 3132/3976/669
f 3128/3969/1 3116/3971/1 3117/3973/1
f 3114/3977/670 3115/3978/670 3130/3979/670
f 3119/3980/671 3137/3981/671 3134/3982/671
f 3130/3979/2 3119/3983/2 3134/3984/2
f 3115/3967/15 3122/3985/15 3119/3980/15
f 3132/3976/4 3121/3986/4 3136/3987/4
f 3133/3988/4 3122/3989/4 3118/3990/4
f 3132/3976/4 3137/3991/4 3133/3988/4
f 3131/3992/2 3120/3993/2 3116/3994/2
f 3130/3979/2 3135/3995/2 3131/3992/2
f 3120/3996/672 3136/3997/672 3121/3972/672
f 3134/3982/673 3136/3997/673 3135/3998/673
f 3127/3999/670 3131/3992/670 3116/3994/670
f 3114/3977/670 3131/3992/670 3127/3999/670
f 3129/4000/669 3133/3988/669 3118/3990/669
f 3128/3974/669 3133/3988/669 3129/4000/669
f 3110/3951/4 3129/4000/4 3111/3963/4
f 3125/3964/2 3123/3946/2 3124/3965/2
f 3112/3962/4 3110/3951/4 3111/3963/4
f 3123/3946/2 3127/3999/2 3124/3965/2
f 3125/3956/6 3112/4001/6 3126/3957/6
f 3140/4002/674 3139/4003/674 3138/4004/674
f 3142/4005/675 3155/4006/675 3154/4007/675
f 3144/4008/676 3157/4009/676 3156/4010/676
f 3146/4011/677 3145/4012/677 3144/4008/677
f 3148/4013/678 3147/4014/678 3146/4011/678
f 3148/4013/679 3151/4015/679 3149/4016/679
f 3155/4006/2 3157/4009/2 3151/4015/2
f 3150/4017/680 3153/4018/680 3151/4015/680
f 3138/4004/681 3153/4018/681 3152/4019/681
f 3156/4010/4 3142/4005/4 3154/4007/4
f 3154/4007/682 3141/4020/682 3140/4002/682
f 3156/4010/683 3143/4021/683 3142/4005/683
f 3168/4022/684 3159/4023/684 3167/4024/684
f 3170/4025/4 3161/4026/4 3168/4022/4
f 3170/4025/685 3163/4027/685 3165/4028/685
f 3167/4024/686 3163/4027/686 3172/4029/686
f 3158/4030/15 3164/4031/15 3160/4032/15
f 3163/4027/1 3161/4026/1 3165/4028/1
f 3158/4030/687 3173/4033/687 3162/4034/687
f 3173/4033/2 3167/4024/2 3172/4029/2
f 3162/4034/688 3171/4035/688 3164/4031/688
f 3173/4033/6 3170/4025/6 3171/4035/6
f 3164/4031/4 3169/4036/4 3160/4032/4
f 3171/4035/4 3168/4022/4 3169/4036/4
f 3158/4030/689 3169/4036/689 3166/4037/689
f 3169/4036/5 3167/4024/5 3166/4037/5
f 3140/4002/674 3141/4020/674 3139/4003/674
f 3142/4005/675 3143/4021/675 3155/4006/675
f 3144/4008/676 3145/4012/676 3157/4009/676
f 3146/4011/677 3147/4014/677 3145/4012/677
f 3148/4013/678 3149/4016/678 3147/4014/678
f 3148/4013/679 3150/4017/679 3151/4015/679
f 3139/4003/2 3141/4020/2 3155/4006/2
f 3155/4006/2 3143/4021/2 3157/4009/2
f 3157/4009/2 3145/4012/2 3147/4014/2
f 3147/4014/2 3149/4016/2 3157/4009/2
f 3149/4016/2 3151/4015/2 3157/4009/2
f 3151/4015/2 3153/4018/2 3155/4006/2
f 3153/4018/2 3139/4003/2 3155/4006/2
f 3150/4017/680 3152/4019/680 3153/4018/680
f 3138/4004/681 3139/4003/681 3153/4018/681
f 3140/4002/4 3138/4004/4 3154/4007/4
f 3138/4004/4 3152/4019/4 3154/4007/4
f 3152/4019/4 3150/4017/4 3154/4007/4
f 3150/4017/4 3148/4013/4 3156/4010/4
f 3154/4007/4 3150/4017/4 3156/4010/4
f 3148/4013/4 3146/4011/4 3156/4010/4
f 3146/4011/4 3144/4008/4 3156/4010/4
f 3154/4007/682 3155/4006/682 3141/4020/682
f 3156/4010/683 3157/4009/683 3143/4021/683
f 3168/4022/684 3161/4026/684 3159/4023/684
f 3170/4025/4 3165/4028/4 3161/4026/4
f 3170/4025/685 3172/4029/685 3163/4027/685
f 3167/4024/686 3159/4023/686 3163/4027/686
f 3158/4030/15 3162/4034/15 3164/4031/15
f 3163/4027/1 3159/4023/1 3161/4026/1
f 3158/4030/687 3166/4037/687 3173/4033/687
f 3173/4033/2 3166/4037/2 3167/4024/2
f 3162/4034/688 3173/4033/688 3171/4035/688
f 3173/4033/6 3172/4029/6 3170/4025/6
f 3164/4031/4 3171/4035/4 3169/4036/4
f 3171/4035/4 3170/4025/4 3168/4022/4
f 3158/4030/689 3160/4032/689 3169/4036/689
f 3169/4036/5 3168/4022/5 3167/4024/5
f 3178/4038/1 3258/4039/1 3257/4040/1
f 3188/4041/6 3183/4042/6 3190/4043/6
f 3177/4044/690 3304/4045/690 3302/4046/691
f 3175/4047/5 3192/4048/5 3275/4049/5
f 3240/4050/15 3256/4051/15 3198/4052/15
f 3210/4053/692 3237/4054/693 3200/4055/694
f 3227/4056/6 3180/4057/6 3188/4041/6
f 3179/4058/1 3183/4059/1 3180/4060/1
f 3179/4058/1 3205/4061/1 3214/4062/1
f 3191/4063/5 3213/4064/5 3229/4065/5
f 3174/4066/695 3189/4067/695 3185/4068/695
f 3179/4058/1 3243/4069/1 3241/4070/1
f 3186/4071/696 3242/4072/696 3245/4073/696
f 3279/4074/697 3177/4044/6 3302/4046/6
f 3177/4044/4 3274/4075/4 3176/4076/4
f 3191/4063/5 3181/4077/5 3178/4078/5
f 3192/4048/5 3193/4079/5 3191/4063/5
f 3174/4066/695 3244/4080/695 3240/4050/695
f 3185/4068/4 3245/4073/4 3244/4080/4
f 3186/4071/696 3183/4081/696 3182/4082/696
f 3185/4068/4 3190/4083/4 3186/4071/4
f 3211/4084/5 3303/4085/5 3274/4086/5
f 3228/4087/5 3191/4063/5 3229/4065/5
f 3196/4088/6 3227/4056/6 3188/4041/6
f 3187/4089/6 3190/4043/6 3189/4090/6
f 3195/4091/5 3187/4089/5 3184/4092/5
f 3195/4091/5 3196/4088/5 3187/4089/5
f 3198/4093/15 3184/4092/15 3174/4094/15
f 3196/4088/698 3237/4054/699 3232/4095/699
f 3195/4091/700 3200/4055/701 3196/4088/698
f 3228/4087/5 3285/4096/5 3284/4097/5
f 3197/4098/702 3199/4099/703 3195/4091/704
f 3281/4100/705 3198/4052/706 3278/4101/707
f 3261/4102/1 3265/4103/1 3273/4104/1
f 3271/4105/6 3217/4106/6 3267/4107/6
f 3203/4108/708 3311/4109/708 3309/4110/708
f 3309/4110/5 3211/4084/5 3283/4111/5
f 3282/4112/5 3226/4113/5 3264/4114/5
f 3288/4115/709 3236/4116/706 3238/4117/710
f 3208/4118/6 3227/4056/6 3222/4119/6
f 3217/4120/1 3266/4121/1 3267/4122/1
f 3205/4061/1 3207/4123/1 3214/4062/1
f 3213/4064/5 3225/4124/5 3229/4065/5
f 3223/4125/711 3201/4126/711 3219/4127/711
f 3243/4069/1 3207/4123/1 3247/4128/1
f 3248/4129/712 3220/4130/712 3250/4131/712
f 3269/4132/5 3202/4133/5 3264/4114/5
f 3286/4134/713 3289/4135/714 3210/4053/692
f 3215/4136/5 3268/4137/5 3265/4138/5
f 3230/4139/5 3269/4132/5 3268/4137/5
f 3249/4140/711 3201/4126/711 3246/4141/711
f 3250/4131/2 3219/4127/2 3249/4140/2
f 3217/4142/712 3220/4130/712 3216/4143/712
f 3224/4144/2 3219/4127/2 3220/4130/2
f 3283/4145/2 3204/4146/2 3203/4108/2
f 3228/4087/5 3225/4124/5 3226/4113/5
f 3227/4056/6 3232/4095/6 3234/4147/6
f 3270/4148/6 3224/4149/6 3271/4105/6
f 3218/4150/203 3221/4151/715 3233/4152/716
f 3233/4152/716 3221/4151/715 3234/4147/5
f 3236/4153/15 3218/4150/15 3235/4154/15
f 3237/4054/717 3234/4147/718 3232/4095/717
f 3239/4155/719 3233/4152/720 3234/4147/718
f 3239/4155/714 3237/4054/693 3210/4053/692
f 3238/4156/721 3235/4154/722 3233/4152/723
f 3251/4157/1 3247/4128/1 3260/4158/1
f 3216/4159/1 3272/4160/1 3266/4121/1
f 3244/4080/4 3253/4161/4 3252/4162/4
f 3240/4050/695 3252/4162/695 3256/4051/695
f 3245/4073/696 3258/4163/696 3253/4161/696
f 3241/4070/1 3251/4157/1 3257/4040/1
f 3241/4070/1 3182/4164/1 3179/4058/1
f 3257/4040/1 3213/4165/1 3178/4038/1
f 3253/4161/696 3181/4166/696 3193/4167/696
f 3256/4051/695 3194/4168/695 3175/4169/695
f 3252/4162/4 3193/4167/4 3194/4168/4
f 3213/4165/1 3260/4158/1 3206/4170/1
f 3215/4171/712 3255/4172/712 3230/4173/712
f 3231/4174/711 3259/4175/711 3202/4176/711
f 3230/4173/2 3254/4177/2 3231/4174/2
f 3257/4040/1 3242/4178/1 3241/4070/1
f 3272/4160/1 3260/4158/1 3247/4128/1
f 3266/4121/1 3247/4128/1 3207/4123/1
f 3221/4151/6 3271/4105/6 3222/4119/6
f 3268/4137/5 3226/4113/5 3225/4124/5
f 3265/4138/5 3225/4124/5 3206/4179/5
f 3287/4180/15 3262/4181/15 3236/4116/15
f 3267/4122/1 3207/4123/1 3208/4182/1
f 3222/4119/6 3267/4107/6 3208/4118/6
f 3273/4104/1 3206/4170/1 3260/4158/1
f 3263/4183/724 3272/4160/724 3262/4181/724
f 3263/4183/725 3259/4175/726 3254/4177/727
f 3262/4181/728 3272/4160/729 3249/4140/730
f 3275/4049/5 3277/4184/5 3274/4086/5
f 3279/4185/697 3281/4100/705 3278/4101/707
f 3283/4186/5 3285/4096/5 3282/4112/5
f 3286/4134/713 3288/4187/709 3289/4135/714
f 3279/4188/731 3275/4189/731 3274/4075/731
f 3287/4180/732 3283/4145/732 3282/4190/732
f 3276/4191/5 3192/4048/5 3228/4087/5
f 3290/4192/4 3297/4193/4 3291/4194/4
f 3293/4195/2 3298/4196/2 3292/4197/2
f 3211/4084/708 3305/4198/708 3303/4085/708
f 3212/4199/691 3310/4200/691 3308/4201/691
f 3177/4044/4 3290/4192/4 3291/4194/4
f 3204/4146/2 3292/4197/2 3203/4108/2
f 3306/4202/15 3296/4203/15 3307/4204/15
f 3298/4196/15 3312/4205/15 3313/4206/15
f 3292/4197/5 3313/4206/5 3311/4109/5
f 3306/4202/2 3316/4207/2 3304/4045/2
f 3294/4208/5 3307/4204/5 3305/4198/5
f 3291/4194/6 3306/4202/6 3304/4045/6
f 3310/4200/4 3319/4209/4 3312/4205/4
f 3305/4198/5 3296/4203/5 3290/4192/5
f 3301/4210/15 3307/4204/15 3300/4211/15
f 3303/4085/708 3290/4192/733 3176/4076/733
f 3302/4046/691 3295/4212/691 3212/4199/691
f 3310/4200/6 3299/4213/6 3293/4195/6
f 3311/4109/5 3300/4211/5 3294/4208/5
f 3313/4206/15 3301/4210/15 3300/4211/15
f 3308/4201/691 3293/4195/691 3204/4146/691
f 3309/4110/708 3294/4208/708 3211/4084/708
f 3314/4214/6 3319/4209/6 3318/4215/6
f 3316/4207/6 3315/4216/6 3314/4214/6
f 3312/4205/1 3315/4216/1 3301/4210/1
f 3301/4210/1 3317/4217/1 3306/4202/1
f 3304/4045/15 3314/4214/15 3295/4212/15
f 3295/4212/15 3318/4215/15 3310/4200/15
f 3178/4038/1 3181/4218/1 3258/4039/1
f 3188/4041/6 3180/4057/6 3183/4042/6
f 3177/4044/690 3291/4194/690 3304/4045/690
f 3194/4219/5 3192/4048/5 3175/4047/5
f 3192/4048/5 3276/4191/5 3275/4049/5
f 3175/4169/15 3275/4189/15 3256/4051/15
f 3275/4189/15 3278/4101/15 3198/4052/15
f 3198/4052/15 3174/4066/15 3240/4050/15
f 3275/4189/15 3198/4052/15 3256/4051/15
f 3199/4220/734 3281/4100/705 3200/4055/694
f 3281/4100/705 3280/4221/735 3200/4055/694
f 3280/4221/735 3210/4053/692 3200/4055/694
f 3227/4056/6 3205/4222/6 3180/4057/6
f 3179/4058/1 3182/4164/1 3183/4059/1
f 3179/4058/1 3180/4060/1 3205/4061/1
f 3191/4063/5 3178/4078/5 3213/4064/5
f 3174/4066/695 3184/4223/695 3189/4067/695
f 3179/4058/1 3214/4062/1 3243/4069/1
f 3186/4071/696 3182/4082/696 3242/4072/696
f 3302/4046/6 3212/4199/6 3279/4074/697
f 3212/4199/6 3210/4053/692 3279/4074/697
f 3210/4053/692 3280/4224/735 3279/4074/697
f 3177/4044/4 3279/4188/4 3274/4075/4
f 3191/4063/5 3193/4079/5 3181/4077/5
f 3192/4048/5 3194/4219/5 3193/4079/5
f 3174/4066/695 3185/4068/695 3244/4080/695
f 3185/4068/4 3186/4071/4 3245/4073/4
f 3186/4071/696 3190/4083/696 3183/4081/696
f 3185/4068/4 3189/4067/4 3190/4083/4
f 3277/4184/5 3209/4225/5 3274/4086/5
f 3209/4225/5 3211/4084/5 3274/4086/5
f 3303/4085/5 3176/4076/5 3274/4086/5
f 3228/4087/5 3192/4048/5 3191/4063/5
f 3188/4041/6 3187/4089/6 3196/4088/6
f 3196/4088/6 3232/4095/6 3227/4056/6
f 3187/4089/6 3188/4041/6 3190/4043/6
f 3184/4092/6 3197/4098/6 3195/4091/6
f 3187/4089/6 3189/4090/6 3184/4092/6
f 3198/4093/15 3197/4098/15 3184/4092/15
f 3196/4088/698 3200/4055/701 3237/4054/699
f 3195/4091/700 3199/4099/700 3200/4055/701
f 3284/4097/5 3209/4225/5 3228/4087/5
f 3228/4087/5 3226/4113/5 3285/4096/5
f 3197/4098/702 3198/4052/736 3199/4099/703
f 3281/4100/705 3199/4220/734 3198/4052/706
f 3261/4102/1 3215/4226/1 3265/4103/1
f 3271/4105/6 3224/4149/6 3217/4106/6
f 3203/4108/708 3292/4197/708 3311/4109/708
f 3211/4084/5 3209/4225/5 3283/4111/5
f 3209/4225/5 3284/4097/5 3283/4111/5
f 3283/4111/5 3203/4108/5 3309/4110/5
f 3285/4096/5 3226/4113/5 3282/4112/5
f 3226/4113/5 3269/4132/5 3264/4114/5
f 3288/4115/709 3287/4180/737 3236/4116/706
f 3208/4118/6 3205/4222/6 3227/4056/6
f 3217/4120/1 3216/4159/1 3266/4121/1
f 3205/4061/1 3208/4182/1 3207/4123/1
f 3213/4064/5 3206/4179/5 3225/4124/5
f 3223/4125/711 3218/4227/711 3201/4126/711
f 3243/4069/1 3214/4062/1 3207/4123/1
f 3248/4129/712 3216/4143/712 3220/4130/712
f 3269/4132/5 3231/4228/5 3202/4133/5
f 3210/4053/692 3212/4199/6 3286/4134/713
f 3212/4199/6 3308/4201/6 3286/4134/713
f 3308/4201/6 3204/4146/6 3286/4134/713
f 3215/4136/5 3230/4139/5 3268/4137/5
f 3230/4139/5 3231/4228/5 3269/4132/5
f 3249/4140/711 3219/4127/711 3201/4126/711
f 3250/4131/2 3220/4130/2 3219/4127/2
f 3217/4142/712 3224/4144/712 3220/4130/712
f 3224/4144/2 3223/4125/2 3219/4127/2
f 3283/4145/2 3286/4229/2 3204/4146/2
f 3228/4087/5 3229/4065/5 3225/4124/5
f 3234/4147/6 3221/4151/6 3222/4119/6
f 3222/4119/6 3227/4056/6 3234/4147/6
f 3270/4148/6 3223/4230/6 3224/4149/6
f 3233/4152/6 3235/4154/6 3218/4150/6
f 3218/4150/6 3223/4230/6 3270/4148/6
f 3218/4150/6 3270/4148/6 3221/4151/6
f 3236/4153/15 3201/4231/15 3218/4150/15
f 3237/4054/717 3239/4155/719 3234/4147/718
f 3239/4155/719 3238/4156/720 3233/4152/720
f 3210/4053/692 3289/4232/714 3239/4155/714
f 3289/4232/714 3288/4115/709 3239/4155/714
f 3288/4115/709 3238/4117/710 3239/4155/714
f 3238/4156/721 3236/4116/738 3235/4154/722
f 3251/4157/1 3243/4069/1 3247/4128/1
f 3216/4159/1 3248/4233/1 3272/4160/1
f 3244/4080/4 3245/4073/4 3253/4161/4
f 3240/4050/695 3244/4080/695 3252/4162/695
f 3245/4073/696 3242/4072/696 3258/4163/696
f 3241/4070/1 3243/4069/1 3251/4157/1
f 3241/4070/1 3242/4178/1 3182/4164/1
f 3257/4040/1 3251/4157/1 3213/4165/1
f 3253/4161/696 3258/4163/696 3181/4166/696
f 3256/4051/695 3252/4162/695 3194/4168/695
f 3252/4162/4 3253/4161/4 3193/4167/4
f 3213/4165/1 3251/4157/1 3260/4158/1
f 3215/4171/712 3261/4234/712 3255/4172/712
f 3231/4174/711 3254/4177/711 3259/4175/711
f 3230/4173/2 3255/4172/2 3254/4177/2
f 3257/4040/1 3258/4039/1 3242/4178/1
f 3272/4160/1 3273/4104/1 3260/4158/1
f 3266/4121/1 3272/4160/1 3247/4128/1
f 3221/4151/6 3270/4148/6 3271/4105/6
f 3268/4137/5 3269/4132/5 3226/4113/5
f 3265/4138/5 3268/4137/5 3225/4124/5
f 3282/4190/15 3264/4235/15 3263/4183/15
f 3264/4235/15 3202/4176/15 3259/4175/15
f 3263/4183/15 3264/4235/15 3259/4175/15
f 3262/4181/15 3246/4141/15 3201/4126/15
f 3262/4181/15 3201/4126/15 3236/4116/15
f 3282/4190/15 3263/4183/15 3287/4180/15
f 3263/4183/15 3262/4181/15 3287/4180/15
f 3267/4122/1 3266/4121/1 3207/4123/1
f 3222/4119/6 3271/4105/6 3267/4107/6
f 3273/4104/1 3265/4103/1 3206/4170/1
f 3263/4183/739 3273/4104/739 3272/4160/739
f 3254/4177/727 3255/4172/6 3273/4104/713
f 3255/4172/6 3261/4102/6 3273/4104/713
f 3273/4104/713 3263/4183/725 3254/4177/727
f 3248/4129/5 3250/4131/5 3272/4160/729
f 3250/4131/5 3249/4140/730 3272/4160/729
f 3249/4140/730 3246/4141/740 3262/4181/728
f 3275/4049/5 3276/4191/5 3277/4184/5
f 3279/4185/697 3280/4236/735 3281/4100/705
f 3283/4186/5 3284/4237/5 3285/4096/5
f 3286/4134/713 3287/4238/737 3288/4187/709
f 3279/4188/731 3278/4101/731 3275/4189/731
f 3287/4180/732 3286/4229/732 3283/4145/732
f 3228/4087/5 3209/4225/5 3277/4184/5
f 3277/4184/5 3276/4191/5 3228/4087/5
f 3290/4192/4 3296/4203/4 3297/4193/4
f 3293/4195/2 3299/4213/2 3298/4196/2
f 3211/4084/708 3294/4208/708 3305/4198/708
f 3212/4199/691 3295/4212/691 3310/4200/691
f 3177/4044/4 3176/4076/4 3290/4192/4
f 3204/4146/2 3293/4195/2 3292/4197/2
f 3306/4202/15 3297/4193/15 3296/4203/15
f 3298/4196/15 3299/4213/15 3312/4205/15
f 3292/4197/5 3298/4196/5 3313/4206/5
f 3306/4202/2 3317/4217/2 3316/4207/2
f 3294/4208/5 3300/4211/5 3307/4204/5
f 3291/4194/6 3297/4193/6 3306/4202/6
f 3310/4200/4 3318/4215/4 3319/4209/4
f 3305/4198/5 3307/4204/5 3296/4203/5
f 3301/4210/15 3306/4202/15 3307/4204/15
f 3303/4085/708 3305/4198/708 3290/4192/733
f 3302/4046/691 3304/4045/690 3295/4212/691
f 3310/4200/6 3312/4205/6 3299/4213/6
f 3311/4109/5 3313/4206/5 3300/4211/5
f 3313/4206/15 3312/4205/15 3301/4210/15
f 3308/4201/691 3310/4200/691 3293/4195/691
f 3309/4110/708 3311/4109/708 3294/4208/708
f 3314/4214/6 3315/4216/6 3319/4209/6
f 3316/4207/6 3317/4217/6 3315/4216/6
f 3312/4205/1 3319/4209/1 3315/4216/1
f 3301/4210/1 3315/4216/1 3317/4217/1
f 3304/4045/15 3316/4207/15 3314/4214/15
f 3295/4212/15 3314/4214/15 3318/4215/15
f 3362/4239/5 3335/4240/5 3360/4241/5
f 3339/4242/741 3366/4243/741 3330/4244/741
f 3334/4245/15 3340/4246/15 3342/4247/15
f 3325/4248/4 3338/4249/4 3340/4246/4
f 3326/4250/5 3320/4251/5 3335/4240/5
f 3327/4252/6 3325/4248/6 3334/4245/6
f 3331/4253/742 3366/4243/742 3364/4254/742
f 3335/4240/743 3328/4255/743 3331/4253/743
f 3343/4256/741 3330/4244/741 3332/4257/741
f 3338/4249/4 3329/4258/4 3341/4259/4
f 3327/4252/744 3329/4258/744 3321/4260/744
f 3341/4259/4 3333/4261/4 3343/4256/4
f 3333/4261/741 3339/4242/741 3343/4256/741
f 3328/4255/742 3330/4244/742 3331/4253/742
f 3323/4262/745 3333/4261/745 3329/4258/745
f 3337/4263/746 3363/4264/746 3365/4265/746
f 3339/4242/747 3365/4265/747 3374/4266/747
f 3363/4264/748 3342/4247/748 3375/4267/748
f 3337/4263/2 3339/4242/2 3322/4268/2
f 3375/4267/15 3326/4250/15 3362/4239/15
f 3335/4240/743 3364/4254/743 3360/4241/743
f 3328/4255/4 3343/4256/4 3332/4257/4
f 3320/4251/4 3341/4259/4 3328/4255/4
f 3340/4246/4 3320/4251/4 3324/4269/4
f 3342/4247/15 3324/4269/15 3326/4250/15
f 3359/4270/5 3362/4239/5 3360/4241/5
f 3366/4243/741 3369/4271/741 3354/4272/741
f 3370/4273/15 3358/4274/15 3372/4275/15
f 3368/4276/2 3349/4277/2 3370/4273/2
f 3344/4278/5 3350/4279/5 3359/4270/5
f 3349/4277/6 3351/4280/6 3358/4274/6
f 3366/4243/742 3355/4281/742 3364/4254/742
f 3355/4281/743 3344/4278/743 3359/4270/743
f 3354/4272/741 3373/4282/741 3356/4283/741
f 3368/4276/2 3353/4284/2 3345/4285/2
f 3353/4284/744 3351/4280/749 3345/4285/749
f 3371/4286/2 3357/4287/2 3353/4284/2
f 3369/4271/741 3357/4287/741 3373/4282/741
f 3354/4272/742 3352/4288/742 3355/4281/742
f 3357/4287/745 3347/4289/745 3353/4284/745
f 3363/4264/746 3367/4290/746 3365/4265/746
f 3365/4265/747 3369/4271/747 3374/4266/747
f 3372/4275/748 3363/4264/748 3375/4267/748
f 3346/4291/4 3369/4271/4 3367/4290/4
f 3350/4279/15 3375/4267/15 3362/4239/15
f 3364/4254/743 3359/4270/743 3360/4241/743
f 3352/4288/2 3373/4282/2 3371/4286/2
f 3344/4278/2 3371/4286/2 3368/4276/2
f 3344/4278/2 3370/4273/2 3348/4292/2
f 3348/4292/15 3372/4275/15 3350/4279/15
f 3362/4239/5 3326/4250/5 3335/4240/5
f 3339/4242/741 3374/4266/741 3366/4243/741
f 3334/4245/15 3325/4248/15 3340/4246/15
f 3325/4248/4 3321/4260/4 3338/4249/4
f 3326/4250/5 3324/4269/5 3320/4251/5
f 3327/4252/6 3321/4260/6 3325/4248/6
f 3331/4253/742 3330/4244/742 3366/4243/742
f 3335/4240/743 3320/4251/743 3328/4255/743
f 3343/4256/741 3339/4242/741 3330/4244/741
f 3338/4249/4 3321/4260/4 3329/4258/4
f 3327/4252/744 3323/4262/744 3329/4258/744
f 3341/4259/4 3329/4258/4 3333/4261/4
f 3333/4261/741 3322/4268/741 3339/4242/741
f 3328/4255/742 3332/4257/742 3330/4244/742
f 3323/4262/745 3322/4268/745 3333/4261/745
f 3337/4263/746 3336/4293/746 3363/4264/746
f 3339/4242/747 3337/4263/747 3365/4265/747
f 3363/4264/748 3336/4293/748 3342/4247/748
f 3327/4252/2 3334/4245/2 3336/4293/2
f 3334/4245/2 3342/4247/2 3336/4293/2
f 3322/4268/2 3323/4262/2 3337/4263/2
f 3323/4262/2 3327/4252/2 3336/4293/2
f 3337/4263/2 3323/4262/2 3336/4293/2
f 3375/4267/15 3342/4247/15 3326/4250/15
f 3335/4240/743 3331/4253/743 3364/4254/743
f 3328/4255/4 3341/4259/4 3343/4256/4
f 3320/4251/4 3338/4249/4 3341/4259/4
f 3340/4246/4 3338/4249/4 3320/4251/4
f 3342/4247/15 3340/4246/15 3324/4269/15
f 3359/4270/5 3350/4279/5 3362/4239/5
f 3366/4243/741 3374/4266/741 3369/4271/741
f 3370/4273/15 3349/4277/15 3358/4274/15
f 3368/4276/2 3345/4285/2 3349/4277/2
f 3344/4278/5 3348/4292/5 3350/4279/5
f 3349/4277/6 3345/4285/6 3351/4280/6
f 3366/4243/742 3354/4272/742 3355/4281/742
f 3355/4281/743 3352/4288/743 3344/4278/743
f 3354/4272/741 3369/4271/741 3373/4282/741
f 3368/4276/2 3371/4286/2 3353/4284/2
f 3353/4284/744 3347/4289/744 3351/4280/749
f 3371/4286/2 3373/4282/2 3357/4287/2
f 3369/4271/741 3346/4291/741 3357/4287/741
f 3354/4272/742 3356/4283/742 3352/4288/742
f 3357/4287/745 3346/4291/745 3347/4289/745
f 3363/4264/746 3361/4294/746 3367/4290/746
f 3365/4265/747 3367/4290/747 3369/4271/747
f 3372/4275/748 3361/4294/748 3363/4264/748
f 3372/4275/4 3358/4274/4 3361/4294/4
f 3358/4274/4 3351/4280/4 3361/4294/4
f 3351/4280/4 3347/4289/4 3361/4294/4
f 3347/4289/4 3346/4291/4 3367/4290/4
f 3361/4294/4 3347/4289/4 3367/4290/4
f 3350/4279/15 3372/4275/15 3375/4267/15
f 3364/4254/743 3355/4281/743 3359/4270/743
f 3352/4288/2 3356/4283/2 3373/4282/2
f 3344/4278/2 3352/4288/2 3371/4286/2
f 3344/4278/2 3368/4276/2 3370/4273/2
f 3348/4292/15 3370/4273/15 3372/4275/15
f 5395/4295/750 3388/4296/751 3376/4297/752
f 3401/4298/753 3384/4299/753 3382/4300/753
f 5435/4301/754 3386/4302/755 3383/4303/756
f 3401/4298/757 3387/4304/758 5398/4305/759
f 3378/4306/760 3388/4296/751 5399/4307/761
f 5400/4308/762 3380/4309/762 3377/4310/762
f 3376/4297/763 3400/4311/763 3381/4312/763
f 3382/4300/764 3391/4313/764 3389/4314/764
f 3386/4302/765 3390/4315/765 3383/4303/765
f 3382/4300/766 3397/4316/766 3387/4304/766
f 5397/4317/767 3377/4310/768 5394/4318/769
f 5395/4295/753 3384/4299/770 5396/4319/770
f 5394/4318/771 3385/4320/772 3378/4306/760
f 3379/4321/773 3387/4304/758 3386/4302/755
f 5397/4317/774 3383/4303/774 5400/4308/774
f 3396/4322/775 3390/4315/776 3394/4323/777
f 3380/4309/778 3396/4322/775 3393/4324/777
f 3400/4311/777 3396/4322/775 3399/4325/777
f 3396/4322/775 3397/4316/777 3399/4325/777
f 3399/4325/777 3389/4314/777 3391/4313/777
f 3381/4312/777 3399/4325/777 3391/4313/777
f 3376/4297/764 3391/4313/764 3384/4299/764
f 3385/4320/779 3380/4309/779 3393/4324/779
f 3387/4304/780 3394/4323/780 3386/4302/780
f 5400/4308/781 3390/4315/781 3402/4326/781
f 3388/4296/782 3393/4324/782 3400/4311/782
f 3384/4299/2 5401/4327/2 3391/4313/2
f 5395/4295/750 5399/4307/761 3388/4296/751
f 3401/4298/753 5396/4319/753 3384/4299/753
f 5435/4301/754 3379/4321/773 3386/4302/755
f 3401/4298/757 3382/4300/783 3387/4304/758
f 3378/4306/760 3385/4320/772 3388/4296/751
f 5400/4308/762 3402/4326/762 3380/4309/762
f 3376/4297/763 3388/4296/763 3400/4311/763
f 3382/4300/764 3384/4299/764 3391/4313/764
f 3386/4302/765 3394/4323/765 3390/4315/765
f 3382/4300/766 3389/4314/766 3397/4316/766
f 5397/4317/767 5400/4308/784 3377/4310/768
f 5395/4295/753 3376/4297/753 3384/4299/770
f 5394/4318/771 3377/4310/785 3385/4320/772
f 3379/4321/773 5398/4305/759 3387/4304/758
f 5397/4317/786 5435/4301/786 3383/4303/786
f 3396/4322/775 3402/4326/787 3390/4315/776
f 3380/4309/778 3402/4326/787 3396/4322/775
f 3400/4311/777 3393/4324/777 3396/4322/775
f 3396/4322/775 3394/4323/777 3397/4316/777
f 3399/4325/777 3397/4316/777 3389/4314/777
f 3381/4312/777 3400/4311/777 3399/4325/777
f 3376/4297/764 3381/4312/764 3391/4313/764
f 3385/4320/779 3377/4310/779 3380/4309/779
f 3387/4304/780 3397/4316/780 3394/4323/780
f 5400/4308/781 3383/4303/781 3390/4315/781
f 3388/4296/782 3385/4320/782 3393/4324/782
f 3404/4328/788 3413/4329/788 3412/4330/788
f 3413/4329/2 3410/4331/2 3415/4332/2
f 3410/4331/789 3417/4333/789 3415/4332/789
f 3408/4334/4 3412/4335/4 3417/4333/4
f 3409/4336/5 3403/4337/5 3405/4338/5
f 3406/4339/6 3408/4334/6 3410/4331/6
f 3407/4340/4 3411/4341/4 3403/4342/4
f 3417/4333/4 3411/4341/4 3418/4343/4
f 3416/4344/790 3407/4340/790 3409/4336/790
f 3415/4332/15 3418/4343/15 3416/4344/15
f 3414/4345/2 3409/4336/2 3405/4346/2
f 3413/4329/2 3416/4344/2 3414/4345/2
f 3411/4347/791 3405/4346/791 3403/4348/791
f 3412/4330/1 3414/4345/1 3411/4347/1
f 4774/4349/2 4778/4350/2 4775/4351/2
f 4780/4352/15 4784/4353/15 4786/4354/15
f 4776/4355/2 4780/4352/2 4781/4356/2
f 4774/4349/2 4783/4357/2 4779/4358/2
f 4776/4355/2 4782/4359/2 4797/4360/2
f 4775/4351/2 4780/4352/2 4796/4361/2
f 4797/4360/2 4783/4357/2 4777/4362/2
f 4784/4353/792 4791/4363/792 4790/4364/792
f 4783/4357/1 4788/4365/1 4789/4366/1
f 4780/4352/585 4787/4367/585 4781/4356/585
f 4778/4350/584 4785/4368/584 4784/4353/584
f 4779/4358/587 4789/4366/587 4785/4368/587
f 4781/4356/586 4788/4365/586 4782/4359/586
f 4794/4369/4 4793/4370/4 4792/4371/4
f 4785/4368/793 4795/4372/793 4791/4363/793
f 4788/4365/794 4793/4370/794 4794/4369/794
f 4784/4353/795 4792/4371/795 4786/4354/795
f 4788/4365/796 4795/4372/796 4789/4366/796
f 4786/4354/797 4793/4370/797 4787/4367/797
f 4774/4349/2 4779/4358/2 4778/4350/2
f 4780/4352/15 4778/4350/15 4784/4353/15
f 4776/4355/2 4796/4361/2 4780/4352/2
f 4774/4349/2 4777/4362/2 4783/4357/2
f 4776/4355/2 4781/4356/2 4782/4359/2
f 4775/4351/2 4778/4350/2 4780/4352/2
f 4797/4360/2 4782/4359/2 4783/4357/2
f 4784/4353/792 4785/4368/792 4791/4363/792
f 4783/4357/1 4782/4359/1 4788/4365/1
f 4780/4352/585 4786/4354/585 4787/4367/585
f 4778/4350/584 4779/4358/584 4785/4368/584
f 4779/4358/587 4783/4357/587 4789/4366/587
f 4781/4356/586 4787/4367/586 4788/4365/586
f 4792/4371/4 4790/4364/4 4794/4369/4
f 4790/4364/4 4791/4363/4 4794/4369/4
f 4791/4363/4 4795/4372/4 4794/4369/4
f 4785/4368/793 4789/4366/793 4795/4372/793
f 4788/4365/794 4787/4367/794 4793/4370/794
f 4784/4353/795 4790/4364/795 4792/4371/795
f 4788/4365/796 4794/4369/796 4795/4372/796
f 4786/4354/797 4792/4371/797 4793/4370/797
f 4799/4373/599 4800/4374/599 4798/4375/599
f 4801/4376/597 4802/4377/597 4800/4374/597
f 4802/4377/600 4805/4378/600 4804/4379/600
f 4804/4379/598 4807/4380/598 4806/4381/598
f 4807/4380/591 4808/4382/591 4806/4381/591
f 4808/4382/590 4811/4383/590 4810/4384/590
f 4813/4385/798 4827/4386/799 4829/4387/798
f 4811/4383/589 4812/4388/589 4810/4384/589
f 4813/4385/588 4798/4375/588 4812/4388/588
f 4803/4389/800 4816/4390/801 4819/4391/802
f 4825/4392/590 4843/4393/590 4827/4386/590
f 4816/4390/597 4835/4394/597 4819/4391/597
f 4806/4381/803 4824/4395/804 4822/4396/805
f 4807/4380/806 4825/4392/807 4809/4397/808
f 4804/4379/809 4818/4398/810 4802/4377/810
f 4812/4388/811 4814/4399/812 4828/4400/811
f 4800/4374/813 4814/4399/812 4798/4375/812
f 4805/4378/814 4819/4391/802 4821/4401/814
f 4813/4385/798 4817/4402/815 4799/4373/816
f 4799/4373/816 4816/4390/801 4801/4376/801
f 4808/4382/817 4826/4403/818 4824/4395/804
f 4809/4397/808 4827/4386/799 4811/4383/799
f 4804/4379/809 4822/4396/805 4820/4404/809
f 4805/4378/814 4823/4405/819 4807/4380/806
f 4800/4374/813 4818/4398/810 4815/4406/813
f 4812/4388/811 4826/4403/818 4810/4384/818
f 4839/4407/6 4837/4408/6 4835/4394/6
f 4836/4409/5 4840/4410/5 4844/4411/5
f 4818/4398/600 4836/4409/600 4834/4412/600
f 4828/4400/589 4842/4413/589 4826/4403/589
f 4819/4391/600 4837/4408/600 4821/4401/600
f 4829/4387/589 4843/4393/589 4845/4414/589
f 4822/4396/598 4836/4409/598 4820/4404/598
f 4814/4399/588 4844/4411/588 4828/4400/588
f 4823/4405/598 4837/4408/598 4839/4407/598
f 4814/4399/599 4831/4415/599 4830/4416/599
f 4817/4402/588 4845/4414/588 4833/4417/588
f 4822/4396/591 4840/4410/591 4838/4418/591
f 4817/4402/599 4832/4419/599 4816/4390/599
f 4825/4392/591 4839/4407/591 4841/4420/591
f 4818/4398/597 4831/4415/597 4815/4406/597
f 4826/4403/590 4840/4410/590 4824/4395/590
f 4799/4373/599 4801/4376/599 4800/4374/599
f 4801/4376/597 4803/4389/597 4802/4377/597
f 4802/4377/600 4803/4389/600 4805/4378/600
f 4804/4379/598 4805/4378/598 4807/4380/598
f 4807/4380/591 4809/4397/591 4808/4382/591
f 4808/4382/590 4809/4397/590 4811/4383/590
f 4813/4385/798 4811/4383/799 4827/4386/799
f 4811/4383/589 4813/4385/589 4812/4388/589
f 4813/4385/588 4799/4373/588 4798/4375/588
f 4803/4389/800 4801/4376/801 4816/4390/801
f 4825/4392/590 4841/4420/590 4843/4393/590
f 4816/4390/597 4832/4419/597 4835/4394/597
f 4806/4381/803 4808/4382/817 4824/4395/804
f 4807/4380/806 4823/4405/819 4825/4392/807
f 4804/4379/809 4820/4404/809 4818/4398/810
f 4812/4388/811 4798/4375/812 4814/4399/812
f 4800/4374/813 4815/4406/813 4814/4399/812
f 4805/4378/814 4803/4389/800 4819/4391/802
f 4813/4385/798 4829/4387/798 4817/4402/815
f 4799/4373/816 4817/4402/815 4816/4390/801
f 4808/4382/817 4810/4384/818 4826/4403/818
f 4809/4397/808 4825/4392/807 4827/4386/799
f 4804/4379/809 4806/4381/803 4822/4396/805
f 4805/4378/814 4821/4401/814 4823/4405/819
f 4800/4374/813 4802/4377/810 4818/4398/810
f 4812/4388/811 4828/4400/811 4826/4403/818
f 4835/4394/6 4832/4419/6 4833/4417/6
f 4833/4417/6 4845/4414/6 4835/4394/6
f 4845/4414/6 4843/4393/6 4835/4394/6
f 4843/4393/6 4841/4420/6 4835/4394/6
f 4841/4420/6 4839/4407/6 4835/4394/6
f 4844/4411/5 4830/4416/5 4831/4415/5
f 4831/4415/5 4834/4412/5 4844/4411/5
f 4834/4412/5 4836/4409/5 4844/4411/5
f 4836/4409/5 4838/4418/5 4840/4410/5
f 4840/4410/5 4842/4413/5 4844/4411/5
f 4818/4398/600 4820/4404/600 4836/4409/600
f 4828/4400/589 4844/4411/589 4842/4413/589
f 4819/4391/600 4835/4394/600 4837/4408/600
f 4829/4387/589 4827/4386/589 4843/4393/589
f 4822/4396/598 4838/4418/598 4836/4409/598
f 4814/4399/588 4830/4416/588 4844/4411/588
f 4823/4405/598 4821/4401/598 4837/4408/598
f 4814/4399/599 4815/4406/599 4831/4415/599
f 4817/4402/588 4829/4387/588 4845/4414/588
f 4822/4396/591 4824/4395/591 4840/4410/591
f 4817/4402/599 4833/4417/599 4832/4419/599
f 4825/4392/591 4823/4405/591 4839/4407/591
f 4818/4398/597 4834/4412/597 4831/4415/597
f 4826/4403/590 4842/4413/590 4840/4410/590
f 4847/4421/4 4850/4422/4 4846/4423/4
f 4878/4424/4 4849/4425/4 4848/4426/4
f 4468/4427/4 4851/4428/4 4847/4421/4
f 4467/4429/4 4848/4426/4 4853/4430/4
f 4846/4423/4 4849/4425/4 4879/4431/4
f 4467/4429/4 4852/4432/4 4468/4427/4
f 4852/4432/1 4858/4433/1 4851/4428/1
f 4858/4433/2 4863/4434/2 4857/4435/2
f 4850/4422/585 4856/4436/585 4849/4425/585
f 4848/4426/584 4854/4437/584 4853/4430/584
f 4853/4430/587 4859/4438/587 4852/4432/587
f 4851/4428/586 4857/4435/586 4850/4422/586
f 4849/4425/15 4855/4439/15 4848/4426/15
f 4863/4434/585 4868/4440/585 4862/4441/585
f 4856/4436/2 4861/4442/2 4855/4439/2
f 4859/4438/2 4864/4443/2 4858/4433/2
f 4856/4436/2 4863/4434/2 4862/4441/2
f 4855/4439/2 4860/4444/2 4854/4437/2
f 4854/4437/2 4865/4445/2 4859/4438/2
f 4868/4440/820 4873/4446/820 4867/4447/820
f 4861/4442/584 4866/4448/584 4860/4444/584
f 4865/4445/587 4866/4448/587 4871/4449/587
f 4864/4443/586 4869/4450/586 4863/4434/586
f 4861/4442/15 4868/4440/15 4867/4447/15
f 4864/4443/1 4871/4449/1 4870/4451/1
f 4875/4452/2 4876/4453/2 4877/4454/2
f 4871/4449/821 4876/4453/821 4870/4451/821
f 4868/4440/822 4875/4452/823 4874/4455/822
f 4867/4447/824 4872/4456/824 4866/4448/824
f 4866/4448/825 4877/4454/825 4871/4449/826
f 4870/4451/827 4875/4452/827 4869/4450/827
f 4847/4421/4 4851/4428/4 4850/4422/4
f 4878/4424/4 4879/4431/4 4849/4425/4
f 4468/4427/4 4852/4432/4 4851/4428/4
f 4467/4429/4 4878/4424/4 4848/4426/4
f 4846/4423/4 4850/4422/4 4849/4425/4
f 4467/4429/4 4853/4430/4 4852/4432/4
f 4852/4432/1 4859/4438/1 4858/4433/1
f 4858/4433/2 4864/4443/2 4863/4434/2
f 4850/4422/585 4857/4435/585 4856/4436/585
f 4848/4426/584 4855/4439/584 4854/4437/584
f 4853/4430/587 4854/4437/587 4859/4438/587
f 4851/4428/586 4858/4433/586 4857/4435/586
f 4849/4425/15 4856/4436/15 4855/4439/15
f 4863/4434/585 4869/4450/585 4868/4440/585
f 4856/4436/2 4862/4441/2 4861/4442/2
f 4859/4438/2 4865/4445/2 4864/4443/2
f 4856/4436/2 4857/4435/2 4863/4434/2
f 4855/4439/2 4861/4442/2 4860/4444/2
f 4854/4437/2 4860/4444/2 4865/4445/2
f 4868/4440/820 4874/4455/828 4873/4446/820
f 4861/4442/584 4867/4447/584 4866/4448/584
f 4865/4445/587 4860/4444/587 4866/4448/587
f 4864/4443/586 4870/4451/586 4869/4450/586
f 4861/4442/15 4862/4441/15 4868/4440/15
f 4864/4443/1 4865/4445/1 4871/4449/1
f 4877/4454/2 4872/4456/2 4875/4452/2
f 4872/4456/2 4873/4446/2 4875/4452/2
f 4873/4446/2 4874/4455/2 4875/4452/2
f 4871/4449/821 4877/4454/821 4876/4453/821
f 4868/4440/822 4869/4450/823 4875/4452/823
f 4867/4447/824 4873/4446/824 4872/4456/824
f 4866/4448/825 4872/4456/825 4877/4454/825
f 4870/4451/827 4876/4453/829 4875/4452/827
f 3103/3941/1 3105/4457/1 3104/3942/1
f 3126/3944/2 3109/3947/2 3108/3945/2
f 3109/3947/15 3107/3958/15 3106/3948/15
f 3113/3949/4 3103/4458/4 3102/3950/4
f 3108/3945/665 3106/3948/665 3111/3952/665
f 3105/3954/666 3103/4459/666 3113/3955/666
f 3126/3957/667 3112/4001/667 3107/3958/667
f 3124/3959/668 3110/3970/668 3102/3960/668
f 3106/3948/4 3107/3958/4 3112/3962/4
f 3104/3942/2 3105/4457/2 3125/3964/2
f 3129/3966/15 3118/4460/15 3115/3967/15
f 3124/3959/1 3127/4461/1 3128/3969/1
f 3123/3953/15 3111/3952/15 3129/3966/15
f 3116/3971/1 3120/3996/1 3121/3972/1
f 3128/3969/1 3127/4461/1 3116/3971/1
f 3119/3980/671 3122/3985/671 3137/3981/671
f 3130/3979/2 3115/3978/2 3119/3983/2
f 3115/3967/15 3118/4460/15 3122/3985/15
f 3132/3976/4 3117/3975/4 3121/3986/4
f 3133/3988/4 3137/3991/4 3122/3989/4
f 3132/3976/4 3136/3987/4 3137/3991/4
f 3131/3992/2 3135/3995/2 3120/3993/2
f 3130/3979/2 3134/3984/2 3135/3995/2
f 3120/3996/672 3135/3998/672 3136/3997/672
f 3134/3982/673 3137/3981/673 3136/3997/673
f 3114/3977/670 3130/3979/670 3131/3992/670
f 3128/3974/669 3132/3976/669 3133/3988/669
f 3110/3951/4 3128/3974/4 3129/4000/4
f 3125/3964/2 3126/3944/2 3123/3946/2
f 3112/3962/4 3113/3949/4 3110/3951/4
f 3123/3946/2 3114/3977/2 3127/3999/2
f 3125/3956/6 3113/3955/6 3112/4001/6
f 3404/4328/788 3406/4462/788 3413/4329/788
f 3413/4329/2 3406/4462/2 3410/4331/2
f 3410/4331/789 3408/4334/789 3417/4333/789
f 3408/4334/4 3404/4463/4 3412/4335/4
f 3409/4336/5 3407/4340/5 3403/4337/5
f 3406/4339/6 3404/4464/6 3408/4334/6
f 3407/4340/4 3418/4343/4 3411/4341/4
f 3417/4333/4 3412/4335/4 3411/4341/4
f 3416/4344/790 3418/4343/790 3407/4340/790
f 3415/4332/15 3417/4333/15 3418/4343/15
f 3414/4345/2 3416/4344/2 3409/4336/2
f 3413/4329/2 3415/4332/2 3416/4344/2
f 3411/4347/791 3414/4345/791 3405/4346/791
f 3412/4330/1 3413/4329/1 3414/4345/1
usemtl Material.015
f 3420/4465/830 3429/4466/830 3428/4467/830
f 3429/4466/646 3426/4468/831 3431/4469/382
f 3426/4468/832 3433/4470/832 3431/4469/832
f 3424/4471/833 3428/4472/834 3433/4470/834
f 3425/4473/5 3419/4474/5 3421/4475/5
f 3426/4468/6 3420/4476/6 3424/4471/6
f 3423/4477/835 3427/4478/834 3419/4479/836
f 3433/4470/834 3427/4478/834 3434/4480/837
f 3432/4481/838 3423/4477/838 3425/4473/838
f 3431/4469/15 3434/4480/15 3432/4481/15
f 3430/4482/646 3425/4473/839 3421/4483/840
f 3429/4466/646 3432/4481/646 3430/4482/646
f 3427/4484/841 3421/4483/841 3419/4485/841
f 3428/4467/1 3430/4482/1 3427/4484/1
f 5551/4486/540 5552/4487/540 5550/4488/540
f 3098/4489/541 5553/4490/541 5552/4487/541
f 3099/4491/4 5554/4492/4 5553/4490/4
f 3100/4493/542 5555/4494/542 5554/4492/542
f 5556/4495/543 5557/4496/543 5555/4494/543
f 3101/4497/2 5550/4488/2 5557/4496/2
f 5557/4496/842 5562/4498/842 5555/4494/842
f 5563/4499/543 5568/4500/543 5562/4498/543
f 5550/4488/843 5559/4501/843 5558/4502/843
f 5554/4492/844 5560/4503/844 5553/4490/844
f 5550/4488/845 5563/4499/845 5557/4496/845
f 5554/4492/846 5562/4498/846 5561/4504/846
f 5552/4487/847 5560/4503/847 5559/4501/847
f 5569/4505/1 5570/4506/1 5575/4507/1
f 5561/4504/4 5566/4508/4 5560/4503/4
f 5559/4501/540 5564/4509/540 5558/4502/540
f 5558/4502/2 5569/4505/2 5563/4499/2
f 5562/4498/542 5567/4510/542 5561/4504/542
f 5560/4503/541 5565/4511/541 5559/4501/541
f 5574/4512/541 5581/4513/541 5580/4514/541
f 5568/4500/1 5573/4515/1 5567/4510/1
f 5566/4508/1 5571/4516/1 5565/4511/1
f 5569/4505/1 5574/4512/1 5568/4500/1
f 5567/4510/1 5572/4517/1 5566/4508/1
f 5564/4509/1 5571/4516/1 5570/4506/1
f 5580/4514/848 5585/4518/848 5579/4519/848
f 5573/4515/2 5578/4520/2 5572/4517/2
f 5570/4506/542 5577/4521/542 5576/4522/542
f 5570/4506/4 5581/4513/4 5575/4507/4
f 5574/4512/540 5579/4519/540 5573/4515/540
f 5572/4517/543 5577/4521/543 5571/4516/543
f 5584/4523/2 3095/4524/2 5549/4525/2
f 5577/4521/849 5584/4523/849 5583/4526/849
f 5581/4513/850 5586/4527/850 5580/4514/850
f 5579/4519/851 5584/4523/851 5578/4520/851
f 5576/4522/852 5583/4526/852 5582/4528/852
f 5581/4513/853 5582/4528/853 5587/4529/853
f 5583/4526/542 3094/4530/542 5582/4528/542
f 5582/4528/4 3097/4531/4 5587/4529/4
f 5586/4527/540 3095/4524/540 5585/4518/540
f 5584/4523/543 5548/4532/543 5583/4526/543
f 5587/4529/541 3096/4533/541 5586/4527/541
f 5551/4486/540 3098/4489/540 5552/4487/540
f 3098/4489/541 3099/4491/541 5553/4490/541
f 3099/4491/4 3100/4493/4 5554/4492/4
f 3100/4493/542 5556/4495/542 5555/4494/542
f 5556/4495/543 3101/4497/543 5557/4496/543
f 3101/4497/2 5551/4486/2 5550/4488/2
f 5557/4496/842 5563/4499/842 5562/4498/842
f 5563/4499/543 5569/4505/543 5568/4500/543
f 5550/4488/843 5552/4487/843 5559/4501/843
f 5554/4492/844 5561/4504/844 5560/4503/844
f 5550/4488/845 5558/4502/845 5563/4499/845
f 5554/4492/846 5555/4494/846 5562/4498/846
f 5552/4487/847 5553/4490/847 5560/4503/847
f 5569/4505/1 5564/4509/1 5570/4506/1
f 5561/4504/4 5567/4510/4 5566/4508/4
f 5559/4501/540 5565/4511/540 5564/4509/540
f 5558/4502/2 5564/4509/2 5569/4505/2
f 5562/4498/542 5568/4500/542 5567/4510/542
f 5560/4503/541 5566/4508/541 5565/4511/541
f 5574/4512/541 5575/4507/541 5581/4513/541
f 5568/4500/1 5574/4512/1 5573/4515/1
f 5566/4508/1 5572/4517/1 5571/4516/1
f 5569/4505/1 5575/4507/1 5574/4512/1
f 5567/4510/1 5573/4515/1 5572/4517/1
f 5564/4509/1 5565/4511/1 5571/4516/1
f 5580/4514/848 5586/4527/854 5585/4518/848
f 5573/4515/2 5579/4519/2 5578/4520/2
f 5570/4506/542 5571/4516/542 5577/4521/542
f 5570/4506/4 5576/4522/4 5581/4513/4
f 5574/4512/540 5580/4514/540 5579/4519/540
f 5572/4517/543 5578/4520/543 5577/4521/543
f 5584/4523/2 5585/4518/2 3095/4524/2
f 5577/4521/849 5578/4520/849 5584/4523/849
f 5581/4513/850 5587/4529/850 5586/4527/850
f 5579/4519/851 5585/4518/851 5584/4523/851
f 5576/4522/852 5577/4521/852 5583/4526/852
f 5581/4513/853 5576/4522/853 5582/4528/853
f 5583/4526/542 5548/4532/542 3094/4530/542
f 5582/4528/4 3094/4530/4 3097/4531/4
f 5586/4527/540 3096/4533/540 3095/4524/540
f 5584/4523/543 5549/4525/543 5548/4532/543
f 5587/4529/541 3097/4531/541 3096/4533/541
f 3420/4465/830 3422/4534/830 3429/4466/830
f 3429/4466/646 3422/4534/855 3426/4468/831
f 3426/4468/832 3424/4471/832 3433/4470/832
f 3424/4471/833 3420/4535/856 3428/4472/834
f 3425/4473/5 3423/4477/5 3419/4474/5
f 3426/4468/6 3422/4536/6 3420/4476/6
f 3423/4477/835 3434/4480/837 3427/4478/834
f 3433/4470/834 3428/4472/834 3427/4478/834
f 3432/4481/838 3434/4480/838 3423/4477/838
f 3431/4469/15 3433/4470/15 3434/4480/15
f 3430/4482/646 3432/4481/646 3425/4473/839
f 3429/4466/646 3431/4469/382 3432/4481/646
f 3427/4484/841 3430/4482/841 3421/4483/841
f 3428/4467/1 3429/4466/1 3430/4482/1
usemtl Material.016
f 3435/4537/857 3546/4538/857 3545/4539/857
f 3436/4540/1 3544/4541/1 3546/4538/1
f 3437/4542/858 3540/4543/858 3544/4541/858
f 3439/4544/859 3540/4543/859 3438/4545/859
f 3440/4546/15 3541/4547/15 3439/4544/15
f 3435/4548/860 3543/4549/860 3440/4546/860
f 3438/4550/861 3437/4551/861 3436/4552/861
f 3441/4553/857 3538/4554/857 3542/4555/857
f 3442/4556/1 3536/4557/1 3538/4554/1
f 3443/4558/858 3537/4559/858 3536/4557/858
f 3445/4560/859 3537/4559/859 3444/4561/859
f 3446/4562/15 3535/4563/15 3445/4560/15
f 3441/4564/860 3539/4565/860 3446/4562/860
f 3444/4566/861 3443/4567/861 3442/4568/861
f 3448/4569/7 3449/4570/7 3447/4571/7
f 3450/4572/8 3451/4573/8 3449/4570/8
f 3531/4574/9 3534/4575/9 3451/4573/9
f 3453/4576/10 3533/4577/10 3455/4578/10
f 3529/4579/11 3458/4580/11 3457/4581/11
f 3457/4581/12 3460/4582/12 3459/4583/12
f 3460/4584/1 3456/4585/1 3452/4586/1
f 3460/4582/13 3461/4587/13 3459/4583/13
f 3462/4588/14 3447/4589/14 3461/4587/14
f 3449/4570/15 3465/4590/15 3464/4591/15
f 3466/4592/9 3473/4593/9 3465/4590/9
f 3457/4581/15 3467/4594/15 3455/4578/15
f 3461/4587/15 3463/4595/15 3470/4596/15
f 3449/4570/15 3463/4597/15 3447/4571/15
f 3453/4576/15 3465/4590/15 3451/4573/15
f 3457/4581/15 3469/4598/15 3468/4599/15
f 3455/4578/15 3466/4592/15 3453/4576/15
f 3461/4587/15 3469/4598/15 3459/4583/15
f 3478/4600/1 3485/4601/1 3477/4602/1
f 3464/4591/7 3471/4603/7 3463/4597/7
f 3470/4596/14 3471/4604/14 3478/4600/14
f 3469/4598/12 3476/4605/12 3468/4599/12
f 3467/4594/10 3474/4606/10 3466/4592/10
f 3464/4591/8 3473/4593/8 3472/4607/8
f 3469/4598/13 3478/4600/13 3477/4602/13
f 3467/4594/11 3476/4605/11 3475/4608/11
f 3482/4609/10 3491/4610/10 3490/4611/10
f 3475/4608/1 3484/4612/1 3483/4613/1
f 3474/4606/1 3481/4614/1 3473/4593/1
f 3472/4607/1 3479/4615/1 3471/4603/1
f 3471/4604/1 3486/4616/1 3478/4600/1
f 3476/4605/1 3485/4601/1 3484/4612/1
f 3474/4606/1 3483/4613/1 3482/4609/1
f 3473/4593/1 3480/4617/1 3472/4607/1
f 3494/4618/15 3495/4619/15 3502/4620/15
f 3480/4617/8 3489/4621/8 3488/4622/8
f 3485/4601/13 3494/4618/13 3493/4623/13
f 3484/4612/11 3491/4610/11 3483/4613/11
f 3482/4609/9 3489/4621/9 3481/4614/9
f 3480/4617/7 3487/4624/7 3479/4615/7
f 3479/4625/14 3494/4618/14 3486/4616/14
f 3485/4601/12 3492/4626/12 3484/4612/12
f 3499/4627/7 3508/4628/7 3507/4629/7
f 3493/4623/15 3500/4630/15 3492/4626/15
f 3491/4610/15 3498/4631/15 3490/4611/15
f 3489/4621/15 3496/4632/15 3488/4622/15
f 3493/4623/15 3502/4620/15 3501/4633/15
f 3492/4626/15 3499/4627/15 3491/4610/15
f 3490/4611/15 3497/4634/15 3489/4621/15
f 3487/4624/15 3496/4632/15 3495/4635/15
f 3510/4636/15 3517/4637/15 3509/4638/15
f 3497/4634/13 3506/4639/13 3505/4640/13
f 3496/4632/11 3503/4641/11 3495/4635/11
f 3495/4619/10 3510/4636/10 3502/4620/10
f 3500/4630/8 3509/4638/8 3508/4628/8
f 3498/4631/14 3507/4629/14 3506/4639/14
f 3497/4634/12 3504/4642/12 3496/4632/12
f 3502/4620/9 3509/4638/9 3501/4633/9
f 3517/4637/8 3524/4643/8 3516/4644/8
f 3508/4628/15 3515/4645/15 3507/4629/15
f 3506/4639/15 3513/4646/15 3505/4640/15
f 3503/4641/15 3512/4647/15 3511/4648/15
f 3510/4636/15 3511/4649/15 3518/4650/15
f 3509/4638/15 3516/4644/15 3508/4628/15
f 3507/4629/15 3514/4651/15 3506/4639/15
f 3505/4640/15 3512/4647/15 3504/4642/15
f 3522/4652/15 3524/4653/15 3526/4654/15
f 3514/4651/14 3523/4655/14 3522/4656/14
f 3512/4647/12 3521/4657/12 3520/4658/12
f 3517/4637/9 3526/4659/9 3525/4660/9
f 3515/4645/7 3524/4643/7 3523/4655/7
f 3514/4651/13 3521/4657/13 3513/4646/13
f 3512/4647/11 3519/4661/11 3511/4648/11
f 3511/4649/10 3526/4659/10 3518/4650/10
f 3531/4662/862 3533/4663/862 3534/4664/862
f 3528/4665/863 3530/4666/863 3529/4667/863
f 3530/4668/10 3454/4669/10 3456/4670/10
f 3544/4671/864 3542/4672/864 3538/4673/864
f 3539/4674/864 3541/4675/864 3528/4665/864
f 3435/4537/857 3436/4540/857 3546/4538/857
f 3436/4540/1 3437/4542/1 3544/4541/1
f 3437/4542/858 3438/4545/858 3540/4543/858
f 3439/4544/859 3541/4547/859 3540/4543/859
f 3440/4546/15 3543/4549/15 3541/4547/15
f 3435/4548/860 3545/4676/860 3543/4549/860
f 3436/4552/861 3435/4677/861 3438/4550/861
f 3435/4677/861 3440/4678/861 3438/4550/861
f 3440/4678/861 3439/4679/861 3438/4550/861
f 3441/4553/857 3442/4556/857 3538/4554/857
f 3442/4556/1 3443/4558/1 3536/4557/1
f 3443/4558/858 3444/4561/858 3537/4559/858
f 3445/4560/859 3535/4563/859 3537/4559/859
f 3446/4562/15 3539/4565/15 3535/4563/15
f 3441/4564/860 3542/4680/860 3539/4565/860
f 3442/4568/861 3441/4681/861 3444/4566/861
f 3441/4681/861 3446/4682/861 3444/4566/861
f 3446/4682/861 3445/4683/861 3444/4566/861
f 3448/4569/7 3450/4572/7 3449/4570/7
f 3450/4572/8 3452/4684/8 3451/4573/8
f 3452/4684/9 3454/4669/9 3527/4685/9
f 3452/4684/9 3527/4685/9 3528/4686/9
f 3534/4575/9 3453/4576/9 3451/4573/9
f 3452/4684/9 3528/4686/9 3451/4573/9
f 3528/4686/9 3531/4574/9 3451/4573/9
f 3453/4576/10 3534/4575/10 3533/4577/10
f 3457/4581/11 3455/4578/11 3533/4577/11
f 3457/4581/11 3533/4577/11 3532/4687/11
f 3530/4668/11 3456/4670/11 3458/4580/11
f 3457/4581/11 3532/4687/11 3529/4579/11
f 3529/4579/11 3530/4668/11 3458/4580/11
f 3457/4581/12 3458/4580/12 3460/4582/12
f 3452/4586/1 3450/4688/1 3460/4584/1
f 3450/4688/1 3448/4689/1 3460/4584/1
f 3448/4689/1 3462/4690/1 3460/4584/1
f 3460/4584/1 3458/4691/1 3456/4585/1
f 3456/4585/1 3454/4692/1 3452/4586/1
f 3460/4582/13 3462/4588/13 3461/4587/13
f 3462/4588/14 3448/4693/14 3447/4589/14
f 3449/4570/15 3451/4573/15 3465/4590/15
f 3466/4592/9 3474/4606/9 3473/4593/9
f 3457/4581/15 3468/4599/15 3467/4594/15
f 3461/4587/15 3447/4589/15 3463/4595/15
f 3449/4570/15 3464/4591/15 3463/4597/15
f 3453/4576/15 3466/4592/15 3465/4590/15
f 3457/4581/15 3459/4583/15 3469/4598/15
f 3455/4578/15 3467/4594/15 3466/4592/15
f 3461/4587/15 3470/4596/15 3469/4598/15
f 3478/4600/1 3486/4616/1 3485/4601/1
f 3464/4591/7 3472/4607/7 3471/4603/7
f 3470/4596/14 3463/4595/14 3471/4604/14
f 3469/4598/12 3477/4602/12 3476/4605/12
f 3467/4594/10 3475/4608/10 3474/4606/10
f 3464/4591/8 3465/4590/8 3473/4593/8
f 3469/4598/13 3470/4596/13 3478/4600/13
f 3467/4594/11 3468/4599/11 3476/4605/11
f 3482/4609/10 3483/4613/10 3491/4610/10
f 3475/4608/1 3476/4605/1 3484/4612/1
f 3474/4606/1 3482/4609/1 3481/4614/1
f 3472/4607/1 3480/4617/1 3479/4615/1
f 3471/4604/1 3479/4625/1 3486/4616/1
f 3476/4605/1 3477/4602/1 3485/4601/1
f 3474/4606/1 3475/4608/1 3483/4613/1
f 3473/4593/1 3481/4614/1 3480/4617/1
f 3494/4618/15 3487/4694/15 3495/4619/15
f 3480/4617/8 3481/4614/8 3489/4621/8
f 3485/4601/13 3486/4616/13 3494/4618/13
f 3484/4612/11 3492/4626/11 3491/4610/11
f 3482/4609/9 3490/4611/9 3489/4621/9
f 3480/4617/7 3488/4622/7 3487/4624/7
f 3479/4625/14 3487/4694/14 3494/4618/14
f 3485/4601/12 3493/4623/12 3492/4626/12
f 3499/4627/7 3500/4630/7 3508/4628/7
f 3493/4623/15 3501/4633/15 3500/4630/15
f 3491/4610/15 3499/4627/15 3498/4631/15
f 3489/4621/15 3497/4634/15 3496/4632/15
f 3493/4623/15 3494/4618/15 3502/4620/15
f 3492/4626/15 3500/4630/15 3499/4627/15
f 3490/4611/15 3498/4631/15 3497/4634/15
f 3487/4624/15 3488/4622/15 3496/4632/15
f 3510/4636/15 3518/4650/15 3517/4637/15
f 3497/4634/13 3498/4631/13 3506/4639/13
f 3496/4632/11 3504/4642/11 3503/4641/11
f 3495/4619/10 3503/4695/10 3510/4636/10
f 3500/4630/8 3501/4633/8 3509/4638/8
f 3498/4631/14 3499/4627/14 3507/4629/14
f 3497/4634/12 3505/4640/12 3504/4642/12
f 3502/4620/9 3510/4636/9 3509/4638/9
f 3517/4637/8 3525/4660/8 3524/4643/8
f 3508/4628/15 3516/4644/15 3515/4645/15
f 3506/4639/15 3514/4651/15 3513/4646/15
f 3503/4641/15 3504/4642/15 3512/4647/15
f 3510/4636/15 3503/4695/15 3511/4649/15
f 3509/4638/15 3517/4637/15 3516/4644/15
f 3507/4629/15 3515/4645/15 3514/4651/15
f 3505/4640/15 3513/4646/15 3512/4647/15
f 3526/4654/15 3519/4696/15 3522/4652/15
f 3519/4696/15 3520/4697/15 3522/4652/15
f 3520/4697/15 3521/4698/15 3522/4652/15
f 3522/4652/15 3523/4699/15 3524/4653/15
f 3524/4653/15 3525/4700/15 3526/4654/15
f 3514/4651/14 3515/4645/14 3523/4655/14
f 3512/4647/12 3513/4646/12 3521/4657/12
f 3517/4637/9 3518/4650/9 3526/4659/9
f 3515/4645/7 3516/4644/7 3524/4643/7
f 3514/4651/13 3522/4656/13 3521/4657/13
f 3512/4647/11 3520/4658/11 3519/4661/11
f 3511/4649/10 3519/4701/10 3526/4659/10
f 3531/4662/862 3532/4702/862 3533/4663/862
f 3528/4665/863 3527/4703/863 3530/4666/863
f 3530/4668/10 3527/4685/10 3454/4669/10
f 3531/4662/864 3528/4665/864 3545/4704/864
f 3531/4662/864 3545/4704/864 3546/4705/864
f 3537/4706/864 3529/4667/864 3532/4702/864
f 3536/4707/864 3537/4706/864 3532/4702/864
f 3532/4702/864 3531/4662/864 3538/4673/864
f 3531/4662/864 3546/4705/864 3544/4671/864
f 3544/4671/864 3540/4708/864 3542/4672/864
f 3531/4662/864 3544/4671/864 3538/4673/864
f 3538/4673/864 3536/4707/864 3532/4702/864
f 3529/4667/864 3537/4706/864 3535/4709/864
f 3539/4674/864 3542/4672/864 3541/4675/864
f 3542/4672/864 3540/4708/864 3541/4675/864
f 3529/4667/864 3535/4709/864 3539/4674/864
f 3543/4710/864 3545/4704/864 3528/4665/864
f 3541/4675/864 3543/4710/864 3528/4665/864
f 3528/4665/864 3529/4667/864 3539/4674/864
usemtl Material.017
f 3745/4711/543 3750/4712/543 3744/4713/543
f 3749/4714/1 3750/4712/1 3751/4715/1
f 3742/4716/4 3749/4714/4 3748/4717/4
f 3741/4718/540 3747/4719/540 3746/4720/540
f 3741/4718/2 3751/4715/2 3745/4711/2
f 3743/4721/542 3750/4712/542 3749/4714/542
f 3754/4722/543 3761/4723/543 3760/4724/543
f 3760/4724/1 3761/4723/1 3757/4725/1
f 3896/4726/4 3759/4727/4 3758/4728/4
f 3895/4729/540 3756/4730/540 3752/4731/540
f 3752/4731/2 3761/4723/2 3755/4732/2
f 3753/4733/542 3760/4724/542 3759/4727/542
f 3895/4729/541 3758/4728/541 3757/4725/541
f 3962/4734/543 3769/4735/543 3768/4736/543
f 3767/4737/1 3768/4736/1 3769/4735/1
f 3961/4738/4 3767/4737/4 3766/4739/4
f 3960/4740/540 3764/4741/540 3762/4742/540
f 3762/4742/2 3769/4735/2 3963/4743/2
f 3763/4744/542 3768/4736/542 3767/4737/542
f 3961/4738/541 3765/4745/541 3960/4740/541
f 3745/4711/543 3751/4715/543 3750/4712/543
f 3751/4715/1 3746/4720/1 3747/4719/1
f 3747/4719/1 3748/4717/1 3751/4715/1
f 3748/4717/1 3749/4714/1 3751/4715/1
f 3742/4716/4 3743/4721/4 3749/4714/4
f 3741/4718/2 3746/4720/2 3751/4715/2
f 3743/4721/542 3744/4713/542 3750/4712/542
f 3742/4716/541 3748/4717/541 3747/4719/541
f 3754/4722/543 3755/4732/543 3761/4723/543
f 3761/4723/1 3756/4730/1 3757/4725/1
f 3757/4725/1 3758/4728/1 3759/4727/1
f 3759/4727/1 3760/4724/1 3757/4725/1
f 3896/4726/4 3753/4733/4 3759/4727/4
f 3895/4729/540 3757/4725/540 3756/4730/540
f 3752/4731/2 3756/4730/2 3761/4723/2
f 3753/4733/542 3754/4722/542 3760/4724/542
f 3895/4729/541 3896/4726/541 3758/4728/541
f 3962/4734/543 3963/4743/543 3769/4735/543
f 3769/4735/1 3764/4741/1 3767/4737/1
f 3764/4741/1 3765/4745/1 3767/4737/1
f 3765/4745/1 3766/4739/1 3767/4737/1
f 3961/4738/4 3763/4744/4 3767/4737/4
f 3960/4740/540 3765/4745/540 3764/4741/540
f 3762/4742/2 3764/4741/2 3769/4735/2
f 3763/4744/542 3962/4734/542 3768/4736/542
f 3961/4738/541 3766/4739/541 3765/4745/541
usemtl Material.018
f 3819/4746/865 3973/4747/865 3820/4748/865
f 3971/4749/866 3978/4750/866 3972/4751/866
f 3966/4752/867 3971/4749/867 3818/4753/867
f 3820/4748/868 3974/4754/868 3967/4755/868
f 3818/4753/869 3972/4751/869 3819/4746/869
f 3968/4756/870 3970/4757/870 3966/4752/870
f 3967/4755/871 3969/4758/871 3968/4756/871
f 3976/4759/872 3983/4760/872 3977/4761/872
f 3969/4758/873 3976/4759/873 3970/4757/873
f 3974/4754/874 3975/4762/874 3969/4758/874
f 3972/4751/875 3979/4763/875 3973/4747/875
f 3971/4749/876 3976/4759/876 3977/4761/876
f 3974/4754/877 3979/4763/877 3980/4764/877
f 3984/4765/15 3983/4760/15 3981/4766/15
f 3980/4764/878 3985/4767/878 3986/4768/878
f 3977/4761/879 3984/4765/879 3978/4750/879
f 3976/4759/880 3981/4766/880 3982/4769/880
f 3980/4764/881 3981/4766/881 3975/4762/881
f 3978/4750/882 3985/4767/882 3979/4763/882
f 3990/4770/865 3995/4771/865 3988/4772/865
f 3993/4773/866 4000/4774/866 3994/4775/866
f 3989/4776/867 3993/4773/867 3882/4777/867
f 3988/4772/868 3996/4778/868 3897/4779/868
f 3882/4777/869 3994/4775/869 3990/4770/869
f 3987/4780/870 3992/4781/870 3989/4776/870
f 3897/4779/871 3991/4782/871 3987/4780/871
f 3998/4783/872 4005/4784/872 3999/4785/872
f 3991/4782/873 3998/4783/873 3992/4781/873
f 3996/4778/874 3997/4786/874 3991/4782/874
f 3995/4771/875 4000/4774/875 4001/4787/875
f 3993/4773/876 3998/4783/876 3999/4785/876
f 3995/4771/877 4002/4788/877 3996/4778/877
f 4003/4789/15 4007/4790/15 4005/4784/15
f 4002/4788/878 4007/4790/878 4008/4791/878
f 4000/4774/879 4005/4784/879 4006/4792/879
f 3998/4783/880 4003/4789/880 4004/4793/880
f 4002/4788/881 4003/4789/881 3997/4786/881
f 4000/4774/882 4007/4790/882 4001/4787/882
f 4009/4794/865 4015/4795/865 4010/4796/865
f 4013/4797/866 4020/4798/866 4014/4799/866
f 3946/4800/867 4013/4797/867 3965/4801/867
f 4010/4796/868 4016/4802/868 3947/4803/868
f 3965/4801/869 4014/4799/869 4009/4794/869
f 3964/4804/870 4012/4805/870 3946/4800/870
f 3947/4803/871 4011/4806/871 3964/4804/871
f 4018/4807/872 4025/4808/872 4019/4809/872
f 4011/4806/873 4018/4807/873 4012/4805/873
f 4016/4802/874 4017/4810/874 4011/4806/874
f 4015/4795/875 4020/4798/875 4021/4811/875
f 4012/4805/876 4019/4809/876 4013/4797/876
f 4016/4802/877 4021/4811/877 4022/4812/877
f 4023/4813/15 4027/4814/15 4025/4808/15
f 4022/4812/878 4027/4814/878 4028/4815/878
f 4020/4798/879 4025/4808/879 4026/4816/879
f 4017/4810/880 4024/4817/880 4018/4807/880
f 4022/4812/881 4023/4813/881 4017/4810/881
f 4021/4811/882 4026/4816/882 4027/4814/882
f 3819/4746/865 3972/4751/865 3973/4747/865
f 3971/4749/866 3977/4761/866 3978/4750/866
f 3966/4752/867 3970/4757/867 3971/4749/867
f 3820/4748/868 3973/4747/868 3974/4754/868
f 3818/4753/869 3971/4749/869 3972/4751/869
f 3968/4756/870 3969/4758/870 3970/4757/870
f 3967/4755/871 3974/4754/871 3969/4758/871
f 3976/4759/872 3982/4769/872 3983/4760/872
f 3969/4758/873 3975/4762/873 3976/4759/873
f 3974/4754/874 3980/4764/874 3975/4762/874
f 3972/4751/875 3978/4750/875 3979/4763/875
f 3971/4749/876 3970/4757/876 3976/4759/876
f 3974/4754/877 3973/4747/877 3979/4763/877
f 3983/4760/15 3982/4769/15 3981/4766/15
f 3981/4766/15 3986/4768/15 3985/4767/15
f 3985/4767/15 3984/4765/15 3981/4766/15
f 3980/4764/878 3979/4763/878 3985/4767/878
f 3977/4761/879 3983/4760/879 3984/4765/879
f 3976/4759/880 3975/4762/880 3981/4766/880
f 3980/4764/881 3986/4768/881 3981/4766/881
f 3978/4750/882 3984/4765/882 3985/4767/882
f 3990/4770/865 3994/4775/865 3995/4771/865
f 3993/4773/866 3999/4785/866 4000/4774/866
f 3989/4776/867 3992/4781/867 3993/4773/867
f 3988/4772/868 3995/4771/868 3996/4778/868
f 3882/4777/869 3993/4773/869 3994/4775/869
f 3987/4780/870 3991/4782/870 3992/4781/870
f 3897/4779/871 3996/4778/871 3991/4782/871
f 3998/4783/872 4004/4793/872 4005/4784/872
f 3991/4782/873 3997/4786/873 3998/4783/873
f 3996/4778/874 4002/4788/874 3997/4786/874
f 3995/4771/875 3994/4775/875 4000/4774/875
f 3993/4773/876 3992/4781/876 3998/4783/876
f 3995/4771/877 4001/4787/877 4002/4788/877
f 4005/4784/15 4004/4793/15 4003/4789/15
f 4003/4789/15 4008/4791/15 4007/4790/15
f 4007/4790/15 4006/4792/15 4005/4784/15
f 4002/4788/878 4001/4787/878 4007/4790/878
f 4000/4774/879 3999/4785/879 4005/4784/879
f 3998/4783/880 3997/4786/880 4003/4789/880
f 4002/4788/881 4008/4791/881 4003/4789/881
f 4000/4774/882 4006/4792/882 4007/4790/882
f 4009/4794/865 4014/4799/865 4015/4795/865
f 4013/4797/866 4019/4809/866 4020/4798/866
f 3946/4800/867 4012/4805/867 4013/4797/867
f 4010/4796/868 4015/4795/868 4016/4802/868
f 3965/4801/869 4013/4797/869 4014/4799/869
f 3964/4804/870 4011/4806/870 4012/4805/870
f 3947/4803/871 4016/4802/871 4011/4806/871
f 4018/4807/872 4024/4817/872 4025/4808/872
f 4011/4806/873 4017/4810/873 4018/4807/873
f 4016/4802/874 4022/4812/874 4017/4810/874
f 4015/4795/875 4014/4799/875 4020/4798/875
f 4012/4805/876 4018/4807/876 4019/4809/876
f 4016/4802/877 4015/4795/877 4021/4811/877
f 4025/4808/15 4024/4817/15 4023/4813/15
f 4023/4813/15 4028/4815/15 4027/4814/15
f 4027/4814/15 4026/4816/15 4025/4808/15
f 4022/4812/878 4021/4811/878 4027/4814/878
f 4020/4798/879 4019/4809/879 4025/4808/879
f 4017/4810/880 4023/4813/880 4024/4817/880
f 4022/4812/881 4028/4815/881 4023/4813/881
f 4021/4811/882 4020/4798/882 4026/4816/882
usemtl Material.019
f 3771/4818/540 3772/4819/540 3770/4820/540
f 3773/4821/541 3774/4822/541 3772/4819/541
f 3775/4823/4 3776/4824/4 3774/4822/4
f 3777/4825/542 3778/4826/542 3776/4824/542
f 3773/4821/883 3808/4827/883 3775/4823/883
f 3779/4828/543 3780/4829/543 3778/4826/543
f 3781/4830/2 3770/4820/2 3780/4829/2
f 3770/4820/884 3787/4831/884 3780/4829/884
f 3782/4832/885 3793/4833/885 3787/4831/885
f 3776/4824/886 3786/4834/886 3785/4835/886
f 3772/4819/887 3784/4836/887 3783/4837/887
f 3780/4829/888 3786/4834/888 3778/4826/888
f 3772/4819/889 3782/4832/889 3770/4820/889
f 3776/4824/890 3784/4836/890 3774/4822/890
f 3792/4838/15 3799/4839/15 3798/4840/15
f 3786/4834/891 3791/4841/891 3785/4835/891
f 3784/4836/892 3789/4842/892 3783/4837/892
f 3787/4831/893 3792/4838/893 3786/4834/893
f 3784/4836/894 3791/4841/894 3790/4843/894
f 3782/4832/895 3789/4842/895 3788/4844/895
f 3794/4845/2 3805/4846/2 3799/4839/2
f 3790/4843/15 3797/4847/15 3796/4848/15
f 3789/4842/15 3794/4845/15 3788/4844/15
f 3793/4833/15 3794/4845/15 3799/4839/15
f 3792/4838/15 3797/4847/15 3791/4841/15
f 3790/4843/15 3795/4849/15 3789/4842/15
f 3804/4850/1 3826/4851/1 3825/4852/1
f 3797/4847/542 3804/4850/542 3803/4853/542
f 3795/4849/541 3802/4854/541 3801/4855/541
f 3799/4839/543 3804/4850/543 3798/4840/543
f 3797/4847/4 3802/4854/4 3796/4848/4
f 3795/4849/540 3800/4856/540 3794/4845/540
f 3811/4857/2 3812/4858/2 3806/4859/2
f 3781/4830/896 3810/4860/896 3811/4857/896
f 3771/4818/897 3807/4861/897 3773/4821/897
f 3777/4825/898 3808/4827/898 3809/4862/898
f 3781/4830/899 3806/4859/899 3771/4818/899
f 3777/4825/900 3810/4860/900 3779/4828/900
f 3816/4863/15 3967/4755/15 3817/4864/15
f 3809/4862/542 3816/4863/542 3810/4860/542
f 3807/4861/541 3814/4865/541 3808/4827/541
f 3810/4860/543 3817/4864/543 3811/4857/543
f 3808/4827/4 3815/4866/4 3809/4862/4
f 3806/4859/540 3813/4867/540 3807/4861/540
f 3815/4866/15 3818/4753/15 3819/4746/15
f 3813/4867/15 3968/4756/15 3966/4752/15
f 3812/4858/15 3967/4755/15 3968/4756/15
f 3815/4866/15 3820/4748/15 3816/4863/15
f 3813/4867/15 3818/4753/15 3814/4865/15
f 3826/4851/541 3831/4868/541 3825/4852/541
f 3802/4854/1 3824/4869/1 3823/4870/1
f 3800/4856/1 3822/4871/1 3821/4872/1
f 3805/4846/1 3821/4872/1 3826/4851/1
f 3804/4850/1 3824/4869/1 3803/4853/1
f 3801/4855/1 3823/4870/1 3822/4871/1
f 3827/4873/1 3745/4711/1 3832/4874/1
f 3824/4869/2 3829/4875/2 3823/4870/2
f 3821/4872/542 3828/4876/542 3827/4873/542
f 3826/4851/4 3827/4873/4 3832/4874/4
f 3825/4852/540 3830/4877/540 3824/4869/540
f 3822/4871/543 3829/4875/543 3828/4876/543
f 3831/4868/1 3743/4721/1 3830/4877/1
f 3829/4875/1 3833/4878/1 3828/4876/1
f 3832/4874/1 3744/4713/1 3831/4868/1
f 3829/4875/1 3743/4721/1 3742/4716/1
f 3828/4876/1 3741/4718/1 3827/4873/1
f 3742/4716/541 3747/4719/541 3833/4878/541
f 3834/4879/540 3837/4880/540 3836/4881/540
f 3837/4880/541 3838/4882/541 3836/4881/541
f 3839/4883/4 3840/4884/4 3838/4882/4
f 3841/4885/542 3842/4886/542 3840/4884/542
f 3837/4880/883 3872/4887/883 3839/4883/883
f 3843/4888/543 3844/4889/543 3842/4886/543
f 3845/4890/2 3834/4879/2 3844/4889/2
f 3834/4879/884 3851/4891/884 3844/4889/884
f 3846/4892/885 3857/4893/885 3851/4891/885
f 3842/4886/886 3849/4894/886 3840/4884/886
f 3838/4882/887 3847/4895/887 3836/4881/887
f 3844/4889/888 3850/4896/888 3842/4886/888
f 3836/4881/889 3846/4892/889 3834/4879/889
f 3840/4884/890 3848/4897/890 3838/4882/890
f 3857/4893/15 3862/4898/15 3856/4899/15
f 3849/4894/891 3856/4899/891 3855/4900/891
f 3847/4895/892 3854/4901/892 3853/4902/892
f 3851/4891/893 3856/4899/893 3850/4896/893
f 3849/4894/894 3854/4901/894 3848/4897/894
f 3847/4895/895 3852/4903/895 3846/4892/895
f 3858/4904/2 3869/4905/2 3863/4906/2
f 3855/4900/15 3860/4907/15 3854/4901/15
f 3853/4902/15 3858/4904/15 3852/4903/15
f 3852/4903/15 3863/4906/15 3857/4893/15
f 3855/4900/15 3862/4898/15 3861/4908/15
f 3854/4901/15 3859/4909/15 3853/4902/15
f 3869/4905/1 3887/4910/1 3868/4911/1
f 3861/4908/542 3868/4911/542 3867/4912/542
f 3860/4907/541 3865/4913/541 3859/4909/541
f 3863/4906/543 3868/4911/543 3862/4898/543
f 3861/4908/4 3866/4914/4 3860/4907/4
f 3859/4909/540 3864/4915/540 3858/4904/540
f 3875/4916/2 3876/4917/2 3870/4918/2
f 3843/4888/896 3875/4916/896 3845/4890/896
f 3835/4919/897 3871/4920/897 3837/4880/897
f 3839/4883/898 3873/4921/898 3841/4885/898
f 3845/4890/899 3870/4918/899 3835/4919/899
f 3843/4888/900 3873/4921/900 3874/4922/900
f 3880/4923/15 3897/4779/15 3881/4924/15
f 3873/4921/542 3880/4923/542 3874/4922/542
f 3871/4920/541 3878/4925/541 3872/4887/541
f 3874/4922/543 3881/4924/543 3875/4916/543
f 3872/4887/4 3879/4926/4 3873/4921/4
f 3870/4918/540 3877/4927/540 3871/4920/540
f 3878/4925/15 3990/4770/15 3879/4926/15
f 3876/4917/15 3989/4776/15 3877/4927/15
f 3881/4924/15 3987/4780/15 3876/4917/15
f 3880/4923/15 3990/4770/15 3988/4772/15
f 3877/4927/15 3882/4777/15 3878/4925/15
f 3888/4928/541 3893/4929/541 3887/4910/541
f 3866/4914/1 3886/4930/1 3885/4931/1
f 3865/4913/1 3883/4932/1 3864/4915/1
f 3864/4915/1 3888/4928/1 3869/4905/1
f 3868/4911/1 3886/4930/1 3867/4912/1
f 3865/4913/1 3885/4931/1 3884/4933/1
f 3889/4934/1 3755/4732/1 3894/4935/1
f 3886/4930/2 3891/4936/2 3885/4931/2
f 3884/4933/542 3889/4934/542 3883/4932/542
f 3888/4928/4 3889/4934/4 3894/4935/4
f 3887/4910/540 3892/4937/540 3886/4930/540
f 3885/4931/543 3890/4938/543 3884/4933/543
f 3893/4929/1 3753/4733/1 3892/4937/1
f 3891/4936/1 3895/4729/1 3890/4938/1
f 3893/4929/1 3755/4732/1 3754/4722/1
f 3892/4937/1 3896/4726/1 3891/4936/1
f 3890/4938/1 3752/4731/1 3889/4934/1
f 3898/4939/540 3901/4940/540 3900/4941/540
f 3901/4940/541 3902/4942/541 3900/4941/541
f 3903/4943/4 3904/4944/4 3902/4942/4
f 3905/4945/542 3906/4946/542 3904/4944/542
f 3901/4940/883 3936/4947/883 3903/4943/883
f 3907/4948/543 3908/4949/543 3906/4946/543
f 3909/4950/2 3898/4939/2 3908/4949/2
f 3898/4939/884 3915/4951/884 3908/4949/884
f 3910/4952/885 3921/4953/885 3915/4951/885
f 3904/4944/886 3914/4954/886 3913/4955/886
f 3900/4941/887 3912/4956/887 3911/4957/887
f 3908/4949/888 3914/4954/888 3906/4946/888
f 3900/4941/889 3910/4952/889 3898/4939/889
f 3904/4944/890 3912/4956/890 3902/4942/890
f 3921/4953/15 3926/4958/15 3920/4959/15
f 3914/4954/891 3919/4960/891 3913/4955/891
f 3912/4956/892 3917/4961/892 3911/4957/892
f 3914/4954/893 3921/4953/893 3920/4959/893
f 3913/4955/894 3918/4962/894 3912/4956/894
f 3910/4952/895 3917/4961/895 3916/4963/895
f 3922/4964/2 3933/4965/2 3927/4966/2
f 3919/4960/15 3924/4967/15 3918/4962/15
f 3917/4961/15 3922/4964/15 3916/4963/15
f 3921/4953/15 3922/4964/15 3927/4966/15
f 3919/4960/15 3926/4958/15 3925/4968/15
f 3918/4962/15 3923/4969/15 3917/4961/15
f 3933/4965/1 3952/4970/1 3932/4971/1
f 3925/4968/542 3932/4971/542 3931/4972/542
f 3924/4967/541 3929/4973/541 3923/4969/541
f 3927/4966/543 3932/4971/543 3926/4958/543
f 3925/4968/4 3930/4974/4 3924/4967/4
f 3923/4969/540 3928/4975/540 3922/4964/540
f 3939/4976/2 3940/4977/2 3934/4978/2
f 3909/4950/896 3938/4979/896 3939/4976/896
f 3901/4940/897 3934/4978/897 3935/4980/897
f 3905/4945/898 3936/4947/898 3937/4981/898
f 3909/4950/899 3934/4978/899 3899/4982/899
f 3905/4945/900 3938/4979/900 3907/4948/900
f 3945/4983/15 4010/4796/15 3947/4803/15
f 3937/4981/542 3944/4984/542 3938/4979/542
f 3935/4980/541 3942/4985/541 3936/4947/541
f 3938/4979/543 3945/4983/543 3939/4976/543
f 3936/4947/4 3943/4986/4 3937/4981/4
f 3934/4978/540 3941/4987/540 3935/4980/540
f 3942/4985/15 4009/4794/15 3943/4986/15
f 3940/4977/15 3946/4800/15 3941/4987/15
f 3945/4983/15 3964/4804/15 3940/4977/15
f 3944/4984/15 4009/4794/15 4010/4796/15
f 3941/4987/15 3965/4801/15 3942/4985/15
f 3952/4970/541 3959/4988/541 3958/4989/541
f 3930/4974/1 3951/4990/1 3950/4991/1
f 3928/4975/1 3949/4992/1 3948/4993/1
f 3933/4965/1 3948/4993/1 3953/4994/1
f 3932/4971/1 3951/4990/1 3931/4972/1
f 3930/4974/1 3949/4992/1 3929/4973/1
f 3954/4995/1 3963/4743/1 3959/4988/1
f 3951/4990/2 3956/4996/2 3950/4991/2
f 3949/4992/542 3954/4995/542 3948/4993/542
f 3953/4994/4 3954/4995/4 3959/4988/4
f 3952/4970/540 3957/4997/540 3951/4990/540
f 3950/4991/543 3955/4998/543 3949/4992/543
f 3958/4989/1 3763/4744/1 3957/4997/1
f 3956/4996/1 3960/4740/1 3955/4998/1
f 3959/4988/1 3962/4734/1 3958/4989/1
f 3957/4997/1 3961/4738/1 3956/4996/1
f 3955/4998/1 3762/4742/1 3954/4995/1
f 3771/4818/540 3773/4821/540 3772/4819/540
f 3773/4821/541 3775/4823/541 3774/4822/541
f 3775/4823/4 3777/4825/4 3776/4824/4
f 3777/4825/542 3779/4828/542 3778/4826/542
f 3773/4821/883 3807/4861/883 3808/4827/883
f 3779/4828/543 3781/4830/543 3780/4829/543
f 3781/4830/2 3771/4818/2 3770/4820/2
f 3770/4820/884 3782/4832/884 3787/4831/884
f 3782/4832/885 3788/4844/885 3793/4833/885
f 3776/4824/886 3778/4826/886 3786/4834/886
f 3772/4819/887 3774/4822/887 3784/4836/887
f 3780/4829/888 3787/4831/888 3786/4834/888
f 3772/4819/889 3783/4837/889 3782/4832/889
f 3776/4824/890 3785/4835/890 3784/4836/890
f 3792/4838/15 3793/4833/15 3799/4839/15
f 3786/4834/891 3792/4838/891 3791/4841/891
f 3784/4836/892 3790/4843/892 3789/4842/892
f 3787/4831/893 3793/4833/893 3792/4838/893
f 3784/4836/894 3785/4835/894 3791/4841/894
f 3782/4832/895 3783/4837/895 3789/4842/895
f 3794/4845/2 3800/4856/2 3805/4846/2
f 3790/4843/15 3791/4841/15 3797/4847/15
f 3789/4842/15 3795/4849/15 3794/4845/15
f 3793/4833/15 3788/4844/15 3794/4845/15
f 3792/4838/15 3798/4840/15 3797/4847/15
f 3790/4843/15 3796/4848/15 3795/4849/15
f 3804/4850/1 3805/4846/1 3826/4851/1
f 3797/4847/542 3798/4840/542 3804/4850/542
f 3795/4849/541 3796/4848/541 3802/4854/541
f 3799/4839/543 3805/4846/543 3804/4850/543
f 3797/4847/4 3803/4853/4 3802/4854/4
f 3795/4849/540 3801/4855/540 3800/4856/540
f 3811/4857/2 3817/4864/2 3812/4858/2
f 3781/4830/896 3779/4828/896 3810/4860/896
f 3771/4818/897 3806/4859/897 3807/4861/897
f 3777/4825/898 3775/4823/898 3808/4827/898
f 3781/4830/899 3811/4857/899 3806/4859/899
f 3777/4825/900 3809/4862/900 3810/4860/900
f 3816/4863/15 3820/4748/15 3967/4755/15
f 3809/4862/542 3815/4866/542 3816/4863/542
f 3807/4861/541 3813/4867/541 3814/4865/541
f 3810/4860/543 3816/4863/543 3817/4864/543
f 3808/4827/4 3814/4865/4 3815/4866/4
f 3806/4859/540 3812/4858/540 3813/4867/540
f 3815/4866/15 3814/4865/15 3818/4753/15
f 3813/4867/15 3812/4858/15 3968/4756/15
f 3812/4858/15 3817/4864/15 3967/4755/15
f 3815/4866/15 3819/4746/15 3820/4748/15
f 3813/4867/15 3966/4752/15 3818/4753/15
f 3826/4851/541 3832/4874/541 3831/4868/541
f 3802/4854/1 3803/4853/1 3824/4869/1
f 3800/4856/1 3801/4855/1 3822/4871/1
f 3805/4846/1 3800/4856/1 3821/4872/1
f 3804/4850/1 3825/4852/1 3824/4869/1
f 3801/4855/1 3802/4854/1 3823/4870/1
f 3827/4873/1 3741/4718/1 3745/4711/1
f 3824/4869/2 3830/4877/2 3829/4875/2
f 3821/4872/542 3822/4871/542 3828/4876/542
f 3826/4851/4 3821/4872/4 3827/4873/4
f 3825/4852/540 3831/4868/540 3830/4877/540
f 3822/4871/543 3823/4870/543 3829/4875/543
f 3831/4868/1 3744/4713/1 3743/4721/1
f 3829/4875/1 3742/4716/1 3833/4878/1
f 3832/4874/1 3745/4711/1 3744/4713/1
f 3829/4875/1 3830/4877/1 3743/4721/1
f 3828/4876/1 3833/4878/1 3741/4718/1
f 3741/4718/540 3833/4878/540 3747/4719/540
f 3834/4879/540 3835/4919/540 3837/4880/540
f 3837/4880/541 3839/4883/541 3838/4882/541
f 3839/4883/4 3841/4885/4 3840/4884/4
f 3841/4885/542 3843/4888/542 3842/4886/542
f 3837/4880/883 3871/4920/883 3872/4887/883
f 3843/4888/543 3845/4890/543 3844/4889/543
f 3845/4890/2 3835/4919/2 3834/4879/2
f 3834/4879/884 3846/4892/884 3851/4891/884
f 3846/4892/885 3852/4903/885 3857/4893/885
f 3842/4886/886 3850/4896/886 3849/4894/886
f 3838/4882/887 3848/4897/887 3847/4895/887
f 3844/4889/888 3851/4891/888 3850/4896/888
f 3836/4881/889 3847/4895/889 3846/4892/889
f 3840/4884/890 3849/4894/890 3848/4897/890
f 3857/4893/15 3863/4906/15 3862/4898/15
f 3849/4894/891 3850/4896/891 3856/4899/891
f 3847/4895/892 3848/4897/892 3854/4901/892
f 3851/4891/893 3857/4893/893 3856/4899/893
f 3849/4894/894 3855/4900/894 3854/4901/894
f 3847/4895/895 3853/4902/895 3852/4903/895
f 3858/4904/2 3864/4915/2 3869/4905/2
f 3855/4900/15 3861/4908/15 3860/4907/15
f 3853/4902/15 3859/4909/15 3858/4904/15
f 3852/4903/15 3858/4904/15 3863/4906/15
f 3855/4900/15 3856/4899/15 3862/4898/15
f 3854/4901/15 3860/4907/15 3859/4909/15
f 3869/4905/1 3888/4928/1 3887/4910/1
f 3861/4908/542 3862/4898/542 3868/4911/542
f 3860/4907/541 3866/4914/541 3865/4913/541
f 3863/4906/543 3869/4905/543 3868/4911/543
f 3861/4908/4 3867/4912/4 3866/4914/4
f 3859/4909/540 3865/4913/540 3864/4915/540
f 3875/4916/2 3881/4924/2 3876/4917/2
f 3843/4888/896 3874/4922/896 3875/4916/896
f 3835/4919/897 3870/4918/897 3871/4920/897
f 3839/4883/898 3872/4887/898 3873/4921/898
f 3845/4890/899 3875/4916/899 3870/4918/899
f 3843/4888/900 3841/4885/900 3873/4921/900
f 3880/4923/15 3988/4772/15 3897/4779/15
f 3873/4921/542 3879/4926/542 3880/4923/542
f 3871/4920/541 3877/4927/541 3878/4925/541
f 3874/4922/543 3880/4923/543 3881/4924/543
f 3872/4887/4 3878/4925/4 3879/4926/4
f 3870/4918/540 3876/4917/540 3877/4927/540
f 3878/4925/15 3882/4777/15 3990/4770/15
f 3876/4917/15 3987/4780/15 3989/4776/15
f 3881/4924/15 3897/4779/15 3987/4780/15
f 3880/4923/15 3879/4926/15 3990/4770/15
f 3877/4927/15 3989/4776/15 3882/4777/15
f 3888/4928/541 3894/4935/541 3893/4929/541
f 3866/4914/1 3867/4912/1 3886/4930/1
f 3865/4913/1 3884/4933/1 3883/4932/1
f 3864/4915/1 3883/4932/1 3888/4928/1
f 3868/4911/1 3887/4910/1 3886/4930/1
f 3865/4913/1 3866/4914/1 3885/4931/1
f 3889/4934/1 3752/4731/1 3755/4732/1
f 3886/4930/2 3892/4937/2 3891/4936/2
f 3884/4933/542 3890/4938/542 3889/4934/542
f 3888/4928/4 3883/4932/4 3889/4934/4
f 3887/4910/540 3893/4929/540 3892/4937/540
f 3885/4931/543 3891/4936/543 3890/4938/543
f 3893/4929/1 3754/4722/1 3753/4733/1
f 3891/4936/1 3896/4726/1 3895/4729/1
f 3893/4929/1 3894/4935/1 3755/4732/1
f 3892/4937/1 3753/4733/1 3896/4726/1
f 3890/4938/1 3895/4729/1 3752/4731/1
f 3898/4939/540 3899/4982/540 3901/4940/540
f 3901/4940/541 3903/4943/541 3902/4942/541
f 3903/4943/4 3905/4945/4 3904/4944/4
f 3905/4945/542 3907/4948/542 3906/4946/542
f 3901/4940/883 3935/4980/883 3936/4947/883
f 3907/4948/543 3909/4950/543 3908/4949/543
f 3909/4950/2 3899/4982/2 3898/4939/2
f 3898/4939/884 3910/4952/884 3915/4951/884
f 3910/4952/885 3916/4963/885 3921/4953/885
f 3904/4944/886 3906/4946/886 3914/4954/886
f 3900/4941/887 3902/4942/887 3912/4956/887
f 3908/4949/888 3915/4951/888 3914/4954/888
f 3900/4941/889 3911/4957/889 3910/4952/889
f 3904/4944/890 3913/4955/890 3912/4956/890
f 3921/4953/15 3927/4966/15 3926/4958/15
f 3914/4954/891 3920/4959/891 3919/4960/891
f 3912/4956/892 3918/4962/892 3917/4961/892
f 3914/4954/893 3915/4951/893 3921/4953/893
f 3913/4955/894 3919/4960/894 3918/4962/894
f 3910/4952/895 3911/4957/895 3917/4961/895
f 3922/4964/2 3928/4975/2 3933/4965/2
f 3919/4960/15 3925/4968/15 3924/4967/15
f 3917/4961/15 3923/4969/15 3922/4964/15
f 3921/4953/15 3916/4963/15 3922/4964/15
f 3919/4960/15 3920/4959/15 3926/4958/15
f 3918/4962/15 3924/4967/15 3923/4969/15
f 3933/4965/1 3953/4994/1 3952/4970/1
f 3925/4968/542 3926/4958/542 3932/4971/542
f 3924/4967/541 3930/4974/541 3929/4973/541
f 3927/4966/543 3933/4965/543 3932/4971/543
f 3925/4968/4 3931/4972/4 3930/4974/4
f 3923/4969/540 3929/4973/540 3928/4975/540
f 3939/4976/2 3945/4983/2 3940/4977/2
f 3909/4950/896 3907/4948/896 3938/4979/896
f 3901/4940/897 3899/4982/897 3934/4978/897
f 3905/4945/898 3903/4943/898 3936/4947/898
f 3909/4950/899 3939/4976/899 3934/4978/899
f 3905/4945/900 3937/4981/900 3938/4979/900
f 3945/4983/15 3944/4984/15 4010/4796/15
f 3937/4981/542 3943/4986/542 3944/4984/542
f 3935/4980/541 3941/4987/541 3942/4985/541
f 3938/4979/543 3944/4984/543 3945/4983/543
f 3936/4947/4 3942/4985/4 3943/4986/4
f 3934/4978/540 3940/4977/540 3941/4987/540
f 3942/4985/15 3965/4801/15 4009/4794/15
f 3940/4977/15 3964/4804/15 3946/4800/15
f 3945/4983/15 3947/4803/15 3964/4804/15
f 3944/4984/15 3943/4986/15 4009/4794/15
f 3941/4987/15 3946/4800/15 3965/4801/15
f 3952/4970/541 3953/4994/541 3959/4988/541
f 3930/4974/1 3931/4972/1 3951/4990/1
f 3928/4975/1 3929/4973/1 3949/4992/1
f 3933/4965/1 3928/4975/1 3948/4993/1
f 3932/4971/1 3952/4970/1 3951/4990/1
f 3930/4974/1 3950/4991/1 3949/4992/1
f 3954/4995/1 3762/4742/1 3963/4743/1
f 3951/4990/2 3957/4997/2 3956/4996/2
f 3949/4992/542 3955/4998/542 3954/4995/542
f 3953/4994/4 3948/4993/4 3954/4995/4
f 3952/4970/540 3958/4989/540 3957/4997/540
f 3950/4991/543 3956/4996/543 3955/4998/543
f 3958/4989/1 3962/4734/1 3763/4744/1
f 3956/4996/1 3961/4738/1 3960/4740/1
f 3959/4988/1 3963/4743/1 3962/4734/1
f 3957/4997/1 3763/4744/1 3961/4738/1
f 3955/4998/1 3960/4740/1 3762/4742/1
usemtl Material.020
f 4152/4999/901 4067/5000/902 4159/5001/903
f 4054/5002/904 4079/5003/905 4082/5004/906
f 4144/5005/267 4189/5006/267 4204/5007/267
f 4201/5008/4 4030/5009/4 4188/5010/4
f 4202/5011/4 4049/5012/4 4191/5013/4
f 4072/5014/907 4178/5015/908 4073/5016/908
f 4037/5017/4 4133/5018/4 4131/5019/4
f 4151/5020/909 4085/5021/909 4167/5022/909
f 4033/5023/910 4170/5024/910 4169/5025/910
f 4029/5026/4 4131/5019/4 4132/5027/4
f 4042/5028/911 4172/5029/911 4171/5030/911
f 4146/5031/6 4136/5032/6 4176/5033/6
f 4038/5034/912 4171/5030/912 4170/5024/912
f 4197/5035/913 4045/5036/914 4190/5037/913
f 4172/5029/909 4140/5038/909 4175/5039/909
f 4047/5040/915 4088/5041/916 4092/5042/917
f 4040/5043/4 4130/5044/4 4133/5018/4
f 4043/5045/918 4086/5046/919 4088/5041/918
f 4098/5047/4 4126/5048/4 4100/5049/4
f 4041/5050/920 4084/5051/920 4086/5046/920
f 4198/5052/4 4128/5053/4 4200/5054/4
f 4149/5055/6 4095/5056/6 4165/5057/6
f 4148/5058/909 4056/5059/909 4155/5060/909
f 4031/5061/4 4140/5062/4 4139/5063/4
f 4103/5064/921 4335/5065/921 4242/5066/921
f 4035/5067/4 4138/5068/4 4137/5069/4
f 4032/5070/4 4139/5063/4 4138/5068/4
f 4237/5071/922 4128/5072/922 4104/5073/922
f 4053/5074/923 4080/5075/924 4081/5076/925
f 4052/5077/926 4082/5004/926 4080/5075/926
f 4030/5078/927 4186/5079/928 4168/5080/929
f 4195/5081/930 4050/5082/931 4192/5083/930
f 4057/5084/4 4041/5050/4 4043/5045/4
f 4058/5085/4 4043/5045/4 4047/5040/4
f 4155/5060/909 4079/5086/909 4162/5087/909
f 4059/5088/4 4039/5089/4 4041/5050/4
f 4065/5090/932 4074/5091/933 4077/5092/934
f 4064/5093/935 4075/5094/936 4076/5095/937
f 4063/5096/938 4077/5092/939 4075/5094/938
f 4072/5014/907 4179/5097/940 4177/5098/941
f 4194/5099/942 4073/5016/943 4193/5100/942
f 4157/5101/909 4130/5102/909 4173/5103/909
f 4154/5104/944 4185/5105/944 4182/5106/944
f 4068/5107/4 4054/5002/4 4052/5077/4
f 4053/5074/4 4068/5107/4 4052/5077/4
f 4070/5108/4 4051/5109/4 4054/5002/4
f 4159/5001/903 4074/5110/909 4160/5111/909
f 4157/5101/909 4074/5110/909 4062/5112/909
f 4072/5014/945 4073/5016/945 4194/5099/945
f 4149/5055/946 4055/5113/947 4045/5114/948
f 4075/5094/949 4070/5108/950 4068/5107/949
f 4076/5095/951 4068/5107/952 4069/5115/953
f 4077/5092/954 4067/5116/955 4070/5108/956
f 4152/4999/901 4079/5086/909 4051/5117/957
f 4061/5118/958 4050/5082/958 4195/5081/958
f 4080/5075/959 4059/5088/960 4057/5084/959
f 4081/5076/961 4057/5084/962 4058/5085/961
f 4082/5004/963 4056/5119/964 4059/5088/965
f 4146/5031/6 4094/5120/6 4049/5121/6
f 4165/5057/6 4094/5120/6 4164/5122/6
f 4087/5123/966 4048/5124/967 4031/5061/968
f 4086/5046/4 4085/5125/4 4087/5123/4
f 4089/5126/969 4031/5061/969 4032/5070/969
f 4088/5041/4 4087/5123/4 4089/5126/4
f 4093/5127/970 4032/5070/971 4035/5067/972
f 4092/5042/4 4089/5126/4 4093/5127/4
f 4191/5013/973 4094/5128/973 4196/5129/974
f 4196/5129/4 4095/5130/4 4197/5035/4
f 4148/5058/909 4084/5131/909 4039/5132/909
f 4167/5022/909 4084/5131/909 4166/5133/909
f 4297/5134/909 4122/5135/909 4298/5136/909
f 4226/5137/909 4122/5135/909 4101/5138/909
f 4153/5139/2 4099/5140/2 4158/5141/2
f 4182/5106/975 4212/5142/975 4206/5143/975
f 4177/5098/976 4209/5144/977 4178/5015/977
f 4253/5145/978 4120/5146/909 4110/5147/909
f 4356/5148/1 4119/5149/1 4142/5150/1
f 4262/5151/909 4118/5152/909 4115/5153/909
f 4274/5154/979 4118/5152/909 4275/5155/909
f 4055/5156/980 4205/5157/980 4036/5158/980
f 4262/5151/909 4134/5159/909 4342/5160/909
f 4164/5122/2 4078/5161/2 4165/5057/2
f 4260/5162/909 4120/5146/909 4281/5163/909
f 4184/5164/981 4216/5165/981 4214/5166/981
f 4187/5167/981 4215/5168/981 4216/5165/981
f 4168/5080/929 4198/5052/982 4203/5169/983
f 4096/5170/984 4145/5171/984 4143/5172/984
f 4226/5137/909 4113/5173/909 4260/5162/909
f 4186/5079/928 4207/5174/985 4215/5175/986
f 4098/5047/987 4147/5176/987 4145/5171/987
f 4100/5049/988 4150/5177/988 4147/5176/988
f 4243/5178/909 4141/5179/909 4351/5180/909
f 4106/5181/912 4241/5182/912 4240/5183/912
f 4107/5184/911 4243/5178/911 4241/5182/911
f 4105/5185/910 4240/5183/910 4238/5186/910
f 4245/5187/909 4123/5188/909 4297/5134/909
f 4237/5071/6 4135/5189/6 4347/5190/6
f 4239/5191/267 4199/5192/267 4407/5193/267
f 4253/5145/978 4117/5194/989 4274/5154/979
f 4334/5195/990 4127/5196/990 4126/5048/990
f 4333/5197/991 4126/5048/991 4125/5198/991
f 4331/5199/992 4125/5198/992 4124/5200/992
f 4128/5053/173 4417/5201/173 4200/5054/180
f 4098/5047/4 4124/5200/4 4125/5198/4
f 4100/5049/4 4127/5196/4 4103/5202/4
f 4146/5031/993 4083/5203/993 4164/5122/993
f 4342/5160/909 4103/5064/909 4242/5066/909
f 4173/5103/909 4044/5204/909 4150/5205/909
f 4133/5018/4 4062/5206/4 4065/5090/4
f 4132/5027/4 4063/5096/4 4064/5093/4
f 4131/5019/4 4065/5090/4 4063/5096/4
f 4061/5118/994 4179/5097/940 4050/5082/995
f 4193/5100/4 4129/5207/4 4201/5008/4
f 4356/5148/6 4097/5208/6 4239/5191/6
f 4351/5180/909 4109/5209/909 4245/5187/909
f 4138/5068/4 4042/5028/4 4038/5034/4
f 4137/5069/4 4038/5034/4 4033/5023/4
f 4139/5063/4 4046/5210/4 4042/5028/4
f 4175/5039/909 4048/5211/909 4151/5020/909
f 4176/5033/6 4034/5212/6 4144/5005/6
f 4189/5006/4 4136/5213/4 4202/5011/4
f 4142/5150/6 4144/5005/6 4097/5208/6
f 4141/5179/909 4151/5020/909 4109/5209/909
f 4154/5104/996 4090/5214/996 4163/5215/996
f 4134/5159/909 4150/5205/909 4103/5064/909
f 4040/5216/988 4150/5177/988 4044/5217/988
f 4145/5171/987 4040/5216/987 4037/5218/987
f 4143/5172/984 4037/5218/984 4029/5219/984
f 4030/5078/927 4203/5169/983 4188/5220/173
f 4123/5188/909 4166/5133/909 4122/5135/909
f 4101/5138/909 4166/5133/909 4148/5058/909
f 4161/5221/997 4102/5222/997 4156/5223/997
f 4156/5223/2 4071/5224/2 4174/5225/2
f 4149/5055/2 4111/5226/2 4154/5104/2
f 4110/5147/909 4162/5087/909 4152/4999/901
f 4174/5225/15 4121/5227/15 4135/5189/15
f 4115/5153/909 4160/5111/909 4157/5101/909
f 4117/5194/989 4160/5111/909 4118/5152/909
f 4158/5141/998 4091/5228/998 4161/5221/998
f 4115/5153/909 4173/5103/909 4134/5159/909
f 4176/5033/2 4116/5229/2 4146/5031/2
f 4113/5173/909 4162/5087/909 4120/5146/909
f 4135/5189/15 4328/5230/15 4347/5190/15
f 4142/5150/1 4066/5231/1 4176/5033/1
f 4101/5138/909 4155/5060/909 4113/5173/909
f 4163/5215/999 4112/5232/999 4153/5139/999
f 4108/5233/909 4175/5039/909 4141/5179/909
f 4170/5024/912 4107/5184/912 4106/5181/912
f 4165/5057/1000 4114/5234/1000 4149/5055/1000
f 4171/5030/911 4108/5233/911 4107/5184/911
f 4169/5025/910 4106/5181/910 4105/5185/910
f 4109/5209/909 4167/5022/909 4123/5188/909
f 4104/5073/1001 4174/5225/1001 4135/5189/1001
f 4097/5208/267 4204/5007/267 4199/5192/267
f 4117/5194/989 4152/4999/901 4159/5001/903
f 4073/5016/908 4180/5235/908 4129/5207/908
f 4149/5055/944 4182/5106/944 4181/5236/944
f 4158/5141/1002 4184/5164/1002 4183/5237/1002
f 4174/5225/1002 4186/5238/1002 4187/5167/1002
f 4045/5036/994 4036/5158/994 4061/5118/994
f 4156/5223/1002 4187/5167/1002 4184/5164/1002
f 4158/5141/1003 4185/5105/1003 4153/5139/1003
f 4129/5207/908 4060/5239/908 4030/5009/908
f 4105/5185/182 4204/5007/267 4169/5025/182
f 4188/5220/173 4143/5172/180 4029/5219/180
f 4033/5023/4 4202/5011/4 4137/5069/4
f 4064/5093/4 4201/5008/4 4132/5027/4
f 4124/5200/180 4417/5201/173 4331/5199/180
f 4407/5193/267 4105/5185/182 4238/5186/182
f 4203/5169/983 4096/5170/180 4143/5172/180
f 4093/5127/4 4197/5035/4 4092/5042/4
f 4035/5067/1004 4196/5129/974 4093/5127/1004
f 4058/5085/1005 4195/5081/1006 4081/5076/1005
f 4069/5115/1007 4194/5099/1008 4076/5095/1007
f 4192/5083/4 4069/5115/4 4053/5074/4
f 4076/5095/1009 4193/5100/942 4064/5093/1010
f 4190/5037/4 4058/5085/4 4047/5040/4
f 4081/5076/1011 4192/5083/930 4053/5074/1011
f 4096/5170/4 4200/5054/4 4124/5200/4
f 4092/5042/1012 4190/5037/913 4047/5040/1012
f 4137/5069/4 4191/5013/4 4035/5067/4
f 4132/5027/4 4188/5010/4 4029/5026/4
f 4204/5007/267 4033/5023/182 4169/5025/182
f 4152/4999/901 4051/5117/957 4067/5000/902
f 4054/5002/904 4051/5109/1013 4079/5003/905
f 4144/5005/267 4034/5212/267 4189/5006/267
f 4201/5008/4 4129/5207/4 4030/5009/4
f 4202/5011/4 4136/5213/4 4049/5012/4
f 4072/5014/907 4177/5098/941 4178/5015/908
f 4037/5017/4 4040/5043/4 4133/5018/4
f 4151/5020/909 4048/5211/909 4085/5021/909
f 4033/5023/910 4038/5034/910 4170/5024/910
f 4029/5026/4 4037/5017/4 4131/5019/4
f 4042/5028/911 4046/5210/911 4172/5029/911
f 4146/5031/6 4049/5121/6 4136/5032/6
f 4038/5034/912 4042/5028/912 4171/5030/912
f 4197/5035/913 4095/5130/914 4045/5036/914
f 4172/5029/909 4046/5210/909 4140/5038/909
f 4047/5040/915 4043/5045/1014 4088/5041/916
f 4040/5043/4 4044/5240/4 4130/5044/4
f 4043/5045/918 4041/5050/919 4086/5046/919
f 4098/5047/4 4125/5198/4 4126/5048/4
f 4041/5050/920 4039/5089/1015 4084/5051/920
f 4198/5052/4 4104/5241/4 4128/5053/4
f 4149/5055/6 4045/5114/6 4095/5056/6
f 4148/5058/909 4039/5132/909 4056/5059/909
f 4031/5061/4 4048/5124/4 4140/5062/4
f 4103/5064/921 4127/5242/921 4335/5065/921
f 4035/5067/4 4032/5070/4 4138/5068/4
f 4032/5070/4 4031/5061/4 4139/5063/4
f 4237/5071/922 4332/5243/922 4128/5072/922
f 4053/5074/923 4052/5077/1016 4080/5075/924
f 4052/5077/926 4054/5002/926 4082/5004/926
f 4030/5078/927 4060/5244/1017 4186/5079/928
f 4190/5037/4 4045/5036/4 4061/5118/4
f 4057/5084/4 4059/5088/4 4041/5050/4
f 4058/5085/4 4057/5084/4 4043/5045/4
f 4155/5060/909 4056/5059/909 4079/5086/909
f 4059/5088/4 4056/5119/4 4039/5089/4
f 4065/5090/932 4062/5206/1018 4074/5091/933
f 4064/5093/935 4063/5096/936 4075/5094/936
f 4063/5096/938 4065/5090/939 4077/5092/939
f 4072/5014/907 4050/5082/995 4179/5097/940
f 4157/5101/909 4062/5112/909 4130/5102/909
f 4192/5083/4 4050/5082/4 4072/5014/4
f 4154/5104/1019 4163/5215/1019 4185/5105/1019
f 4068/5107/4 4070/5108/4 4054/5002/4
f 4053/5074/4 4069/5115/4 4068/5107/4
f 4070/5108/4 4067/5116/4 4051/5109/4
f 4159/5001/903 4067/5000/902 4074/5110/909
f 4157/5101/909 4160/5111/909 4074/5110/909
f 4149/5055/946 4181/5236/1020 4055/5113/947
f 4075/5094/949 4077/5092/950 4070/5108/950
f 4076/5095/951 4075/5094/952 4068/5107/952
f 4077/5092/954 4074/5091/954 4067/5116/955
f 4152/4999/901 4162/5087/909 4079/5086/909
f 4161/5221/1021 4156/5223/1021 4184/5164/1021
f 4080/5075/959 4082/5004/960 4059/5088/960
f 4081/5076/961 4080/5075/1022 4057/5084/962
f 4082/5004/963 4079/5003/1023 4056/5119/964
f 4146/5031/6 4164/5122/6 4094/5120/6
f 4165/5057/6 4095/5056/6 4094/5120/6
f 4087/5123/966 4085/5125/1024 4048/5124/967
f 4086/5046/4 4084/5051/4 4085/5125/4
f 4089/5126/969 4087/5123/1025 4031/5061/969
f 4088/5041/4 4086/5046/4 4087/5123/4
f 4093/5127/970 4089/5126/1026 4032/5070/971
f 4092/5042/4 4088/5041/4 4089/5126/4
f 4191/5013/973 4049/5012/973 4094/5128/973
f 4196/5129/4 4094/5128/4 4095/5130/4
f 4148/5058/909 4166/5133/909 4084/5131/909
f 4167/5022/909 4085/5021/909 4084/5131/909
f 4297/5134/909 4123/5188/909 4122/5135/909
f 4226/5137/909 4298/5136/909 4122/5135/909
f 4153/5139/2 4112/5232/2 4099/5140/2
f 4253/5145/978 4281/5163/909 4120/5146/909
f 4356/5148/1 4326/5245/1 4119/5149/1
f 4262/5151/909 4275/5155/909 4118/5152/909
f 4274/5154/979 4117/5194/989 4118/5152/909
f 4178/5246/977 4211/5247/977 4180/5235/977
f 4262/5151/909 4115/5153/909 4134/5159/909
f 4164/5122/2 4083/5203/2 4078/5161/2
f 4260/5162/909 4113/5173/909 4120/5146/909
f 4180/5235/977 4207/5248/977 4060/5239/977
f 4168/5080/929 4104/5241/983 4198/5052/982
f 4096/5170/984 4098/5047/984 4145/5171/984
f 4226/5137/909 4101/5138/909 4113/5173/909
f 4098/5047/987 4100/5049/987 4147/5176/987
f 4100/5049/988 4103/5202/988 4150/5177/988
f 4243/5178/909 4108/5233/909 4141/5179/909
f 4106/5181/912 4107/5184/912 4241/5182/912
f 4183/5237/1027 4212/5142/1027 4185/5105/1027
f 4107/5184/911 4108/5233/911 4243/5178/911
f 4105/5185/910 4106/5181/910 4240/5183/910
f 4245/5187/909 4109/5209/909 4123/5188/909
f 4237/5071/6 4104/5073/6 4135/5189/6
f 4239/5191/267 4097/5208/267 4199/5192/267
f 4253/5145/978 4110/5147/909 4117/5194/989
f 4334/5195/990 4335/5249/990 4127/5196/990
f 4333/5197/991 4334/5195/991 4126/5048/991
f 4331/5199/992 4333/5197/992 4125/5198/992
f 4128/5053/173 4332/5250/173 4417/5201/173
f 4098/5047/4 4096/5170/4 4124/5200/4
f 4100/5049/4 4126/5048/4 4127/5196/4
f 4146/5031/993 4116/5229/993 4083/5203/993
f 4342/5160/909 4134/5159/909 4103/5064/909
f 4173/5103/909 4130/5102/909 4044/5204/909
f 4133/5018/4 4130/5044/4 4062/5206/4
f 4132/5027/4 4131/5019/4 4063/5096/4
f 4131/5019/4 4133/5018/4 4065/5090/4
f 4061/5118/994 4036/5158/994 4179/5097/940
f 4193/5100/4 4073/5016/4 4129/5207/4
f 4356/5148/6 4142/5150/6 4097/5208/6
f 4351/5180/909 4141/5179/909 4109/5209/909
f 4138/5068/4 4139/5063/4 4042/5028/4
f 4137/5069/4 4138/5068/4 4038/5034/4
f 4139/5063/4 4140/5062/4 4046/5210/4
f 4175/5039/909 4140/5038/909 4048/5211/909
f 4176/5033/6 4136/5032/6 4034/5212/6
f 4189/5006/4 4034/5212/4 4136/5213/4
f 4142/5150/6 4176/5033/6 4144/5005/6
f 4141/5179/909 4175/5039/909 4151/5020/909
f 4154/5104/996 4111/5226/996 4090/5214/996
f 4134/5159/909 4173/5103/909 4150/5205/909
f 4040/5216/988 4147/5176/988 4150/5177/988
f 4145/5171/987 4147/5176/987 4040/5216/987
f 4143/5172/984 4145/5171/984 4037/5218/984
f 4030/5078/927 4168/5080/929 4203/5169/983
f 4123/5188/909 4167/5022/909 4166/5133/909
f 4101/5138/909 4122/5135/909 4166/5133/909
f 4161/5221/997 4091/5228/997 4102/5222/997
f 4156/5223/2 4102/5222/2 4071/5224/2
f 4149/5055/2 4114/5234/2 4111/5226/2
f 4110/5147/909 4120/5146/909 4162/5087/909
f 4174/5225/15 4071/5224/15 4121/5227/15
f 4115/5153/909 4118/5152/909 4160/5111/909
f 4117/5194/989 4159/5001/903 4160/5111/909
f 4158/5141/998 4099/5140/998 4091/5228/998
f 4115/5153/909 4157/5101/909 4173/5103/909
f 4176/5033/2 4066/5231/2 4116/5229/2
f 4113/5173/909 4155/5060/909 4162/5087/909
f 4135/5189/15 4121/5227/15 4328/5230/15
f 4142/5150/1 4119/5149/1 4066/5231/1
f 4101/5138/909 4148/5058/909 4155/5060/909
f 4163/5215/999 4090/5214/999 4112/5232/999
f 4108/5233/909 4172/5029/909 4175/5039/909
f 4170/5024/912 4171/5030/912 4107/5184/912
f 4165/5057/1000 4078/5161/1000 4114/5234/1000
f 4171/5030/911 4172/5029/911 4108/5233/911
f 4169/5025/910 4170/5024/910 4106/5181/910
f 4109/5209/909 4151/5020/909 4167/5022/909
f 4104/5073/1001 4168/5251/1001 4174/5225/1001
f 4097/5208/267 4144/5005/267 4204/5007/267
f 4117/5194/989 4110/5147/909 4152/4999/901
f 4036/5158/980 4210/5252/980 4179/5097/980
f 4073/5016/908 4178/5246/908 4180/5235/908
f 4149/5055/944 4154/5104/944 4182/5106/944
f 4158/5141/1028 4161/5221/1028 4184/5164/1028
f 4163/5215/1029 4153/5139/1029 4185/5105/1029
f 4174/5225/1002 4168/5251/1002 4186/5238/1002
f 4045/5036/994 4055/5156/994 4036/5158/994
f 4156/5223/1002 4174/5225/1002 4187/5167/1002
f 4158/5141/1030 4183/5237/1030 4185/5105/1030
f 4129/5207/908 4180/5235/908 4060/5239/908
f 4105/5185/182 4199/5192/267 4204/5007/267
f 4188/5220/173 4203/5169/983 4143/5172/180
f 4033/5023/4 4189/5006/4 4202/5011/4
f 4064/5093/4 4193/5100/4 4201/5008/4
f 4124/5200/180 4200/5054/180 4417/5201/173
f 4407/5193/267 4199/5192/267 4105/5185/182
f 4203/5169/983 4198/5052/982 4096/5170/180
f 4093/5127/4 4196/5129/4 4197/5035/4
f 4035/5067/1004 4191/5013/973 4196/5129/974
f 4058/5085/1005 4061/5118/1006 4195/5081/1006
f 4069/5115/1007 4072/5014/1008 4194/5099/1008
f 4192/5083/4 4072/5014/4 4069/5115/4
f 4076/5095/1009 4194/5099/942 4193/5100/942
f 4190/5037/4 4061/5118/4 4058/5085/4
f 4081/5076/1011 4195/5081/930 4192/5083/930
f 4096/5170/4 4198/5052/4 4200/5054/4
f 4092/5042/1012 4197/5035/913 4190/5037/913
f 4137/5069/4 4202/5011/4 4191/5013/4
f 4132/5027/4 4201/5008/4 4188/5010/4
f 4204/5007/267 4189/5006/267 4033/5023/182
f 4213/5253/1031 4210/5254/1031 4212/5142/1031
f 4215/5168/1032 4211/5255/1032 4216/5165/1032
f 4212/5142/1032 4205/5256/1032 4206/5143/1032
f 4214/5166/1032 4208/5257/1032 4213/5253/1032
f 4216/5165/1032 4209/5258/1032 4214/5166/1032
f 4213/5253/1031 4208/5257/1031 4210/5254/1031
f 4215/5168/1032 4207/5259/1032 4211/5255/1032
f 4212/5142/1032 4210/5254/1032 4205/5256/1032
f 4214/5166/1032 4209/5258/1032 4208/5257/1032
f 4216/5165/1032 4211/5255/1032 4209/5258/1032
f 4177/5098/976 4210/5252/1033 4208/5260/1033
f 4183/5237/1034 4214/5166/981 4213/5253/1035
f 4368/5261/989 4375/5262/903 4268/5263/902
f 4251/5264/1036 4285/5265/1037 4282/5266/1038
f 4360/5267/267 4422/5268/267 4405/5269/267
f 4419/5270/2 4404/5271/2 4218/5272/2
f 4420/5273/2 4408/5274/2 4246/5275/2
f 4273/5276/1039 4261/5277/1040 4394/5278/1040
f 4225/5279/2 4344/5280/2 4346/5281/2
f 4367/5282/909 4383/5283/909 4288/5284/909
f 4221/5285/910 4385/5286/910 4386/5287/910
f 4217/5288/2 4345/5289/2 4344/5280/2
f 4231/5290/911 4387/5291/911 4388/5292/911
f 4362/5293/6 4392/5294/6 4350/5295/6
f 4227/5296/912 4386/5287/912 4387/5291/912
f 4414/5297/1041 4406/5298/1042 4234/5299/1041
f 4388/5292/909 4391/5300/909 4355/5301/909
f 4236/5302/1043 4295/5303/1044 4291/5304/1043
f 4229/5305/2 4346/5281/2 4343/5306/2
f 4232/5307/1045 4291/5304/1045 4289/5308/1046
f 4303/5309/2 4305/5310/2 4338/5311/2
f 4230/5312/1047 4289/5308/1048 4287/5313/1049
f 4415/5314/2 4418/5315/2 4340/5316/2
f 4365/5317/6 4381/5318/6 4300/5319/6
f 4364/5320/909 4371/5321/909 4254/5322/909
f 4219/5323/2 4354/5324/2 4355/5325/2
f 4308/5326/921 4242/5066/921 4335/5065/921
f 4223/5327/2 4352/5328/2 4353/5329/2
f 4220/5330/2 4353/5329/2 4354/5324/2
f 4237/5071/922 4309/5331/922 4340/5332/922
f 4250/5333/1050 4284/5334/1051 4283/5335/1051
f 4249/5336/1052 4283/5335/1052 4285/5265/1052
f 4218/5337/1053 4384/5338/1054 4402/5339/1055
f 4412/5340/996 4409/5341/996 4247/5342/996
f 4255/5343/2 4232/5307/2 4230/5312/2
f 4256/5344/2 4236/5302/2 4232/5307/2
f 4371/5321/909 4378/5345/909 4282/5346/909
f 4257/5347/2 4230/5312/2 4228/5348/2
f 4266/5349/1056 4279/5350/1057 4276/5351/1056
f 4265/5352/1058 4278/5353/1059 4277/5354/1060
f 4264/5355/1061 4277/5354/1061 4279/5350/1062
f 4273/5276/1039 4393/5356/1063 4395/5357/1064
f 4411/5358/1065 4410/5359/1065 4261/5277/1066
f 4373/5360/909 4389/5361/909 4343/5362/909
f 4370/5363/1067 4399/5364/1067 4398/5365/1067
f 4269/5366/2 4249/5336/2 4251/5264/2
f 4250/5333/2 4249/5336/2 4269/5366/2
f 4271/5367/2 4251/5264/2 4248/5368/2
f 4375/5262/903 4376/5369/909 4276/5370/909
f 4373/5360/909 4263/5371/909 4276/5370/909
f 4273/5276/1068 4411/5358/1068 4261/5277/1068
f 4365/5317/1069 4234/5372/948 4252/5373/1070
f 4277/5354/1071 4269/5366/1071 4271/5367/1072
f 4278/5353/1073 4270/5374/1074 4269/5366/1075
f 4279/5350/1076 4271/5367/1077 4268/5375/1078
f 4368/5261/989 4248/5376/1079 4282/5346/909
f 4259/5377/1080 4412/5340/1080 4247/5342/1080
f 4283/5335/1081 4255/5343/1081 4257/5347/1082
f 4284/5334/1083 4256/5344/1083 4255/5343/1084
f 4285/5265/1085 4257/5347/1086 4254/5378/1087
f 4362/5293/6 4246/5379/6 4299/5380/6
f 4381/5318/6 4380/5381/6 4299/5380/6
f 4290/5382/1088 4219/5323/1089 4244/5383/1090
f 4289/5308/2 4290/5382/2 4288/5384/2
f 4292/5385/1091 4220/5330/1091 4219/5323/1091
f 4291/5304/2 4292/5385/2 4290/5382/2
f 4296/5386/1092 4223/5327/1093 4220/5330/1094
f 4295/5303/2 4296/5386/2 4292/5385/2
f 4408/5274/1095 4413/5387/1095 4299/5388/1095
f 4413/5387/2 4414/5297/2 4300/5389/2
f 4364/5320/909 4228/5390/909 4287/5391/909
f 4383/5283/909 4382/5392/909 4287/5391/909
f 4297/5134/909 4298/5136/909 4329/5393/909
f 4226/5137/909 4306/5394/909 4329/5393/909
f 4369/5395/4 4374/5396/4 4304/5397/4
f 4399/5364/1096 4432/5398/1096 4398/5365/1096
f 4428/5399/1097 4393/5356/1098 4394/5278/1097
f 4253/5145/978 4315/5400/1099 4325/5401/909
f 4356/5148/1 4358/5402/1 4324/5403/1
f 4262/5151/909 4320/5404/909 4323/5405/909
f 4274/5154/979 4275/5155/909 4323/5405/909
f 4423/5406/1100 4252/5407/1100 4224/5408/1100
f 4262/5151/909 4342/5160/909 4348/5409/909
f 4380/5381/4 4381/5318/4 4280/5410/4
f 4260/5162/909 4281/5163/909 4325/5401/909
f 4401/5411/1101 4434/5412/1101 4403/5413/1101
f 4403/5413/1101 4433/5414/1101 4402/5415/1101
f 4384/5338/1054 4421/5416/1102 4415/5314/1103
f 4301/5417/984 4359/5418/984 4361/5419/984
f 4226/5137/909 4260/5162/909 4318/5420/909
f 4402/5339/1055 4426/5421/1104 4258/5422/1105
f 4303/5309/987 4361/5419/987 4363/5423/987
f 4305/5310/988 4363/5423/988 4366/5424/988
f 4243/5178/909 4351/5180/909 4357/5425/909
f 4311/5426/912 4240/5183/912 4241/5182/912
f 4312/5427/911 4241/5182/911 4243/5178/911
f 4310/5428/910 4238/5186/910 4240/5183/910
f 4245/5187/909 4297/5134/909 4330/5429/909
f 4237/5071/6 4347/5190/6 4349/5430/6
f 4239/5191/267 4407/5193/267 4416/5431/267
f 4253/5145/978 4274/5154/979 4322/5432/1106
f 4334/5195/990 4338/5311/990 4339/5433/990
f 4333/5197/991 4337/5434/991 4338/5311/991
f 4331/5199/992 4336/5435/992 4337/5434/992
f 4340/5316/173 4418/5315/173 4417/5201/173
f 4303/5309/2 4337/5434/2 4336/5435/2
f 4305/5310/2 4308/5436/2 4339/5433/2
f 4362/5293/1107 4380/5381/1107 4286/5437/1107
f 4342/5160/909 4242/5066/909 4308/5326/909
f 4389/5361/909 4366/5438/909 4233/5439/909
f 4346/5281/2 4266/5349/2 4263/5440/2
f 4345/5289/2 4265/5352/2 4264/5355/2
f 4344/5280/2 4264/5355/2 4266/5349/2
f 4259/5377/1108 4247/5342/1109 4395/5357/1064
f 4410/5359/2 4419/5270/2 4341/5441/2
f 4356/5148/6 4239/5191/6 4302/5442/6
f 4351/5180/909 4245/5187/909 4314/5443/909
f 4353/5329/2 4227/5296/2 4231/5290/2
f 4352/5328/2 4221/5285/2 4227/5296/2
f 4354/5324/2 4231/5290/2 4235/5444/2
f 4391/5300/909 4367/5282/909 4244/5445/909
f 4392/5294/6 4360/5267/6 4222/5446/6
f 4405/5269/2 4420/5273/2 4350/5447/2
f 4358/5402/6 4302/5442/6 4360/5267/6
f 4357/5425/909 4314/5443/909 4367/5282/909
f 4370/5363/930 4379/5448/930 4293/5449/930
f 4348/5409/909 4308/5326/909 4366/5438/909
f 4229/5450/988 4233/5451/988 4366/5424/988
f 4361/5419/987 4225/5452/987 4229/5450/987
f 4359/5418/984 4217/5453/984 4225/5452/984
f 4218/5337/1053 4404/5454/173 4421/5416/1102
f 4330/5429/909 4329/5393/909 4382/5392/909
f 4306/5394/909 4364/5320/909 4382/5392/909
f 4377/5455/1110 4372/5456/1110 4307/5457/1110
f 4372/5456/4 4390/5458/4 4272/5459/4
f 4365/5317/4 4370/5363/4 4316/5460/4
f 4315/5400/1099 4368/5261/989 4378/5345/909
f 4390/5458/15 4349/5430/15 4327/5461/15
f 4320/5404/909 4373/5360/909 4376/5369/909
f 4322/5432/1106 4323/5405/909 4376/5369/909
f 4374/5396/1111 4377/5455/1111 4294/5462/1111
f 4320/5404/909 4348/5409/909 4389/5361/909
f 4392/5294/4 4362/5293/4 4321/5463/4
f 4318/5420/909 4325/5401/909 4378/5345/909
f 4349/5430/15 4347/5190/15 4328/5230/15
f 4358/5402/1 4392/5294/1 4267/5464/1
f 4306/5394/909 4318/5420/909 4371/5321/909
f 4379/5448/1006 4369/5395/1006 4317/5465/1006
f 4313/5466/909 4357/5425/909 4391/5300/909
f 4386/5287/912 4311/5426/912 4312/5427/912
f 4381/5318/1112 4365/5317/1112 4319/5467/1112
f 4387/5291/911 4312/5427/911 4313/5466/911
f 4385/5286/910 4310/5428/910 4311/5426/910
f 4314/5443/909 4330/5429/909 4383/5283/909
f 4309/5331/1113 4349/5430/1113 4390/5458/1113
f 4302/5442/267 4416/5431/267 4422/5268/267
f 4322/5432/1106 4375/5262/903 4368/5261/989
f 4261/5277/1040 4341/5441/1040 4396/5468/1040
f 4365/5317/1067 4397/5469/1067 4399/5364/1067
f 4374/5396/1114 4400/5470/1114 4401/5411/1114
f 4390/5458/1114 4403/5413/1114 4402/5415/1114
f 4234/5299/1108 4259/5377/1108 4224/5408/1108
f 4372/5456/1114 4401/5411/1114 4403/5413/1114
f 4374/5396/1115 4369/5395/1115 4398/5365/1115
f 4341/5441/1040 4218/5272/1040 4258/5471/1040
f 4310/5428/182 4385/5286/182 4422/5268/267
f 4404/5454/173 4217/5453/180 4359/5418/180
f 4221/5285/2 4352/5328/2 4420/5273/2
f 4265/5352/2 4345/5289/2 4419/5270/2
f 4336/5435/180 4331/5199/180 4417/5201/173
f 4407/5193/267 4238/5186/182 4310/5428/182
f 4421/5416/1102 4359/5418/180 4301/5417/180
f 4296/5386/2 4295/5303/2 4414/5297/2
f 4223/5327/1116 4296/5386/1116 4413/5387/1095
f 4256/5344/1117 4284/5334/1117 4412/5340/999
f 4270/5374/1118 4278/5353/1118 4411/5358/1119
f 4409/5341/2 4250/5333/2 4270/5374/2
f 4278/5353/1120 4265/5352/1121 4410/5359/1065
f 4406/5298/2 4236/5302/2 4256/5344/2
f 4284/5334/1122 4250/5333/1122 4409/5341/996
f 4301/5417/2 4336/5435/2 4418/5315/2
f 4295/5303/1123 4236/5302/1123 4406/5298/1042
f 4352/5328/2 4223/5327/2 4408/5274/2
f 4345/5289/2 4217/5288/2 4404/5271/2
f 4422/5268/267 4385/5286/182 4221/5285/182
f 4368/5261/989 4268/5263/902 4248/5376/1079
f 4251/5264/1036 4282/5266/1038 4248/5368/1124
f 4360/5267/267 4405/5269/267 4222/5446/267
f 4419/5270/2 4218/5272/2 4341/5441/2
f 4420/5273/2 4246/5275/2 4350/5447/2
f 4273/5276/1039 4394/5278/1040 4393/5356/1063
f 4225/5279/2 4346/5281/2 4229/5305/2
f 4367/5282/909 4288/5284/909 4244/5445/909
f 4221/5285/910 4386/5287/910 4227/5296/910
f 4217/5288/2 4344/5280/2 4225/5279/2
f 4231/5290/911 4388/5292/911 4235/5444/911
f 4362/5293/6 4350/5295/6 4246/5379/6
f 4227/5296/912 4387/5291/912 4231/5290/912
f 4414/5297/1041 4234/5299/1041 4300/5389/1041
f 4388/5292/909 4355/5301/909 4235/5444/909
f 4236/5302/1043 4291/5304/1043 4232/5307/1125
f 4229/5305/2 4343/5306/2 4233/5472/2
f 4232/5307/1045 4289/5308/1046 4230/5312/1046
f 4303/5309/2 4338/5311/2 4337/5434/2
f 4230/5312/1047 4287/5313/1049 4228/5348/1126
f 4415/5314/2 4340/5316/2 4309/5473/2
f 4365/5317/6 4300/5319/6 4234/5372/6
f 4364/5320/909 4254/5322/909 4228/5390/909
f 4219/5323/2 4355/5325/2 4244/5383/2
f 4308/5326/921 4335/5065/921 4339/5474/921
f 4223/5327/2 4353/5329/2 4220/5330/2
f 4220/5330/2 4354/5324/2 4219/5323/2
f 4237/5071/922 4340/5332/922 4332/5243/922
f 4250/5333/1050 4283/5335/1051 4249/5336/1127
f 4249/5336/1052 4285/5265/1052 4251/5264/1052
f 4218/5337/1053 4402/5339/1055 4258/5422/1105
f 4406/5298/2 4259/5377/2 4234/5299/2
f 4255/5343/2 4230/5312/2 4257/5347/2
f 4256/5344/2 4232/5307/2 4255/5343/2
f 4371/5321/909 4282/5346/909 4254/5322/909
f 4257/5347/2 4228/5348/2 4254/5378/2
f 4266/5349/1056 4276/5351/1056 4263/5440/1128
f 4265/5352/1058 4277/5354/1060 4264/5355/1058
f 4264/5355/1061 4279/5350/1062 4266/5349/1062
f 4273/5276/1039 4395/5357/1064 4247/5342/1109
f 4373/5360/909 4343/5362/909 4263/5371/909
f 4409/5341/2 4273/5276/2 4247/5342/2
f 4370/5363/1129 4398/5365/1129 4379/5448/1129
f 4269/5366/2 4251/5264/2 4271/5367/2
f 4250/5333/2 4269/5366/2 4270/5374/2
f 4271/5367/2 4248/5368/2 4268/5375/2
f 4375/5262/903 4276/5370/909 4268/5263/902
f 4373/5360/909 4276/5370/909 4376/5369/909
f 4365/5317/1069 4252/5373/1070 4397/5469/1130
f 4277/5354/1071 4271/5367/1072 4279/5350/1072
f 4278/5353/1073 4269/5366/1075 4277/5354/1131
f 4279/5350/1076 4268/5375/1078 4276/5351/1078
f 4368/5261/989 4282/5346/909 4378/5345/909
f 4377/5455/1132 4401/5411/1132 4372/5456/1132
f 4283/5335/1081 4257/5347/1082 4285/5265/1082
f 4284/5334/1083 4255/5343/1084 4283/5335/1133
f 4285/5265/1085 4254/5378/1087 4282/5266/1134
f 4362/5293/6 4299/5380/6 4380/5381/6
f 4381/5318/6 4299/5380/6 4300/5319/6
f 4290/5382/1088 4244/5383/1090 4288/5384/1135
f 4289/5308/2 4288/5384/2 4287/5313/2
f 4292/5385/1091 4219/5323/1091 4290/5382/1091
f 4291/5304/2 4290/5382/2 4289/5308/2
f 4296/5386/1092 4220/5330/1094 4292/5385/1136
f 4295/5303/2 4292/5385/2 4291/5304/2
f 4408/5274/1095 4299/5388/1095 4246/5275/1137
f 4413/5387/2 4300/5389/2 4299/5388/2
f 4364/5320/909 4287/5391/909 4382/5392/909
f 4383/5283/909 4287/5391/909 4288/5284/909
f 4297/5134/909 4329/5393/909 4330/5429/909
f 4226/5137/909 4329/5393/909 4298/5136/909
f 4369/5395/4 4304/5397/4 4317/5465/4
f 4397/5469/1096 4425/5475/1096 4399/5364/1096
f 4252/5373/1138 4425/5475/1138 4397/5469/1138
f 4253/5145/978 4325/5401/909 4281/5163/909
f 4356/5148/1 4324/5403/1 4326/5245/1
f 4262/5151/909 4323/5405/909 4275/5155/909
f 4274/5154/979 4323/5405/909 4322/5432/1106
f 4429/5476/1097 4394/5477/1097 4396/5468/1097
f 4262/5151/909 4348/5409/909 4320/5404/909
f 4380/5381/4 4280/5410/4 4286/5437/4
f 4260/5162/909 4325/5401/909 4318/5420/909
f 4426/5478/1097 4396/5468/1097 4258/5471/1097
f 4384/5338/1054 4415/5314/1103 4309/5473/1139
f 4301/5417/984 4361/5419/984 4303/5309/984
f 4226/5137/909 4318/5420/909 4306/5394/909
f 4303/5309/987 4363/5423/987 4305/5310/987
f 4305/5310/988 4366/5424/988 4308/5436/988
f 4243/5178/909 4357/5425/909 4313/5466/909
f 4311/5426/912 4241/5182/912 4312/5427/912
f 4432/5398/1140 4400/5470/1140 4398/5365/1140
f 4312/5427/911 4243/5178/911 4313/5466/911
f 4310/5428/910 4240/5183/910 4311/5426/910
f 4245/5187/909 4330/5429/909 4314/5443/909
f 4237/5071/6 4349/5430/6 4309/5331/6
f 4239/5191/267 4416/5431/267 4302/5442/267
f 4253/5145/978 4322/5432/1106 4315/5400/1099
f 4334/5195/990 4339/5433/990 4335/5249/990
f 4333/5197/991 4338/5311/991 4334/5195/991
f 4331/5199/992 4337/5434/992 4333/5197/992
f 4340/5316/173 4417/5201/173 4332/5250/173
f 4303/5309/2 4336/5435/2 4301/5417/2
f 4305/5310/2 4339/5433/2 4338/5311/2
f 4362/5293/1107 4286/5437/1107 4321/5463/1107
f 4342/5160/909 4308/5326/909 4348/5409/909
f 4389/5361/909 4233/5439/909 4343/5362/909
f 4346/5281/2 4263/5440/2 4343/5306/2
f 4345/5289/2 4264/5355/2 4344/5280/2
f 4344/5280/2 4266/5349/2 4346/5281/2
f 4259/5377/1108 4395/5357/1064 4224/5408/1108
f 4410/5359/2 4341/5441/2 4261/5277/2
f 4356/5148/6 4302/5442/6 4358/5402/6
f 4351/5180/909 4314/5443/909 4357/5425/909
f 4353/5329/2 4231/5290/2 4354/5324/2
f 4352/5328/2 4227/5296/2 4353/5329/2
f 4354/5324/2 4235/5444/2 4355/5325/2
f 4391/5300/909 4244/5445/909 4355/5301/909
f 4392/5294/6 4222/5446/6 4350/5295/6
f 4405/5269/2 4350/5447/2 4222/5446/2
f 4358/5402/6 4360/5267/6 4392/5294/6
f 4357/5425/909 4367/5282/909 4391/5300/909
f 4370/5363/930 4293/5449/930 4316/5460/930
f 4348/5409/909 4366/5438/909 4389/5361/909
f 4229/5450/988 4366/5424/988 4363/5423/988
f 4361/5419/987 4229/5450/987 4363/5423/987
f 4359/5418/984 4225/5452/984 4361/5419/984
f 4218/5337/1053 4421/5416/1102 4384/5338/1054
f 4330/5429/909 4382/5392/909 4383/5283/909
f 4306/5394/909 4382/5392/909 4329/5393/909
f 4377/5455/1110 4307/5457/1110 4294/5462/1110
f 4372/5456/4 4272/5459/4 4307/5457/4
f 4365/5317/4 4316/5460/4 4319/5467/4
f 4315/5400/1099 4378/5345/909 4325/5401/909
f 4390/5458/15 4327/5461/15 4272/5459/15
f 4320/5404/909 4376/5369/909 4323/5405/909
f 4322/5432/1106 4376/5369/909 4375/5262/903
f 4374/5396/1111 4294/5462/1111 4304/5397/1111
f 4320/5404/909 4389/5361/909 4373/5360/909
f 4392/5294/4 4321/5463/4 4267/5464/4
f 4318/5420/909 4378/5345/909 4371/5321/909
f 4349/5430/15 4328/5230/15 4327/5461/15
f 4358/5402/1 4267/5464/1 4324/5403/1
f 4306/5394/909 4371/5321/909 4364/5320/909
f 4379/5448/1006 4317/5465/1006 4293/5449/1006
f 4313/5466/909 4391/5300/909 4388/5292/909
f 4386/5287/912 4312/5427/912 4387/5291/912
f 4381/5318/1112 4319/5467/1112 4280/5410/1112
f 4387/5291/911 4313/5466/911 4388/5292/911
f 4385/5286/910 4311/5426/910 4386/5287/910
f 4314/5443/909 4383/5283/909 4367/5282/909
f 4309/5331/1113 4390/5458/1113 4384/5479/1113
f 4302/5442/267 4422/5268/267 4360/5267/267
f 4322/5432/1106 4368/5261/989 4315/5400/1099
f 4424/5480/1100 4224/5408/1100 4395/5357/1100
f 4261/5277/1040 4396/5468/1040 4394/5477/1040
f 4365/5317/1067 4399/5364/1067 4370/5363/1067
f 4374/5396/1141 4401/5411/1141 4377/5455/1141
f 4379/5448/1142 4398/5365/1142 4369/5395/1142
f 4390/5458/1114 4402/5415/1114 4384/5479/1114
f 4234/5299/1108 4224/5408/1108 4252/5407/1108
f 4372/5456/1114 4403/5413/1114 4390/5458/1114
f 4374/5396/1143 4398/5365/1143 4400/5470/1143
f 4341/5441/1040 4258/5471/1040 4396/5468/1040
f 4310/5428/182 4422/5268/267 4416/5431/267
f 4404/5454/173 4359/5418/180 4421/5416/1102
f 4221/5285/2 4420/5273/2 4405/5269/2
f 4265/5352/2 4419/5270/2 4410/5359/2
f 4336/5435/180 4417/5201/173 4418/5315/173
f 4407/5193/267 4310/5428/182 4416/5431/267
f 4421/5416/1102 4301/5417/180 4415/5314/1103
f 4296/5386/2 4414/5297/2 4413/5387/2
f 4223/5327/1116 4413/5387/1095 4408/5274/1095
f 4256/5344/1117 4412/5340/999 4259/5377/999
f 4270/5374/1118 4411/5358/1119 4273/5276/1119
f 4409/5341/2 4270/5374/2 4273/5276/2
f 4278/5353/1120 4410/5359/1065 4411/5358/1065
f 4406/5298/2 4256/5344/2 4259/5377/2
f 4284/5334/1122 4409/5341/996 4412/5340/996
f 4301/5417/2 4418/5315/2 4415/5314/2
f 4295/5303/1123 4406/5298/1042 4414/5297/1041
f 4352/5328/2 4408/5274/2 4420/5273/2
f 4345/5289/2 4404/5271/2 4419/5270/2
f 4422/5268/267 4221/5285/182 4405/5269/267
f 4430/5481/1144 4432/5398/1144 4424/5482/1144
f 4433/5414/1145 4434/5412/1145 4429/5483/1145
f 4432/5398/1145 4425/5475/1145 4423/5484/1145
f 4431/5485/1145 4430/5481/1145 4427/5486/1145
f 4434/5412/1145 4431/5485/1145 4428/5487/1145
f 4430/5481/1144 4424/5482/1144 4427/5486/1144
f 4433/5414/1145 4429/5483/1145 4426/5488/1145
f 4432/5398/1145 4423/5484/1145 4424/5482/1145
f 4431/5485/1145 4427/5486/1145 4428/5487/1145
f 4434/5412/1145 4428/5487/1145 4429/5483/1145
f 4393/5356/1146 4424/5480/1146 4395/5357/1146
f 4400/5470/1101 4431/5485/1101 4401/5411/1101
f 4182/5106/975 4185/5105/975 4212/5142/975
f 4177/5098/976 4208/5260/1033 4209/5144/977
f 4055/5156/1147 4206/5489/1147 4205/5157/1147
f 4184/5164/981 4187/5167/981 4216/5165/981
f 4187/5167/981 4186/5238/981 4215/5168/981
f 4186/5079/928 4060/5244/1017 4207/5174/985
f 4181/5236/975 4182/5106/975 4206/5143/975
f 4055/5113/1148 4181/5236/1148 4206/5143/1148
f 4178/5246/977 4209/5490/977 4211/5247/977
f 4180/5235/977 4211/5247/977 4207/5248/977
f 4183/5237/1034 4213/5253/1035 4212/5142/1149
f 4036/5158/980 4205/5157/980 4210/5252/980
f 4177/5098/1150 4179/5097/1150 4210/5252/1150
f 4183/5237/1034 4184/5164/981 4214/5166/981
f 4399/5364/1096 4425/5475/1096 4432/5398/1096
f 4428/5399/1097 4427/5491/1151 4393/5356/1098
f 4423/5406/1152 4425/5492/1152 4252/5407/1152
f 4401/5411/1101 4431/5485/1101 4434/5412/1101
f 4403/5413/1101 4434/5412/1101 4433/5414/1101
f 4402/5339/1055 4433/5493/1153 4426/5421/1104
f 4429/5476/1097 4428/5494/1097 4394/5477/1097
f 4426/5478/1097 4429/5476/1097 4396/5468/1097
f 4432/5398/1154 4430/5481/1155 4400/5470/1101
f 4424/5480/1100 4423/5406/1100 4224/5408/1100
f 4393/5356/1098 4427/5491/1151 4424/5480/1151
f 4400/5470/1101 4430/5481/1155 4431/5485/1101
usemtl Material.021
f 4436/5495/1156 4437/5496/1156 4435/5497/1156
f 4438/5498/1157 4441/5499/1157 4437/5496/1157
f 4442/5500/1158 4439/5501/1158 4441/5499/1158
f 4440/5502/1159 4445/5503/1159 4439/5501/1159
f 4437/5504/5 4439/5501/5 4435/5505/5
f 4438/5506/6 4440/5502/6 4442/5500/6
f 4445/5503/5 4447/5507/5 4443/5508/5
f 4435/5497/1160 4444/5509/1160 4436/5495/1160
f 4435/5505/5 4445/5503/5 4443/5508/5
f 4436/5510/6 4446/5511/6 4440/5502/6
f 4449/5512/5 4451/5513/5 4447/5507/5
f 4443/5514/1161 4448/5515/1161 4444/5509/1161
f 4446/5511/6 4448/5516/6 4450/5517/6
f 4446/5511/1162 4449/5512/1162 4445/5503/1162
f 4459/5518/6 4458/5519/6 4460/5520/6
f 4447/5521/1163 4452/5522/1163 4448/5515/1163
f 4450/5517/6 4452/5523/6 4454/5524/6
f 4450/5517/1164 4453/5525/1164 4449/5512/1164
f 4458/5519/1165 4455/5526/1165 4457/5527/1165
f 4460/5520/1166 4457/5527/1167 4461/5528/1168
f 4462/5529/5 4457/5527/5 4455/5530/5
f 4456/5531/6 4465/5532/6 4464/5533/6
f 4451/5534/1169 4459/5535/1169 4452/5522/1169
f 4451/5513/5 4461/5528/5 4462/5529/5
f 4454/5524/1168 4461/5528/1168 4453/5525/1168
f 4452/5523/6 4460/5520/6 4454/5524/6
f 4466/5536/1170 4464/5537/1170 4465/5538/1170
f 4456/5539/1171 4463/5540/1171 4455/5526/1171
f 4455/5530/5 4466/5541/5 4462/5529/5
f 4462/5542/1172 4465/5538/1172 4459/5535/1172
f 4436/5495/1156 4438/5498/1156 4437/5496/1156
f 4438/5498/1157 4442/5500/1157 4441/5499/1157
f 4442/5500/1158 4440/5502/1158 4439/5501/1158
f 4440/5502/1159 4446/5511/1159 4445/5503/1159
f 4437/5504/5 4441/5499/5 4439/5501/5
f 4438/5506/6 4436/5510/6 4440/5502/6
f 4445/5503/5 4449/5512/5 4447/5507/5
f 4435/5497/1160 4443/5514/1160 4444/5509/1160
f 4435/5505/5 4439/5501/5 4445/5503/5
f 4436/5510/6 4444/5543/6 4446/5511/6
f 4449/5512/5 4453/5525/5 4451/5513/5
f 4443/5514/1161 4447/5521/1161 4448/5515/1161
f 4446/5511/6 4444/5543/6 4448/5516/6
f 4446/5511/1162 4450/5517/1162 4449/5512/1162
f 4459/5518/6 4456/5531/6 4458/5519/6
f 4447/5521/1163 4451/5534/1163 4452/5522/1163
f 4450/5517/6 4448/5516/6 4452/5523/6
f 4450/5517/1164 4454/5524/1164 4453/5525/1164
f 4458/5519/1165 4456/5539/1165 4455/5526/1165
f 4460/5520/1166 4458/5519/1167 4457/5527/1167
f 4462/5529/5 4461/5528/5 4457/5527/5
f 4456/5531/6 4459/5518/6 4465/5532/6
f 4451/5534/1169 4462/5542/1169 4459/5535/1169
f 4451/5513/5 4453/5525/5 4461/5528/5
f 4454/5524/1168 4460/5520/1166 4461/5528/1168
f 4452/5523/6 4459/5518/6 4460/5520/6
f 4466/5536/1170 4463/5544/1170 4464/5537/1170
f 4456/5539/1171 4464/5545/1171 4463/5540/1171
f 4455/5530/5 4463/5546/5 4466/5541/5
f 4462/5542/1172 4466/5536/1172 4465/5538/1172
f 4683/5547/584 4684/5548/584 4682/5549/584
f 4685/5550/15 4686/5551/15 4684/5548/15
f 4687/5552/585 4688/5553/585 4686/5551/585
f 4689/5554/586 4690/5555/586 4688/5553/586
f 4691/5556/4 4689/5554/4 4687/5552/4
f 4691/5556/1 4692/5557/1 4690/5555/1
f 4692/5557/587 4683/5547/587 4682/5549/587
f 4688/5553/2 4690/5555/2 4692/5557/2
f 4695/5558/584 4696/5559/584 4694/5560/584
f 4697/5561/15 4698/5562/15 4696/5559/15
f 4699/5563/585 4700/5564/585 4698/5562/585
f 4701/5565/586 4702/5566/586 4700/5564/586
f 4701/5565/4 4699/5563/4 4695/5558/4
f 4703/5567/1 4704/5568/1 4702/5566/1
f 4705/5569/587 4694/5560/587 4704/5568/587
f 4700/5564/2 4702/5566/2 4704/5568/2
f 4683/5547/584 4685/5550/584 4684/5548/584
f 4685/5550/15 4687/5552/15 4686/5551/15
f 4687/5552/585 4689/5554/585 4688/5553/585
f 4689/5554/586 4691/5556/586 4690/5555/586
f 4687/5552/4 4685/5550/4 4683/5547/4
f 4683/5547/4 4693/5570/4 4687/5552/4
f 4693/5570/4 4691/5556/4 4687/5552/4
f 4691/5556/1 4693/5570/1 4692/5557/1
f 4692/5557/587 4693/5570/587 4683/5547/587
f 4692/5557/2 4682/5549/2 4684/5548/2
f 4684/5548/2 4686/5551/2 4692/5557/2
f 4686/5551/2 4688/5553/2 4692/5557/2
f 4695/5558/584 4697/5561/584 4696/5559/584
f 4697/5561/15 4699/5563/15 4698/5562/15
f 4699/5563/585 4701/5565/585 4700/5564/585
f 4701/5565/586 4703/5567/586 4702/5566/586
f 4699/5563/4 4697/5561/4 4695/5558/4
f 4695/5558/4 4705/5569/4 4703/5567/4
f 4703/5567/4 4701/5565/4 4695/5558/4
f 4703/5567/1 4705/5569/1 4704/5568/1
f 4705/5569/587 4695/5558/587 4694/5560/587
f 4704/5568/2 4694/5560/2 4700/5564/2
f 4694/5560/2 4696/5559/2 4700/5564/2
f 4696/5559/2 4698/5562/2 4700/5564/2
f 4935/5571/1173 4953/5572/1173 4952/5573/1173
f 4959/5574/2 4954/5575/2 4965/5576/2
f 4941/5577/2 4956/5578/2 4954/5575/2
f 4935/5571/4 5009/5579/4 5005/5580/4
f 4985/5581/1174 4975/5582/1174 4984/5583/1174
f 4937/5584/1175 4967/5585/1175 4970/5586/1175
f 4945/5587/15 4957/5588/15 4956/5578/15
f 4949/5589/4 4942/5590/4 4951/5591/4
f 4940/5592/5 4942/5590/5 4938/5593/5
f 4939/5594/6 4945/5587/6 4941/5577/6
f 4955/5595/4 4951/5591/4 4957/5588/4
f 4950/5596/1176 4942/5590/1176 4944/5597/1176
f 4971/5598/4 4946/5599/4 4934/5600/4
f 4948/5601/2 4944/5597/2 4940/5592/2
f 4963/5602/2 4940/5592/2 4958/5603/2
f 4946/5599/1173 4936/5604/1173 4934/5600/1173
f 4955/5595/4 4943/5605/4 4939/5594/4
f 4956/5578/1177 4951/5591/1177 4950/5596/1177
f 4968/5606/4 4996/5607/4 4999/5608/4
f 4954/5575/2 4950/5596/2 4948/5601/2
f 4965/5576/2 4948/5601/2 4963/5602/2
f 4952/5573/1173 4947/5609/1173 4946/5599/1173
f 4973/5610/2 4963/5602/2 4972/5611/2
f 4949/5589/4 4964/5612/4 4962/5613/4
f 4972/5611/2 4958/5603/2 4966/5614/2
f 4938/5593/4 4962/5613/4 4960/5615/4
f 4959/5574/1175 4939/5594/1175 4941/5577/1175
f 4991/5616/4 4984/5583/4 4975/5582/4
f 4955/5595/4 4961/5617/4 4964/5612/4
f 4970/5586/2 4965/5576/2 4973/5610/2
f 4937/5584/2 5004/5618/2 5008/5619/2
f 4947/5609/2 4966/5614/2 4936/5604/2
f 5000/5620/2 4997/5621/2 4972/5611/2
f 4962/5613/4 4969/5622/4 4968/5606/4
f 4960/5615/4 4968/5606/4 4971/5598/4
f 4970/5586/1175 4961/5617/1175 4959/5574/1175
f 4964/5612/4 4967/5585/4 4969/5622/4
f 4960/5615/1178 4978/5623/1178 4938/5593/1178
f 4934/5600/1179 4983/5624/1179 4971/5598/1179
f 4958/5603/1179 4982/5625/1179 4966/5614/1179
f 4940/5592/15 4978/5623/15 4979/5626/15
f 4934/5600/1 4977/5627/1 4976/5628/1
f 4940/5592/1178 4980/5629/1178 4958/5603/1178
f 4971/5598/1179 4981/5630/1179 4960/5615/1179
f 4966/5614/1179 4977/5627/1179 4936/5604/1179
f 4980/5629/2 4987/5631/2 4988/5632/2
f 4983/5624/4 4989/5633/4 4981/5630/4
f 4977/5627/2 4990/5634/2 4985/5581/2
f 4988/5632/1180 4986/5635/1180 4989/5633/1180
f 4988/5632/1181 4991/5616/1181 4990/5634/1181
f 4985/5581/2 4990/5634/2 4974/5636/2
f 4977/5627/1182 4984/5583/1183 4976/5628/1183
f 4979/5626/1184 4986/5635/1184 4987/5631/1184
f 4982/5625/2 4988/5632/2 4990/5634/2
f 4976/5628/4 4991/5616/4 4983/5624/4
f 4981/5630/4 4986/5635/4 4978/5623/4
f 4990/5634/1185 4975/5582/1185 4974/5636/1185
f 5001/5637/1186 5011/5638/1186 5003/5639/1186
f 4993/5640/1 4994/5641/1 4995/5642/1
f 5006/5643/5 5004/5618/5 5007/5644/5
f 4992/5645/1187 5007/5644/1187 4994/5641/1187
f 4999/5608/1188 4997/5621/1188 5000/5620/1188
f 5009/5579/1189 5004/5618/1189 5005/5580/1189
f 5010/5646/15 5009/5579/15 5011/5638/15
f 4999/5608/6 5000/5620/6 5002/5647/6
f 5016/5648/4 5015/5649/4 5013/5650/4
f 5113/5651/1190 5015/5649/1190 5017/5652/1190
f 5123/5653/6 5014/5654/6 5012/5655/6
f 5112/5656/5 5013/5650/5 5015/5649/5
f 5116/5657/1191 5017/5652/1191 5014/5654/1191
f 5014/5654/4 5016/5648/4 5012/5655/4
f 5023/5658/4 5019/5659/4 5022/5660/4
f 5141/5661/1190 5021/5662/1190 5023/5658/1190
f 5110/5663/6 5020/5664/6 5018/5665/6
f 5138/5666/5 5019/5659/5 5021/5662/5
f 5142/5667/1191 5023/5658/1191 5020/5664/1191
f 5018/5665/4 5023/5658/4 5022/5660/4
f 5028/5668/4 5027/5669/4 5025/5670/4
f 5161/5671/1190 5027/5669/1190 5029/5672/1190
f 5134/5673/6 5026/5674/6 5024/5675/6
f 5162/5676/5 5025/5670/5 5027/5669/5
f 5159/5677/1191 5029/5672/1191 5026/5674/1191
f 5026/5674/4 5028/5668/4 5024/5675/4
f 5035/5678/4 5031/5679/4 5034/5680/4
f 5182/5681/1190 5033/5682/1190 5035/5678/1190
f 5156/5683/6 5032/5684/6 5030/5685/6
f 5188/5686/5 5031/5679/5 5033/5682/5
f 5183/5687/1191 5035/5678/1191 5032/5684/1191
f 5030/5685/4 5035/5678/4 5034/5680/4
f 5040/5688/4 5039/5689/4 5037/5690/4
f 5197/5691/1190 5039/5689/1190 5041/5692/1190
f 5180/5693/6 5038/5694/6 5036/5695/6
f 5039/5689/5 5179/5696/5 5037/5690/5
f 5195/5697/1191 5041/5692/1191 5038/5694/1191
f 5038/5694/4 5040/5688/4 5036/5695/4
f 5046/5698/4 5045/5699/4 5043/5700/4
f 5118/5701/1190 5045/5699/1190 5047/5702/1190
f 5126/5703/6 5044/5704/6 5042/5705/6
f 5120/5706/5 5043/5700/5 5045/5699/5
f 5117/5707/1191 5047/5702/1191 5044/5704/1191
f 5044/5704/4 5046/5698/4 5042/5705/4
f 5052/5708/4 5051/5709/4 5049/5710/4
f 5139/5711/1190 5051/5709/1190 5053/5712/1190
f 5146/5713/6 5050/5714/6 5048/5715/6
f 5143/5716/5 5049/5710/5 5051/5709/5
f 5140/5717/1191 5053/5712/1191 5050/5714/1191
f 5050/5714/4 5052/5708/4 5048/5715/4
f 5059/5718/4 5055/5719/4 5058/5720/4
f 5164/5721/1190 5057/5722/1190 5059/5718/1190
f 5132/5723/6 5056/5724/6 5054/5725/6
f 5057/5722/5 5131/5726/5 5055/5719/5
f 5163/5727/1191 5059/5718/1191 5056/5724/1191
f 5054/5725/4 5059/5718/4 5058/5720/4
f 5064/5728/4 5063/5729/4 5061/5730/4
f 5184/5731/1190 5063/5729/1190 5065/5732/1190
f 5152/5733/6 5062/5734/6 5060/5735/6
f 5189/5736/5 5061/5730/5 5063/5729/5
f 5187/5737/1191 5065/5732/1191 5062/5734/1191
f 5060/5735/4 5065/5732/4 5064/5728/4
f 5070/5738/4 5069/5739/4 5067/5740/4
f 5192/5741/1190 5069/5739/1190 5071/5742/1190
f 5173/5743/6 5068/5744/6 5066/5745/6
f 5193/5746/5 5067/5740/5 5069/5739/5
f 5191/5747/1191 5071/5742/1191 5068/5744/1191
f 5066/5745/4 5071/5742/4 5070/5738/4
f 5076/5748/4 5075/5749/4 5073/5750/4
f 5114/5751/1190 5075/5749/1190 5077/5752/1190
f 5122/5753/6 5074/5754/6 5072/5755/6
f 5115/5756/5 5073/5750/5 5075/5749/5
f 5119/5757/1191 5077/5752/1191 5074/5754/1191
f 5074/5754/4 5076/5748/4 5072/5755/4
f 5082/5758/4 5081/5759/4 5079/5760/4
f 5136/5761/1190 5081/5759/1190 5083/5762/1190
f 5148/5763/6 5080/5764/6 5078/5765/6
f 5144/5766/5 5079/5760/5 5081/5759/5
f 5137/5767/1191 5083/5762/1191 5080/5764/1191
f 5080/5764/4 5082/5758/4 5078/5765/4
f 5089/5768/4 5085/5769/4 5088/5770/4
f 5165/5771/1190 5087/5772/1190 5089/5768/1190
f 5168/5773/6 5086/5774/6 5084/5775/6
f 5160/5776/5 5085/5769/5 5087/5772/5
f 5166/5777/1191 5089/5768/1191 5086/5774/1191
f 5084/5775/4 5089/5768/4 5088/5770/4
f 5094/5778/4 5093/5779/4 5091/5780/4
f 5185/5781/1190 5093/5779/1190 5095/5782/1190
f 5157/5783/6 5092/5784/6 5090/5785/6
f 5190/5786/5 5091/5780/5 5093/5779/5
f 5186/5787/1191 5095/5782/1191 5092/5784/1191
f 5090/5785/4 5095/5782/4 5094/5778/4
f 5100/5788/4 5099/5789/4 5097/5790/4
f 5196/5791/1190 5099/5789/1190 5101/5792/1190
f 5174/5793/6 5098/5794/6 5096/5795/6
f 5176/5796/5 5097/5790/5 5099/5789/5
f 5175/5797/1191 5101/5792/1191 5098/5794/1191
f 5096/5795/4 5101/5792/4 5100/5788/4
f 5298/5798/15 5105/5799/15 5107/5800/15
f 5105/5799/1192 5106/5801/1192 5107/5800/1192
f 5294/5802/5 5102/5803/5 5292/5804/5
f 5295/5805/1193 5103/5806/1193 5105/5799/1193
f 5103/5806/1 5293/5807/1 5299/5808/1
f 5132/5723/1194 5140/5717/1194 5102/5803/1194
f 5298/5798/15 5104/5809/15 5294/5802/15
f 5103/5806/1195 5300/5810/1195 5106/5801/1195
f 5102/5803/1196 5300/5810/1196 5292/5804/1196
f 5181/5811/1197 5037/5690/1197 5179/5696/1197
f 5193/5746/1194 5192/5741/1194 5175/5797/1194
f 5116/5657/1194 5123/5653/1194 5121/5812/1194
f 5162/5676/1194 5158/5813/1194 5107/5800/1194
f 5148/5763/1198 5082/5758/1198 5149/5814/1198
f 5126/5703/1198 5046/5698/1198 5128/5815/1198
f 5134/5673/1198 5028/5668/1198 5133/5816/1198
f 5123/5653/1198 5016/5648/1198 5129/5817/1198
f 5129/5817/1197 5013/5650/1197 5125/5818/1197
f 5174/5793/1198 5100/5788/1198 5177/5819/1198
f 5157/5783/1198 5094/5778/1198 5154/5820/1198
f 5132/5723/1198 5058/5720/1198 5130/5821/1198
f 5127/5822/1197 5073/5750/1197 5121/5812/1197
f 5133/5816/1197 5025/5670/1197 5135/5823/1197
f 5173/5743/1198 5070/5738/1198 5172/5824/1198
f 5168/5773/1198 5088/5770/1198 5169/5825/1198
f 5130/5821/1197 5055/5719/1197 5131/5726/1197
f 5152/5733/1198 5064/5728/1198 5150/5826/1198
f 5180/5693/1198 5040/5688/1198 5181/5811/1198
f 5110/5663/1198 5022/5660/1198 5111/5827/1198
f 5122/5753/1198 5076/5748/1198 5127/5822/1198
f 5111/5827/1197 5019/5659/1197 5108/5828/1197
f 5177/5819/1197 5097/5790/1197 5178/5829/1197
f 5154/5820/1197 5091/5780/1197 5153/5830/1197
f 5109/5831/1197 5049/5710/1197 5145/5832/1197
f 5169/5825/1197 5085/5769/1197 5170/5833/1197
f 5128/5815/1197 5043/5700/1197 5124/5834/1197
f 5156/5683/1198 5034/5680/1198 5155/5835/1198
f 5146/5713/1198 5052/5708/1198 5109/5831/1198
f 5150/5826/1197 5061/5730/1197 5151/5836/1197
f 5155/5835/1197 5031/5679/1197 5158/5813/1197
f 5149/5814/1197 5079/5760/1197 5147/5837/1197
f 5172/5824/1197 5067/5740/1197 5171/5838/1197
f 5202/5839/2 5201/5840/2 5203/5841/2
f 5201/5840/1190 5306/5842/1190 5203/5841/1190
f 5200/5843/6 5316/5844/6 5198/5845/6
f 5199/5846/5 5305/5847/5 5201/5840/5
f 5203/5841/1191 5309/5848/1191 5200/5843/1191
f 5202/5839/2 5200/5843/2 5198/5845/2
f 5205/5849/2 5209/5850/2 5208/5851/2
f 5207/5852/1190 5334/5853/1190 5209/5850/1190
f 5206/5854/6 5303/5855/6 5204/5856/6
f 5205/5849/5 5331/5857/5 5207/5852/5
f 5209/5850/1191 5335/5858/1191 5206/5854/1191
f 5204/5856/2 5209/5850/2 5206/5854/2
f 5214/5859/2 5213/5860/2 5215/5861/2
f 5213/5860/1190 5354/5862/1190 5215/5861/1190
f 5212/5863/6 5327/5864/6 5210/5865/6
f 5211/5866/5 5355/5867/5 5213/5860/5
f 5215/5861/1191 5352/5868/1191 5212/5863/1191
f 5214/5859/2 5212/5863/2 5210/5865/2
f 5217/5869/2 5221/5870/2 5220/5871/2
f 5219/5872/1190 5375/5873/1190 5221/5870/1190
f 5218/5874/6 5349/5875/6 5216/5876/6
f 5217/5869/5 5381/5877/5 5219/5872/5
f 5221/5870/1191 5376/5878/1191 5218/5874/1191
f 5216/5876/2 5221/5870/2 5218/5874/2
f 5226/5879/2 5225/5880/2 5227/5881/2
f 5225/5880/1190 5390/5882/1190 5227/5881/1190
f 5224/5883/6 5373/5884/6 5222/5885/6
f 5223/5886/5 5387/5887/5 5225/5880/5
f 5227/5881/1191 5388/5888/1191 5224/5883/1191
f 5226/5879/2 5224/5883/2 5222/5885/2
f 5232/5889/2 5231/5890/2 5233/5891/2
f 5231/5890/1190 5311/5892/1190 5233/5891/1190
f 5230/5893/6 5319/5894/6 5228/5895/6
f 5229/5896/5 5313/5897/5 5231/5890/5
f 5233/5891/1191 5310/5898/1191 5230/5893/1191
f 5232/5889/2 5230/5893/2 5228/5895/2
f 5238/5899/2 5237/5900/2 5239/5901/2
f 5237/5900/1190 5332/5902/1190 5239/5901/1190
f 5236/5903/6 5339/5904/6 5234/5905/6
f 5235/5906/5 5336/5907/5 5237/5900/5
f 5239/5901/1191 5333/5908/1191 5236/5903/1191
f 5238/5899/2 5236/5903/2 5234/5905/2
f 5241/5909/2 5245/5910/2 5244/5911/2
f 5243/5912/1190 5357/5913/1190 5245/5910/1190
f 5242/5914/6 5325/5915/6 5240/5916/6
f 5241/5909/5 5360/5917/5 5243/5912/5
f 5245/5910/1191 5356/5918/1191 5242/5914/1191
f 5240/5916/2 5245/5910/2 5242/5914/2
f 5250/5919/2 5249/5920/2 5251/5921/2
f 5249/5920/1190 5377/5922/1190 5251/5921/1190
f 5248/5923/6 5345/5924/6 5246/5925/6
f 5247/5926/5 5382/5927/5 5249/5920/5
f 5251/5921/1191 5380/5928/1191 5248/5923/1191
f 5246/5925/2 5251/5921/2 5248/5923/2
f 5256/5929/2 5255/5930/2 5257/5931/2
f 5255/5930/1190 5385/5932/1190 5257/5931/1190
f 5254/5933/6 5366/5934/6 5252/5935/6
f 5253/5936/5 5386/5937/5 5255/5930/5
f 5257/5931/1191 5384/5938/1191 5254/5933/1191
f 5252/5935/2 5257/5931/2 5254/5933/2
f 5262/5939/2 5261/5940/2 5263/5941/2
f 5261/5940/1190 5307/5942/1190 5263/5941/1190
f 5260/5943/6 5315/5944/6 5258/5945/6
f 5259/5946/5 5308/5947/5 5261/5940/5
f 5263/5941/1191 5312/5948/1191 5260/5943/1191
f 5262/5939/2 5260/5943/2 5258/5945/2
f 5268/5949/2 5267/5950/2 5269/5951/2
f 5267/5950/1190 5329/5952/1190 5269/5951/1190
f 5266/5953/6 5341/5954/6 5264/5955/6
f 5265/5956/5 5337/5957/5 5267/5950/5
f 5269/5951/1191 5330/5958/1191 5266/5953/1191
f 5268/5949/2 5266/5953/2 5264/5955/2
f 5271/5959/2 5275/5960/2 5274/5961/2
f 5273/5962/1190 5358/5963/1190 5275/5960/1190
f 5272/5964/6 5361/5965/6 5270/5966/6
f 5271/5959/5 5353/5967/5 5273/5962/5
f 5275/5960/1191 5359/5968/1191 5272/5964/1191
f 5270/5966/2 5275/5960/2 5272/5964/2
f 5280/5969/2 5279/5970/2 5281/5971/2
f 5279/5970/1190 5378/5972/1190 5281/5971/1190
f 5278/5973/6 5350/5974/6 5276/5975/6
f 5277/5976/5 5383/5977/5 5279/5970/5
f 5281/5971/1191 5379/5978/1191 5278/5973/1191
f 5276/5975/2 5281/5971/2 5278/5973/2
f 5286/5979/2 5285/5980/2 5287/5981/2
f 5285/5980/1190 5389/5982/1190 5287/5981/1190
f 5284/5983/6 5367/5984/6 5282/5985/6
f 5283/5986/5 5369/5987/5 5285/5980/5
f 5287/5981/1191 5368/5988/1191 5284/5983/1191
f 5282/5985/2 5287/5981/2 5284/5983/2
f 5298/5798/15 5291/5989/15 5295/5805/15
f 5296/5990/1199 5291/5989/1199 5297/5991/1199
f 5288/5992/5 5294/5802/5 5292/5804/5
f 5295/5805/1200 5289/5993/1200 5293/5807/1200
f 5290/5994/1201 5356/5918/1201 5345/5924/1201
f 5290/5994/15 5298/5798/15 5294/5802/15
f 5300/5810/1195 5289/5993/1195 5296/5990/1195
f 5288/5992/1196 5300/5810/1196 5296/5990/1196
f 5374/5995/1197 5223/5886/1197 5226/5879/1197
f 5368/5988/1201 5386/5937/1201 5364/5996/1201
f 5373/5884/1201 5388/5888/1201 5369/5987/1201
f 5328/5997/1201 5331/5857/1201 5296/5990/1201
f 5341/5954/1198 5268/5949/1198 5264/5955/1198
f 5319/5894/1198 5232/5889/1198 5228/5895/1198
f 5327/5864/1198 5214/5859/1198 5210/5865/1198
f 5316/5844/1198 5202/5839/1198 5198/5845/1198
f 5322/5998/1197 5199/5846/1197 5202/5839/1197
f 5367/5984/1198 5286/5979/1198 5282/5985/1198
f 5350/5974/1198 5280/5969/1198 5276/5975/1198
f 5325/5915/1198 5244/5911/1198 5240/5916/1198
f 5320/5999/1197 5259/5946/1197 5262/5939/1197
f 5326/6000/1197 5211/5866/1197 5214/5859/1197
f 5366/5934/1198 5256/5929/1198 5252/5935/1198
f 5361/5965/1198 5274/5961/1198 5270/5966/1198
f 5323/6001/1197 5241/5909/1197 5244/5911/1197
f 5345/5924/1198 5250/5919/1198 5246/5925/1198
f 5373/5884/1198 5226/5879/1198 5222/5885/1198
f 5303/5855/1198 5208/5851/1198 5204/5856/1198
f 5315/5944/1198 5262/5939/1198 5258/5945/1198
f 5304/6002/1197 5205/5849/1197 5208/5851/1197
f 5370/6003/1197 5283/5986/1197 5286/5979/1197
f 5347/6004/1197 5277/5976/1197 5280/5969/1197
f 5302/6005/1197 5235/5906/1197 5238/5899/1197
f 5362/6006/1197 5271/5959/1197 5274/5961/1197
f 5321/6007/1197 5229/5896/1197 5232/5889/1197
f 5349/5875/1198 5220/5871/1198 5216/5876/1198
f 5339/5904/1198 5238/5899/1198 5234/5905/1198
f 5343/6008/1197 5247/5926/1197 5250/5919/1197
f 5348/6009/1197 5217/5869/1197 5220/5871/1197
f 5342/6010/1197 5265/5956/1197 5268/5949/1197
f 5365/6011/1197 5253/5936/1197 5256/5929/1197
f 5419/6012/4 5427/6013/4 5412/6014/4
f 5392/6015/1202 5409/6016/1202 5414/6017/1202
f 5393/6018/1203 5407/6019/1204 5415/6020/1205
f 5407/6019/1206 5391/6021/1206 5415/6020/1206
f 5412/6014/1207 5402/6022/1207 5410/6023/1207
f 5413/6024/1208 5403/6025/1208 5407/6019/1208
f 5405/6026/1209 5413/6024/1209 5409/6016/1209
f 5408/6027/1207 5410/6023/1207 5404/6028/1207
f 5409/6016/1210 5393/6018/1211 5414/6017/1205
f 5416/6029/1212 5423/6030/1213 5432/6031/1214
f 5416/6029/1212 5430/6032/1215 5392/6015/1216
f 5417/6033/1205 5393/6018/1211 5419/6012/1205
f 5415/6020/1217 5420/6034/1217 5418/6035/1217
f 5393/6018/1203 5418/6035/1205 5419/6012/1205
f 5416/6029/1218 5414/6017/1218 5417/6033/1218
f 5410/6023/4 5427/6013/4 5425/6036/4
f 5411/6037/1219 5424/6038/1219 5426/6039/1219
f 5404/6028/1220 5417/6033/1220 5408/6027/1220
f 5419/6012/1205 5406/6040/1205 5412/6014/1205
f 5418/6035/1221 5402/6022/1221 5406/6040/1221
f 5408/6027/1205 5419/6012/1205 5412/6014/1205
f 5393/6018/4 5428/6041/4 5431/6042/4
f 5425/6036/1222 3401/4298/1222 5423/6030/1222
f 5430/6032/1223 5435/4301/1224 5424/6038/1224
f 5423/6030/1225 5398/4305/1225 5432/6031/1225
f 5434/6043/1226 3378/4306/1226 5399/4307/1226
f 5433/6044/2 5438/6045/2 5431/6042/2
f 5426/6039/1227 5435/4301/1227 5397/4317/1227
f 5410/6023/1228 5423/6030/1229 5404/6028/1229
f 5420/6034/1230 5429/6046/1231 5434/6043/1232
f 5419/6012/2 5431/6042/2 5393/6018/2
f 5411/6037/1233 5422/6047/1234 5403/6025/1235
f 5392/6015/1216 5424/6038/1236 5405/6026/1237
f 5420/6034/1230 5421/6048/1238 5402/6022/1239
f 5410/6023/1228 5421/6048/1228 5425/6036/1228
f 5391/6021/1240 5422/6047/1241 5429/6046/1231
f 5413/6024/4 5426/6039/4 5428/6041/4
f 5437/6049/2 5442/6050/2 5438/6045/2
f 5421/6048/1242 5399/4307/1242 5395/4295/1242
f 5428/6041/4 5438/6045/4 5431/6042/4
f 5426/6039/1243 5394/4318/1243 5422/6047/1243
f 5426/6039/4 5437/6049/4 5428/6041/4
f 5425/6036/2 5436/6051/2 5396/4319/2
f 5421/6048/1222 5396/4319/1222 5425/6036/1222
f 5427/6013/4 5439/6052/4 5436/6051/4
f 5429/6046/1244 5394/4318/1244 3378/4306/1244
f 5432/6031/1245 3379/4321/1245 5430/6032/1245
f 5397/4317/2 5441/6053/2 5437/6049/2
f 5436/6051/2 3384/4299/2 5396/4319/2
f 5436/6051/2 5443/6054/2 5440/6055/2
f 5438/6045/4 5443/6054/4 5442/6050/4
f 4935/5571/1173 4937/5584/1173 4953/5572/1173
f 4959/5574/2 4941/5577/2 4954/5575/2
f 4941/5577/2 4945/5587/2 4956/5578/2
f 4993/5640/4 4969/5622/4 4992/5645/4
f 4969/5622/4 4967/5585/4 4992/5645/4
f 4952/5573/4 4998/6056/4 5003/5639/4
f 4952/5573/4 5003/5639/4 5011/5638/4
f 5006/5643/4 4992/5645/4 4967/5585/4
f 4935/5571/4 4952/5573/4 5011/5638/4
f 4935/5571/4 5011/5638/4 5009/5579/4
f 5006/5643/4 4967/5585/4 5005/5580/4
f 4967/5585/4 4935/5571/4 5005/5580/4
f 4985/5581/1174 4974/5636/1174 4975/5582/1174
f 4937/5584/1175 4935/5571/1175 4967/5585/1175
f 4945/5587/15 4943/5605/15 4957/5588/15
f 4949/5589/4 4938/5593/4 4942/5590/4
f 4940/5592/5 4944/5597/5 4942/5590/5
f 4939/5594/6 4943/5605/6 4945/5587/6
f 4955/5595/4 4949/5589/4 4951/5591/4
f 4950/5596/1176 4951/5591/1176 4942/5590/1176
f 4971/5598/4 4968/5606/4 4946/5599/4
f 4948/5601/2 4950/5596/2 4944/5597/2
f 4963/5602/2 4948/5601/2 4940/5592/2
f 4946/5599/1173 4947/5609/1173 4936/5604/1173
f 4955/5595/4 4957/5588/4 4943/5605/4
f 4956/5578/1177 4957/5588/1177 4951/5591/1177
f 4968/5606/4 4969/5622/4 4996/5607/4
f 4969/5622/4 4993/5640/4 4996/5607/4
f 4952/5573/4 4946/5599/4 4998/6056/4
f 4946/5599/4 4968/5606/4 4998/6056/4
f 4999/5608/4 4998/6056/4 4968/5606/4
f 4954/5575/2 4956/5578/2 4950/5596/2
f 4965/5576/2 4954/5575/2 4948/5601/2
f 4952/5573/1173 4953/5572/1173 4947/5609/1173
f 4973/5610/2 4965/5576/2 4963/5602/2
f 4949/5589/4 4955/5595/4 4964/5612/4
f 4972/5611/2 4963/5602/2 4958/5603/2
f 4938/5593/4 4949/5589/4 4962/5613/4
f 4959/5574/1175 4961/5617/1175 4939/5594/1175
f 4955/5595/4 4939/5594/4 4961/5617/4
f 4970/5586/2 4959/5574/2 4965/5576/2
f 4970/5586/2 4973/5610/2 4994/5641/2
f 4973/5610/2 4995/5642/2 4994/5641/2
f 5001/5637/2 5002/5647/2 4953/5572/2
f 5010/5646/2 5001/5637/2 4953/5572/2
f 4970/5586/2 4994/5641/2 5007/5644/2
f 4970/5586/2 5007/5644/2 5004/5618/2
f 5010/5646/2 4953/5572/2 4937/5584/2
f 5008/5619/2 5010/5646/2 4937/5584/2
f 4937/5584/2 4970/5586/2 5004/5618/2
f 4947/5609/2 4972/5611/2 4966/5614/2
f 4972/5611/2 4947/5609/2 5002/5647/2
f 4947/5609/2 4953/5572/2 5002/5647/2
f 5002/5647/2 5000/5620/2 4972/5611/2
f 4997/5621/2 4995/5642/2 4973/5610/2
f 4997/5621/2 4973/5610/2 4972/5611/2
f 4962/5613/4 4964/5612/4 4969/5622/4
f 4960/5615/4 4962/5613/4 4968/5606/4
f 4970/5586/1175 4967/5585/1175 4961/5617/1175
f 4964/5612/4 4961/5617/4 4967/5585/4
f 4960/5615/1178 4981/5630/1178 4978/5623/1178
f 4934/5600/1179 4976/5628/1179 4983/5624/1179
f 4958/5603/1179 4980/5629/1179 4982/5625/1179
f 4940/5592/6 4938/5593/6 4978/5623/6
f 4934/5600/1246 4936/5604/1246 4977/5627/1246
f 4940/5592/1178 4979/5626/1178 4980/5629/1178
f 4971/5598/1179 4983/5624/1179 4981/5630/1179
f 4966/5614/1179 4982/5625/1179 4977/5627/1179
f 4980/5629/2 4979/5626/2 4987/5631/2
f 4983/5624/4 4991/5616/4 4989/5633/4
f 4977/5627/2 4982/5625/2 4990/5634/2
f 4988/5632/1180 4987/5631/1180 4986/5635/1180
f 4988/5632/1181 4989/5633/1181 4991/5616/1181
f 4977/5627/1182 4985/5581/1182 4984/5583/1183
f 4979/5626/1184 4978/5623/1184 4986/5635/1184
f 4982/5625/2 4980/5629/2 4988/5632/2
f 4976/5628/4 4984/5583/4 4991/5616/4
f 4981/5630/4 4989/5633/4 4986/5635/4
f 4990/5634/1185 4991/5616/1185 4975/5582/1185
f 5001/5637/1186 5010/5646/1186 5011/5638/1186
f 4995/5642/1 4997/5621/1 4993/5640/1
f 4997/5621/1 4996/5607/1 4993/5640/1
f 4993/5640/1 4992/5645/1 4994/5641/1
f 5006/5643/5 5005/5580/5 5004/5618/5
f 4992/5645/1187 5006/5643/1187 5007/5644/1187
f 4999/5608/1188 4996/5607/1188 4997/5621/1188
f 5009/5579/1189 5008/5619/1189 5004/5618/1189
f 5010/5646/15 5008/5619/15 5009/5579/15
f 5002/5647/6 5001/5637/6 5003/5639/6
f 5003/5639/6 4998/6056/6 5002/5647/6
f 4998/6056/6 4999/5608/6 5002/5647/6
f 5016/5648/4 5017/5652/4 5015/5649/4
f 5113/5651/1190 5112/5656/1190 5015/5649/1190
f 5123/5653/6 5116/5657/6 5014/5654/6
f 5112/5656/5 5125/5818/5 5013/5650/5
f 5116/5657/1191 5113/5651/1191 5017/5652/1191
f 5014/5654/4 5017/5652/4 5016/5648/4
f 5023/5658/4 5021/5662/4 5019/5659/4
f 5141/5661/1190 5138/5666/1190 5021/5662/1190
f 5110/5663/6 5142/5667/6 5020/5664/6
f 5138/5666/5 5108/5828/5 5019/5659/5
f 5142/5667/1191 5141/5661/1191 5023/5658/1191
f 5018/5665/4 5020/5664/4 5023/5658/4
f 5028/5668/4 5029/5672/4 5027/5669/4
f 5161/5671/1190 5162/5676/1190 5027/5669/1190
f 5134/5673/6 5159/5677/6 5026/5674/6
f 5162/5676/5 5135/5823/5 5025/5670/5
f 5159/5677/1191 5161/5671/1191 5029/5672/1191
f 5026/5674/4 5029/5672/4 5028/5668/4
f 5035/5678/4 5033/5682/4 5031/5679/4
f 5182/5681/1190 5188/5686/1190 5033/5682/1190
f 5156/5683/6 5183/5687/6 5032/5684/6
f 5188/5686/5 5158/5813/5 5031/5679/5
f 5183/5687/1191 5182/5681/1191 5035/5678/1191
f 5030/5685/4 5032/5684/4 5035/5678/4
f 5040/5688/4 5041/5692/4 5039/5689/4
f 5197/5691/1190 5194/6057/1190 5039/5689/1190
f 5180/5693/6 5195/5697/6 5038/5694/6
f 5039/5689/5 5194/6057/5 5179/5696/5
f 5195/5697/1191 5197/5691/1191 5041/5692/1191
f 5038/5694/4 5041/5692/4 5040/5688/4
f 5046/5698/4 5047/5702/4 5045/5699/4
f 5118/5701/1190 5120/5706/1190 5045/5699/1190
f 5126/5703/6 5117/5707/6 5044/5704/6
f 5120/5706/5 5124/5834/5 5043/5700/5
f 5117/5707/1191 5118/5701/1191 5047/5702/1191
f 5044/5704/4 5047/5702/4 5046/5698/4
f 5052/5708/4 5053/5712/4 5051/5709/4
f 5139/5711/1190 5143/5716/1190 5051/5709/1190
f 5146/5713/6 5140/5717/6 5050/5714/6
f 5143/5716/5 5145/5832/5 5049/5710/5
f 5140/5717/1191 5139/5711/1191 5053/5712/1191
f 5050/5714/4 5053/5712/4 5052/5708/4
f 5059/5718/4 5057/5722/4 5055/5719/4
f 5164/5721/1190 5167/6058/1190 5057/5722/1190
f 5132/5723/6 5163/5727/6 5056/5724/6
f 5057/5722/5 5167/6058/5 5131/5726/5
f 5163/5727/1191 5164/5721/1191 5059/5718/1191
f 5054/5725/4 5056/5724/4 5059/5718/4
f 5064/5728/4 5065/5732/4 5063/5729/4
f 5184/5731/1190 5189/5736/1190 5063/5729/1190
f 5152/5733/6 5187/5737/6 5062/5734/6
f 5189/5736/5 5151/5836/5 5061/5730/5
f 5187/5737/1191 5184/5731/1191 5065/5732/1191
f 5060/5735/4 5062/5734/4 5065/5732/4
f 5070/5738/4 5071/5742/4 5069/5739/4
f 5192/5741/1190 5193/5746/1190 5069/5739/1190
f 5173/5743/6 5191/5747/6 5068/5744/6
f 5193/5746/5 5171/5838/5 5067/5740/5
f 5191/5747/1191 5192/5741/1191 5071/5742/1191
f 5066/5745/4 5068/5744/4 5071/5742/4
f 5076/5748/4 5077/5752/4 5075/5749/4
f 5114/5751/1190 5115/5756/1190 5075/5749/1190
f 5122/5753/6 5119/5757/6 5074/5754/6
f 5115/5756/5 5121/5812/5 5073/5750/5
f 5119/5757/1191 5114/5751/1191 5077/5752/1191
f 5074/5754/4 5077/5752/4 5076/5748/4
f 5082/5758/4 5083/5762/4 5081/5759/4
f 5136/5761/1190 5144/5766/1190 5081/5759/1190
f 5148/5763/6 5137/5767/6 5080/5764/6
f 5144/5766/5 5147/5837/5 5079/5760/5
f 5137/5767/1191 5136/5761/1191 5083/5762/1191
f 5080/5764/4 5083/5762/4 5082/5758/4
f 5089/5768/4 5087/5772/4 5085/5769/4
f 5165/5771/1190 5160/5776/1190 5087/5772/1190
f 5168/5773/6 5166/5777/6 5086/5774/6
f 5160/5776/5 5170/5833/5 5085/5769/5
f 5166/5777/1191 5165/5771/1191 5089/5768/1191
f 5084/5775/4 5086/5774/4 5089/5768/4
f 5094/5778/4 5095/5782/4 5093/5779/4
f 5185/5781/1190 5190/5786/1190 5093/5779/1190
f 5157/5783/6 5186/5787/6 5092/5784/6
f 5190/5786/5 5153/5830/5 5091/5780/5
f 5186/5787/1191 5185/5781/1191 5095/5782/1191
f 5090/5785/4 5092/5784/4 5095/5782/4
f 5100/5788/4 5101/5792/4 5099/5789/4
f 5196/5791/1190 5176/5796/1190 5099/5789/1190
f 5174/5793/6 5175/5797/6 5098/5794/6
f 5176/5796/5 5178/5829/5 5097/5790/5
f 5175/5797/1191 5196/5791/1191 5101/5792/1191
f 5096/5795/4 5098/5794/4 5101/5792/4
f 5298/5798/15 5295/5805/15 5105/5799/15
f 5105/5799/1192 5103/5806/1192 5106/5801/1192
f 5294/5802/5 5104/5809/5 5102/5803/5
f 5295/5805/1193 5293/5807/1193 5103/5806/1193
f 5104/5809/1194 5192/5741/1194 5191/5747/1194
f 5173/5743/1194 5172/5824/1194 5187/5737/1194
f 5172/5824/1194 5184/5731/1194 5187/5737/1194
f 5104/5809/1194 5191/5747/1194 5173/5743/1194
f 5126/5703/1194 5128/5815/1194 5102/5803/1194
f 5109/5831/1194 5118/5701/1194 5146/5713/1194
f 5118/5701/1194 5117/5707/1194 5146/5713/1194
f 5117/5707/1194 5126/5703/1194 5102/5803/1194
f 5102/5803/1194 5104/5809/1194 5163/5727/1194
f 5104/5809/1194 5173/5743/1194 5187/5737/1194
f 5152/5733/1194 5104/5809/1194 5187/5737/1194
f 5152/5733/1194 5150/5826/1194 5163/5727/1194
f 5150/5826/1194 5164/5721/1194 5163/5727/1194
f 5130/5821/1194 5139/5711/1194 5140/5717/1194
f 5146/5713/1194 5117/5707/1194 5102/5803/1194
f 5132/5723/1194 5130/5821/1194 5140/5717/1194
f 5140/5717/1194 5146/5713/1194 5102/5803/1194
f 5104/5809/1194 5152/5733/1194 5163/5727/1194
f 5163/5727/1194 5132/5723/1194 5102/5803/1194
f 5298/5798/15 5107/5800/15 5104/5809/15
f 5103/5806/1195 5299/5808/1195 5300/5810/1195
f 5102/5803/1196 5106/5801/1196 5300/5810/1196
f 5181/5811/1197 5040/5688/1197 5037/5690/1197
f 5127/5822/1194 5102/5803/1194 5128/5815/1194
f 5127/5822/1194 5128/5815/1194 5124/5834/1194
f 5122/5753/1194 5127/5822/1194 5124/5834/1194
f 5120/5706/1194 5118/5701/1194 5119/5757/1194
f 5118/5701/1194 5109/5831/1194 5114/5751/1194
f 5119/5757/1194 5118/5701/1194 5114/5751/1194
f 5122/5753/1194 5124/5834/1194 5120/5706/1194
f 5149/5814/1194 5114/5751/1194 5109/5831/1194
f 5119/5757/1194 5122/5753/1194 5120/5706/1194
f 5109/5831/1194 5145/5832/1194 5149/5814/1194
f 5143/5716/1194 5139/5711/1194 5136/5761/1194
f 5139/5711/1194 5130/5821/1194 5169/5825/1194
f 5139/5711/1194 5169/5825/1194 5136/5761/1194
f 5130/5821/1194 5131/5726/1194 5168/5773/1194
f 5145/5832/1194 5143/5716/1194 5148/5763/1194
f 5148/5763/1194 5149/5814/1194 5145/5832/1194
f 5136/5761/1194 5137/5767/1194 5143/5716/1194
f 5168/5773/1194 5169/5825/1194 5130/5821/1194
f 5137/5767/1194 5148/5763/1194 5143/5716/1194
f 5131/5726/1194 5167/6058/1194 5166/5777/1194
f 5154/5820/1194 5165/5771/1194 5164/5721/1194
f 5165/5771/1194 5166/5777/1194 5167/6058/1194
f 5166/5777/1194 5168/5773/1194 5131/5726/1194
f 5167/6058/1194 5164/5721/1194 5165/5771/1194
f 5164/5721/1194 5150/5826/1194 5154/5820/1194
f 5157/5783/1194 5154/5820/1194 5150/5826/1194
f 5177/5819/1194 5185/5781/1194 5184/5731/1194
f 5185/5781/1194 5186/5787/1194 5189/5736/1194
f 5174/5793/1194 5177/5819/1194 5172/5824/1194
f 5185/5781/1194 5189/5736/1194 5184/5731/1194
f 5186/5787/1194 5157/5783/1194 5151/5836/1194
f 5151/5836/1194 5157/5783/1194 5150/5826/1194
f 5184/5731/1194 5172/5824/1194 5177/5819/1194
f 5172/5824/1194 5171/5838/1194 5174/5793/1194
f 5186/5787/1194 5151/5836/1194 5189/5736/1194
f 5104/5809/1194 5196/5791/1194 5192/5741/1194
f 5196/5791/1194 5175/5797/1194 5192/5741/1194
f 5175/5797/1194 5174/5793/1194 5193/5746/1194
f 5174/5793/1194 5171/5838/1194 5193/5746/1194
f 5115/5756/1194 5114/5751/1194 5113/5651/1194
f 5114/5751/1194 5149/5814/1194 5111/5827/1194
f 5114/5751/1194 5111/5827/1194 5113/5651/1194
f 5149/5814/1194 5147/5837/1194 5110/5663/1194
f 5121/5812/1194 5115/5756/1194 5116/5657/1194
f 5149/5814/1194 5110/5663/1194 5111/5827/1194
f 5110/5663/1194 5147/5837/1194 5142/5667/1194
f 5144/5766/1194 5136/5761/1194 5141/5661/1194
f 5136/5761/1194 5169/5825/1194 5141/5661/1194
f 5169/5825/1194 5170/5833/1194 5134/5673/1194
f 5160/5776/1194 5165/5771/1194 5161/5671/1194
f 5165/5771/1194 5154/5820/1194 5161/5671/1194
f 5147/5837/1194 5144/5766/1194 5142/5667/1194
f 5169/5825/1194 5134/5673/1194 5133/5816/1194
f 5141/5661/1194 5169/5825/1194 5133/5816/1194
f 5154/5820/1194 5153/5830/1194 5156/5683/1194
f 5142/5667/1194 5144/5766/1194 5141/5661/1194
f 5170/5833/1194 5160/5776/1194 5159/5677/1194
f 5154/5820/1194 5156/5683/1194 5155/5835/1194
f 5161/5671/1194 5154/5820/1194 5155/5835/1194
f 5190/5786/1194 5185/5781/1194 5182/5681/1194
f 5185/5781/1194 5177/5819/1194 5182/5681/1194
f 5183/5687/1194 5190/5786/1194 5182/5681/1194
f 5177/5819/1194 5178/5829/1194 5180/5693/1194
f 5153/5830/1194 5190/5786/1194 5183/5687/1194
f 5177/5819/1194 5180/5693/1194 5181/5811/1194
f 5182/5681/1194 5177/5819/1194 5181/5811/1194
f 5176/5796/1194 5196/5791/1194 5197/5691/1194
f 5196/5791/1194 5104/5809/1194 5107/5800/1194
f 5178/5829/1194 5176/5796/1194 5180/5693/1194
f 5196/5791/1194 5107/5800/1194 5197/5691/1194
f 5197/5691/1194 5195/5697/1194 5176/5796/1194
f 5176/5796/1194 5195/5697/1194 5180/5693/1194
f 5153/5830/1194 5183/5687/1194 5156/5683/1194
f 5161/5671/1194 5159/5677/1194 5160/5776/1194
f 5106/5801/1194 5102/5803/1194 5127/5822/1194
f 5170/5833/1194 5159/5677/1194 5134/5673/1194
f 5106/5801/1194 5127/5822/1194 5129/5817/1194
f 5127/5822/1194 5121/5812/1194 5129/5817/1194
f 5123/5653/1194 5129/5817/1194 5121/5812/1194
f 5113/5651/1194 5116/5657/1194 5115/5756/1194
f 5106/5801/1194 5129/5817/1194 5125/5818/1194
f 5112/5656/1194 5113/5651/1194 5111/5827/1194
f 5106/5801/1194 5125/5818/1194 5112/5656/1194
f 5194/6057/1194 5197/5691/1194 5107/5800/1194
f 5182/5681/1194 5181/5811/1194 5188/5686/1194
f 5181/5811/1194 5179/5696/1194 5188/5686/1194
f 5179/5696/1194 5194/6057/1194 5107/5800/1194
f 5107/5800/1194 5106/5801/1194 5162/5676/1194
f 5106/5801/1194 5112/5656/1194 5108/5828/1194
f 5112/5656/1194 5111/5827/1194 5108/5828/1194
f 5138/5666/1194 5141/5661/1194 5133/5816/1194
f 5106/5801/1194 5108/5828/1194 5138/5666/1194
f 5138/5666/1194 5133/5816/1194 5135/5823/1194
f 5106/5801/1194 5138/5666/1194 5135/5823/1194
f 5106/5801/1194 5135/5823/1194 5162/5676/1194
f 5162/5676/1194 5161/5671/1194 5155/5835/1194
f 5188/5686/1194 5179/5696/1194 5107/5800/1194
f 5162/5676/1194 5155/5835/1194 5158/5813/1194
f 5158/5813/1194 5188/5686/1194 5107/5800/1194
f 5148/5763/1198 5078/5765/1198 5082/5758/1198
f 5126/5703/1198 5042/5705/1198 5046/5698/1198
f 5134/5673/1198 5024/5675/1198 5028/5668/1198
f 5123/5653/1198 5012/5655/1198 5016/5648/1198
f 5129/5817/1197 5016/5648/1197 5013/5650/1197
f 5174/5793/1198 5096/5795/1198 5100/5788/1198
f 5157/5783/1198 5090/5785/1198 5094/5778/1198
f 5132/5723/1198 5054/5725/1198 5058/5720/1198
f 5127/5822/1197 5076/5748/1197 5073/5750/1197
f 5133/5816/1197 5028/5668/1197 5025/5670/1197
f 5173/5743/1198 5066/5745/1198 5070/5738/1198
f 5168/5773/1198 5084/5775/1198 5088/5770/1198
f 5130/5821/1197 5058/5720/1197 5055/5719/1197
f 5152/5733/1198 5060/5735/1198 5064/5728/1198
f 5180/5693/1198 5036/5695/1198 5040/5688/1198
f 5110/5663/1198 5018/5665/1198 5022/5660/1198
f 5122/5753/1198 5072/5755/1198 5076/5748/1198
f 5111/5827/1197 5022/5660/1197 5019/5659/1197
f 5177/5819/1197 5100/5788/1197 5097/5790/1197
f 5154/5820/1197 5094/5778/1197 5091/5780/1197
f 5109/5831/1197 5052/5708/1197 5049/5710/1197
f 5169/5825/1197 5088/5770/1197 5085/5769/1197
f 5128/5815/1197 5046/5698/1197 5043/5700/1197
f 5156/5683/1198 5030/5685/1198 5034/5680/1198
f 5146/5713/1198 5048/5715/1198 5052/5708/1198
f 5150/5826/1197 5064/5728/1197 5061/5730/1197
f 5155/5835/1197 5034/5680/1197 5031/5679/1197
f 5149/5814/1197 5082/5758/1197 5079/5760/1197
f 5172/5824/1197 5070/5738/1197 5067/5740/1197
f 5202/5839/2 5199/5846/2 5201/5840/2
f 5201/5840/1190 5305/5847/1190 5306/5842/1190
f 5200/5843/6 5309/5848/6 5316/5844/6
f 5199/5846/5 5318/6059/5 5305/5847/5
f 5203/5841/1191 5306/5842/1191 5309/5848/1191
f 5202/5839/2 5203/5841/2 5200/5843/2
f 5205/5849/2 5207/5852/2 5209/5850/2
f 5207/5852/1190 5331/5857/1190 5334/5853/1190
f 5206/5854/6 5335/5858/6 5303/5855/6
f 5205/5849/5 5301/6060/5 5331/5857/5
f 5209/5850/1191 5334/5853/1191 5335/5858/1191
f 5204/5856/2 5208/5851/2 5209/5850/2
f 5214/5859/2 5211/5866/2 5213/5860/2
f 5213/5860/1190 5355/5867/1190 5354/5862/1190
f 5212/5863/6 5352/5868/6 5327/5864/6
f 5211/5866/5 5328/5997/5 5355/5867/5
f 5215/5861/1191 5354/5862/1191 5352/5868/1191
f 5214/5859/2 5215/5861/2 5212/5863/2
f 5217/5869/2 5219/5872/2 5221/5870/2
f 5219/5872/1190 5381/5877/1190 5375/5873/1190
f 5218/5874/6 5376/5878/6 5349/5875/6
f 5217/5869/5 5351/6061/5 5381/5877/5
f 5221/5870/1191 5375/5873/1191 5376/5878/1191
f 5216/5876/2 5220/5871/2 5221/5870/2
f 5226/5879/2 5223/5886/2 5225/5880/2
f 5225/5880/1190 5387/5887/1190 5390/5882/1190
f 5224/5883/6 5388/5888/6 5373/5884/6
f 5223/5886/5 5372/6062/5 5387/5887/5
f 5227/5881/1191 5390/5882/1191 5388/5888/1191
f 5226/5879/2 5227/5881/2 5224/5883/2
f 5232/5889/2 5229/5896/2 5231/5890/2
f 5231/5890/1190 5313/5897/1190 5311/5892/1190
f 5230/5893/6 5310/5898/6 5319/5894/6
f 5229/5896/5 5317/6063/5 5313/5897/5
f 5233/5891/1191 5311/5892/1191 5310/5898/1191
f 5232/5889/2 5233/5891/2 5230/5893/2
f 5238/5899/2 5235/5906/2 5237/5900/2
f 5237/5900/1190 5336/5907/1190 5332/5902/1190
f 5236/5903/6 5333/5908/6 5339/5904/6
f 5235/5906/5 5338/6064/5 5336/5907/5
f 5239/5901/1191 5332/5902/1191 5333/5908/1191
f 5238/5899/2 5239/5901/2 5236/5903/2
f 5241/5909/2 5243/5912/2 5245/5910/2
f 5243/5912/1190 5360/5917/1190 5357/5913/1190
f 5242/5914/6 5356/5918/6 5325/5915/6
f 5241/5909/5 5324/6065/5 5360/5917/5
f 5245/5910/1191 5357/5913/1191 5356/5918/1191
f 5240/5916/2 5244/5911/2 5245/5910/2
f 5250/5919/2 5247/5926/2 5249/5920/2
f 5249/5920/1190 5382/5927/1190 5377/5922/1190
f 5248/5923/6 5380/5928/6 5345/5924/6
f 5247/5926/5 5344/6066/5 5382/5927/5
f 5251/5921/1191 5377/5922/1191 5380/5928/1191
f 5246/5925/2 5250/5919/2 5251/5921/2
f 5256/5929/2 5253/5936/2 5255/5930/2
f 5255/5930/1190 5386/5937/1190 5385/5932/1190
f 5254/5933/6 5384/5938/6 5366/5934/6
f 5253/5936/5 5364/5996/5 5386/5937/5
f 5257/5931/1191 5385/5932/1191 5384/5938/1191
f 5252/5935/2 5256/5929/2 5257/5931/2
f 5262/5939/2 5259/5946/2 5261/5940/2
f 5261/5940/1190 5308/5947/1190 5307/5942/1190
f 5260/5943/6 5312/5948/6 5315/5944/6
f 5259/5946/5 5314/6067/5 5308/5947/5
f 5263/5941/1191 5307/5942/1191 5312/5948/1191
f 5262/5939/2 5263/5941/2 5260/5943/2
f 5268/5949/2 5265/5956/2 5267/5950/2
f 5267/5950/1190 5337/5957/1190 5329/5952/1190
f 5266/5953/6 5330/5958/6 5341/5954/6
f 5265/5956/5 5340/6068/5 5337/5957/5
f 5269/5951/1191 5329/5952/1191 5330/5958/1191
f 5268/5949/2 5269/5951/2 5266/5953/2
f 5271/5959/2 5273/5962/2 5275/5960/2
f 5273/5962/1190 5353/5967/1190 5358/5963/1190
f 5272/5964/6 5359/5968/6 5361/5965/6
f 5271/5959/5 5363/6069/5 5353/5967/5
f 5275/5960/1191 5358/5963/1191 5359/5968/1191
f 5270/5966/2 5274/5961/2 5275/5960/2
f 5280/5969/2 5277/5976/2 5279/5970/2
f 5279/5970/1190 5383/5977/1190 5378/5972/1190
f 5278/5973/6 5379/5978/6 5350/5974/6
f 5277/5976/5 5346/6070/5 5383/5977/5
f 5281/5971/1191 5378/5972/1191 5379/5978/1191
f 5276/5975/2 5280/5969/2 5281/5971/2
f 5286/5979/2 5283/5986/2 5285/5980/2
f 5285/5980/1190 5369/5987/1190 5389/5982/1190
f 5284/5983/6 5368/5988/6 5367/5984/6
f 5283/5986/5 5371/6071/5 5369/5987/5
f 5287/5981/1191 5389/5982/1191 5368/5988/1191
f 5282/5985/2 5286/5979/2 5287/5981/2
f 5298/5798/15 5297/5991/15 5291/5989/15
f 5296/5990/1199 5289/5993/1199 5291/5989/1199
f 5288/5992/5 5290/5994/5 5294/5802/5
f 5295/5805/1200 5291/5989/1200 5289/5993/1200
f 5289/5993/1 5299/5808/1 5293/5807/1
f 5288/5992/1201 5321/6007/1201 5319/5894/1201
f 5310/5898/1201 5311/5892/1201 5339/5904/1201
f 5311/5892/1201 5302/6005/1201 5339/5904/1201
f 5288/5992/1201 5319/5894/1201 5310/5898/1201
f 5384/5938/1201 5385/5932/1201 5290/5994/1201
f 5377/5922/1201 5365/6011/1201 5380/5928/1201
f 5365/6011/1201 5366/5934/1201 5380/5928/1201
f 5366/5934/1201 5384/5938/1201 5290/5994/1201
f 5290/5994/1201 5288/5992/1201 5356/5918/1201
f 5288/5992/1201 5310/5898/1201 5339/5904/1201
f 5333/5908/1201 5332/5902/1201 5323/6001/1201
f 5288/5992/1201 5339/5904/1201 5333/5908/1201
f 5333/5908/1201 5323/6001/1201 5325/5915/1201
f 5288/5992/1201 5333/5908/1201 5325/5915/1201
f 5288/5992/1201 5325/5915/1201 5356/5918/1201
f 5356/5918/1201 5357/5913/1201 5343/6008/1201
f 5380/5928/1201 5366/5934/1201 5290/5994/1201
f 5356/5918/1201 5343/6008/1201 5345/5924/1201
f 5345/5924/1201 5380/5928/1201 5290/5994/1201
f 5290/5994/15 5297/5991/15 5298/5798/15
f 5300/5810/1195 5299/5808/1195 5289/5993/1195
f 5288/5992/1196 5292/5804/1196 5300/5810/1196
f 5374/5995/1197 5372/6062/1197 5223/5886/1197
f 5321/6007/1201 5288/5992/1201 5320/5999/1201
f 5321/6007/1201 5320/5999/1201 5317/6063/1201
f 5320/5999/1201 5315/5944/1201 5317/6063/1201
f 5312/5948/1201 5307/5942/1201 5313/5897/1201
f 5307/5942/1201 5342/6010/1201 5311/5892/1201
f 5313/5897/1201 5307/5942/1201 5311/5892/1201
f 5317/6063/1201 5315/5944/1201 5313/5897/1201
f 5315/5944/1201 5312/5948/1201 5313/5897/1201
f 5302/6005/1201 5311/5892/1201 5342/6010/1201
f 5342/6010/1201 5341/5954/1201 5302/6005/1201
f 5330/5958/1201 5329/5952/1201 5336/5907/1201
f 5329/5952/1201 5362/6006/1201 5332/5902/1201
f 5336/5907/1201 5329/5952/1201 5332/5902/1201
f 5362/6006/1201 5361/5965/1201 5323/6001/1201
f 5341/5954/1201 5330/5958/1201 5338/6064/1201
f 5338/6064/1201 5302/6005/1201 5341/5954/1201
f 5323/6001/1201 5332/5902/1201 5362/6006/1201
f 5336/5907/1201 5338/6064/1201 5330/5958/1201
f 5359/5968/1201 5358/5963/1201 5360/5917/1201
f 5358/5963/1201 5347/6004/1201 5357/5913/1201
f 5360/5917/1201 5358/5963/1201 5357/5913/1201
f 5361/5965/1201 5359/5968/1201 5324/6065/1201
f 5324/6065/1201 5323/6001/1201 5361/5965/1201
f 5347/6004/1201 5350/5974/1201 5343/6008/1201
f 5379/5978/1201 5378/5972/1201 5382/5927/1201
f 5378/5972/1201 5370/6003/1201 5377/5922/1201
f 5382/5927/1201 5378/5972/1201 5377/5922/1201
f 5324/6065/1201 5359/5968/1201 5360/5917/1201
f 5370/6003/1201 5367/5984/1201 5365/6011/1201
f 5350/5974/1201 5379/5978/1201 5344/6066/1201
f 5347/6004/1201 5343/6008/1201 5357/5913/1201
f 5350/5974/1201 5344/6066/1201 5343/6008/1201
f 5344/6066/1201 5379/5978/1201 5382/5927/1201
f 5368/5988/1201 5389/5982/1201 5385/5932/1201
f 5389/5982/1201 5290/5994/1201 5385/5932/1201
f 5367/5984/1201 5368/5988/1201 5364/5996/1201
f 5365/6011/1201 5377/5922/1201 5370/6003/1201
f 5364/5996/1201 5365/6011/1201 5367/5984/1201
f 5368/5988/1201 5385/5932/1201 5386/5937/1201
f 5320/5999/1201 5288/5992/1201 5296/5990/1201
f 5296/5990/1201 5322/5998/1201 5320/5999/1201
f 5322/5998/1201 5316/5844/1201 5320/5999/1201
f 5309/5848/1201 5306/5842/1201 5308/5947/1201
f 5306/5842/1201 5304/6002/1201 5307/5942/1201
f 5308/5947/1201 5306/5842/1201 5307/5942/1201
f 5304/6002/1201 5303/5855/1201 5342/6010/1201
f 5314/6067/1201 5320/5999/1201 5316/5844/1201
f 5342/6010/1201 5307/5942/1201 5304/6002/1201
f 5308/5947/1201 5314/6067/1201 5316/5844/1201
f 5316/5844/1201 5309/5848/1201 5308/5947/1201
f 5335/5858/1201 5334/5853/1201 5329/5952/1201
f 5334/5853/1201 5326/6000/1201 5362/6006/1201
f 5334/5853/1201 5362/6006/1201 5329/5952/1201
f 5326/6000/1201 5327/5864/1201 5363/6069/1201
f 5303/5855/1201 5335/5858/1201 5340/6068/1201
f 5340/6068/1201 5342/6010/1201 5303/5855/1201
f 5329/5952/1201 5337/5957/1201 5335/5858/1201
f 5363/6069/1201 5362/6006/1201 5326/6000/1201
f 5337/5957/1201 5340/6068/1201 5335/5858/1201
f 5327/5864/1201 5352/5868/1201 5353/5967/1201
f 5347/6004/1201 5358/5963/1201 5354/5862/1201
f 5358/5963/1201 5353/5967/1201 5352/5868/1201
f 5353/5967/1201 5363/6069/1201 5327/5864/1201
f 5352/5868/1201 5354/5862/1201 5358/5963/1201
f 5354/5862/1201 5348/6009/1201 5347/6004/1201
f 5346/6070/1201 5347/6004/1201 5348/6009/1201
f 5370/6003/1201 5378/5972/1201 5375/5873/1201
f 5378/5972/1201 5383/5977/1201 5376/5878/1201
f 5371/6071/1201 5370/6003/1201 5374/5995/1201
f 5378/5972/1201 5376/5878/1201 5375/5873/1201
f 5383/5977/1201 5346/6070/1201 5349/5875/1201
f 5349/5875/1201 5346/6070/1201 5348/6009/1201
f 5375/5873/1201 5374/5995/1201 5370/6003/1201
f 5374/5995/1201 5373/5884/1201 5371/6071/1201
f 5383/5977/1201 5349/5875/1201 5376/5878/1201
f 5369/5987/1201 5371/6071/1201 5373/5884/1201
f 5290/5994/1201 5389/5982/1201 5297/5991/1201
f 5389/5982/1201 5369/5987/1201 5388/5888/1201
f 5390/5882/1201 5297/5991/1201 5389/5982/1201
f 5388/5888/1201 5390/5882/1201 5389/5982/1201
f 5297/5991/1201 5390/5882/1201 5387/5887/1201
f 5372/6062/1201 5374/5995/1201 5381/5877/1201
f 5374/5995/1201 5375/5873/1201 5381/5877/1201
f 5297/5991/1201 5387/5887/1201 5372/6062/1201
f 5318/6059/1201 5322/5998/1201 5296/5990/1201
f 5304/6002/1201 5306/5842/1201 5305/5847/1201
f 5305/5847/1201 5318/6059/1201 5296/5990/1201
f 5296/5990/1201 5297/5991/1201 5355/5867/1201
f 5297/5991/1201 5372/6062/1201 5381/5877/1201
f 5351/6061/1201 5297/5991/1201 5381/5877/1201
f 5351/6061/1201 5348/6009/1201 5355/5867/1201
f 5348/6009/1201 5354/5862/1201 5355/5867/1201
f 5301/6060/1201 5304/6002/1201 5305/5847/1201
f 5326/6000/1201 5334/5853/1201 5331/5857/1201
f 5331/5857/1201 5301/6060/1201 5296/5990/1201
f 5301/6060/1201 5305/5847/1201 5296/5990/1201
f 5297/5991/1201 5351/6061/1201 5355/5867/1201
f 5328/5997/1201 5326/6000/1201 5331/5857/1201
f 5355/5867/1201 5328/5997/1201 5296/5990/1201
f 5341/5954/1198 5342/6010/1198 5268/5949/1198
f 5319/5894/1198 5321/6007/1198 5232/5889/1198
f 5327/5864/1198 5326/6000/1198 5214/5859/1198
f 5316/5844/1198 5322/5998/1198 5202/5839/1198
f 5322/5998/1197 5318/6059/1197 5199/5846/1197
f 5367/5984/1198 5370/6003/1198 5286/5979/1198
f 5350/5974/1198 5347/6004/1198 5280/5969/1198
f 5325/5915/1198 5323/6001/1198 5244/5911/1198
f 5320/5999/1197 5314/6067/1197 5259/5946/1197
f 5326/6000/1197 5328/5997/1197 5211/5866/1197
f 5366/5934/1198 5365/6011/1198 5256/5929/1198
f 5361/5965/1198 5362/6006/1198 5274/5961/1198
f 5323/6001/1197 5324/6065/1197 5241/5909/1197
f 5345/5924/1198 5343/6008/1198 5250/5919/1198
f 5373/5884/1198 5374/5995/1198 5226/5879/1198
f 5303/5855/1198 5304/6002/1198 5208/5851/1198
f 5315/5944/1198 5320/5999/1198 5262/5939/1198
f 5304/6002/1197 5301/6060/1197 5205/5849/1197
f 5370/6003/1197 5371/6071/1197 5283/5986/1197
f 5347/6004/1197 5346/6070/1197 5277/5976/1197
f 5302/6005/1197 5338/6064/1197 5235/5906/1197
f 5362/6006/1197 5363/6069/1197 5271/5959/1197
f 5321/6007/1197 5317/6063/1197 5229/5896/1197
f 5349/5875/1198 5348/6009/1198 5220/5871/1198
f 5339/5904/1198 5302/6005/1198 5238/5899/1198
f 5343/6008/1197 5344/6066/1197 5247/5926/1197
f 5348/6009/1197 5351/6061/1197 5217/5869/1197
f 5342/6010/1197 5340/6068/1197 5265/5956/1197
f 5365/6011/1197 5364/5996/1197 5253/5936/1197
f 5419/6012/4 5433/6044/4 5427/6013/4
f 5392/6015/1202 5405/6026/1202 5409/6016/1202
f 5393/6018/1203 5413/6024/1247 5407/6019/1204
f 5407/6019/1206 5403/6025/1206 5391/6021/1206
f 5412/6014/1207 5406/6040/1207 5402/6022/1207
f 5413/6024/1208 5411/6037/1208 5403/6025/1208
f 5405/6026/1209 5411/6037/1209 5413/6024/1209
f 5408/6027/1207 5412/6014/1207 5410/6023/1207
f 5409/6016/1210 5413/6024/1248 5393/6018/1211
f 5416/6029/1212 5404/6028/1249 5423/6030/1213
f 5416/6029/1212 5432/6031/1214 5430/6032/1215
f 5417/6033/1205 5414/6017/1205 5393/6018/1211
f 5415/6020/1217 5391/6021/1217 5420/6034/1217
f 5393/6018/1203 5415/6020/1205 5418/6035/1205
f 5416/6029/1218 5392/6015/1218 5414/6017/1218
f 5410/6023/4 5412/6014/4 5427/6013/4
f 5411/6037/1250 5405/6026/1250 5424/6038/1250
f 5404/6028/1220 5416/6029/1220 5417/6033/1220
f 5419/6012/1205 5418/6035/1205 5406/6040/1205
f 5418/6035/1221 5420/6034/1221 5402/6022/1221
f 5408/6027/1205 5417/6033/1205 5419/6012/1205
f 5393/6018/4 5413/6024/4 5428/6041/4
f 5425/6036/1222 5396/4319/1222 3401/4298/1222
f 5430/6032/1223 3379/4321/1223 5435/4301/1224
f 5423/6030/1225 3401/4298/1225 5398/4305/1225
f 5434/6043/1226 5429/6046/1226 3378/4306/1226
f 5433/6044/2 5439/6052/2 5438/6045/2
f 5426/6039/1227 5424/6038/1227 5435/4301/1227
f 5410/6023/1228 5425/6036/1228 5423/6030/1229
f 5420/6034/1230 5391/6021/1240 5429/6046/1231
f 5419/6012/2 5433/6044/2 5431/6042/2
f 5411/6037/1233 5426/6039/1251 5422/6047/1234
f 5392/6015/1216 5430/6032/1215 5424/6038/1236
f 5420/6034/1230 5434/6043/1232 5421/6048/1238
f 5410/6023/1229 5402/6022/1229 5421/6048/1229
f 5391/6021/1240 5403/6025/1252 5422/6047/1241
f 5413/6024/4 5411/6037/4 5426/6039/4
f 5437/6049/2 5441/6053/2 5442/6050/2
f 5421/6048/1242 5434/6043/1242 5399/4307/1242
f 5428/6041/4 5437/6049/4 5438/6045/4
f 5426/6039/1243 5397/4317/1243 5394/4318/1243
f 5426/6039/4 5397/4317/4 5437/6049/4
f 5425/6036/2 5427/6013/2 5436/6051/2
f 5421/6048/1222 5395/4295/1222 5396/4319/1222
f 5427/6013/4 5433/6044/4 5439/6052/4
f 5429/6046/1244 5422/6047/1244 5394/4318/1244
f 5432/6031/1245 5398/4305/1245 3379/4321/1245
f 5397/4317/2 5400/4308/2 5441/6053/2
f 5436/6051/2 5440/6055/2 3384/4299/2
f 5436/6051/2 5439/6052/2 5443/6054/2
f 5438/6045/4 5439/6052/4 5443/6054/4
f 3384/4299/2 5440/6055/2 5401/4327/2
f 5453/6072/4 5447/6073/4 5444/6074/4
f 5458/6075/15 5452/6076/15 5457/6077/15
f 5447/6073/6 5454/6078/6 5455/6079/6
f 5446/6080/1 5448/6081/1 5445/6082/1
f 5450/6083/2 5456/6084/2 5449/6085/2
f 5447/6073/1253 5445/6082/1253 5444/6074/1253
f 5449/6085/1254 5451/6086/1254 5450/6083/1254
f 5457/6077/1255 5459/6087/1255 5458/6075/1255
f 5453/6072/1256 5455/6079/1256 5454/6078/1256
f 5453/6072/5 5444/6074/5 5445/6082/5
f 5453/6072/4 5454/6078/4 5447/6073/4
f 5458/6075/15 5455/6079/15 5452/6076/15
f 5455/6079/6 5458/6075/6 5451/6086/6
f 5458/6075/6 5459/6087/6 5451/6086/6
f 5459/6087/6 5450/6083/6 5451/6086/6
f 5451/6086/6 5446/6080/6 5455/6079/6
f 5446/6080/6 5447/6073/6 5455/6079/6
f 5446/6080/1 5451/6086/1 5448/6081/1
f 5450/6083/2 5459/6087/2 5456/6084/2
f 5447/6073/1253 5446/6080/1253 5445/6082/1253
f 5449/6085/1254 5448/6081/1254 5451/6086/1254
f 5457/6077/1255 5456/6084/1255 5459/6087/1255
f 5453/6072/1256 5452/6076/1256 5455/6079/1256
f 5445/6082/5 5448/6081/5 5457/6077/5
f 5448/6081/5 5449/6085/5 5457/6077/5
f 5449/6085/5 5456/6084/5 5457/6077/5
f 5457/6077/5 5452/6076/5 5445/6082/5
f 5452/6076/5 5453/6072/5 5445/6082/5
f 5492/6088/4 5460/6089/4 5475/6090/4
f 5496/6091/6 5478/6092/6 5479/6093/6
f 5503/6094/1257 5481/6095/1257 5484/6096/1257
f 5498/6097/15 5492/6088/15 5475/6090/15
f 5467/6098/1258 5502/6099/1258 5506/6100/1258
f 5465/6101/1259 5500/6102/1259 5504/6103/1259
f 5501/6104/1260 5484/6096/1260 5483/6105/1260
f 5485/6106/4 5462/6107/4 5466/6108/4
f 5477/6109/4 5473/6110/4 5475/6090/4
f 5486/6111/4 5463/6112/4 5468/6113/4
f 5464/6114/1261 5504/6103/1261 5502/6099/1261
f 5505/6115/1260 5483/6105/1260 5487/6116/1260
f 5463/6112/4 5485/6106/4 5466/6108/4
f 5474/6117/1258 5508/6118/1258 5512/6119/1258
f 5472/6120/1262 5506/6100/1262 5510/6121/1262
f 5491/6122/4 5469/6123/4 5473/6110/4
f 5470/6124/1263 5509/6125/1263 5508/6118/1263
f 5490/6126/1260 5507/6127/1260 5489/6128/1260
f 5471/6129/1258 5510/6121/1258 5509/6125/1258
f 5460/6089/4 5477/6109/4 5475/6090/4
f 5498/6097/1264 5474/6117/1264 5512/6119/1264
f 5476/6130/1 5496/6091/1 5495/6131/1
f 5473/6110/1265 5474/6117/1265 5475/6090/1265
f 5466/6108/1266 5461/6132/1266 5465/6101/1266
f 5468/6113/1267 5464/6114/1267 5467/6098/1267
f 5466/6108/1268 5464/6114/1268 5463/6112/1268
f 5473/6110/1269 5470/6124/1269 5474/6117/1269
f 5469/6123/1270 5471/6129/1270 5470/6124/1270
f 5462/6107/1271 5480/6133/1271 5500/6102/1271
f 5479/6093/1272 5476/6130/1272 5477/6109/1272
f 5491/6122/1273 5476/6130/1273 5490/6126/1273
f 5485/6106/1273 5483/6105/1273 5484/6096/1273
f 5485/6106/1274 5481/6095/1274 5480/6133/1274
f 5482/6134/1273 5487/6116/1273 5483/6105/1273
f 5472/6120/1275 5469/6123/1275 5468/6113/1275
f 5488/6135/1273 5490/6126/1273 5489/6128/1273
f 5476/6130/1260 5511/6136/1260 5490/6126/1260
f 5487/6116/1260 5507/6127/1260 5505/6115/1260
f 5486/6111/1273 5489/6128/1273 5487/6116/1273
f 5468/6113/4 5488/6135/4 5486/6111/4
f 5493/6137/289 5547/6138/289 5546/6139/289
f 5497/6140/6 5493/6137/6 5546/6139/6
f 5494/6141/2 5545/6142/2 5544/6143/2
f 5531/6144/6 5530/6145/6 5496/6091/6
f 5533/6146/1257 5503/6094/1257 5536/6147/1257
f 5527/6148/15 5547/6138/15 5498/6097/15
f 5502/6099/1258 5519/6149/1258 5506/6100/1258
f 5500/6102/1259 5517/6150/1259 5504/6103/1259
f 5536/6147/1260 5501/6104/1260 5535/6151/1260
f 5514/6152/2 5537/6153/2 5518/6154/2
f 5525/6155/2 5529/6156/2 5527/6148/2
f 5515/6157/2 5538/6158/2 5520/6159/2
f 5502/6099/1261 5517/6150/1261 5516/6160/1261
f 5535/6151/1260 5505/6115/1260 5539/6161/1260
f 5515/6157/2 5537/6153/2 5534/6162/2
f 5512/6119/1258 5522/6163/1258 5526/6164/1258
f 5506/6100/1262 5524/6165/1262 5510/6121/1262
f 5521/6166/2 5543/6167/2 5525/6155/2
f 5508/6118/1263 5523/6168/1263 5522/6163/1263
f 5541/6169/1260 5511/6136/1260 5542/6170/1260
f 5510/6121/1258 5523/6168/1258 5509/6125/1258
f 5529/6156/2 5494/6141/2 5527/6148/2
f 5498/6097/1264 5526/6164/1264 5527/6148/1264
f 5495/6131/1 5530/6145/1 5528/6171/1
f 5525/6155/1276 5527/6148/1276 5526/6164/1276
f 5518/6154/1277 5513/6172/1277 5514/6152/1278
f 5520/6159/1279 5516/6160/1279 5515/6157/1279
f 5516/6160/1280 5518/6154/1280 5515/6157/1280
f 5524/6165/1281 5519/6149/1281 5520/6159/1281
f 5525/6155/1282 5522/6163/1282 5521/6166/1282
f 5514/6152/1271 5513/6172/1271 5500/6102/1271
f 5528/6171/1283 5531/6144/1283 5529/6156/1283
f 5543/6167/1284 5528/6171/1284 5529/6156/1284
f 5537/6153/1284 5535/6151/1284 5534/6162/1284
f 5533/6146/1285 5537/6153/1285 5532/6173/1285
f 5534/6162/1284 5539/6161/1284 5538/6158/1284
f 5524/6165/1286 5521/6166/1286 5523/6168/1286
f 5540/6174/1284 5542/6170/1284 5543/6167/1284
f 5542/6170/1260 5495/6131/1260 5528/6171/1260
f 5507/6127/1260 5539/6161/1260 5505/6115/1260
f 5541/6169/1284 5538/6158/1284 5539/6161/1284
f 5520/6159/2 5540/6174/2 5521/6166/2
f 5547/6138/289 5545/6142/289 5546/6139/289
f 5545/6142/6 5497/6140/6 5546/6139/6
f 5492/6088/4 5493/6137/4 5460/6089/4
f 5460/6089/6 5497/6140/6 5479/6093/6
f 5497/6140/6 5496/6091/6 5479/6093/6
f 5503/6094/1257 5499/6175/1257 5481/6095/1257
f 5498/6097/15 5547/6138/15 5492/6088/15
f 5467/6098/1258 5464/6114/1258 5502/6099/1258
f 5465/6101/1259 5461/6132/1259 5500/6102/1259
f 5501/6104/1260 5503/6094/1260 5484/6096/1260
f 5485/6106/4 5480/6133/4 5462/6107/4
f 5477/6109/4 5491/6122/4 5473/6110/4
f 5486/6111/4 5482/6134/4 5463/6112/4
f 5464/6114/1261 5465/6101/1261 5504/6103/1261
f 5505/6115/1260 5501/6104/1260 5483/6105/1260
f 5463/6112/4 5482/6134/4 5485/6106/4
f 5474/6117/1258 5470/6124/1258 5508/6118/1258
f 5472/6120/1262 5467/6098/1262 5506/6100/1262
f 5491/6122/4 5488/6135/4 5469/6123/4
f 5470/6124/1263 5471/6129/1263 5509/6125/1263
f 5490/6126/1260 5511/6136/1260 5507/6127/1260
f 5471/6129/1258 5472/6120/1258 5510/6121/1258
f 5460/6089/4 5479/6093/4 5477/6109/4
f 5498/6097/1264 5475/6090/1264 5474/6117/1264
f 5476/6130/1 5478/6092/1 5496/6091/1
f 5466/6108/1266 5462/6107/1287 5461/6132/1266
f 5468/6113/1267 5463/6112/1267 5464/6114/1267
f 5466/6108/1268 5465/6101/1268 5464/6114/1268
f 5472/6120/1288 5468/6113/1288 5467/6098/1288
f 5473/6110/1269 5469/6123/1269 5470/6124/1269
f 5481/6095/1271 5499/6175/1271 5480/6133/1271
f 5499/6175/1271 5500/6102/1271 5480/6133/1271
f 5500/6102/1271 5461/6132/1271 5462/6107/1271
f 5479/6093/1272 5478/6092/1272 5476/6130/1272
f 5491/6122/1273 5477/6109/1273 5476/6130/1273
f 5485/6106/1273 5482/6134/1273 5483/6105/1273
f 5485/6106/1274 5484/6096/1274 5481/6095/1274
f 5482/6134/1273 5486/6111/1273 5487/6116/1273
f 5472/6120/1289 5471/6129/1289 5469/6123/1289
f 5488/6135/1273 5491/6122/1273 5490/6126/1273
f 5476/6130/1260 5495/6131/1260 5511/6136/1260
f 5487/6116/1260 5489/6128/1260 5507/6127/1260
f 5486/6111/1273 5488/6135/1273 5489/6128/1273
f 5468/6113/4 5469/6123/4 5488/6135/4
f 5493/6137/289 5492/6088/289 5547/6138/289
f 5497/6140/6 5460/6089/6 5493/6137/6
f 5527/6148/2 5494/6141/2 5544/6143/2
f 5496/6091/6 5497/6140/6 5531/6144/6
f 5497/6140/6 5494/6141/6 5531/6144/6
f 5533/6146/1257 5499/6175/1257 5503/6094/1257
f 5527/6148/15 5544/6143/15 5547/6138/15
f 5502/6099/1258 5516/6160/1258 5519/6149/1258
f 5500/6102/1259 5513/6172/1259 5517/6150/1259
f 5536/6147/1260 5503/6094/1260 5501/6104/1260
f 5514/6152/2 5532/6173/2 5537/6153/2
f 5525/6155/2 5543/6167/2 5529/6156/2
f 5515/6157/2 5534/6162/2 5538/6158/2
f 5502/6099/1261 5504/6103/1261 5517/6150/1261
f 5535/6151/1260 5501/6104/1260 5505/6115/1260
f 5515/6157/2 5518/6154/2 5537/6153/2
f 5512/6119/1258 5508/6118/1258 5522/6163/1258
f 5506/6100/1262 5519/6149/1262 5524/6165/1262
f 5521/6166/2 5540/6174/2 5543/6167/2
f 5508/6118/1263 5509/6125/1263 5523/6168/1263
f 5541/6169/1260 5507/6127/1260 5511/6136/1260
f 5510/6121/1258 5524/6165/1258 5523/6168/1258
f 5529/6156/2 5531/6144/2 5494/6141/2
f 5498/6097/1264 5512/6119/1264 5526/6164/1264
f 5495/6131/1 5496/6091/1 5530/6145/1
f 5518/6154/1277 5517/6150/1277 5513/6172/1277
f 5520/6159/1279 5519/6149/1279 5516/6160/1279
f 5516/6160/1280 5517/6150/1280 5518/6154/1280
f 5525/6155/1282 5526/6164/1282 5522/6163/1282
f 5521/6166/1290 5522/6163/1290 5523/6168/1290
f 5500/6102/1271 5499/6175/1271 5532/6173/1271
f 5499/6175/1271 5533/6146/1271 5532/6173/1271
f 5532/6173/1271 5514/6152/1271 5500/6102/1271
f 5528/6171/1283 5530/6145/1283 5531/6144/1283
f 5543/6167/1284 5542/6170/1284 5528/6171/1284
f 5537/6153/1284 5536/6147/1284 5535/6151/1284
f 5533/6146/1285 5536/6147/1285 5537/6153/1285
f 5534/6162/1284 5535/6151/1284 5539/6161/1284
f 5524/6165/1291 5520/6159/1291 5521/6166/1291
f 5540/6174/1284 5541/6169/1284 5542/6170/1284
f 5542/6170/1260 5511/6136/1260 5495/6131/1260
f 5507/6127/1260 5541/6169/1260 5539/6161/1260
f 5541/6169/1284 5540/6174/1284 5538/6158/1284
f 5520/6159/2 5538/6158/2 5540/6174/2
f 5547/6138/289 5544/6143/289 5545/6142/289
f 5545/6142/6 5494/6141/6 5497/6140/6
f 5599/6176/1292 5602/6177/1292 5601/6178/1292
f 5602/6177/15 5603/6179/15 5601/6178/15
f 5604/6180/1293 5605/6181/1293 5603/6179/1293
f 5606/6182/1294 5607/6183/1294 5605/6181/1294
f 5608/6184/6 5606/6182/6 5604/6180/6
f 5608/6184/1 5609/6185/1 5607/6183/1
f 5610/6186/1295 5599/6176/1295 5609/6185/1295
f 5601/6178/5 5595/6187/5 5599/6176/5
f 5603/6179/5 5598/6188/5 5597/6189/5
f 5609/6185/5 5595/6187/5 5611/6190/5
f 5607/6183/5 5598/6188/5 5605/6181/5
f 5603/6179/5 5596/6191/5 5601/6178/5
f 5609/6185/5 5588/6192/5 5607/6183/5
f 5599/6176/1292 5600/6193/1292 5602/6177/1292
f 5602/6177/15 5604/6180/15 5603/6179/15
f 5604/6180/1293 5606/6182/1293 5605/6181/1293
f 5606/6182/1294 5608/6184/1294 5607/6183/1294
f 5604/6180/6 5602/6177/6 5610/6186/6
f 5602/6177/6 5600/6193/6 5610/6186/6
f 5610/6186/6 5608/6184/6 5604/6180/6
f 5608/6184/1 5610/6186/1 5609/6185/1
f 5610/6186/1295 5600/6193/1295 5599/6176/1295
f 5601/6178/5 5596/6191/5 5595/6187/5
f 5603/6179/5 5605/6181/5 5598/6188/5
f 5609/6185/5 5599/6176/5 5595/6187/5
f 5607/6183/5 5588/6192/5 5598/6188/5
f 5603/6179/5 5597/6189/5 5596/6191/5
f 5609/6185/5 5611/6190/5 5588/6192/5
usemtl Material.022
f 4467/4429/584 4470/6194/584 4878/4424/584
f 4470/6194/15 4879/4431/15 4878/4424/15
f 4471/6195/585 4846/4423/585 4879/4431/585
f 4472/6196/586 4847/4421/586 4846/4423/586
f 4472/6196/4 4471/6195/4 4469/6197/4
f 4473/6198/1 4468/4427/1 4847/4421/1
f 4474/6199/587 4467/4429/587 4468/4427/587
f 4467/4429/584 4469/6197/584 4470/6194/584
f 4470/6194/15 4471/6195/15 4879/4431/15
f 4471/6195/585 4472/6196/585 4846/4423/585
f 4472/6196/586 4473/6198/586 4847/4421/586
f 4471/6195/4 4470/6194/4 4469/6197/4
f 4469/6197/4 4474/6199/4 4473/6198/4
f 4473/6198/4 4472/6196/4 4469/6197/4
f 4473/6198/1 4474/6199/1 4468/4427/1
f 4474/6199/587 4469/6197/587 4467/4429/587
f 4482/6200/584 4775/4351/584 4483/6201/584
f 4483/6201/15 4796/4361/15 4485/6202/15
f 4485/6202/585 4776/4355/585 4487/6203/585
f 4487/6203/586 4797/4360/586 4489/6204/586
f 4797/4360/1 4491/6205/1 4489/6204/1
f 4491/6205/587 4774/4349/587 4482/6200/587
f 4479/6206/2 4480/6207/2 4476/6208/2
f 4492/6209/587 4475/6210/587 4480/6207/587
f 4490/6211/4 4504/6212/4 4492/6209/4
f 4479/6206/1 4492/6209/1 4480/6207/1
f 4489/6204/2 4499/6213/2 4487/6203/2
f 4488/6214/586 4479/6206/586 4478/6215/586
f 4484/6216/4 4498/6217/4 4486/6218/4
f 4486/6218/585 4478/6215/585 4477/6219/585
f 4482/6200/2 4503/6220/2 4491/6205/2
f 4484/6216/15 4477/6219/15 4476/6208/15
f 4482/6200/2 4495/6221/2 4494/6222/2
f 4475/6210/584 4484/6216/584 4476/6208/584
f 4488/6214/4 4502/6223/4 4490/6211/4
f 4503/6220/587 4493/6224/587 4504/6212/587
f 4502/6223/1 4503/6220/1 4504/6212/1
f 4499/6213/586 4502/6223/586 4500/6225/586
f 4497/6226/585 4500/6225/585 4498/6217/585
f 4495/6221/15 4498/6217/15 4496/6227/15
f 4493/6224/584 4495/6221/584 4496/6227/584
f 4483/6201/2 4497/6226/2 4495/6221/2
f 4486/6218/4 4500/6225/4 4488/6214/4
f 4491/6205/2 4501/6228/2 4489/6204/2
f 4481/6229/4 4496/6227/4 4484/6216/4
f 4492/6209/4 4493/6224/4 4481/6229/4
f 4485/6202/2 4499/6213/2 4497/6226/2
f 4482/6200/584 4774/4349/584 4775/4351/584
f 4483/6201/15 4775/4351/15 4796/4361/15
f 4485/6202/585 4796/4361/585 4776/4355/585
f 4487/6203/586 4776/4355/586 4797/4360/586
f 4797/4360/1 4777/4362/1 4491/6205/1
f 4491/6205/587 4777/4362/587 4774/4349/587
f 4480/6207/2 4475/6210/2 4476/6208/2
f 4476/6208/2 4477/6219/2 4478/6215/2
f 4478/6215/2 4479/6206/2 4476/6208/2
f 4492/6209/587 4481/6229/587 4475/6210/587
f 4490/6211/4 4502/6223/4 4504/6212/4
f 4479/6206/1 4490/6211/1 4492/6209/1
f 4489/6204/2 4501/6228/2 4499/6213/2
f 4488/6214/586 4490/6211/586 4479/6206/586
f 4484/6216/4 4496/6227/4 4498/6217/4
f 4486/6218/585 4488/6214/585 4478/6215/585
f 4482/6200/2 4494/6222/2 4503/6220/2
f 4484/6216/15 4486/6218/15 4477/6219/15
f 4482/6200/2 4483/6201/2 4495/6221/2
f 4475/6210/584 4481/6229/584 4484/6216/584
f 4488/6214/4 4500/6225/4 4502/6223/4
f 4503/6220/587 4494/6222/587 4493/6224/587
f 4502/6223/1 4501/6228/1 4503/6220/1
f 4499/6213/586 4501/6228/586 4502/6223/586
f 4497/6226/585 4499/6213/585 4500/6225/585
f 4495/6221/15 4497/6226/15 4498/6217/15
f 4493/6224/584 4494/6222/584 4495/6221/584
f 4483/6201/2 4485/6202/2 4497/6226/2
f 4486/6218/4 4498/6217/4 4500/6225/4
f 4491/6205/2 4503/6220/2 4501/6228/2
f 4481/6229/4 4493/6224/4 4496/6227/4
f 4492/6209/4 4504/6212/4 4493/6224/4
f 4485/6202/2 4487/6203/2 4499/6213/2
f 4506/6230/494 4507/6231/494 4505/6232/494
f 4508/6233/495 4509/6234/495 4507/6231/495
f 4510/6235/496 4511/6236/496 4509/6234/496
f 4511/6236/497 4514/6237/497 4513/6238/497
f 4506/6230/1 4514/6237/1 4508/6233/1
f 4514/6237/498 4515/6239/498 4513/6238/498
f 4516/6240/493 4505/6232/493 4515/6239/493
f 4509/6234/15 4511/6236/15 4515/6239/15
f 4506/6230/494 4508/6233/494 4507/6231/494
f 4508/6233/495 4510/6235/495 4509/6234/495
f 4510/6235/496 4512/6241/496 4511/6236/496
f 4511/6236/497 4512/6241/497 4514/6237/497
f 4510/6235/1 4508/6233/1 4514/6237/1
f 4506/6230/1 4516/6240/1 4514/6237/1
f 4514/6237/1 4512/6241/1 4510/6235/1
f 4514/6237/498 4516/6240/498 4515/6239/498
f 4516/6240/493 4506/6230/493 4505/6232/493
f 4515/6239/15 4505/6232/15 4507/6231/15
f 4507/6231/15 4509/6234/15 4515/6239/15
f 4511/6236/15 4513/6238/15 4515/6239/15
f 4518/6242/584 4519/6243/584 4517/6244/584
f 4519/6243/15 4522/6245/15 4521/6246/15
f 4522/6245/585 4523/6247/585 4521/6246/585
f 4524/6248/586 4525/6249/586 4523/6247/586
f 4526/6250/4 4524/6251/4 4522/6252/4
f 4526/6253/1 4527/6254/1 4525/6249/1
f 4528/6255/587 4517/6256/587 4527/6254/587
f 4523/6257/2 4525/6258/2 4527/6259/2
f 4529/6260/584 4532/6261/584 4531/6262/584
f 4532/6261/15 4533/6263/15 4531/6262/15
f 4533/6263/585 4536/6264/585 4535/6265/585
f 4536/6264/586 4537/6266/586 4535/6265/586
f 4536/6267/4 4534/6268/4 4530/6269/4
f 4538/6270/1 4539/6271/1 4537/6266/1
f 4540/6272/587 4529/6273/587 4539/6271/587
f 4535/6274/2 4537/6275/2 4539/6276/2
f 4542/6277/584 4543/6278/584 4541/6279/584
f 4544/6280/15 4545/6281/15 4543/6278/15
f 4546/6282/585 4547/6283/585 4545/6281/585
f 4548/6284/586 4549/6285/586 4547/6283/586
f 4548/6286/4 4546/6287/4 4542/6288/4
f 4549/6285/1 4552/6289/1 4551/6290/1
f 4552/6289/587 4541/6291/587 4551/6290/587
f 4547/6292/2 4549/6293/2 4551/6294/2
f 4554/6295/584 4555/6296/584 4553/6297/584
f 4556/6298/15 4557/6299/15 4555/6296/15
f 4558/6300/585 4559/6301/585 4557/6299/585
f 4559/6301/586 4562/6302/586 4561/6303/586
f 4562/6304/4 4560/6305/4 4558/6306/4
f 4562/6302/1 4563/6307/1 4561/6303/1
f 4564/6308/587 4553/6309/587 4563/6307/587
f 4561/6310/2 4563/6311/2 4555/6312/2
f 4566/6313/584 4567/6314/584 4565/6315/584
f 4567/6314/15 4570/6316/15 4569/6317/15
f 4570/6316/585 4571/6318/585 4569/6317/585
f 4571/6318/586 4574/6319/586 4573/6320/586
f 4574/6321/4 4572/6322/4 4570/6323/4
f 4574/6319/1 4575/6324/1 4573/6320/1
f 4576/6325/587 4565/6326/587 4575/6324/587
f 4571/6327/2 4573/6328/2 4575/6329/2
f 4577/6330/584 4580/6331/584 4579/6332/584
f 4580/6331/15 4581/6333/15 4579/6332/15
f 4582/6334/585 4583/6335/585 4581/6333/585
f 4583/6335/586 4586/6336/586 4585/6337/586
f 4586/6338/4 4584/6339/4 4582/6340/4
f 4586/6336/1 4587/6341/1 4585/6337/1
f 4587/6341/587 4578/6342/587 4577/6343/587
f 4589/6344/584 4592/6345/584 4591/6346/584
f 4591/6346/15 4594/6347/15 4593/6348/15
f 4594/6347/585 4595/6349/585 4593/6348/585
f 4595/6349/586 4598/6350/586 4597/6351/586
f 4598/6352/4 4596/6353/4 4594/6354/4
f 4598/6350/1 4599/6355/1 4597/6351/1
f 4600/6356/587 4589/6357/587 4599/6355/587
f 4597/6358/2 4599/6359/2 4591/6360/2
f 4602/6361/584 4603/6362/584 4601/6363/584
f 4604/6364/15 4605/6365/15 4603/6362/15
f 4606/6366/585 4607/6367/585 4605/6365/585
f 4608/6368/586 4609/6369/586 4607/6367/586
f 4610/6370/4 4608/6371/4 4606/6372/4
f 4610/6373/1 4611/6374/1 4609/6369/1
f 4612/6375/587 4601/6376/587 4611/6374/587
f 4603/6362/2 4607/6367/2 4611/6374/2
f 4613/6377/7 4616/6378/7 4615/6379/7
f 4616/6378/8 4617/6380/8 4615/6379/8
f 4618/6381/9 4619/6382/9 4617/6380/9
f 4620/6383/10 4621/6384/10 4619/6382/10
f 4622/6385/11 4623/6386/11 4621/6384/11
f 4629/6387/1296 4634/6388/1296 4630/6389/1296
f 4620/6390/1 4618/6391/1 4626/6392/1
f 4628/6393/1 4624/6394/1 4626/6392/1
f 4628/6395/14 4613/6396/14 4627/6397/14
f 4623/6398/15 4627/6399/15 4617/6400/15
f 4626/6401/1297 4625/6402/1297 4623/6386/1297
f 4627/6397/1298 4630/6389/1298 4628/6395/1298
f 4623/6398/15 4629/6403/15 4627/6399/15
f 4631/6404/5 4633/6405/5 4632/6406/5
f 4625/6407/15 4633/6408/15 4629/6403/15
f 4630/6409/1 4631/6410/1 4624/6394/1
f 4624/6411/1299 4632/6406/1299 4625/6402/1299
f 4640/35/12 4648/53/12 4641/42/12
f 4638/40/10 4647/54/10 4639/34/10
f 4636/25/8 4645/58/8 4637/26/8
f 4641/42/13 4649/59/13 4642/43/13
f 4639/34/11 25/52/11 4640/35/11
f 4637/26/9 4646/61/9 4638/40/9
f 4635/39/7 4644/46/7 4636/25/7
f 4642/43/14 4643/50/14 4635/36/14
f 4651/545/6 4653/6412/6 4654/6413/6
f 4652/6414/76 4659/6415/76 4653/6412/76
f 422/543/5 4657/6416/5 423/546/5
f 421/533/1300 4654/6413/1300 4655/6417/1300
f 420/544/1301 4652/6414/1301 4653/6412/1301
f 423/546/1302 4652/6418/1302 4650/542/1302
f 421/533/1303 4656/6419/1303 422/543/1303
f 4662/6420/1304 4669/6421/1304 4663/6422/1304
f 4652/6418/76 4663/6422/76 4658/6423/76
f 4655/6417/76 4662/6420/76 4656/6419/76
f 4654/6413/76 4659/6415/76 4660/6424/76
f 4656/6419/76 4663/6422/76 4657/6416/76
f 4655/6417/76 4660/6424/76 4661/6425/76
f 4669/6421/1302 4670/6426/1302 4664/6427/1302
f 4661/6425/1305 4666/6428/1305 4667/6429/1305
f 4658/6430/1306 4665/6431/1306 4659/6415/1306
f 4658/6423/1307 4669/6421/1307 4664/6427/1307
f 4661/6425/1308 4668/6432/1308 4662/6420/1308
f 4660/6424/1309 4665/6431/1309 4666/6428/1309
f 4674/6433/1310 4681/6434/1310 4675/6435/1310
f 4667/6429/1303 4674/6433/1303 4668/6432/1303
f 4666/6428/6 4671/6436/6 4672/6437/6
f 4668/6432/5 4675/6435/5 4669/6421/5
f 4667/6429/1300 4672/6437/1300 4673/6438/1300
f 4665/6431/1301 4670/6439/1301 4671/6436/1301
f 4680/6440/74 4679/6441/74 4678/6442/74
f 4672/6437/1311 4679/6443/1311 4673/6438/1311
f 4671/6436/1312 4676/6444/1312 4677/6445/1312
f 4675/6435/1313 4676/6446/1313 4670/6426/1313
f 4674/6433/1314 4679/6443/1314 4680/6447/1314
f 4672/6437/1315 4677/6445/1315 4678/6448/1315
f 4707/6449/1316 4708/6450/1316 4706/6451/1316
f 4709/6452/2 4712/6453/2 4708/6450/2
f 4713/6454/1317 4710/6455/1317 4712/6453/1317
f 4710/6455/4 4707/6456/4 4706/6457/4
f 4710/6455/4 4714/6458/4 4716/6459/4
f 4709/6460/1318 4711/6461/1318 4713/6454/1318
f 4715/6462/1319 4718/6463/1319 4714/6464/1319
f 4712/6453/2 4715/6462/2 4708/6450/2
f 4708/6450/1320 4714/6464/1320 4706/6451/1320
f 4712/6453/1321 4716/6459/1321 4717/6465/1321
f 4720/6466/4 4722/6467/4 4724/6468/4
f 4716/6459/4 4718/6469/4 4720/6466/4
f 4717/6465/2 4719/6470/2 4715/6462/2
f 4716/6459/1322 4721/6471/1322 4717/6465/1322
f 4723/6472/1323 4724/6468/1323 4722/6473/1323
f 4721/6471/2 4723/6474/2 4719/6470/2
f 4721/6471/1324 4724/6468/1324 4725/6475/1324
f 4718/6463/1325 4723/6474/1325 4722/6476/1325
f 4727/6477/1326 4728/6478/1326 4726/6479/1326
f 4729/6480/1327 4730/6481/1327 4728/6478/1327
f 4731/6482/1328 4732/6483/1328 4730/6481/1328
f 4733/6484/1329 4734/6485/1329 4732/6483/1329
f 4727/6477/6 4735/6486/6 4731/6482/6
f 4735/6486/1330 4736/6487/1330 4734/6485/1330
f 4737/6488/1331 4726/6479/1331 4736/6487/1331
f 4732/6483/1332 4740/6489/1332 4730/6481/1333
f 4741/6490/1293 4746/6491/1293 4740/6489/1293
f 4726/6479/1334 4743/6492/1334 4736/6487/1335
f 4734/6485/1336 4741/6490/1336 4732/6483/1337
f 4730/6481/1338 4739/6493/1338 4728/6478/1339
f 4736/6487/1340 4742/6494/1340 4734/6485/1340
f 4728/6478/1341 4738/6495/1341 4726/6479/1342
f 4746/6491/5 4747/6496/5 4749/6497/5
f 4739/6493/1292 4744/6498/1292 4738/6495/1292
f 4738/6495/1295 4749/6497/1295 4743/6492/1295
f 4742/6494/1294 4747/6496/1294 4741/6490/1294
f 4740/6489/15 4745/6499/15 4739/6493/15
f 4743/6492/1 4748/6500/1 4742/6494/166
f 4751/6501/584 4752/6502/584 4750/6503/584
f 4753/6504/15 4754/6505/15 4752/6502/15
f 4755/6506/585 4756/6507/585 4754/6505/585
f 4757/6508/586 4758/6509/586 4756/6507/586
f 4751/6501/4 4757/6508/4 4755/6506/4
f 4759/6510/1 4760/6511/1 4758/6509/1
f 4761/6512/587 4750/6503/587 4760/6511/587
f 4752/6502/2 4756/6507/2 4760/6511/2
f 4763/6513/584 4764/6514/584 4762/6515/584
f 4765/6516/15 4766/6517/15 4764/6514/15
f 4767/6518/585 4768/6519/585 4766/6517/585
f 4769/6520/586 4770/6521/586 4768/6519/586
f 4763/6513/4 4769/6520/4 4767/6518/4
f 4771/6522/1 4772/6523/1 4770/6521/1
f 4773/6524/587 4762/6515/587 4772/6523/587
f 4764/6514/2 4768/6519/2 4772/6523/2
f 4727/6477/1326 4729/6480/1326 4728/6478/1326
f 4729/6480/1327 4731/6482/1327 4730/6481/1327
f 4731/6482/1328 4733/6484/1328 4732/6483/1328
f 4733/6484/1329 4735/6486/1329 4734/6485/1329
f 4731/6482/6 4729/6480/6 4727/6477/6
f 4727/6477/6 4737/6488/6 4735/6486/6
f 4735/6486/6 4733/6484/6 4731/6482/6
f 4735/6486/1330 4737/6488/1330 4736/6487/1330
f 4737/6488/1331 4727/6477/1331 4726/6479/1331
f 4732/6483/1332 4741/6490/1332 4740/6489/1332
f 4741/6490/1293 4747/6496/1293 4746/6491/1293
f 4726/6479/1334 4738/6495/1334 4743/6492/1334
f 4734/6485/1336 4742/6494/1336 4741/6490/1336
f 4730/6481/1338 4740/6489/1338 4739/6493/1338
f 4736/6487/1340 4743/6492/1340 4742/6494/1340
f 4728/6478/1341 4739/6493/1341 4738/6495/1341
f 4749/6497/5 4744/6498/5 4745/6499/5
f 4745/6499/5 4746/6491/5 4749/6497/5
f 4747/6496/5 4748/6500/5 4749/6497/5
f 4739/6493/1292 4745/6499/1292 4744/6498/1292
f 4738/6495/1295 4744/6498/1295 4749/6497/1295
f 4742/6494/1294 4748/6500/1294 4747/6496/1294
f 4740/6489/15 4746/6491/15 4745/6499/15
f 4743/6492/1 4749/6497/174 4748/6500/1
f 4751/6501/584 4753/6504/584 4752/6502/584
f 4753/6504/15 4755/6506/15 4754/6505/15
f 4755/6506/585 4757/6508/585 4756/6507/585
f 4757/6508/586 4759/6510/586 4758/6509/586
f 4755/6506/4 4753/6504/4 4751/6501/4
f 4751/6501/4 4761/6512/4 4759/6510/4
f 4759/6510/4 4757/6508/4 4751/6501/4
f 4759/6510/1 4761/6512/1 4760/6511/1
f 4761/6512/587 4751/6501/587 4750/6503/587
f 4760/6511/2 4750/6503/2 4752/6502/2
f 4752/6502/2 4754/6505/2 4756/6507/2
f 4756/6507/2 4758/6509/2 4760/6511/2
f 4763/6513/584 4765/6516/584 4764/6514/584
f 4765/6516/15 4767/6518/15 4766/6517/15
f 4767/6518/585 4769/6520/585 4768/6519/585
f 4769/6520/586 4771/6522/586 4770/6521/586
f 4767/6518/4 4765/6516/4 4763/6513/4
f 4763/6513/4 4773/6524/4 4769/6520/4
f 4771/6522/4 4769/6520/4 4773/6524/4
f 4771/6522/1 4773/6524/1 4772/6523/1
f 4773/6524/587 4763/6513/587 4762/6515/587
f 4772/6523/2 4762/6515/2 4764/6514/2
f 4764/6514/2 4766/6517/2 4768/6519/2
f 4768/6519/2 4770/6521/2 4772/6523/2
f 5611/6190/1 5593/6525/1 5588/6192/1
f 5594/6526/5 5591/6527/5 5593/6525/5
f 5597/6189/1293 5592/6528/1293 5591/6527/1293
f 5596/6191/1292 5589/6529/1292 5595/6187/1292
f 5595/6187/1295 5594/6526/1295 5611/6190/1295
f 5598/6188/1294 5593/6525/1294 5592/6528/1294
f 5597/6189/15 5590/6530/15 5596/6191/15
f 5611/6190/1 5594/6526/1 5593/6525/1
f 5594/6526/5 5589/6529/5 5590/6530/5
f 5590/6530/5 5591/6527/5 5594/6526/5
f 5591/6527/5 5592/6528/5 5593/6525/5
f 5597/6189/1293 5598/6188/1293 5592/6528/1293
f 5596/6191/1292 5590/6530/1292 5589/6529/1292
f 5595/6187/1295 5589/6529/1295 5594/6526/1295
f 5598/6188/1294 5588/6192/1294 5593/6525/1294
f 5597/6189/15 5591/6527/15 5590/6530/15
f 4518/6242/584 4520/6531/584 4519/6243/584
f 4519/6243/15 4520/6531/15 4522/6245/15
f 4522/6245/585 4524/6248/585 4523/6247/585
f 4524/6248/586 4526/6253/586 4525/6249/586
f 4522/6252/4 4520/6532/4 4526/6250/4
f 4520/6532/4 4518/6533/4 4526/6250/4
f 4518/6533/4 4528/6534/4 4526/6250/4
f 4526/6253/1 4528/6255/1 4527/6254/1
f 4528/6255/587 4518/6535/587 4517/6256/587
f 4527/6259/2 4517/6536/2 4523/6257/2
f 4517/6536/2 4519/6537/2 4523/6257/2
f 4519/6537/2 4521/6538/2 4523/6257/2
f 4529/6260/584 4530/6539/584 4532/6261/584
f 4532/6261/15 4534/6540/15 4533/6263/15
f 4533/6263/585 4534/6540/585 4536/6264/585
f 4536/6264/586 4538/6270/586 4537/6266/586
f 4534/6268/4 4532/6541/4 4530/6269/4
f 4530/6269/4 4540/6542/4 4538/6543/4
f 4538/6543/4 4536/6267/4 4530/6269/4
f 4538/6270/1 4540/6272/1 4539/6271/1
f 4540/6272/587 4530/6544/587 4529/6273/587
f 4539/6276/2 4529/6545/2 4535/6274/2
f 4529/6545/2 4531/6546/2 4535/6274/2
f 4531/6546/2 4533/6547/2 4535/6274/2
f 4542/6277/584 4544/6280/584 4543/6278/584
f 4544/6280/15 4546/6282/15 4545/6281/15
f 4546/6282/585 4548/6284/585 4547/6283/585
f 4548/6284/586 4550/6548/586 4549/6285/586
f 4546/6287/4 4544/6549/4 4542/6288/4
f 4542/6288/4 4552/6550/4 4550/6551/4
f 4550/6551/4 4548/6286/4 4542/6288/4
f 4549/6285/1 4550/6548/1 4552/6289/1
f 4552/6289/587 4542/6552/587 4541/6291/587
f 4551/6294/2 4541/6553/2 4547/6292/2
f 4541/6553/2 4543/6554/2 4547/6292/2
f 4543/6554/2 4545/6555/2 4547/6292/2
f 4554/6295/584 4556/6298/584 4555/6296/584
f 4556/6298/15 4558/6300/15 4557/6299/15
f 4558/6300/585 4560/6556/585 4559/6301/585
f 4559/6301/586 4560/6556/586 4562/6302/586
f 4558/6306/4 4556/6557/4 4554/6558/4
f 4554/6558/4 4564/6559/4 4558/6306/4
f 4564/6559/4 4562/6304/4 4558/6306/4
f 4562/6302/1 4564/6308/1 4563/6307/1
f 4564/6308/587 4554/6560/587 4553/6309/587
f 4563/6311/2 4553/6561/2 4555/6312/2
f 4555/6312/2 4557/6562/2 4559/6563/2
f 4559/6563/2 4561/6310/2 4555/6312/2
f 4566/6313/584 4568/6564/584 4567/6314/584
f 4567/6314/15 4568/6564/15 4570/6316/15
f 4570/6316/585 4572/6565/585 4571/6318/585
f 4571/6318/586 4572/6565/586 4574/6319/586
f 4570/6323/4 4568/6566/4 4574/6321/4
f 4568/6566/4 4566/6567/4 4574/6321/4
f 4566/6567/4 4576/6568/4 4574/6321/4
f 4574/6319/1 4576/6325/1 4575/6324/1
f 4576/6325/587 4566/6569/587 4565/6326/587
f 4575/6329/2 4565/6570/2 4567/6571/2
f 4567/6571/2 4569/6572/2 4575/6329/2
f 4569/6572/2 4571/6327/2 4575/6329/2
f 4577/6330/584 4578/6573/584 4580/6331/584
f 4580/6331/15 4582/6334/15 4581/6333/15
f 4582/6334/585 4584/6574/585 4583/6335/585
f 4583/6335/586 4584/6574/586 4586/6336/586
f 4582/6340/4 4580/6575/4 4586/6338/4
f 4580/6575/4 4578/6576/4 4586/6338/4
f 4578/6576/4 4588/6577/4 4586/6338/4
f 4586/6336/1 4588/6578/1 4587/6341/1
f 4587/6341/587 4588/6578/587 4578/6342/587
f 4589/6344/584 4590/6579/584 4592/6345/584
f 4591/6346/15 4592/6345/15 4594/6347/15
f 4594/6347/585 4596/6580/585 4595/6349/585
f 4595/6349/586 4596/6580/586 4598/6350/586
f 4594/6354/4 4592/6581/4 4598/6352/4
f 4592/6581/4 4590/6582/4 4598/6352/4
f 4590/6582/4 4600/6583/4 4598/6352/4
f 4598/6350/1 4600/6356/1 4599/6355/1
f 4600/6356/587 4590/6584/587 4589/6357/587
f 4599/6359/2 4589/6585/2 4591/6360/2
f 4591/6360/2 4593/6586/2 4595/6587/2
f 4595/6587/2 4597/6358/2 4591/6360/2
f 4602/6361/584 4604/6364/584 4603/6362/584
f 4604/6364/15 4606/6366/15 4605/6365/15
f 4606/6366/585 4608/6368/585 4607/6367/585
f 4608/6368/586 4610/6373/586 4609/6369/586
f 4606/6372/4 4604/6588/4 4610/6370/4
f 4604/6588/4 4602/6589/4 4610/6370/4
f 4602/6589/4 4612/6590/4 4610/6370/4
f 4610/6373/1 4612/6375/1 4611/6374/1
f 4612/6375/587 4602/6591/587 4601/6376/587
f 4611/6374/2 4601/6376/2 4603/6362/2
f 4603/6362/2 4605/6365/2 4607/6367/2
f 4607/6367/2 4609/6369/2 4611/6374/2
f 4613/6377/7 4614/6592/7 4616/6378/7
f 4616/6378/8 4618/6381/8 4617/6380/8
f 4618/6381/9 4620/6383/9 4619/6382/9
f 4620/6383/10 4622/6385/10 4621/6384/10
f 4622/6385/11 4626/6401/11 4623/6386/11
f 4629/6387/1296 4633/6405/1296 4634/6388/1296
f 4618/6391/1 4616/6593/1 4628/6393/1
f 4616/6593/1 4614/6594/1 4628/6393/1
f 4628/6393/1 4626/6392/1 4618/6391/1
f 4626/6392/1 4622/6595/1 4620/6390/1
f 4628/6393/1 4630/6409/1 4624/6394/1
f 4628/6395/14 4614/6596/14 4613/6396/14
f 4627/6399/15 4613/6597/15 4615/6598/15
f 4615/6598/15 4617/6400/15 4627/6399/15
f 4617/6400/15 4619/6599/15 4623/6398/15
f 4619/6599/15 4621/6600/15 4623/6398/15
f 4626/6401/1297 4624/6411/1297 4625/6402/1297
f 4627/6397/1298 4629/6387/1298 4630/6389/1298
f 4623/6398/15 4625/6407/15 4629/6403/15
f 4631/6404/5 4634/6388/5 4633/6405/5
f 4625/6407/15 4632/6601/15 4633/6408/15
f 4630/6409/1 4634/6602/1 4631/6410/1
f 4624/6411/1299 4631/6404/1299 4632/6406/1299
f 4640/35/12 25/52/12 4648/53/12
f 4638/40/10 4646/61/10 4647/54/10
f 4636/25/8 4644/46/8 4645/58/8
f 4641/42/13 4648/53/13 4649/59/13
f 4639/34/11 4647/54/11 25/52/11
f 4637/26/9 4645/58/9 4646/61/9
f 4635/39/7 4643/44/7 4644/46/7
f 4642/43/14 4649/59/14 4643/50/14
f 4651/545/6 420/544/6 4653/6412/6
f 4652/6414/76 4658/6430/76 4659/6415/76
f 422/543/5 4656/6419/5 4657/6416/5
f 421/533/1300 4651/545/1300 4654/6413/1300
f 420/544/1301 4650/547/1301 4652/6414/1301
f 423/546/1302 4657/6416/1302 4652/6418/1302
f 421/533/1303 4655/6417/1303 4656/6419/1303
f 4662/6420/1304 4668/6432/1304 4669/6421/1304
f 4652/6418/76 4657/6416/76 4663/6422/76
f 4655/6417/76 4661/6425/76 4662/6420/76
f 4654/6413/76 4653/6412/76 4659/6415/76
f 4656/6419/76 4662/6420/76 4663/6422/76
f 4655/6417/76 4654/6413/76 4660/6424/76
f 4669/6421/1302 4675/6435/1302 4670/6426/1302
f 4661/6425/1305 4660/6424/1305 4666/6428/1305
f 4658/6430/1306 4664/6603/1306 4665/6431/1306
f 4658/6423/1307 4663/6422/1307 4669/6421/1307
f 4661/6425/1308 4667/6429/1308 4668/6432/1308
f 4660/6424/1309 4659/6415/1309 4665/6431/1309
f 4674/6433/1310 4680/6447/1310 4681/6434/1310
f 4667/6429/1303 4673/6438/1303 4674/6433/1303
f 4666/6428/6 4665/6431/6 4671/6436/6
f 4668/6432/5 4674/6433/5 4675/6435/5
f 4667/6429/1300 4666/6428/1300 4672/6437/1300
f 4665/6431/1301 4664/6603/1301 4670/6439/1301
f 4678/6442/74 4677/6604/74 4681/6605/74
f 4677/6604/74 4676/6606/74 4681/6605/74
f 4681/6605/74 4680/6440/74 4678/6442/74
f 4672/6437/1311 4678/6448/1311 4679/6443/1311
f 4671/6436/1312 4670/6439/1312 4676/6444/1312
f 4675/6435/1313 4681/6434/1313 4676/6446/1313
f 4674/6433/1314 4673/6438/1314 4679/6443/1314
f 4672/6437/1315 4671/6436/1315 4677/6445/1315
f 4707/6449/1316 4709/6452/1343 4708/6450/1316
f 4709/6452/2 4713/6454/2 4712/6453/2
f 4713/6454/1317 4711/6461/1317 4710/6455/1317
f 4710/6455/4 4711/6461/4 4707/6456/4
f 4710/6455/4 4706/6457/4 4714/6458/4
f 4709/6460/1318 4707/6607/1318 4711/6461/1318
f 4715/6462/1319 4719/6470/1319 4718/6463/1319
f 4712/6453/2 4717/6465/2 4715/6462/2
f 4708/6450/1320 4715/6462/1320 4714/6464/1320
f 4712/6453/1321 4710/6455/1321 4716/6459/1321
f 4720/6466/4 4718/6469/4 4722/6467/4
f 4716/6459/4 4714/6458/4 4718/6469/4
f 4717/6465/2 4721/6471/2 4719/6470/2
f 4716/6459/1322 4720/6466/1322 4721/6471/1322
f 4723/6472/1323 4725/6475/1323 4724/6468/1323
f 4721/6471/2 4725/6475/2 4723/6474/2
f 4721/6471/1324 4720/6466/1324 4724/6468/1324
f 4718/6463/1325 4719/6470/1325 4723/6474/1325
