# Blender v2.93.0 OBJ File: ''
# www.blender.org
mtllib man.mtl
o BaseMeshBKP_Cylinder.008
v 0.286148 0.114379 -0.167946
v 0.277582 0.562689 -0.219295
v 0.404674 0.184413 0.021460
v 0.392560 0.562689 -0.041799
v 0.286148 0.086051 0.210867
v 0.277582 0.562689 0.175776
v 0.343887 0.843396 -0.393887
v 0.476522 0.811591 -0.140142
v 0.343887 0.843396 0.142449
v 0.316614 1.067053 -0.407891
v 0.368477 1.067053 0.098695
v 0.259519 1.299223 -0.334631
v 0.394036 1.346417 -0.171687
v 0.259519 1.296739 -0.011227
v 0.141150 1.496986 -0.204150
v 0.199616 1.460383 -0.101095
v 0.141150 1.423780 0.001960
v 0.080214 -0.382420 -0.296330
v 0.077058 -0.391282 0.121447
v 0.182425 -0.209276 -0.308818
v 0.151927 -0.190276 0.206396
v 0.037357 -0.436167 0.004721
v 0.322202 -0.168903 0.201858
v 0.448454 -0.093719 -0.017169
v 0.377761 -0.157176 -0.227572
v 0.091931 -0.425511 0.121447
v 0.226421 -0.278012 0.206396
v 0.096773 -0.441305 -0.267869
v 0.028330 -0.493459 -0.019874
v 0.257179 -0.337459 -0.240683
v 0.501177 -1.638092 -0.292236
v 0.382695 -1.637151 -0.342811
v 0.439848 -2.327522 -0.318999
v 0.345986 -1.276774 -0.243021
v 0.503579 -2.322856 -0.285579
v 0.444513 -1.274134 -0.193768
v 0.532117 -2.315190 -0.201099
v 0.485324 -1.283352 -0.076056
v 0.508746 -2.307524 -0.115047
v 0.444513 -1.297540 0.041161
v 0.447155 -2.304349 -0.077829
v 0.345985 -1.308385 0.089218
v 0.383424 -2.307524 -0.111249
v 0.247458 -1.309535 0.039966
v 0.354885 -2.315190 -0.195729
v 0.206647 -1.300316 -0.077746
v 0.378257 -2.322856 -0.281782
v 0.247458 -1.286129 -0.194963
v 0.550253 -1.660320 -0.172092
v 0.501177 -1.689323 -0.052758
v 0.382695 -1.708113 -0.004138
v 0.264214 -1.705682 -0.054713
v 0.215137 -1.683454 -0.174857
v 0.264214 -1.654450 -0.294191
v 0.486692 -2.093901 -0.272625
v 0.512358 -2.092107 -0.187782
v 0.486692 -2.093901 -0.102939
v 0.424728 -2.098233 -0.067796
v 0.362764 -2.102565 -0.102939
v 0.337098 -2.104359 -0.187782
v 0.424728 -2.099723 -0.307768
v 0.362764 -2.102565 -0.272625
v 0.272862 -1.366579 -0.216303
v 0.235688 -1.425003 -0.118068
v 0.362608 -1.339031 -0.254490
v 0.272862 -1.478586 -0.017329
v 0.362608 -1.495942 0.026902
v 0.452354 -1.466903 -0.011285
v 0.489527 -1.408479 -0.109520
v 0.452354 -1.354896 -0.210259
v 0.326374 -1.183193 -0.238434
v 0.429341 -1.169958 -0.188305
v 0.471992 -1.154129 -0.065930
v 0.429341 -1.143487 0.057004
v 0.326374 -1.144268 0.108485
v 0.223406 -1.156012 0.058356
v 0.180755 -1.171842 -0.064019
v 0.223406 -1.182483 -0.186953
v 0.337710 -0.865457 -0.288047
v 0.477128 -0.816168 -0.218825
v 0.531148 -0.782161 -0.049842
v 0.468126 -0.781866 0.119914
v 0.324980 -0.815455 0.191003
v 0.185563 -0.863253 0.121781
v 0.131543 -0.897261 -0.047203
v 0.194564 -0.897556 -0.216959
v 0.278881 -0.513617 -0.275368
v 0.441186 -0.452321 -0.205789
v 0.504074 -0.409770 -0.035933
v 0.430706 -0.409401 0.134700
v 0.264061 -0.452919 0.209137
v 0.101757 -0.511235 0.136576
v 0.033901 -0.557512 -0.033280
v 0.112236 -0.554156 -0.203913
v 1.042182 0.510798 -0.253995
v 0.974287 0.434909 -0.291620
v 1.262802 -0.004690 0.099866
v 0.885284 0.553205 -0.364322
v 1.302916 0.021119 0.115628
v 0.959037 0.618415 -0.318726
v 1.319531 0.051028 0.165311
v 0.989586 0.645426 -0.208647
v 1.302916 0.068513 0.225301
v 0.959037 0.618415 -0.098568
v 1.262802 0.060924 0.247202
v 0.885284 0.553205 -0.052972
v 1.222688 0.035115 0.231440
v 0.811532 0.487997 -0.098568
v 1.206073 0.005207 0.181757
v 0.780983 0.460986 -0.208647
v 1.222688 -0.011281 0.127258
v 0.811532 0.487997 -0.318725
v 1.070306 0.548946 -0.150519
v 1.042182 0.527005 -0.041809
v 0.974287 0.457829 0.008456
v 0.906391 0.381941 -0.029169
v 0.878268 0.343793 -0.132644
v 0.906391 0.365734 -0.241355
v 1.211282 0.175190 -0.013895
v 1.229034 0.214464 0.041005
v 1.211282 0.229711 0.103103
v 1.168423 0.211999 0.136024
v 1.125564 0.171703 0.120483
v 1.107811 0.132428 0.065584
v 1.168423 0.134894 -0.029436
v 1.125564 0.117181 0.003485
v 0.624923 0.905299 -0.400977
v 0.712821 0.959976 -0.349010
v 0.749230 0.982624 -0.223550
v 0.712821 0.959976 -0.098090
v 0.624923 0.905299 -0.046123
v 0.537025 0.861353 -0.024349
v 0.500617 0.827974 -0.183782
v 0.511797 0.841787 -0.315343
v 0.800404 0.818525 -0.337422
v 0.831748 0.843389 -0.225585
v 0.649061 0.698472 -0.113749
v 0.617717 0.673608 -0.225585
v 0.724733 0.758498 -0.383746
v 0.800404 0.818525 -0.113749
v 0.649061 0.698472 -0.337422
v 0.724733 0.758498 -0.067425
v 0.933208 0.699676 -0.230243
v 0.736062 0.530034 -0.230243
v 0.904336 0.674832 -0.129495
v 0.764933 0.554878 -0.330990
v 0.834635 0.614855 -0.087764
v 0.904336 0.674832 -0.330990
v 0.764933 0.554878 -0.129495
v 0.834635 0.614855 -0.372721
v 0.847867 0.441165 -0.289089
v 0.818247 0.416096 -0.179535
v 0.919376 0.507893 -0.336474
v 0.847867 0.447373 -0.071985
v 0.919376 0.516673 -0.029442
v 0.990885 0.583401 -0.076827
v 1.020505 0.608470 -0.186382
v 0.990885 0.577193 -0.293931
v 0.683200 1.101388 -0.212473
v 0.604948 1.098208 -0.354140
v 0.604948 1.099450 -0.053667
v 0.597719 1.255364 -0.192453
v 0.552373 1.226303 -0.329316
v 0.552373 1.216367 -0.061799
v 0.490438 1.078160 -0.388404
v 0.452892 1.244879 -0.344472
v 0.495878 1.300891 -0.179183
v 0.490438 1.081264 0.027924
v 0.452892 1.238669 -0.018687
v 0.445468 0.813146 -0.009716
v 0.428451 0.670862 -0.082390
v 0.392286 0.687825 0.030830
v 0.426502 0.808192 -0.245302
v 0.392446 0.686761 -0.168137
v 0.483224 0.948184 0.041578
v 0.469075 0.927451 -0.360985
v 0.449904 -2.581662 -0.349026
v 0.560391 -2.580172 -0.317956
v 0.601263 -2.580172 -0.216101
v 0.592871 -2.580172 -0.108392
v 0.485276 -2.580172 -0.051403
v 0.367321 -2.580172 -0.081586
v 0.333917 -2.580172 -0.184328
v 0.349778 -2.580172 -0.292925
v 0.600218 -2.528549 0.290660
v 0.487239 -2.495663 0.344537
v 0.364260 -2.498535 0.356295
v 0.621830 -2.582242 0.295689
v 0.490813 -2.580172 0.354342
v 0.347182 -2.580172 0.369033
v 0.470851 -2.433331 0.025520
v 0.574117 -2.464672 -0.006875
v 0.602705 -2.580172 -0.000062
v 0.485572 -2.580172 0.032006
v 0.366029 -2.580172 0.064733
v 0.385464 -2.436355 0.048897
v 0.564817 -2.474896 -0.129748
v 0.368025 -2.474896 -0.107925
v 0.544990 -2.486702 -0.334048
v 0.439155 -2.489780 -0.361563
v 0.568025 -2.468380 -0.219734
v 0.342726 -2.468380 -0.193384
v 0.342822 -2.486702 -0.310404
v 0.489812 -2.539642 0.365826
v 0.627190 -2.557120 0.309561
v 0.339701 -2.541078 0.379050
v 0.596723 -2.528114 -0.008643
v 0.368801 -2.513956 0.051640
v 0.478488 -2.464497 0.185029
v 0.630263 -2.581207 0.147814
v 0.338997 -2.580172 0.216883
v 0.601668 -2.496610 0.141892
v 0.488910 -2.580172 0.193174
v 0.359797 -2.467445 0.202596
v 0.629909 -2.542617 0.150459
v 0.336315 -2.527517 0.215345
v 0.126584 1.660728 -0.183534
v 0.179016 1.598488 -0.067114
v 0.126584 1.536246 0.049307
v 0.133535 1.777873 -0.219084
v 0.188847 1.685064 -0.041645
v 0.133535 1.592254 0.135793
v 0.142690 1.971079 -0.196747
v 0.201794 1.887765 -0.012852
v 0.142690 1.804451 0.171043
v 0.140371 2.077738 -0.144047
v 0.198514 2.024424 0.007994
v 0.140371 1.971108 0.160035
v 0.102179 2.131486 -0.083757
v 0.144502 2.112456 0.015399
v 0.102179 2.093425 0.114555
v 0.047059 2.142722 -0.044593
v 0.066551 2.139647 -0.010879
v 0.047059 2.136572 0.022835
v 1.310382 -0.197430 0.406316
v 1.273377 0.036451 0.287811
v 1.320431 -0.263655 0.162920
v 1.264033 -0.050647 0.104817
v 1.365929 -0.189002 0.406316
v 1.331322 0.031086 0.278487
v 1.375977 -0.255227 0.162920
v 1.319816 -0.042455 0.108311
v 1.303891 -0.154013 0.396305
v 1.279253 -0.174170 0.133841
v 1.352910 -0.162993 0.133841
v 1.352040 -0.075009 0.350377
v 1.211733 -0.022879 0.250598
v 1.224501 -0.035738 0.206189
v 1.227681 -0.048774 0.162567
v 1.340021 -0.018261 0.152452
v 1.347430 0.000510 0.192241
v 1.343882 0.023896 0.244901
v 1.361942 -0.140266 0.189882
v 1.368804 -0.117894 0.242700
v 1.365203 -0.094160 0.297445
v 1.238558 -0.133331 0.307022
v 1.269961 -0.132892 0.242700
v 1.254615 -0.156551 0.189882
v 1.323696 -0.309089 0.392957
v 1.319615 -0.294920 0.446749
v 1.375458 -0.297919 0.451723
v 1.379539 -0.312088 0.397931
v 1.314204 -0.390802 0.420671
v 1.308857 -0.379560 0.461057
v 1.347040 -0.395392 0.470432
v 1.352386 -0.406634 0.430046
v 1.305003 -0.440964 0.440876
v 1.301150 -0.432863 0.469978
v 1.328664 -0.444272 0.476734
v 1.332517 -0.452372 0.447632
v 1.322635 -0.236992 0.346097
v 1.324379 -0.234343 0.355617
v 1.309426 -0.216035 0.345476
v 1.368018 -0.227733 0.355595
v 1.366493 -0.230337 0.346097
v 1.378873 -0.204892 0.345256
v 1.320724 -0.257089 0.278356
v 1.320416 -0.255056 0.288421
v 1.311826 -0.229095 0.273449
v 1.373441 -0.247010 0.288421
v 1.373749 -0.249043 0.278356
v 1.380849 -0.218132 0.273253
v 1.319948 -0.260477 0.210099
v 1.319853 -0.259852 0.218453
v 1.310694 -0.231934 0.208672
v 1.375400 -0.251424 0.218453
v 1.375495 -0.252049 0.210099
v 1.371293 -0.221993 0.208319
v 1.308670 -0.346675 0.379361
v 1.362673 -0.354426 0.382838
v 1.363249 -0.370849 0.328000
v 1.309247 -0.363098 0.324524
v 1.267722 -0.408582 0.390142
v 1.302222 -0.438856 0.401683
v 1.309826 -0.447971 0.353023
v 1.275325 -0.417697 0.341482
v 1.228507 -0.435101 0.393307
v 1.238908 -0.475419 0.407114
v 1.243773 -0.488611 0.362751
v 1.233372 -0.448292 0.348944
v 1.297143 -0.328220 0.290766
v 1.337310 -0.352815 0.300046
v 1.339765 -0.365245 0.253404
v 1.299598 -0.340649 0.244124
v 1.260677 -0.363922 0.298044
v 1.284837 -0.394873 0.307493
v 1.287943 -0.403561 0.267617
v 1.263783 -0.372611 0.258169
v 1.226862 -0.387197 0.303179
v 1.229897 -0.421018 0.310510
v 1.234191 -0.426986 0.275840
v 1.231157 -0.393165 0.268508
v 1.323705 -0.345020 0.188647
v 1.288997 -0.314875 0.182367
v 1.295733 -0.302143 0.214893
v 1.330441 -0.332288 0.221173
v 1.263716 -0.365503 0.199546
v 1.250187 -0.329926 0.191508
v 1.254461 -0.322839 0.220338
v 1.267990 -0.358416 0.228375
v 1.211102 -0.363396 0.199032
v 1.213022 -0.325392 0.190959
v 1.214805 -0.320161 0.220429
v 1.212886 -0.358166 0.228502
v 1.308012 -0.178509 0.398211
v 1.308601 -0.237948 0.154566
v 1.369668 -0.229999 0.154966
v 1.363003 -0.164988 0.394532
v 1.158810 -0.173443 0.451138
v 1.210981 -0.189895 0.461676
v 1.213845 -0.208771 0.418140
v 1.161674 -0.192318 0.407602
v 1.144832 -0.236695 0.472128
v 1.186803 -0.250661 0.483225
v 1.188995 -0.265108 0.449902
v 1.147024 -0.251142 0.438806
v 1.184678 -0.090825 0.410143
v 1.242277 -0.123551 0.428088
v 1.235685 -0.146717 0.373090
v 1.188216 -0.114145 0.356354
v 1.229431 -0.019603 0.349459
v 1.290050 -0.096635 0.394596
v 1.225576 -0.128407 0.322055
v 1.191118 -0.058324 0.277105
v 1.212495 -0.199874 0.443266
v 1.160243 -0.182881 0.429370
v 1.187899 -0.257885 0.466564
v 1.145928 -0.243919 0.455467
v 1.244258 -0.136607 0.411791
v 1.186447 -0.102485 0.383249
v 1.274658 -0.127448 0.393190
v 1.198760 -0.027883 0.307720
v 1.331033 -0.083199 0.374984
v 1.293361 -0.131226 0.393692
v 1.289442 0.018399 0.317439
v 1.236942 0.003139 0.284210
v 0.000000 0.111589 -0.261853
v 0.000000 0.562689 -0.301117
v -0.286148 0.114379 -0.167946
v -0.277582 0.562689 -0.219295
v -0.404674 0.184413 0.021460
v -0.392560 0.562689 -0.041799
v -0.286148 0.086051 0.210867
v -0.277582 0.562689 0.175776
v 0.000000 0.016304 0.289322
v 0.000000 0.562689 0.257598
v 0.000000 0.843396 -0.447557
v -0.343887 0.843396 -0.393887
v -0.476522 0.811591 -0.140142
v -0.343887 0.843396 0.142449
v 0.000000 0.843396 0.243678
v 0.000000 1.100834 -0.484459
v -0.316614 1.067053 -0.407891
v -0.368477 1.067053 0.098695
v 0.000000 1.064818 0.179039
v 0.000000 1.312884 -0.390947
v -0.259519 1.299223 -0.334631
v -0.394036 1.346417 -0.171687
v -0.259519 1.296739 -0.011227
v 0.000000 1.230916 0.058751
v 0.000000 1.512147 -0.246837
v -0.141150 1.496986 -0.204150
v -0.199616 1.460383 -0.101095
v -0.141150 1.423780 0.001960
v 0.000000 1.408619 0.044647
v 0.000000 -0.362376 -0.309687
v -0.080214 -0.382420 -0.296330
v -0.077058 -0.391282 0.121447
v 0.000000 -0.402667 0.199902
v -0.182425 -0.209276 -0.308818
v 0.000000 -0.188950 -0.359378
v 0.000000 -0.191766 0.269948
v -0.151927 -0.190276 0.206396
v -0.037357 -0.436167 0.004721
v 0.000000 -0.429785 0.004721
v -0.322202 -0.168903 0.201858
v -0.448454 -0.093719 -0.017169
v -0.377761 -0.157176 -0.227572
v -0.091931 -0.425511 0.121447
v -0.226421 -0.278012 0.206396
v -0.096773 -0.441305 -0.267869
v -0.028330 -0.493459 -0.019874
v -0.257179 -0.337459 -0.240683
v -0.501177 -1.638092 -0.292236
v -0.382695 -1.637151 -0.342811
v -0.439848 -2.327522 -0.318999
v -0.345986 -1.276774 -0.243021
v -0.503579 -2.322856 -0.285579
v -0.444513 -1.274134 -0.193768
v -0.532117 -2.315190 -0.201099
v -0.485324 -1.283352 -0.076056
v -0.508746 -2.307524 -0.115047
v -0.444513 -1.297540 0.041161
v -0.447155 -2.304349 -0.077829
v -0.345985 -1.308385 0.089218
v -0.383424 -2.307524 -0.111249
v -0.247458 -1.309535 0.039966
v -0.354885 -2.315190 -0.195729
v -0.206647 -1.300316 -0.077746
v -0.378257 -2.322856 -0.281782
v -0.247458 -1.286129 -0.194963
v -0.550253 -1.660320 -0.172092
v -0.501177 -1.689323 -0.052758
v -0.382695 -1.708113 -0.004138
v -0.264214 -1.705682 -0.054713
v -0.215137 -1.683454 -0.174857
v -0.264214 -1.654450 -0.294191
v -0.486692 -2.093901 -0.272625
v -0.512358 -2.092107 -0.187782
v -0.486692 -2.093901 -0.102939
v -0.424728 -2.098233 -0.067796
v -0.362764 -2.102565 -0.102939
v -0.337098 -2.104359 -0.187782
v -0.424728 -2.099723 -0.307768
v -0.362764 -2.102565 -0.272625
v -0.272862 -1.366579 -0.216303
v -0.235688 -1.425003 -0.118068
v -0.362608 -1.339031 -0.254490
v -0.272862 -1.478586 -0.017329
v -0.362608 -1.495942 0.026902
v -0.452354 -1.466903 -0.011285
v -0.489527 -1.408479 -0.109520
v -0.452354 -1.354896 -0.210259
v -0.326374 -1.183193 -0.238434
v -0.429341 -1.169958 -0.188305
v -0.471992 -1.154129 -0.065930
v -0.429341 -1.143487 0.057004
v -0.326374 -1.144268 0.108485
v -0.223406 -1.156012 0.058356
v -0.180755 -1.171842 -0.064019
v -0.223406 -1.182483 -0.186953
v -0.337710 -0.865457 -0.288047
v -0.477128 -0.816168 -0.218825
v -0.531148 -0.782161 -0.049842
v -0.468126 -0.781866 0.119914
v -0.324980 -0.815455 0.191003
v -0.185563 -0.863253 0.121781
v -0.131543 -0.897261 -0.047203
v -0.194564 -0.897556 -0.216959
v -0.278881 -0.513617 -0.275368
v -0.441186 -0.452321 -0.205789
v -0.504074 -0.409770 -0.035933
v -0.430706 -0.409401 0.134700
v -0.264061 -0.452919 0.209137
v -0.101757 -0.511235 0.136576
v -0.033901 -0.557512 -0.033280
v -0.112236 -0.554156 -0.203913
v -1.042182 0.510798 -0.253995
v -0.974287 0.434909 -0.291620
v -1.262802 -0.004690 0.099866
v -0.885284 0.553205 -0.364322
v -1.302916 0.021119 0.115628
v -0.959037 0.618415 -0.318726
v -1.319531 0.051028 0.165311
v -0.989586 0.645426 -0.208647
v -1.302916 0.068513 0.225301
v -0.959037 0.618415 -0.098568
v -1.262802 0.060924 0.247202
v -0.885284 0.553205 -0.052972
v -1.222688 0.035115 0.231440
v -0.811532 0.487997 -0.098568
v -1.206073 0.005207 0.181757
v -0.780983 0.460986 -0.208647
v -1.222688 -0.011281 0.127258
v -0.811532 0.487997 -0.318725
v -1.070306 0.548946 -0.150519
v -1.042182 0.527005 -0.041809
v -0.974287 0.457829 0.008456
v -0.906391 0.381941 -0.029169
v -0.878268 0.343793 -0.132644
v -0.906391 0.365734 -0.241355
v -1.211282 0.175190 -0.013895
v -1.229034 0.214464 0.041005
v -1.211282 0.229711 0.103103
v -1.168423 0.211999 0.136024
v -1.125564 0.171703 0.120483
v -1.107811 0.132428 0.065584
v -1.168423 0.134894 -0.029436
v -1.125564 0.117181 0.003485
v -0.624923 0.905299 -0.400977
v -0.712821 0.959976 -0.349010
v -0.749230 0.982624 -0.223550
v -0.712821 0.959976 -0.098090
v -0.624923 0.905299 -0.046123
v -0.537025 0.861353 -0.024349
v -0.500617 0.827974 -0.183782
v -0.511797 0.841787 -0.315343
v -0.800404 0.818525 -0.337422
v -0.831748 0.843389 -0.225585
v -0.649061 0.698472 -0.113749
v -0.617717 0.673608 -0.225585
v -0.724733 0.758498 -0.383746
v -0.800404 0.818525 -0.113749
v -0.649061 0.698472 -0.337422
v -0.724733 0.758498 -0.067425
v -0.933208 0.699676 -0.230243
v -0.736062 0.530034 -0.230243
v -0.904336 0.674832 -0.129495
v -0.764933 0.554878 -0.330990
v -0.834635 0.614855 -0.087764
v -0.904336 0.674832 -0.330990
v -0.764933 0.554878 -0.129495
v -0.834635 0.614855 -0.372721
v -0.847867 0.441165 -0.289089
v -0.818247 0.416096 -0.179535
v -0.919376 0.507893 -0.336474
v -0.847867 0.447373 -0.071985
v -0.919376 0.516673 -0.029442
v -0.990885 0.583401 -0.076827
v -1.020505 0.608470 -0.186382
v -0.990885 0.577193 -0.293931
v -0.683200 1.101388 -0.212473
v -0.604948 1.098208 -0.354140
v -0.604948 1.099450 -0.053667
v -0.597719 1.255364 -0.192453
v -0.552373 1.226303 -0.329316
v -0.552373 1.216367 -0.061799
v -0.490438 1.078160 -0.388404
v -0.452892 1.244879 -0.344472
v -0.495878 1.300891 -0.179183
v -0.490438 1.081264 0.027924
v -0.452892 1.238669 -0.018687
v -0.445468 0.813146 -0.009716
v -0.428451 0.670862 -0.082390
v -0.392286 0.687825 0.030830
v -0.426502 0.808192 -0.245302
v -0.392446 0.686761 -0.168137
v -0.483224 0.948184 0.041578
v -0.469075 0.927451 -0.360985
v -0.449904 -2.581662 -0.349026
v -0.560391 -2.580172 -0.317956
v -0.601263 -2.580172 -0.216101
v -0.592871 -2.580172 -0.108392
v -0.485276 -2.580172 -0.051403
v -0.367321 -2.580172 -0.081586
v -0.333917 -2.580172 -0.184328
v -0.349778 -2.580172 -0.292925
v -0.600218 -2.528549 0.290660
v -0.487239 -2.495663 0.344537
v -0.364260 -2.498535 0.356295
v -0.621830 -2.582242 0.295689
v -0.490813 -2.580172 0.354342
v -0.347182 -2.580172 0.369033
v -0.470851 -2.433331 0.025520
v -0.574117 -2.464672 -0.006875
v -0.602705 -2.580172 -0.000062
v -0.485572 -2.580172 0.032006
v -0.366029 -2.580172 0.064733
v -0.385464 -2.436355 0.048897
v -0.564817 -2.474896 -0.129748
v -0.368025 -2.474896 -0.107925
v -0.544990 -2.486702 -0.334048
v -0.439155 -2.489780 -0.361563
v -0.568025 -2.468380 -0.219734
v -0.342726 -2.468380 -0.193384
v -0.342822 -2.486702 -0.310404
v -0.489812 -2.539642 0.365826
v -0.627190 -2.557120 0.309561
v -0.339701 -2.541078 0.379050
v -0.596723 -2.528114 -0.008643
v -0.368801 -2.513956 0.051640
v -0.478488 -2.464497 0.185029
v -0.630263 -2.581207 0.147814
v -0.338997 -2.580172 0.216883
v -0.601668 -2.496610 0.141892
v -0.488910 -2.580172 0.193174
v -0.359797 -2.467445 0.202596
v -0.629909 -2.542617 0.150459
v -0.336315 -2.527517 0.215345
v 0.000000 1.686510 -0.231758
v -0.126584 1.660728 -0.183534
v -0.179016 1.598488 -0.067114
v -0.126584 1.536246 0.049307
v 0.000000 1.510466 0.097530
v 0.000000 1.816316 -0.292582
v -0.133535 1.777873 -0.219084
v -0.188847 1.685064 -0.041645
v -0.133535 1.592254 0.135793
v 0.000000 1.553812 0.209291
v 0.000000 2.005589 -0.272919
v -0.142690 1.971079 -0.196747
v -0.201794 1.887765 -0.012852
v -0.142690 1.804451 0.171043
v 0.000000 1.769942 0.247215
v 0.000000 2.099822 -0.207024
v -0.140371 2.077738 -0.144047
v -0.198514 2.024424 0.007994
v -0.140371 1.971108 0.160035
v 0.000000 1.949025 0.223013
v 0.000000 2.137300 -0.136213
v -0.102179 2.131486 -0.083757
v -0.144502 2.112456 0.015399
v -0.102179 2.093425 0.114555
v 0.000000 2.085543 0.155627
v 0.000000 2.152381 -0.058558
v -0.047059 2.142722 -0.044593
v -0.066551 2.139647 -0.010879
v -0.047059 2.136572 0.022835
v 0.000000 2.143683 0.036800
v 0.000000 2.148032 -0.010879
v -1.310382 -0.197430 0.406316
v -1.273377 0.036451 0.287811
v -1.320431 -0.263655 0.162920
v -1.264033 -0.050647 0.104817
v -1.365929 -0.189002 0.406316
v -1.331322 0.031086 0.278487
v -1.375977 -0.255227 0.162920
v -1.319816 -0.042455 0.108311
v -1.303891 -0.154013 0.396305
v -1.279253 -0.174170 0.133841
v -1.352910 -0.162993 0.133841
v -1.352040 -0.075009 0.350377
v -1.211733 -0.022879 0.250598
v -1.224501 -0.035738 0.206189
v -1.227681 -0.048774 0.162567
v -1.340021 -0.018261 0.152452
v -1.347430 0.000510 0.192241
v -1.343882 0.023896 0.244901
v -1.361942 -0.140266 0.189882
v -1.368804 -0.117894 0.242700
v -1.365203 -0.094160 0.297445
v -1.238558 -0.133331 0.307022
v -1.269961 -0.132892 0.242700
v -1.254615 -0.156551 0.189882
v -1.323696 -0.309089 0.392957
v -1.319615 -0.294920 0.446749
v -1.375458 -0.297919 0.451723
v -1.379539 -0.312088 0.397931
v -1.314204 -0.390802 0.420671
v -1.308857 -0.379560 0.461057
v -1.347040 -0.395392 0.470432
v -1.352386 -0.406634 0.430046
v -1.305003 -0.440964 0.440876
v -1.301150 -0.432863 0.469978
v -1.328664 -0.444272 0.476734
v -1.332517 -0.452372 0.447632
v -1.322635 -0.236992 0.346097
v -1.324379 -0.234343 0.355617
v -1.309426 -0.216035 0.345476
v -1.368018 -0.227733 0.355595
v -1.366493 -0.230337 0.346097
v -1.378873 -0.204892 0.345256
v -1.320724 -0.257089 0.278356
v -1.320416 -0.255056 0.288421
v -1.311826 -0.229095 0.273449
v -1.373441 -0.247010 0.288421
v -1.373749 -0.249043 0.278356
v -1.380849 -0.218132 0.273253
v -1.319948 -0.260477 0.210099
v -1.319853 -0.259852 0.218453
v -1.310694 -0.231934 0.208672
v -1.375400 -0.251424 0.218453
v -1.375495 -0.252049 0.210099
v -1.371293 -0.221993 0.208319
v -1.308670 -0.346675 0.379361
v -1.362673 -0.354426 0.382838
v -1.363249 -0.370849 0.328000
v -1.309247 -0.363098 0.324524
v -1.267722 -0.408582 0.390142
v -1.302222 -0.438856 0.401683
v -1.309826 -0.447971 0.353023
v -1.275325 -0.417697 0.341482
v -1.228507 -0.435101 0.393307
v -1.238908 -0.475419 0.407114
v -1.243773 -0.488611 0.362751
v -1.233372 -0.448292 0.348944
v -1.297143 -0.328220 0.290766
v -1.337310 -0.352815 0.300046
v -1.339765 -0.365245 0.253404
v -1.299598 -0.340649 0.244124
v -1.260677 -0.363922 0.298044
v -1.284837 -0.394873 0.307493
v -1.287943 -0.403561 0.267617
v -1.263783 -0.372611 0.258169
v -1.226862 -0.387197 0.303179
v -1.229897 -0.421018 0.310510
v -1.234191 -0.426986 0.275840
v -1.231157 -0.393165 0.268508
v -1.323705 -0.345020 0.188647
v -1.288997 -0.314875 0.182367
v -1.295733 -0.302143 0.214893
v -1.330441 -0.332288 0.221173
v -1.263716 -0.365503 0.199546
v -1.250187 -0.329926 0.191508
v -1.254461 -0.322839 0.220338
v -1.267990 -0.358416 0.228375
v -1.211102 -0.363396 0.199032
v -1.213022 -0.325392 0.190959
v -1.214805 -0.320161 0.220429
v -1.212886 -0.358166 0.228502
v -1.308012 -0.178509 0.398211
v -1.308601 -0.237948 0.154566
v -1.369668 -0.229999 0.154966
v -1.363003 -0.164988 0.394532
v -1.158810 -0.173443 0.451138
v -1.210981 -0.189895 0.461676
v -1.213845 -0.208771 0.418140
v -1.161674 -0.192318 0.407602
v -1.144832 -0.236695 0.472128
v -1.186803 -0.250661 0.483225
v -1.188995 -0.265108 0.449902
v -1.147024 -0.251142 0.438806
v -1.184678 -0.090825 0.410143
v -1.242277 -0.123551 0.428088
v -1.235685 -0.146717 0.373090
v -1.188216 -0.114145 0.356354
v -1.229431 -0.019603 0.349459
v -1.290050 -0.096635 0.394596
v -1.225576 -0.128407 0.322055
v -1.191118 -0.058324 0.277105
v -1.212495 -0.199874 0.443266
v -1.160243 -0.182881 0.429370
v -1.187899 -0.257885 0.466564
v -1.145928 -0.243919 0.455467
v -1.244258 -0.136607 0.411791
v -1.186447 -0.102485 0.383249
v -1.274658 -0.127448 0.393190
v -1.198760 -0.027883 0.307720
v -1.331033 -0.083199 0.374984
v -1.293361 -0.131226 0.393692
v -1.289442 0.018399 0.317439
v -1.236942 0.003139 0.284210
vt 1.000000 0.500000
vt 0.875000 1.000000
vt 0.875000 0.500000
vt 0.750000 0.500000
vt 0.625000 1.000000
vt 0.625000 0.500000
vt 0.500000 1.000000
vt 0.500000 0.500000
vt 1.000000 1.000000
vt 0.875000 1.000000
vt 0.686083 1.000000
vt 0.625000 1.000000
vt 0.500000 1.000000
vt 0.750000 1.000000
vt 0.798814 1.000000
vt 0.750000 1.000000
vt 1.000000 1.000000
vt 0.875000 1.000000
vt 0.500000 1.000000
vt 1.000000 1.000000
vt 0.875000 1.000000
vt 0.875000 1.000000
vt 0.625000 1.000000
vt 0.500000 1.000000
vt 0.875000 1.000000
vt 0.875000 1.000000
vt 0.875000 1.000000
vt 1.000000 1.000000
vt 0.625000 1.000000
vt 0.500000 1.000000
vt 0.750000 1.000000
vt 0.750000 1.000000
vt 0.625000 1.000000
vt 0.625000 0.500000
vt 0.500000 0.500000
vt 0.625000 0.500000
vt 1.000000 0.500000
vt 0.875000 0.500000
vt 1.000000 0.500000
vt 0.875000 0.500000
vt 0.500000 0.500000
vt 0.937500 0.500000
vt 0.562500 0.500000
vt 0.625000 0.500000
vt 0.875000 0.500000
vt 0.750000 0.500000
vt 0.875000 0.500000
vt 0.625000 0.500000
vt 0.625000 0.500000
vt 0.625000 0.500000
vt 0.562500 0.500000
vt 0.625000 0.500000
vt 0.000000 0.000000
vt 0.625000 0.637991
vt 0.500000 0.500000
vt 0.625000 0.500000
vt 0.875000 0.637991
vt 0.750000 0.861046
vt 0.750000 0.637991
vt 1.000000 0.948229
vt 0.875000 1.000000
vt 0.875000 0.948229
vt 0.750000 0.500000
vt 0.625000 0.861046
vt 0.750000 1.000000
vt 0.750000 0.948229
vt 0.375000 0.500000
vt 0.250000 0.637990
vt 0.250000 0.500000
vt 0.500000 0.861046
vt 0.500000 0.637991
vt 0.625000 1.000000
vt 0.625000 0.948229
vt 0.125000 0.637991
vt 0.125000 0.500000
vt 0.375000 0.637991
vt 0.500000 1.000000
vt 0.500000 0.948229
vt 0.000000 0.637991
vt 0.000000 0.500000
vt 0.375000 0.861046
vt 0.375000 0.948229
vt 1.000000 0.637991
vt 0.875000 0.500000
vt 1.000000 0.500000
vt 0.250000 0.861046
vt 0.375000 1.000000
vt 0.250000 0.948229
vt 1.000000 1.000000
vt 0.875000 1.000000
vt 0.000000 0.861046
vt 0.125000 1.000000
vt 0.125000 0.948229
vt 0.875000 0.861046
vt 0.000000 1.000000
vt 0.000000 0.948229
vt 0.750000 0.010000
vt 0.919706 0.080294
vt 0.750000 0.010000
vt 0.125000 0.861046
vt 1.000000 0.861046
vt 0.750000 1.000000
vt 0.875000 1.000000
vt 0.750000 1.000000
vt 0.625000 1.000000
vt 0.250000 1.000000
vt 0.125000 1.000000
vt 0.500000 1.000000
vt 0.000000 1.000000
vt 0.375000 1.000000
vt 0.250000 1.000000
vt 0.000000 1.000000
vt 0.125000 1.000000
vt 0.000000 1.000000
vt 0.125000 1.000000
vt 0.375000 1.000000
vt 0.625000 1.000000
vt 1.000000 1.000000
vt 0.250000 1.000000
vt 0.500000 1.000000
vt 0.750000 1.000000
vt 0.875000 1.000000
vt 0.250000 1.000000
vt 0.500000 1.000000
vt 0.375000 1.000000
vt 0.625000 1.000000
vt 1.000000 1.000000
vt 0.625000 0.500000
vt 0.500000 0.635228
vt 0.500000 0.500000
vt 0.875000 0.635228
vt 0.750000 0.913389
vt 0.750000 0.635228
vt 1.000000 0.966825
vt 0.875000 1.000000
vt 0.875000 0.966825
vt 0.750000 0.500000
vt 0.625000 0.635228
vt 0.625000 0.913389
vt 0.750000 1.000000
vt 0.750000 0.966825
vt 0.375000 0.635228
vt 0.250000 0.500000
vt 0.375000 0.500000
vt 0.500000 0.913389
vt 0.625000 1.000000
vt 0.625000 0.966825
vt 0.250000 0.635228
vt 0.125000 0.500000
vt 0.500000 1.000000
vt 0.500000 0.966825
vt 0.125000 0.635228
vt 0.000000 0.500000
vt 0.375000 0.913389
vt 0.375000 0.966825
vt 1.000000 0.500000
vt 0.875000 0.500000
vt 0.250000 0.913389
vt 0.375000 1.000000
vt 0.250000 0.966825
vt 0.875000 1.000000
vt 0.750000 1.000000
vt 0.750000 1.000000
vt 0.125000 0.913390
vt 0.000000 0.635228
vt 0.250000 1.000000
vt 0.125000 0.966825
vt 1.000000 0.913389
vt 1.000000 0.635228
vt 0.125000 1.000000
vt 0.000000 0.966824
vt 0.990000 0.250000
vt 0.919706 0.080294
vt 0.750000 0.010000
vt 0.750000 1.000000
vt 0.750000 1.000000
vt 0.375000 1.000000
vt 0.250000 1.000000
vt 0.250000 1.000000
vt 1.000000 1.000000
vt 0.875000 1.000000
vt 0.625000 1.000000
vt 0.625000 1.000000
vt 0.125000 1.000000
vt 0.125000 1.000000
vt 0.500000 1.000000
vt 0.500000 1.000000
vt 0.000000 1.000000
vt 0.000000 1.000000
vt 0.375000 1.000000
vt 0.500000 1.000000
vt 0.375000 1.000000
vt 0.000000 1.000000
vt 0.625000 1.000000
vt 0.125000 1.000000
vt 0.875000 1.000000
vt 0.250000 1.000000
vt 0.750000 1.000000
vt 1.000000 1.000000
vt 0.000000 1.000000
vt 0.000000 0.913389
vt 0.875000 0.913389
vt 0.625000 1.000000
vt 0.625000 1.000000
vt 0.750000 1.000000
vt 0.875000 1.000000
vt 0.625000 1.000000
vt 0.625000 1.000000
vt 1.000000 1.000000
vt 0.000000 0.000000
vt 0.681420 1.000000
vt 0.750000 1.000000
vt 0.816847 1.000000
vt 0.000000 0.000000
vt 0.500000 0.500000
vt 0.625000 0.500000
vt 0.625000 0.500000
vt 0.875000 0.500000
vt 1.000000 0.500000
vt 1.000000 0.500000
vt 0.750000 0.500000
vt 0.875000 0.500000
vt 0.375000 0.500000
vt 0.250000 0.500000
vt 0.375000 0.500000
vt 0.000000 0.500000
vt 0.125000 0.500000
vt 0.125000 0.500000
vt 0.625000 0.500000
vt 0.750000 0.500000
vt 0.250000 0.500000
vt 0.625000 0.500000
vt 0.500000 0.500000
vt 0.625000 0.500000
vt 0.500000 0.500000
vt 0.375000 0.500000
vt 0.375000 0.500000
vt 0.375000 0.500000
vt 0.375000 0.500000
vt 0.500000 0.500000
vt 0.580294 0.080294
vt 0.580294 0.080294
vt 0.625000 0.500000
vt 0.625000 0.500000
vt 0.625000 0.500000
vt 0.580294 0.080294
vt 0.750000 0.010000
vt 0.580294 0.080294
vt 0.375000 0.500000
vt 0.500000 0.500000
vt 0.375000 0.500000
vt 0.919706 0.080294
vt 0.625000 0.500000
vt 0.625000 0.500000
vt 0.625000 0.500000
vt 0.375000 0.500000
vt 0.375000 0.500000
vt 0.919706 0.080294
vt 0.500000 1.000000
vt 0.625000 1.000000
vt 0.500000 1.000000
vt 0.625000 1.000000
vt 1.000000 1.000000
vt 0.875000 1.000000
vt 0.750000 1.000000
vt 0.750000 1.000000
vt 1.000000 1.000000
vt 0.875000 1.000000
vt 0.500000 1.000000
vt 0.750000 1.000000
vt 0.625000 1.000000
vt 1.000000 1.000000
vt 0.875000 1.000000
vt 0.625000 1.000000
vt 1.000000 1.000000
vt 0.875000 1.000000
vt 0.500000 1.000000
vt 0.750000 1.000000
vt 0.625000 1.000000
vt 1.000000 1.000000
vt 0.875000 1.000000
vt 0.500000 1.000000
vt 0.750000 1.000000
vt 0.500000 1.000000
vt 0.750000 1.000000
vt 0.625000 1.000000
vt 0.875000 1.000000
vt 0.250000 1.000000
vt 0.500000 0.187500
vt 0.625000 0.250000
vt 0.500000 0.250000
vt 0.625000 0.500000
vt 0.500000 0.500000
vt 0.500000 0.687500
vt 0.625000 0.750000
vt 0.500000 0.750000
vt 0.375000 0.750000
vt 0.375000 1.000000
vt 0.375000 0.750000
vt 0.875000 0.750000
vt 0.500000 0.406731
vt 0.395293 1.000000
vt 0.375000 1.000000
vt 0.375000 0.250000
vt 0.409190 0.500000
vt 0.375000 0.500000
vt 0.375000 0.614822
vt 0.375000 0.593181
vt 0.375000 0.593181
vt 0.384530 0.063388
vt 0.375000 0.113046
vt 0.375000 0.075068
vt 0.375000 0.686539
vt 0.125000 0.686539
vt 0.125000 0.686539
vt 0.375000 0.113046
vt 0.375000 0.075068
vt 0.383920 0.625000
vt 0.375000 0.636954
vt 0.385122 0.686616
vt 0.375000 0.674932
vt 0.375000 0.697023
vt 0.562500 0.718269
vt 0.625000 0.125000
vt 0.500000 0.062500
vt 0.500000 1.000000
vt 0.437500 0.937500
vt 0.387416 0.187500
vt 0.375000 0.204215
vt 0.388162 0.562500
vt 0.375000 0.545785
vt 0.500000 0.562500
vt 0.625000 0.562500
vt 0.500000 0.625000
vt 0.625000 0.625000
vt 0.625000 0.062500
vt 0.500000 0.125000
vt 0.625000 0.187500
vt 0.375000 0.686539
vt 0.125000 0.686539
vt 0.375000 0.000000
vt 0.375000 0.052977
vt 0.375000 0.750000
vt 0.375000 1.000000
vt 0.375000 0.750000
vt 0.375000 1.000000
vt 0.375000 0.686539
vt 0.375000 0.063462
vt 0.375000 0.000000
vt 0.375000 0.000000
vt 0.125000 0.686539
vt 0.125000 0.750000
vt 0.375000 0.686539
vt 0.375000 0.063462
vt 0.375000 0.000000
vt 0.125000 0.674932
vt 0.125000 0.686539
vt 0.373201 0.686539
vt 0.375000 0.063462
vt 0.375000 0.135178
vt 0.375934 0.125000
vt 0.383476 0.125000
vt 0.375000 0.613467
vt 0.125000 0.636954
vt 0.375000 0.156819
vt 0.375000 0.187500
vt 0.375000 0.532139
vt 0.125000 0.593181
vt 0.375000 0.204215
vt 0.125000 0.674932
vt 0.375000 0.674932
vt 0.375000 0.674932
vt 0.375000 0.636954
vt 0.125000 0.636954
vt 0.375000 0.636954
vt 0.375000 0.636954
vt 0.125000 0.636954
vt 0.375000 0.113046
vt 0.375000 0.075068
vt 0.125000 0.674932
vt 0.125000 0.636954
vt 0.375000 0.113046
vt 0.375000 0.075068
vt 0.375000 0.674932
vt 0.375000 0.614822
vt 0.375000 0.593181
vt 0.125000 0.614822
vt 0.125000 0.593181
vt 0.375000 0.156819
vt 0.375000 0.135178
vt 0.125000 0.593181
vt 0.125000 0.593181
vt 0.375000 0.156819
vt 0.375000 0.135178
vt 0.125000 0.614822
vt 0.375000 0.614822
vt 0.375000 0.593181
vt 0.125000 0.614822
vt 0.375000 0.156819
vt 0.375000 0.135178
vt 0.375000 0.614822
vt 0.375000 0.500000
vt 0.375000 0.545785
vt 0.375000 0.500000
vt 0.375000 0.250000
vt 0.375000 0.545785
vt 0.125000 0.545785
vt 0.375000 0.250000
vt 0.375000 0.204215
vt 0.375000 0.204215
vt 0.125000 0.545785
vt 0.375000 0.500000
vt 0.125000 0.545785
vt 0.125000 0.500000
vt 0.375000 0.250000
vt 0.375000 0.545785
vt 0.125000 0.545785
vt 0.250000 0.686539
vt 0.375000 0.686539
vt 0.250000 0.686539
vt 0.500000 0.000000
vt 0.410910 0.250000
vt 0.401333 0.750000
vt 0.375000 0.875000
vt 0.375000 1.000000
vt 0.375000 0.875000
vt 0.375000 0.750000
vt 0.375000 0.686539
vt 0.375000 0.000000
vt 0.375000 0.063462
vt 0.375000 0.000000
vt 0.375000 0.750000
vt 0.375000 0.750000
vt 0.375000 0.063462
vt 0.375000 0.000000
vt 0.375000 0.063462
vt 0.125000 0.686539
vt 0.250000 0.686539
vt 0.375000 0.875000
vt 0.375000 0.875000
vt 0.375000 0.686539
vt 0.375000 0.750000
vt 0.375000 0.000000
vt 0.375000 0.063462
vt 0.125000 0.686539
vt 0.250000 0.686538
vt 0.375000 0.686539
vt 0.375000 1.000000
vt 0.375000 1.000000
vt 0.375000 1.000000
vt 0.125000 0.686539
vt 0.125000 0.686539
vt 0.437500 0.875000
vt 0.625000 0.687019
vt 0.437500 0.406250
vt 0.000000 0.000000
vt 0.625000 0.687500
vt 0.875000 1.000000
vt 0.750000 0.500000
vt 0.875000 0.500000
vt 0.625000 1.000000
vt 0.750000 1.000000
vt 0.625000 0.500000
vt 0.875000 1.000000
vt 0.625000 1.000000
vt 0.686083 1.000000
vt 0.798814 1.000000
vt 0.875000 1.000000
vt 0.875000 1.000000
vt 0.875000 1.000000
vt 0.625000 1.000000
vt 0.875000 1.000000
vt 0.875000 1.000000
vt 0.875000 1.000000
vt 0.625000 1.000000
vt 0.625000 1.000000
vt 0.750000 1.000000
vt 0.750000 1.000000
vt 0.625000 0.500000
vt 0.500000 0.500000
vt 0.875000 0.500000
vt 0.875000 0.500000
vt 0.500000 0.500000
vt 0.562500 0.500000
vt 0.625000 0.500000
vt 0.750000 0.500000
vt 0.625000 0.500000
vt 0.625000 0.500000
vt 0.625000 0.500000
vt 0.625000 0.500000
vt 0.625000 0.500000
vt 0.562500 0.500000
vt 0.000000 0.000000
vt 0.875000 0.500000
vt 0.500000 0.500000
vt 0.625000 0.637991
vt 0.625000 0.500000
vt 0.875000 0.637991
vt 0.750000 0.861046
vt 0.875000 0.861046
vt 1.000000 0.948229
vt 0.875000 1.000000
vt 1.000000 1.000000
vt 0.750000 0.637991
vt 0.750000 0.500000
vt 0.625000 0.861046
vt 0.875000 0.948229
vt 0.750000 1.000000
vt 0.375000 0.500000
vt 0.250000 0.637990
vt 0.375000 0.637991
vt 0.500000 0.861046
vt 0.750000 0.948229
vt 0.625000 1.000000
vt 0.250000 0.500000
vt 0.125000 0.637991
vt 0.500000 0.637991
vt 0.625000 0.948229
vt 0.500000 1.000000
vt 0.125000 0.500000
vt 0.000000 0.637991
vt 0.375000 0.861046
vt 0.375000 0.948229
vt 0.500000 0.948229
vt 0.875000 0.500000
vt 1.000000 0.637991
vt 1.000000 0.500000
vt 0.250000 0.861046
vt 0.250000 0.948229
vt 0.375000 1.000000
vt 0.875000 1.000000
vt 0.000000 0.861046
vt 0.125000 0.861046
vt 0.125000 1.000000
vt 0.250000 1.000000
vt 1.000000 0.861046
vt 0.125000 0.948229
vt 0.000000 1.000000
vt 0.750000 0.010000
vt 0.919706 0.080294
vt 0.919706 0.080294
vt 0.750000 1.000000
vt 0.875000 1.000000
vt 0.125000 1.000000
vt 0.625000 1.000000
vt 0.000000 1.000000
vt 0.500000 1.000000
vt 0.250000 1.000000
vt 0.000000 1.000000
vt 0.125000 1.000000
vt 0.125000 1.000000
vt 0.375000 1.000000
vt 0.375000 1.000000
vt 0.750000 1.000000
vt 1.000000 1.000000
vt 1.000000 1.000000
vt 0.250000 1.000000
vt 0.500000 1.000000
vt 0.750000 1.000000
vt 0.250000 1.000000
vt 0.500000 1.000000
vt 0.625000 1.000000
vt 0.875000 1.000000
vt 0.375000 1.000000
vt 1.000000 1.000000
vt 0.625000 1.000000
vt 0.000000 1.000000
vt 0.625000 0.500000
vt 0.500000 0.635228
vt 0.625000 0.635228
vt 0.875000 0.635228
vt 0.750000 0.913389
vt 0.875000 0.913389
vt 1.000000 0.966825
vt 0.875000 1.000000
vt 1.000000 1.000000
vt 0.750000 0.500000
vt 0.750000 0.635228
vt 0.625000 0.913389
vt 0.875000 0.966825
vt 0.750000 1.000000
vt 0.250000 0.500000
vt 0.375000 0.635228
vt 0.375000 0.500000
vt 0.500000 0.913389
vt 0.750000 0.966825
vt 0.625000 1.000000
vt 0.125000 0.500000
vt 0.250000 0.635228
vt 0.625000 0.966825
vt 0.500000 1.000000
vt 0.000000 0.500000
vt 0.125000 0.635228
vt 0.375000 0.913389
vt 0.375000 0.966825
vt 0.500000 0.966825
vt 1.000000 0.500000
vt 1.000000 0.635228
vt 0.250000 0.913389
vt 0.250000 0.966825
vt 0.375000 1.000000
vt 0.750000 1.000000
vt 0.875000 1.000000
vt 0.750000 1.000000
vt 0.000000 0.635228
vt 0.125000 0.913390
vt 0.125000 0.966825
vt 0.250000 1.000000
vt 0.500000 0.500000
vt 1.000000 0.913389
vt 0.000000 0.966824
vt 0.125000 1.000000
vt 0.510000 0.250000
vt 0.580294 0.080294
vt 0.750000 0.010000
vt 0.875000 0.500000
vt 0.750000 1.000000
vt 0.875000 1.000000
vt 0.250000 1.000000
vt 0.375000 1.000000
vt 0.250000 1.000000
vt 0.875000 1.000000
vt 1.000000 1.000000
vt 0.625000 1.000000
vt 0.125000 1.000000
vt 0.125000 1.000000
vt 0.500000 1.000000
vt 0.625000 1.000000
vt 0.000000 1.000000
vt 0.000000 1.000000
vt 0.500000 1.000000
vt 0.500000 1.000000
vt 0.375000 1.000000
vt 0.000000 1.000000
vt 0.125000 1.000000
vt 0.625000 1.000000
vt 0.250000 1.000000
vt 0.750000 1.000000
vt 0.875000 1.000000
vt 1.000000 1.000000
vt 0.000000 1.000000
vt 0.000000 0.913389
vt 0.625000 1.000000
vt 0.750000 1.000000
vt 0.750000 1.000000
vt 0.625000 1.000000
vt 0.625000 1.000000
vt 0.625000 1.000000
vt 1.000000 1.000000
vt 0.000000 0.000000
vt 0.681420 1.000000
vt 0.750000 1.000000
vt 0.750000 1.000000
vt 0.375000 1.000000
vt 0.816847 1.000000
vt 0.000000 0.000000
vt 0.625000 0.500000
vt 0.500000 0.500000
vt 0.625000 0.500000
vt 1.000000 0.500000
vt 0.875000 0.500000
vt 1.000000 0.500000
vt 0.875000 0.500000
vt 0.750000 0.500000
vt 0.375000 0.500000
vt 0.250000 0.500000
vt 0.250000 0.500000
vt 0.125000 0.500000
vt 0.000000 0.500000
vt 0.125000 0.500000
vt 0.750000 0.500000
vt 0.625000 0.500000
vt 0.625000 0.500000
vt 0.500000 0.500000
vt 0.500000 0.500000
vt 0.375000 0.500000
vt 0.375000 0.500000
vt 0.375000 0.500000
vt 0.375000 0.500000
vt 0.500000 0.500000
vt 0.375000 0.500000
vt 0.580294 0.080294
vt 0.750000 0.010000
vt 0.625000 0.500000
vt 0.625000 0.500000
vt 0.750000 0.010000
vt 0.375000 0.500000
vt 0.375000 0.500000
vt 0.375000 0.500000
vt 0.500000 0.500000
vt 0.919706 0.080294
vt 0.919706 0.080294
vt 0.625000 0.500000
vt 0.625000 0.500000
vt 0.625000 0.500000
vt 0.625000 0.500000
vt 0.375000 0.500000
vt 0.000000 0.500000
vt 0.625000 0.500000
vt 0.580294 0.080294
vt 0.375000 0.500000
vt 0.625000 1.000000
vt 0.625000 1.000000
vt 0.875000 1.000000
vt 0.750000 1.000000
vt 0.750000 1.000000
vt 0.875000 1.000000
vt 0.750000 1.000000
vt 0.625000 1.000000
vt 0.875000 1.000000
vt 0.625000 1.000000
vt 1.000000 1.000000
vt 0.750000 1.000000
vt 0.625000 1.000000
vt 0.875000 1.000000
vt 0.750000 1.000000
vt 0.750000 1.000000
vt 0.875000 1.000000
vt 0.625000 1.000000
vt 0.875000 1.000000
vt 0.000000 1.000000
vt 0.500000 0.187500
vt 0.625000 0.250000
vt 0.625000 0.187500
vt 0.500000 0.250000
vt 0.625000 0.500000
vt 0.500000 0.687500
vt 0.625000 0.750000
vt 0.625000 0.687500
vt 0.375000 0.750000
vt 0.375000 1.000000
vt 0.375000 1.000000
vt 0.500000 0.406731
vt 0.875000 0.750000
vt 0.395293 1.000000
vt 0.401333 0.750000
vt 0.375000 0.250000
vt 0.409190 0.500000
vt 0.410910 0.250000
vt 0.375000 0.593181
vt 0.375000 0.614822
vt 0.375000 0.593181
vt 0.375000 0.113046
vt 0.384530 0.063388
vt 0.375000 0.075068
vt 0.125000 0.686539
vt 0.375000 0.686539
vt 0.125000 0.686539
vt 0.375000 0.113046
vt 0.383920 0.625000
vt 0.388162 0.562500
vt 0.375000 0.636954
vt 0.385122 0.686616
vt 0.375000 0.697023
vt 0.562500 0.718269
vt 0.625000 0.125000
vt 0.500000 0.062500
vt 0.437500 0.937500
vt 0.500000 1.000000
vt 0.387416 0.187500
vt 0.375000 0.204215
vt 0.375000 0.500000
vt 0.500000 0.562500
vt 0.500000 0.500000
vt 0.500000 0.625000
vt 0.625000 0.562500
vt 0.625000 0.625000
vt 0.500000 0.125000
vt 0.625000 0.062500
vt 0.125000 0.686539
vt 0.375000 0.686539
vt 0.375000 0.000000
vt 0.395293 0.000000
vt 0.375000 0.750000
vt 0.375000 0.750000
vt 0.375000 1.000000
vt 0.375000 1.000000
vt 0.375000 0.686539
vt 0.375000 0.000000
vt 0.375000 0.063462
vt 0.375000 0.000000
vt 0.125000 0.686539
vt 0.375000 0.750000
vt 0.375000 0.686539
vt 0.375000 0.063462
vt 0.375000 0.063462
vt 0.125000 0.674932
vt 0.125000 0.686539
vt 0.373201 0.686539
vt 0.375000 0.674932
vt 0.375000 0.063462
vt 0.375000 0.135178
vt 0.383476 0.125000
vt 0.375934 0.125000
vt 0.375000 0.613467
vt 0.125000 0.636954
vt 0.375000 0.156819
vt 0.375000 0.187500
vt 0.375000 0.532139
vt 0.375000 0.545785
vt 0.125000 0.593181
vt 0.375000 0.204215
vt 0.375000 0.674932
vt 0.125000 0.674932
vt 0.375000 0.674932
vt 0.375000 0.636954
vt 0.375000 0.636954
vt 0.375000 0.636954
vt 0.125000 0.636954
vt 0.375000 0.075068
vt 0.375000 0.113046
vt 0.125000 0.674932
vt 0.125000 0.636954
vt 0.125000 0.636954
vt 0.375000 0.075068
vt 0.375000 0.113046
vt 0.125000 0.674932
vt 0.375000 0.593181
vt 0.375000 0.614822
vt 0.125000 0.614822
vt 0.375000 0.156819
vt 0.125000 0.593181
vt 0.125000 0.593181
vt 0.125000 0.593181
vt 0.375000 0.135178
vt 0.375000 0.156819
vt 0.375000 0.614822
vt 0.125000 0.614822
vt 0.125000 0.614822
vt 0.375000 0.593181
vt 0.375000 0.135178
vt 0.375000 0.156819
vt 0.125000 0.614822
vt 0.375000 0.500000
vt 0.375000 0.545785
vt 0.375000 0.545785
vt 0.125000 0.545785
vt 0.375000 0.204215
vt 0.375000 0.250000
vt 0.375000 0.204215
vt 0.125000 0.545785
vt 0.375000 0.250000
vt 0.375000 0.500000
vt 0.125000 0.545785
vt 0.375000 0.500000
vt 0.125000 0.500000
vt 0.375000 0.545785
vt 0.125000 0.545785
vt 0.250000 0.686539
vt 0.375000 0.686539
vt 0.375000 0.686539
vt 0.500000 0.000000
vt 0.375000 0.875000
vt 0.375000 1.000000
vt 0.375000 1.000000
vt 0.375000 0.750000
vt 0.375000 0.000000
vt 0.375000 0.063462
vt 0.375000 0.063462
vt 0.250000 0.686539
vt 0.375000 0.750000
vt 0.375000 0.750000
vt 0.375000 0.000000
vt 0.125000 0.686539
vt 0.125000 0.686539
vt 0.375000 0.875000
vt 0.375000 0.875000
vt 0.375000 0.750000
vt 0.375000 0.686539
vt 0.375000 0.063462
vt 0.375000 0.000000
vt 0.250000 0.686539
vt 0.125000 0.686539
vt 0.250000 0.686538
vt 0.375000 1.000000
vt 0.125000 0.686539
vt 0.375000 0.875000
vt 0.375000 1.000000
vt 0.437500 0.875000
vt 0.375000 0.063462
vt 0.625000 0.687019
vt 0.375000 0.686539
vt 0.437500 0.406250
vt 0.500000 0.750000
vt 0.000000 0.000000
vt 0.510000 0.250000
vt 0.750000 0.490000
vt 0.919706 0.419706
vt 0.990000 0.250000
vt 0.750000 0.490000
vt 0.580294 0.419706
vt 0.919706 0.419706
vt 0.580294 0.419706
vt 1.000000 0.500000
vt 1.000000 1.000000
vt 1.000000 1.000000
vt 0.000000 0.500000
vt 0.375000 0.500000
vt 1.000000 1.000000
vt 0.395293 0.000000
vt 0.375000 0.063462
vt 0.125000 0.674932
vt 0.125000 0.614822
vt 0.000000 0.948229
vt 0.000000 0.500000
vt 0.580294 0.080294
vt 0.375000 0.052977
vt 0.125000 0.750000
vt 0.375000 0.000000
vt 0.375000 0.674932
vt 0.375000 0.075068
vt 0.375000 0.614822
vt 0.375000 0.135178
vt 0.375000 0.250000
vt 0.375000 0.000000
vn 0.3005 -0.0954 -0.9490
vn 0.2927 -0.0903 -0.9519
vn 0.3111 -0.1023 -0.9449
vn 0.8435 -0.0566 -0.5342
vn 0.8497 -0.0487 -0.5251
vn 0.8540 -0.0431 -0.5185
vn 0.8475 0.0701 0.5262
vn 0.8652 0.0894 0.4933
vn 0.8332 0.0555 0.5502
vn 0.2606 0.0620 0.9635
vn 0.2712 0.0687 0.9601
vn 0.2513 0.0561 0.9663
vn 0.1859 -0.5061 -0.8422
vn 0.1842 -0.5045 -0.8435
vn 0.2356 -0.5528 -0.7993
vn 0.8199 -0.1427 0.5544
vn 0.8190 -0.1438 0.5555
vn 0.8294 -0.1315 0.5429
vn 0.2822 0.0473 0.9582
vn 0.2824 0.0475 0.9581
vn 0.7609 -0.4626 -0.4550
vn 0.7603 -0.4631 -0.4555
vn 0.8047 -0.4232 -0.4164
vn 0.1943 -0.1020 -0.9756
vn 0.1802 -0.0812 -0.9803
vn 0.1541 -0.0430 -0.9871
vn 0.2311 0.2016 0.9518
vn 0.2500 0.2330 0.9398
vn 0.2719 0.2697 0.9238
vn 0.2315 0.5997 -0.7660
vn 0.2460 0.5909 -0.7683
vn 0.1975 0.6195 -0.7598
vn 0.1386 0.5174 0.8444
vn 0.1495 0.5383 0.8294
vn 0.1705 0.5780 0.7981
vn 0.2179 0.2816 -0.9345
vn 0.2096 0.2854 -0.9352
vn 0.2310 0.2756 -0.9331
vn 0.2339 0.3723 -0.8981
vn 0.2394 0.3660 -0.8993
vn 0.2553 0.3475 -0.9023
vn 0.2558 0.0960 0.9619
vn 0.2495 0.1010 0.9631
vn 0.2812 0.0759 0.9567
vn 0.4697 0.7783 -0.4166
vn 0.5975 0.7234 -0.3460
vn 0.3031 0.8189 -0.4874
vn 0.5821 0.5446 0.6038
vn 0.5957 0.5431 0.5918
vn 0.6377 0.5368 0.5524
vn 0.4685 -0.3598 0.8069
vn 0.5615 -0.4234 0.7110
vn 0.6572 -0.4877 0.5747
vn 0.1998 -0.2277 -0.9530
vn 0.1665 -0.2424 -0.9558
vn 0.0909 -0.2743 -0.9573
vn 0.2918 0.2989 -0.9086
vn 0.2898 0.2979 -0.9096
vn 0.2856 0.2958 -0.9116
vn 0.3301 -0.1324 0.9346
vn 0.3368 -0.1268 0.9330
vn 0.2970 -0.1595 0.9415
vn 0.2236 -0.9599 0.1690
vn -0.0026 -0.9492 0.3148
vn -0.1543 -0.9035 0.3999
vn -0.2021 -0.9578 -0.2045
vn -0.1717 -0.9651 -0.1976
vn -0.2050 -0.9570 -0.2052
vn 0.8201 0.2766 -0.5010
vn 0.8275 0.3030 -0.4726
vn 0.8411 0.3703 -0.3943
vn 0.8399 0.0769 0.5372
vn 0.8405 0.0790 0.5360
vn 0.8334 0.0548 0.5500
vn -0.3718 -0.1911 0.9084
vn -0.3225 -0.2578 0.9108
vn -0.3150 -0.2675 0.9106
vn 0.0273 -0.0053 0.9996
vn 0.0285 -0.0146 0.9995
vn 0.0305 -0.0310 0.9991
vn -0.9644 0.1562 -0.2132
vn -0.9350 -0.2939 -0.1983
vn -0.9476 0.2399 -0.2111
vn -0.9002 -0.0800 0.4282
vn -0.8517 -0.3051 0.4261
vn -0.8316 -0.3613 0.4218
vn 0.3525 -0.2835 -0.8919
vn 0.3552 -0.3038 -0.8840
vn 0.3508 -0.2717 -0.8961
vn 0.3823 0.0076 -0.9240
vn 0.3498 0.1343 -0.9271
vn 0.4240 -0.2197 -0.8786
vn 0.4978 0.0099 0.8672
vn 0.5126 0.0061 0.8586
vn 0.5174 0.0049 0.8558
vn 0.9497 -0.0684 -0.3056
vn 0.9262 -0.0491 -0.3737
vn 0.9550 -0.0734 -0.2874
vn 0.4396 0.2518 -0.8621
vn 0.4486 0.2395 -0.8611
vn 0.4623 0.2203 -0.8589
vn 0.9562 0.0791 0.2818
vn 0.9619 0.0729 0.2636
vn 0.9642 0.0701 0.2556
vn 0.9505 -0.0747 0.3016
vn 0.9322 -0.0915 0.3502
vn 0.9552 -0.0699 0.2875
vn 0.9440 0.1322 -0.3024
vn 0.9452 0.1278 -0.3004
vn 0.9501 0.1100 -0.2921
vn -0.9435 -0.0956 0.3173
vn -0.9485 -0.1035 0.2993
vn -0.9409 -0.0917 0.3262
vn 0.4764 -0.0954 0.8741
vn 0.4054 -0.1227 0.9059
vn 0.4961 -0.0875 0.8639
vn 0.9447 -0.0557 0.3233
vn 0.9447 -0.0555 0.3231
vn 0.9444 -0.0565 0.3238
vn -0.9624 -0.0601 -0.2648
vn -0.9571 -0.0665 -0.2819
vn -0.9647 -0.0572 -0.2569
vn -0.3973 -0.2040 0.8947
vn -0.4580 -0.1941 0.8675
vn -0.4741 -0.1913 0.8595
vn 0.4461 -0.2462 0.8604
vn 0.4464 -0.2459 0.8604
vn 0.4459 -0.2464 0.8605
vn -0.5125 0.0067 -0.8587
vn -0.4980 0.0027 -0.8672
vn -0.5167 0.0079 -0.8561
vn -0.9091 -0.2716 0.3158
vn -0.9191 -0.2652 0.2912
vn -0.9218 -0.2635 0.2844
vn -0.4333 -0.3371 0.8358
vn -0.4518 -0.3258 0.8305
vn -0.4679 -0.3157 0.8255
vn 0.4805 0.0830 -0.8731
vn 0.4640 0.0762 -0.8826
vn 0.4589 0.0741 -0.8854
vn -0.8895 -0.2199 -0.4006
vn -0.9173 -0.2509 -0.3093
vn -0.9230 -0.2587 -0.2847
vn -0.9270 -0.2665 0.2638
vn -0.9334 -0.2531 0.2545
vn -0.9473 -0.2210 0.2320
vn 0.4304 0.1222 -0.8943
vn 0.4321 0.1206 -0.8937
vn 0.4420 0.1110 -0.8901
vn -0.4667 -0.1123 -0.8773
vn -0.3743 -0.1226 -0.9192
vn -0.4865 -0.1099 -0.8667
vn -0.9170 -0.1310 -0.3769
vn -0.9136 -0.1350 -0.3836
vn -0.8860 -0.1648 -0.4333
vn -0.4811 -0.0862 0.8724
vn -0.4647 -0.0911 0.8807
vn -0.4588 -0.0929 0.8837
vn 0.4789 -0.0498 -0.8764
vn 0.4025 -0.0359 -0.9147
vn 0.4964 -0.0531 -0.8665
vn -0.4308 0.0835 -0.8986
vn -0.4226 0.0754 -0.9032
vn -0.4062 0.0595 -0.9118
vn -0.0026 -1.0000 0.0037
vn -0.0129 -0.9999 -0.0035
vn -0.0130 -0.9999 -0.0018
vn 0.9493 0.0984 -0.2986
vn 0.9438 0.0910 -0.3178
vn 0.9413 0.0879 -0.3260
vn -0.4300 0.2333 -0.8722
vn -0.4073 0.2459 -0.8796
vn -0.3986 0.2507 -0.8822
vn -0.9442 0.1186 -0.3074
vn -0.9331 0.1387 -0.3318
vn -0.9267 0.1494 -0.3448
vn -0.9354 -0.0083 0.3535
vn -0.9307 -0.0187 0.3654
vn -0.9271 -0.0262 0.3739
vn -0.4371 -0.1406 0.8883
vn -0.4096 -0.1575 0.8986
vn -0.3899 -0.1693 0.9052
vn 0.3970 -0.0917 0.9132
vn 0.4053 -0.0846 0.9103
vn 0.3910 -0.0969 0.9153
vn 0.9060 0.1215 0.4055
vn 0.9049 0.1181 0.4088
vn 0.9068 0.1239 0.4030
vn 0.9152 0.2784 -0.2915
vn 0.9367 0.2458 -0.2492
vn 0.9023 0.2956 -0.3139
vn 0.3936 0.3094 -0.8656
vn 0.4430 0.2892 -0.8486
vn 0.3745 0.3168 -0.8714
vn 0.9425 -0.1495 -0.2989
vn 0.9486 -0.1423 -0.2826
vn 0.9510 -0.1393 -0.2760
vn 0.9420 0.0653 0.3292
vn 0.9424 0.0645 0.3282
vn 0.9447 0.0599 0.3226
vn -0.9301 -0.1696 -0.3258
vn -0.9293 -0.1711 -0.3273
vn -0.9205 -0.1871 -0.3431
vn 0.4441 -0.0497 0.8946
vn 0.4452 -0.0504 0.8940
vn 0.4469 -0.0514 0.8931
vn -0.4414 -0.0401 -0.8964
vn -0.4405 -0.0410 -0.8968
vn -0.4343 -0.0469 -0.8995
vn -0.4307 -0.1624 0.8878
vn -0.4251 -0.1659 0.8898
vn -0.4153 -0.1721 0.8933
vn 0.9346 0.1360 -0.3287
vn 0.9349 0.1376 -0.3272
vn 0.9321 0.1229 -0.3408
vn -0.9240 -0.2027 0.3243
vn -0.9235 -0.2001 0.3274
vn -0.9270 -0.2193 0.3042
vn -0.4180 -0.0577 -0.9066
vn -0.3995 -0.0419 -0.9158
vn -0.3874 -0.0316 -0.9214
vn -0.9361 -0.1342 -0.3252
vn -0.9314 -0.1404 -0.3359
vn -0.9403 -0.1284 -0.3151
vn -0.3929 -0.2389 0.8880
vn -0.3760 -0.2309 0.8974
vn -0.4020 -0.2432 0.8827
vn 0.9272 -0.1613 0.3381
vn 0.9260 -0.1597 0.3421
vn 0.9255 -0.1591 0.3438
vn 0.4568 -0.1498 -0.8769
vn 0.4736 -0.1422 -0.8692
vn 0.4795 -0.1395 -0.8664
vn -0.4359 -0.1342 -0.8899
vn -0.4240 -0.1283 -0.8965
vn -0.4185 -0.1255 -0.8995
vn -0.9211 -0.1879 0.3410
vn -0.9223 -0.1902 0.3365
vn -0.9201 -0.1860 0.3447
vn 0.4478 -0.2124 0.8686
vn 0.4664 -0.2033 0.8609
vn 0.4378 -0.2171 0.8724
vn 0.9128 0.1774 -0.3678
vn 0.9118 0.1735 -0.3723
vn 0.9101 0.1676 -0.3790
vn -0.8946 -0.2591 0.3641
vn -0.8872 -0.2403 0.3939
vn -0.8992 -0.2725 0.3423
vn 0.4298 0.0218 0.9027
vn 0.4153 0.0109 0.9096
vn 0.4392 0.0289 0.8979
vn 0.9375 0.0979 -0.3338
vn 0.9317 0.0875 -0.3525
vn 0.9279 0.0811 -0.3639
vn -0.9071 -0.2161 -0.3613
vn -0.8925 -0.2280 -0.3892
vn -0.9173 -0.2070 -0.3402
vn -0.3947 -0.1268 0.9100
vn -0.3809 -0.1153 0.9174
vn -0.4034 -0.1341 0.9051
vn 0.9306 0.0613 0.3609
vn 0.9220 0.0704 0.3807
vn 0.9161 0.0764 0.3937
vn 0.4013 0.0926 -0.9113
vn 0.3818 0.0780 -0.9210
vn 0.3707 0.0698 -0.9261
vn 0.8541 0.1857 0.4858
vn 0.8728 0.1709 0.4572
vn 0.9101 0.1370 0.3910
vn 0.2913 -0.0677 0.9542
vn 0.3248 -0.0110 0.9457
vn 0.2315 -0.1634 0.9590
vn -0.4503 0.0271 0.8924
vn -0.4579 -0.0335 0.8884
vn -0.4631 -0.0858 0.8822
vn -0.9031 -0.1308 0.4090
vn -0.9062 -0.0588 0.4186
vn -0.9061 -0.0294 0.4219
vn -0.9172 -0.0941 -0.3871
vn -0.9089 -0.2546 -0.3304
vn -0.9088 0.0082 -0.4171
vn -0.1187 -0.1981 -0.9730
vn -0.0745 -0.0845 -0.9936
vn -0.2342 -0.5034 -0.8317
vn 0.2232 0.0621 -0.9728
vn 0.2457 0.1008 -0.9641
vn 0.3128 0.2204 -0.9239
vn 0.2538 0.6712 0.6964
vn 0.2556 0.6720 0.6950
vn 0.2534 0.6711 0.6967
vn 0.8944 0.1892 -0.4053
vn 0.9143 0.2206 -0.3398
vn 0.8897 0.1827 -0.4184
vn 0.5624 -0.0792 -0.8231
vn 0.5617 -0.0692 -0.8244
vn 0.5605 -0.0690 -0.8253
vn 0.8396 0.5370 0.0815
vn 0.8350 0.5409 0.1007
vn 0.8407 0.5360 0.0766
vn 0.8327 0.5353 0.1417
vn 0.7841 0.5466 0.2940
vn 0.8401 0.5313 0.1097
vn 0.8270 0.4450 -0.3435
vn 0.8166 0.4568 -0.3530
vn 0.8110 0.4628 -0.3579
vn -0.8571 -0.2483 0.4514
vn -0.8600 -0.2527 0.4433
vn -0.8609 -0.2540 0.4408
vn 0.2750 0.5980 0.7528
vn 0.1483 0.5065 0.8494
vn 0.3033 0.6165 0.7266
vn 0.6032 0.7213 0.3405
vn 0.5930 0.7335 0.3320
vn 0.5884 0.7390 0.3282
vn -0.7672 -0.6386 -0.0590
vn -0.7704 -0.6358 -0.0465
vn -0.7713 -0.6350 -0.0430
vn -0.5180 0.0602 0.8532
vn -0.4532 0.1069 0.8850
vn -0.4355 0.1191 0.8923
vn 0.0371 0.5536 0.8320
vn 0.0286 0.5561 0.8306
vn 0.0289 0.5570 0.8300
vn -0.2061 -0.7392 -0.6412
vn -0.2593 -0.7616 -0.5939
vn -0.2716 -0.7663 -0.5822
vn -0.7802 -0.4755 0.4064
vn -0.7546 -0.4166 0.5070
vn -0.7471 -0.4021 0.5293
vn -0.5438 0.0417 0.8382
vn -0.5457 0.0545 0.8362
vn -0.5424 0.0419 0.8391
vn 0.5333 -0.3378 -0.7756
vn 0.5648 -0.3194 -0.7609
vn 0.5260 -0.3419 -0.7788
vn -0.5626 -0.7795 -0.2754
vn -0.6589 -0.7504 -0.0523
vn -0.6724 -0.7401 -0.0105
vn -0.8059 -0.4743 0.3543
vn -0.8146 -0.4656 0.3459
vn -0.8000 -0.4800 0.3599
vn 0.8119 0.4818 -0.3295
vn 0.8132 0.4810 -0.3276
vn 0.8086 0.4841 -0.3343
vn 0.0530 -0.6420 -0.7649
vn -0.1345 -0.7487 -0.6492
vn -0.1656 -0.7623 -0.6257
vn -0.6140 -0.7150 -0.3343
vn -0.6194 -0.7073 -0.3407
vn -0.6101 -0.7204 -0.3298
vn -0.5340 0.2686 0.8017
vn -0.5099 0.2820 0.8127
vn -0.5039 0.2852 0.8153
vn 0.6344 -0.2151 -0.7425
vn 0.5764 -0.2907 -0.7637
vn 0.5647 -0.3048 -0.7669
vn -0.0357 -0.5504 -0.8341
vn -0.0435 -0.5489 -0.8347
vn -0.0363 -0.5511 -0.8336
vn 0.0003 -1.0000 0.0026
vn 0.0000 -1.0000 0.0000
vn -0.0000 -1.0000 -0.0003
vn 0.8933 0.1828 -0.4106
vn 0.8915 0.1803 -0.4155
vn 0.8937 0.1835 -0.4094
vn 0.7942 0.4515 -0.4066
vn 0.7942 0.4529 -0.4051
vn 0.7926 0.4876 -0.3661
vn -0.7040 -0.6339 0.3201
vn -0.7038 -0.6395 0.3092
vn -0.7042 -0.6253 0.3364
vn 0.4105 0.1784 -0.8942
vn 0.4130 0.1784 -0.8931
vn 0.4068 0.1785 -0.8959
vn 0.8162 0.4748 0.3293
vn 0.8174 0.4740 0.3274
vn 0.8202 0.4721 0.3232
vn -0.7467 -0.6108 -0.2632
vn -0.7770 -0.5966 -0.2008
vn -0.7054 -0.6238 -0.3364
vn 0.4221 0.1607 0.8922
vn 0.4240 0.1607 0.8913
vn 0.4263 0.1607 0.8902
vn -0.3730 -0.3120 -0.8738
vn -0.4093 -0.3113 -0.8577
vn -0.3036 -0.3121 -0.9003
vn -0.0828 -0.3184 0.9443
vn 0.1800 -0.2867 0.9410
vn 0.3503 -0.2539 0.9016
vn -0.2734 -0.3254 0.9052
vn -0.2765 -0.3335 0.9013
vn -0.2705 -0.3179 0.9087
vn -0.3037 -0.2909 -0.9073
vn -0.3064 -0.2985 -0.9039
vn -0.3090 -0.3055 -0.9007
vn 0.3946 0.1783 0.9014
vn 0.3966 0.1842 0.8993
vn 0.3925 0.1724 0.9034
vn -0.7267 -0.5926 -0.3475
vn -0.7261 -0.5963 -0.3424
vn -0.7253 -0.6004 -0.3368
vn 0.7739 0.5305 0.3459
vn 0.7767 0.5292 0.3415
vn 0.7803 0.5275 0.3360
vn 0.3662 0.2151 -0.9053
vn 0.3684 0.2215 -0.9029
vn 0.3706 0.2277 -0.9004
vn -0.7156 -0.6059 0.3476
vn -0.7150 -0.6095 0.3423
vn -0.7161 -0.6018 0.3536
vn 0.7652 0.5427 -0.3463
vn 0.7647 0.5461 -0.3420
vn 0.7641 0.5504 -0.3365
vn 0.7116 0.6085 -0.3511
vn 0.7133 0.6075 -0.3497
vn 0.7159 0.6057 -0.3473
vn -0.8349 -0.4312 0.3422
vn -0.8360 -0.4301 0.3407
vn -0.8323 -0.4335 0.3454
vn 0.3854 0.1872 -0.9035
vn 0.3877 0.1866 -0.9027
vn 0.3930 0.1853 -0.9007
vn 0.5762 0.7408 0.3453
vn 0.5754 0.7420 0.3441
vn 0.5741 0.7440 0.3419
vn -0.7347 -0.5807 -0.3507
vn -0.7340 -0.5823 -0.3494
vn -0.7359 -0.5775 -0.3533
vn 0.0587 0.5247 0.8492
vn 0.0587 0.5252 0.8489
vn 0.0586 0.5267 0.8480
vn -0.2556 -0.3380 -0.9058
vn -0.2554 -0.3396 -0.9052
vn -0.2559 -0.3338 -0.9072
vn -0.5352 0.0256 0.8444
vn -0.5369 0.0260 0.8432
vn -0.5287 0.0240 0.8485
vn -0.0440 -0.5525 -0.8323
vn -0.0442 -0.5585 -0.8283
vn -0.6286 -0.7096 -0.3182
vn -0.6291 -0.7085 -0.3198
vn -0.6251 -0.7178 -0.3066
vn -0.8083 -0.4556 0.3729
vn -0.8103 -0.4545 0.3700
vn -0.7986 -0.4610 0.3870
vn -0.5401 0.0538 0.8399
vn -0.5284 0.0526 0.8474
vn 0.0367 0.5570 0.8297
vn 0.0356 0.5644 0.8247
vn 0.6113 0.7236 0.3206
vn 0.6082 0.7288 0.3147
vn 0.6027 0.7375 0.3048
vn 0.8223 0.4358 -0.3659
vn 0.8183 0.4387 -0.3714
vn 0.8088 0.4453 -0.3840
vn 0.5576 -0.0785 -0.8264
vn 0.5481 -0.0775 -0.8328
vn 0.8211 0.4003 0.4069
vn 0.8210 0.4004 0.4070
vn 0.8232 0.3983 0.4046
vn 0.3071 0.8933 -0.3283
vn 0.2700 0.8989 -0.3450
vn 0.2243 0.9037 -0.3646
vn 0.4860 0.3178 0.8141
vn 0.4760 0.3246 0.8173
vn 0.4374 0.3497 0.8285
vn 0.3990 0.8243 0.4015
vn 0.3855 0.8267 0.4097
vn 0.4177 0.8207 0.3899
vn 0.3357 0.8261 0.4526
vn 0.3132 0.8290 0.4633
vn 0.3957 0.8156 0.4222
vn 0.3171 0.4242 0.8482
vn 0.2678 0.4507 0.8515
vn 0.1809 0.4931 0.8510
vn 0.2907 0.8649 -0.4093
vn 0.2675 0.8678 -0.4188
vn 0.2228 0.8717 -0.4364
vn 0.0642 0.2912 -0.9545
vn 0.0596 0.2945 -0.9538
vn 0.0900 0.2727 -0.9579
vn 0.7679 0.5208 -0.3728
vn 0.7646 0.5234 -0.3762
vn 0.8139 0.4827 -0.3233
vn 0.2770 0.2537 -0.9268
vn 0.3234 0.2548 -0.9113
vn 0.2366 0.2523 -0.9383
vn 0.8090 0.4627 0.3625
vn 0.8101 0.4618 0.3612
vn 0.8397 0.4368 0.3225
vn 0.5400 0.0881 0.8370
vn 0.5055 0.0854 0.8586
vn 0.4687 0.0824 0.8795
vn 0.5156 0.0881 0.8523
vn 0.5141 0.0862 0.8534
vn 0.5293 0.1065 0.8417
vn 0.9297 -0.2495 0.2709
vn 0.9243 -0.2554 0.2837
vn 0.9462 -0.2296 0.2280
vn 0.7997 -0.4493 -0.3984
vn 0.8030 -0.4544 -0.3855
vn 0.7948 -0.4421 -0.4157
vn 0.8859 -0.2314 0.4020
vn 0.8902 -0.2272 0.3949
vn 0.9275 -0.1861 0.3242
vn 0.7214 -0.4866 -0.4928
vn 0.7132 -0.4947 -0.4966
vn 0.6911 -0.5157 -0.5064
vn 0.4727 -0.1955 0.8593
vn 0.5122 -0.0599 0.8568
vn 0.3987 -0.3850 0.8324
vn 0.3459 -0.9309 -0.1174
vn 0.3268 -0.9407 -0.0912
vn 0.3132 -0.9469 -0.0728
vn 0.5663 -0.8222 0.0574
vn 0.5041 -0.8572 0.1050
vn 0.4777 -0.8697 0.1241
vn 0.5778 -0.4260 0.6962
vn 0.5809 -0.4259 0.6937
vn 0.7171 -0.4136 0.5610
vn 0.1935 -0.1160 -0.9742
vn 0.2091 -0.0985 -0.9729
vn 0.2711 -0.0272 -0.9622
vn 0.2981 -0.6975 -0.6517
vn 0.2911 -0.7139 -0.6369
vn 0.1295 -0.9463 -0.2962
vn -0.2782 -0.3268 -0.9032
vn -0.2788 -0.3404 -0.8980
vn -0.2799 -0.5564 -0.7824
vn 0.3275 0.9267 0.1845
vn 0.3318 0.9262 0.1793
vn 0.3128 0.9280 0.2023
vn 0.2628 -0.1120 -0.9583
vn 0.2609 -0.1100 -0.9591
vn 0.2531 -0.1017 -0.9621
vn 0.9355 0.1951 -0.2947
vn 0.9388 0.1890 -0.2881
vn 0.9689 0.1226 -0.2149
vn -0.9507 0.0866 0.2979
vn -0.9497 0.0901 0.2998
vn -0.9477 0.0834 0.3081
vn -0.4752 -0.1835 -0.8605
vn -0.4732 -0.1860 -0.8611
vn -0.4648 -0.1961 -0.8634
vn 0.9581 0.2791 0.0642
vn 0.9584 0.2776 0.0660
vn 0.9566 0.2862 0.0548
vn -0.9973 0.0028 -0.0738
vn -0.9979 -0.0057 -0.0643
vn -0.9873 0.0661 -0.1442
vn 0.3461 -0.4678 0.8132
vn 0.3419 -0.2803 0.8970
vn 0.3450 -0.5091 0.7886
vn 0.0962 -0.2627 0.9601
vn 0.0893 -0.2376 0.9672
vn 0.0980 -0.2691 0.9581
vn -0.9963 -0.0734 0.0453
vn -0.9864 -0.1639 0.0136
vn -0.9819 -0.1891 0.0046
vn 0.0079 0.9804 0.1967
vn -0.0007 0.9807 0.1956
vn 0.0016 0.9810 0.1939
vn 0.8177 0.5636 0.1166
vn 0.7248 0.6837 0.0849
vn 0.6992 0.7108 0.0767
vn 0.9398 0.3272 -0.0984
vn 0.9384 0.3312 -0.0986
vn 0.9365 0.3364 -0.0989
vn 0.0001 -1.0000 0.0005
vn 0.0008 -1.0000 0.0002
vn -0.2291 0.7277 0.6465
vn 0.0492 0.6796 0.7319
vn 0.1830 0.6350 0.7505
vn -0.9999 0.0165 0.0029
vn -0.9996 0.0290 -0.0033
vn -0.9999 0.0084 0.0069
vn 0.4207 0.6167 0.6654
vn 0.4071 0.6233 0.6676
vn 0.4000 0.6267 0.6687
vn -0.0033 -1.0000 -0.0045
vn -0.9890 0.1249 0.0793
vn -0.9841 0.1637 0.0692
vn -0.9918 0.0930 0.0874
vn 0.9718 0.1914 -0.1374
vn 0.9814 0.1522 -0.1173
vn 0.9910 0.0991 -0.0900
vn 0.9985 -0.0193 0.0503
vn 0.9834 -0.1812 0.0053
vn 0.9984 0.0053 0.0570
vn -0.9081 0.4075 0.0963
vn -0.8655 0.4960 0.0696
vn -0.9187 0.3811 0.1038
vn 0.0749 0.4367 0.8965
vn 0.0753 0.4377 0.8960
vn 0.0754 0.4380 0.8958
vn 0.3688 0.6731 0.6410
vn 0.4652 0.4667 0.7522
vn 0.3394 0.7205 0.6048
vn -0.9755 0.1304 -0.1774
vn -0.9789 0.1732 -0.1083
vn -0.9609 0.0722 -0.2674
vn 0.9459 0.2725 0.1764
vn 0.9636 0.2451 0.1070
vn 0.9737 0.2221 0.0508
vn -0.4742 0.2434 -0.8461
vn -0.4605 0.2345 -0.8561
vn -0.4865 0.2514 -0.8367
vn -0.9484 0.0892 0.3042
vn -0.9458 0.0932 0.3111
vn 0.9160 0.2723 -0.2947
vn 0.9205 0.2883 -0.2638
vn 0.9237 0.3029 -0.2347
vn 0.3557 0.3181 -0.8788
vn 0.2859 0.2756 -0.9178
vn 0.2372 0.2455 -0.9399
vn -0.9635 0.2341 -0.1296
vn -0.9426 0.2992 -0.1484
vn -0.9714 0.2043 -0.1209
vn 0.9782 0.0717 -0.1947
vn 0.9820 0.0337 -0.1859
vn 0.9829 0.0216 -0.1830
vn 0.9226 0.3703 -0.1078
vn 0.8758 0.4658 -0.1263
vn 0.8555 0.5004 -0.1328
vn 0.0129 0.9809 0.1940
vn 0.0175 0.9814 0.1909
vn -0.9816 -0.0082 -0.1908
vn -0.9829 -0.0410 -0.1796
vn -0.9809 0.0026 -0.1944
vn 0.3169 0.9361 0.1527
vn 0.3129 0.9366 0.1575
vn 0.3275 0.9344 0.1400
vn -0.0110 -0.9999 -0.0051
vn 0.3973 -0.8309 0.3896
vn 0.3829 -0.8222 0.4212
vn 0.4235 -0.8446 0.3276
vn 0.8950 -0.0216 0.4455
vn 0.8951 -0.0214 0.4454
vn 0.8792 -0.0836 0.4691
vn 0.3311 0.1168 -0.9363
vn 0.3392 0.1091 -0.9344
vn 0.3007 0.1454 -0.9426
vn 0.3556 -0.3838 0.8522
vn 0.3446 -0.3733 0.8613
vn 0.3965 -0.4230 0.8147
vn 0.9044 0.1831 -0.3855
vn 0.9096 0.1716 -0.3785
vn 0.8790 0.2334 -0.4158
vn 0.9166 -0.1186 -0.3819
vn 0.9177 -0.0510 -0.3940
vn 0.9147 0.0150 -0.4039
vn 0.9418 -0.2873 0.1746
vn 0.9387 -0.2437 0.2439
vn 0.9404 -0.3150 0.1284
vn 0.3248 -0.3530 -0.8775
vn 0.3198 -0.3450 -0.8824
vn 0.2875 -0.2937 -0.9116
vn 0.5036 -0.1545 0.8500
vn 0.5007 -0.1574 0.8512
vn 0.5093 -0.1487 0.8476
vn 0.9513 -0.0132 -0.3078
vn 0.9514 -0.0135 -0.3077
vn 0.9519 -0.0174 -0.3058
vn 0.9613 -0.0913 0.2599
vn 0.9613 -0.0914 0.2599
vn 0.9630 -0.0841 0.2562
vn 0.4924 0.0825 -0.8664
vn 0.4910 0.0842 -0.8671
vn 0.4976 0.0763 -0.8641
vn 0.9422 -0.0010 0.3352
vn 0.9437 0.0095 0.3307
vn 0.9468 0.0343 0.3199
vn 0.4570 0.4451 -0.7701
vn 0.4718 0.4630 -0.7503
vn 0.4264 0.4081 -0.8072
vn 0.4246 0.0954 0.9004
vn 0.4221 0.0924 0.9019
vn 0.4448 0.1199 0.8876
vn 0.9484 0.1251 -0.2912
vn 0.9532 0.0991 -0.2857
vn 0.9583 0.0655 -0.2783
vn 0.7905 0.4301 0.4361
vn 0.7909 0.4264 0.4389
vn 0.7923 0.4140 0.4482
vn 0.3178 0.8131 -0.4877
vn 0.3236 0.8238 -0.4654
vn 0.3101 0.7987 -0.5156
vn 0.3140 0.4180 0.8525
vn 0.3137 0.4177 0.8527
vn 0.3157 0.4200 0.8509
vn 0.7735 0.6148 -0.1539
vn 0.8041 0.5762 -0.1463
vn 0.8392 0.5264 -0.1364
vn 0.1367 0.9041 0.4048
vn 0.1716 0.9147 0.3658
vn 0.1068 0.8931 0.4370
vn 0.2698 0.9626 0.0241
vn 0.2627 0.9647 0.0204
vn 0.3146 0.9480 0.0476
vn 0.2507 0.9294 0.2710
vn 0.2506 0.9330 0.2582
vn 0.2507 0.9253 0.2846
vn 0.1756 0.9733 -0.1478
vn 0.1668 0.9755 -0.1434
vn 0.1169 0.9861 -0.1184
vn 0.1546 0.9809 0.1177
vn 0.1431 0.9806 0.1337
vn 0.1234 0.9793 0.1607
vn 0.1440 0.9885 0.0453
vn 0.1554 0.9859 0.0617
vn 0.1250 0.9920 0.0182
vn -0.8894 -0.2356 -0.3918
vn -0.8471 -0.2850 -0.4486
vn -0.9191 -0.1939 -0.3431
vn 0.0470 -0.2040 -0.9778
vn 0.0723 -0.2112 -0.9748
vn 0.0302 -0.1992 -0.9795
vn 0.9462 0.2804 0.1614
vn 0.9255 0.2876 0.2463
vn 0.9510 0.2778 0.1360
vn -0.0587 0.3783 0.9238
vn -0.0606 0.3790 0.9234
vn -0.0618 0.3794 0.9231
vn -0.2723 0.7490 0.6040
vn -0.1530 0.8049 0.5734
vn 0.1541 0.8787 0.4519
vn -0.0496 0.4247 0.9040
vn -0.0555 0.4002 0.9147
vn -0.0587 0.3868 0.9203
vn 0.0441 -0.2904 -0.9559
vn 0.9546 -0.2919 0.0593
vn 0.9485 -0.2995 0.1028
vn 0.9569 -0.2880 0.0378
vn -0.8774 -0.4577 0.1440
vn -0.9362 -0.3469 0.0570
vn -0.8324 -0.5189 0.1945
vn 0.0630 -0.4447 -0.8935
vn 0.0591 -0.4430 -0.8946
vn 0.0672 -0.4464 -0.8923
vn -0.9942 0.1071 -0.0092
vn -0.9935 0.1104 -0.0291
vn -0.9926 0.1130 -0.0443
vn 0.9949 0.0024 -0.1004
vn 0.9912 -0.1311 -0.0189
vn 0.9753 -0.2181 0.0355
vn 0.9594 -0.2627 0.1030
vn 0.9169 -0.3576 0.1774
vn 0.8786 -0.4200 0.2273
vn 0.9482 -0.1941 0.2515
vn 0.9792 0.0777 0.1874
vn 0.9109 -0.3091 0.2735
vn -0.5999 0.6043 0.5243
vn -0.5994 0.6044 0.5248
vn -0.5965 0.6048 0.5276
vn -0.9979 -0.0426 0.0479
vn -0.9962 -0.0505 0.0703
vn -0.9008 -0.1660 0.4012
vn -0.7999 -0.3108 0.5134
vn -0.9401 -0.3391 0.0351
vn -0.9278 -0.3686 0.0581
vn -0.9514 -0.3079 0.0110
vn 0.9795 0.1968 -0.0430
vn 0.9857 0.1670 -0.0205
vn 0.9904 0.1385 0.0008
vn 0.9212 0.0790 -0.3810
vn 0.9431 0.1660 -0.2881
vn 0.9483 0.2100 -0.2380
vn 0.9736 0.0919 -0.2090
vn 0.9759 0.1126 -0.1870
vn 0.9766 0.1208 -0.1781
vn 0.9848 0.1732 -0.0105
vn 0.9848 0.1733 -0.0104
vn 0.9848 0.1734 -0.0104
vn -0.8690 -0.4443 -0.2179
vn -0.8409 -0.4206 -0.3406
vn -0.8204 -0.4053 -0.4033
vn -0.9386 -0.2134 0.2712
vn -0.9321 -0.3330 0.1423
vn -0.9302 -0.1472 0.3362
vn 0.0726 -0.3320 -0.9405
vn 0.0812 -0.3383 -0.9375
vn 0.0664 -0.3274 -0.9426
vn -0.9751 -0.2074 0.0787
vn -0.8608 -0.4827 0.1611
vn -0.8087 -0.5588 0.1836
vn 0.9951 0.0990 -0.0047
vn 0.9921 0.1249 0.0144
vn 0.9877 0.1524 0.0348
vn -0.1611 0.1855 0.9693
vn -0.0974 0.1911 0.9767
vn -0.1234 0.2115 0.9696
vn -0.1427 0.2265 0.9635
vn 0.9609 -0.2336 0.1488
vn 0.9555 -0.2376 0.1747
vn 0.9636 -0.2312 0.1340
vn -0.9886 0.0953 -0.1168
vn -0.9880 0.0801 -0.1324
vn -0.9887 0.1082 -0.1035
vn -0.4158 -0.8889 0.1924
vn 0.9236 -0.3200 0.2113
vn -0.9802 0.1147 -0.1617
vn 0.0672 -0.3834 -0.9211
vn -0.8136 -0.5042 0.2894
vn 0.8986 -0.4380 -0.0242
vn 0.1456 -0.9597 0.2403
vn 0.1455 -0.9598 0.2399
vn 0.1455 -0.9598 0.2398
vn -0.9846 -0.1176 -0.1296
vn -0.9912 -0.0805 -0.1053
vn -0.9754 -0.1567 -0.1552
vn -0.9541 -0.2981 0.0293
vn -0.9541 -0.2978 0.0309
vn -0.9542 -0.2977 0.0300
vn 0.9746 -0.2119 0.0727
vn 0.1470 -0.9687 0.2002
vn -0.9531 -0.3012 0.0293
vn -0.9514 -0.3078 0.0122
vn 0.9904 0.1385 0.0009
vn 0.1496 -0.9859 0.0755
vn -0.8620 0.5057 -0.0352
vn -0.8601 0.5091 -0.0317
vn -0.8659 0.4984 -0.0424
vn -0.0497 0.2383 0.9699
vn -0.0798 0.2399 0.9675
vn -0.0285 0.2371 0.9711
vn -0.0376 0.2867 0.9573
vn -0.0252 0.2907 0.9565
vn -0.0432 0.2849 0.9576
vn 0.9942 -0.0360 0.1013
vn 0.9983 -0.0294 0.0493
vn 0.9906 -0.0397 0.1308
vn 0.0392 -0.3102 -0.9499
vn 0.0165 -0.3192 -0.9475
vn 0.0225 -0.3156 -0.9486
vn 0.5217 -0.8136 0.2565
vn 0.5110 -0.8147 0.2741
vn 0.5342 -0.8119 0.2356
vn 0.8293 -0.5274 0.1846
vn 0.8216 -0.5306 0.2085
vn 0.8350 -0.5246 0.1659
vn 0.0285 -0.3180 -0.9477
vn 0.0380 -0.3179 -0.9474
vn -0.8484 0.4964 -0.1840
vn -0.8431 0.5006 -0.1965
vn -0.8302 0.5099 -0.2252
vn -0.9655 -0.2590 -0.0289
vn 0.0520 -0.3070 -0.9503
vn 0.0520 -0.3088 -0.9497
vn 0.0520 -0.3034 -0.9514
vn -0.5778 0.7727 -0.2630
vn -0.5767 0.7730 -0.2642
vn -0.5517 0.7810 -0.2927
vn -0.0945 0.2780 0.9559
vn -0.0938 0.2858 0.9537
vn -0.0925 0.3011 0.9491
vn 0.6225 -0.7495 0.2252
vn 0.6252 -0.7488 0.2199
vn 0.6187 -0.7505 0.2326
vn -0.0489 0.2127 0.9759
vn -0.0751 0.2080 0.9752
vn -0.0327 0.2155 0.9760
vn 0.0430 -0.3072 -0.9507
vn 0.0361 -0.3084 -0.9506
vn 0.0301 -0.3095 -0.9504
vn -0.9648 0.2601 -0.0394
vn -0.9593 0.2727 -0.0738
vn -0.9479 0.2920 -0.1277
vn -0.0680 -0.2896 -0.9547
vn -0.0636 -0.2652 -0.9621
vn -0.0781 -0.3463 -0.9349
vn -0.0219 -0.3462 -0.9379
vn -0.0340 -0.3441 -0.9383
vn -0.0662 -0.3383 -0.9387
vn -0.7002 0.6818 -0.2119
vn -0.7010 0.6814 -0.2105
vn -0.7054 0.6791 -0.2029
vn -0.0627 0.2538 0.9652
vn -0.0603 0.2534 0.9655
vn -0.0671 0.2545 0.9647
vn -0.9884 -0.1111 -0.1033
vn -0.5720 0.7922 -0.2126
vn -0.5723 0.7921 -0.2122
vn -0.5758 0.7908 -0.2075
vn -0.0403 0.2409 0.9697
vn -0.0421 0.2288 0.9726
vn -0.0452 0.2078 0.9771
vn 0.4220 -0.8801 0.2176
vn 0.4255 -0.8798 0.2119
vn 0.4180 -0.8803 0.2244
vn 0.3851 -0.8913 0.2395
vn 0.3628 -0.9097 0.2021
vn 0.3465 -0.9216 0.1752
vn 0.0109 -0.3011 -0.9535
vn -0.0367 -0.3026 -0.9524
vn -0.0921 -0.3036 -0.9484
vn 0.8719 -0.4884 0.0354
vn 0.8680 -0.4960 0.0224
vn 0.8661 -0.4996 0.0162
vn -0.0317 0.1478 0.9885
vn -0.0385 0.1468 0.9884
vn -0.0226 0.1491 0.9886
vn 0.0881 0.9715 -0.2202
vn 0.0975 0.9730 -0.2092
vn 0.0647 0.9668 -0.2473
vn 0.0174 0.2248 0.9742
vn 0.0066 0.2187 0.9758
vn 0.0185 0.2243 0.9743
vn -0.4352 0.8750 -0.2123
vn -0.4211 0.8853 -0.1973
vn -0.4603 0.8549 -0.2393
vn -0.0928 -0.2781 -0.9561
vn -0.1002 -0.2745 -0.9564
vn -0.1234 -0.2631 -0.9569
vn -0.9969 0.0609 0.0495
vn -0.0040 -0.2148 -0.9766
vn -0.0052 -0.2135 -0.9769
vn -0.0108 -0.2073 -0.9782
vn -0.0154 -0.9754 0.2201
vn -0.0290 -0.9799 0.1973
vn -0.0411 -0.9833 0.1770
vn 0.0157 0.2253 0.9742
vn 0.0101 0.2139 0.9768
vn -0.9758 0.1699 -0.1379
vn -0.8256 -0.3999 0.3980
vn -0.8785 -0.3473 0.3281
vn -0.7687 -0.4451 0.4594
vn -0.8051 -0.5876 -0.0808
vn -0.8104 -0.5425 -0.2211
vn -0.7922 -0.4694 -0.3900
vn -0.8918 -0.4224 0.1619
vn -0.8449 -0.4480 0.2925
vn -0.7716 -0.4661 0.4330
vn -0.8648 -0.5015 -0.0238
vn -0.8315 -0.5503 -0.0754
vn -0.9151 -0.3953 0.0793
vn 0.9680 0.1916 0.1617
vn 0.9667 0.1959 0.1648
vn 0.9653 0.1999 0.1677
vn 0.9855 0.0740 -0.1528
vn 0.9849 0.0750 -0.1557
vn 0.9861 0.0729 -0.1494
vn 0.9847 0.1300 -0.1162
vn 0.9781 0.1430 -0.1510
vn 0.9936 0.1034 -0.0458
vn 0.9923 0.1239 0.0066
vn 0.9923 0.1235 0.0091
vn 0.9922 0.1244 0.0044
vn 0.0955 0.3646 0.9263
vn 0.0794 0.2726 0.9588
vn 0.0457 0.0851 0.9953
vn 0.9292 -0.2918 0.2266
vn 0.9288 -0.3094 0.2040
vn 0.9285 -0.3144 0.1974
vn 0.0394 -0.4875 -0.8722
vn 0.0452 -0.4946 -0.8680
vn 0.0283 -0.4739 -0.8801
vn -0.0982 0.3471 0.9327
vn -0.1048 0.3555 0.9288
vn -0.1189 0.3735 0.9200
vn -0.3775 -0.8584 0.3473
vn -0.0379 -0.5633 -0.8254
vn -0.0513 -0.5484 -0.8347
vn -0.0197 -0.5828 -0.8124
vn -0.0282 0.4578 0.8886
vn -0.0259 0.4546 0.8903
vn -0.0224 0.4500 0.8927
vn -0.9619 0.2220 -0.1595
vn 0.9198 -0.3786 0.1028
vn 0.9193 -0.3912 -0.0428
vn 0.9121 -0.3686 0.1795
vn 0.5229 -0.8219 -0.2259
vn 0.4644 -0.8840 -0.0531
vn 0.3716 -0.9151 0.1567
vn -0.5923 -0.7297 -0.3417
vn -0.5940 -0.7269 -0.3447
vn -0.5050 -0.8393 -0.2011
vn 0.1483 0.6128 0.7762
vn 0.1482 0.6153 0.7742
vn 0.1499 0.5850 0.7971
vn -0.8967 0.4374 -0.0678
vn -0.7777 0.5367 0.3273
vn -0.7227 0.5470 0.4225
vn -0.9944 0.0888 -0.0580
vn -0.9876 0.1488 0.0498
vn -0.9829 0.1656 0.0807
vn 0.5937 -0.5254 0.6095
vn 0.6430 -0.4160 0.6431
vn 0.6631 -0.3611 0.6556
vn 0.9096 -0.3196 0.2654
vn 0.9092 -0.2753 0.3124
vn 0.9086 -0.2651 0.3228
vn 0.9327 -0.3188 0.1689
vn 0.9297 -0.3156 0.1896
vn 0.9334 -0.3196 0.1633
vn 0.1506 -0.0114 0.9885
vn 0.3229 0.0062 0.9464
vn -0.0327 -0.0292 0.9990
vn 0.1553 0.5715 0.8058
vn 0.1317 0.5432 0.8292
vn 0.1779 0.5980 0.7815
vn -0.4617 0.8528 0.2441
vn -0.4724 0.8478 0.2411
vn -0.4158 0.8726 0.2563
vn -0.7843 0.6077 -0.1249
vn -0.8029 0.5814 -0.1314
vn -0.6591 0.7474 -0.0842
vn -0.6216 -0.5959 -0.5084
vn -0.2883 -0.5064 -0.8127
vn -0.2412 -0.4873 -0.8392
vn -0.1964 -0.9692 0.1485
vn -0.1992 -0.9685 0.1496
vn -0.1959 -0.9693 0.1483
vn 0.5089 0.5689 0.6460
vn 0.4770 0.5589 0.6783
vn 0.5199 0.5721 0.6343
vn 0.3631 0.1383 0.9214
vn 0.7295 -0.0749 0.6798
vn 0.2107 0.2069 0.9554
vn 0.1404 0.8525 0.5036
vn 0.1361 0.8539 0.5023
vn 0.1057 0.8636 0.4929
vn -0.8600 0.2990 0.4135
vn -0.9349 -0.3456 -0.0806
vn -0.9348 -0.3467 -0.0774
vn -0.9327 -0.3051 -0.1921
vn -0.6657 -0.3131 -0.6773
vn -0.6897 -0.3694 -0.6227
vn -0.5491 -0.1040 -0.8292
vn 0.1724 0.0402 -0.9842
vn 0.1787 0.0500 -0.9826
vn 0.2585 0.1780 -0.9495
vn 0.8955 0.4259 -0.1288
vn 0.7285 0.6842 0.0348
vn 0.7176 0.6923 0.0760
vn 0.7353 0.6778 0.0061
vn 0.8914 0.3227 -0.3182
vn 0.8130 0.2988 -0.4997
vn 0.8145 0.3075 -0.4920
vn 0.8178 0.3294 -0.4718
vn -0.3005 -0.0954 -0.9490
vn -0.2927 -0.0903 -0.9519
vn -0.2818 -0.0832 -0.9559
vn -0.8497 -0.0487 -0.5251
vn -0.8435 -0.0566 -0.5342
vn -0.8540 -0.0431 -0.5185
vn -0.8475 0.0701 0.5262
vn -0.8652 0.0894 0.4933
vn -0.8792 0.1059 0.4646
vn -0.2606 0.0620 0.9635
vn -0.2712 0.0687 0.9601
vn -0.2819 0.0755 0.9565
vn -0.1842 -0.5045 -0.8435
vn -0.1859 -0.5061 -0.8422
vn -0.2356 -0.5528 -0.7993
vn -0.8190 -0.1438 0.5555
vn -0.8199 -0.1427 0.5544
vn -0.8294 -0.1315 0.5429
vn -0.2822 0.0473 0.9582
vn -0.2824 0.0475 0.9581
vn -0.7609 -0.4626 -0.4550
vn -0.7603 -0.4631 -0.4555
vn -0.7345 -0.4838 -0.4758
vn -0.1802 -0.0812 -0.9803
vn -0.1943 -0.1020 -0.9756
vn -0.1541 -0.0430 -0.9871
vn -0.2500 0.2330 0.9398
vn -0.2311 0.2016 0.9518
vn -0.2719 0.2697 0.9238
vn -0.2460 0.5909 -0.7683
vn -0.2315 0.5997 -0.7660
vn -0.1975 0.6195 -0.7598
vn -0.1495 0.5383 0.8294
vn -0.1386 0.5174 0.8444
vn -0.1705 0.5780 0.7981
vn -0.2179 0.2816 -0.9345
vn -0.2096 0.2854 -0.9352
vn -0.1970 0.2911 -0.9362
vn -0.2394 0.3660 -0.8993
vn -0.2339 0.3723 -0.8981
vn -0.2553 0.3475 -0.9023
vn -0.2558 0.0960 0.9619
vn -0.2495 0.1010 0.9631
vn -0.2313 0.1152 0.9660
vn -0.5975 0.7234 -0.3460
vn -0.4697 0.7783 -0.4166
vn -0.3031 0.8189 -0.4874
vn -0.5821 0.5446 0.6038
vn -0.5957 0.5431 0.5918
vn -0.5500 0.5476 0.6306
vn -0.4685 -0.3598 0.8069
vn -0.5615 -0.4234 0.7110
vn -0.3714 -0.2926 0.8811
vn -0.1998 -0.2277 -0.9530
vn -0.1665 -0.2424 -0.9558
vn -0.2394 -0.2097 -0.9480
vn -0.2918 0.2989 -0.9086
vn -0.2898 0.2979 -0.9096
vn -0.2948 0.3004 -0.9071
vn -0.3368 -0.1268 0.9330
vn -0.3301 -0.1324 0.9346
vn -0.2970 -0.1595 0.9415
vn 0.0026 -0.9492 0.3148
vn -0.2236 -0.9599 0.1690
vn 0.1543 -0.9035 0.3999
vn 0.2021 -0.9578 -0.2045
vn 0.1717 -0.9651 -0.1976
vn 0.1651 -0.9666 -0.1961
vn -0.8201 0.2766 -0.5010
vn -0.8275 0.3030 -0.4726
vn -0.7940 0.2045 -0.5725
vn -0.8405 0.0790 0.5360
vn -0.8399 0.0769 0.5372
vn -0.8334 0.0548 0.5500
vn 0.3225 -0.2578 0.9108
vn 0.3718 -0.1911 0.9084
vn 0.3150 -0.2675 0.9106
vn -0.0273 -0.0053 0.9996
vn -0.0285 -0.0146 0.9995
vn -0.0241 0.0204 0.9995
vn 0.9644 0.1562 -0.2132
vn 0.9350 -0.2939 -0.1983
vn 0.9163 -0.3510 -0.1931
vn 0.9002 -0.0800 0.4282
vn 0.8517 -0.3051 0.4261
vn 0.9037 -0.0406 0.4262
vn -0.3525 -0.2835 -0.8919
vn -0.3552 -0.3038 -0.8840
vn -0.3576 -0.3230 -0.8763
vn -0.3823 0.0076 -0.9240
vn -0.3498 0.1343 -0.9271
vn -0.2973 0.2994 -0.9067
vn -0.5126 0.0061 0.8586
vn -0.4978 0.0099 0.8672
vn -0.5174 0.0049 0.8558
vn -0.9497 -0.0684 -0.3056
vn -0.9262 -0.0491 -0.3737
vn -0.9218 -0.0459 -0.3850
vn -0.4396 0.2518 -0.8621
vn -0.4486 0.2395 -0.8611
vn -0.4244 0.2724 -0.8635
vn -0.9619 0.0729 0.2636
vn -0.9562 0.0791 0.2818
vn -0.9642 0.0701 0.2556
vn -0.9505 -0.0747 0.3016
vn -0.9322 -0.0915 0.3502
vn -0.9286 -0.0945 0.3589
vn -0.9440 0.1322 -0.3024
vn -0.9452 0.1278 -0.3004
vn -0.9371 0.1548 -0.3128
vn 0.9435 -0.0956 0.3173
vn 0.9485 -0.1035 0.2993
vn 0.9510 -0.1076 0.2900
vn -0.4764 -0.0954 0.8741
vn -0.4054 -0.1227 0.9059
vn -0.3937 -0.1270 0.9104
vn -0.9447 -0.0557 0.3233
vn -0.9447 -0.0555 0.3231
vn -0.9450 -0.0545 0.3224
vn 0.9624 -0.0601 -0.2648
vn 0.9571 -0.0665 -0.2819
vn 0.9544 -0.0696 -0.2902
vn 0.4580 -0.1941 0.8675
vn 0.3973 -0.2040 0.8947
vn 0.4741 -0.1913 0.8595
vn -0.4461 -0.2462 0.8604
vn -0.4464 -0.2459 0.8604
vn -0.4467 -0.2457 0.8603
vn 0.5125 0.0067 -0.8587
vn 0.4980 0.0027 -0.8672
vn 0.4934 0.0015 -0.8698
vn 0.9191 -0.2652 0.2912
vn 0.9091 -0.2716 0.3158
vn 0.9218 -0.2635 0.2844
vn 0.4518 -0.3258 0.8305
vn 0.4333 -0.3371 0.8358
vn 0.4679 -0.3157 0.8255
vn -0.4640 0.0762 -0.8826
vn -0.4805 0.0830 -0.8731
vn -0.4589 0.0741 -0.8854
vn 0.9173 -0.2509 -0.3093
vn 0.8895 -0.2199 -0.4006
vn 0.9230 -0.2587 -0.2847
vn 0.9334 -0.2531 0.2545
vn 0.9270 -0.2665 0.2638
vn 0.9473 -0.2210 0.2320
vn -0.4321 0.1206 -0.8937
vn -0.4304 0.1222 -0.8943
vn -0.4420 0.1110 -0.8901
vn 0.4667 -0.1123 -0.8773
vn 0.3743 -0.1226 -0.9192
vn 0.3612 -0.1239 -0.9242
vn 0.9170 -0.1310 -0.3769
vn 0.9136 -0.1350 -0.3836
vn 0.9347 -0.1082 -0.3385
vn 0.4647 -0.0911 0.8807
vn 0.4811 -0.0862 0.8724
vn 0.4588 -0.0929 0.8837
vn -0.4789 -0.0498 -0.8764
vn -0.4025 -0.0359 -0.9147
vn -0.3921 -0.0340 -0.9193
vn 0.4308 0.0835 -0.8986
vn 0.4226 0.0754 -0.9032
vn 0.4437 0.0962 -0.8910
vn 0.0014 -1.0000 -0.0050
vn 0.0129 -0.9999 -0.0035
vn 0.0110 -0.9999 -0.0051
vn -0.9438 0.0910 -0.3178
vn -0.9493 0.0984 -0.2986
vn -0.9413 0.0879 -0.3260
vn 0.4073 0.2459 -0.8796
vn 0.4300 0.2333 -0.8722
vn 0.3986 0.2507 -0.8822
vn 0.9331 0.1387 -0.3318
vn 0.9442 0.1186 -0.3074
vn 0.9267 0.1494 -0.3448
vn 0.9307 -0.0187 0.3654
vn 0.9354 -0.0083 0.3535
vn 0.9271 -0.0262 0.3739
vn 0.4096 -0.1575 0.8986
vn 0.4371 -0.1406 0.8883
vn 0.3899 -0.1693 0.9052
vn -0.3970 -0.0917 0.9132
vn -0.4053 -0.0846 0.9103
vn -0.4118 -0.0789 0.9078
vn -0.9060 0.1215 0.4055
vn -0.9049 0.1181 0.4088
vn -0.9042 0.1159 0.4111
vn -0.9152 0.2784 -0.2915
vn -0.9367 0.2458 -0.2492
vn -0.9465 0.2290 -0.2274
vn -0.3936 0.3094 -0.8656
vn -0.4430 0.2892 -0.8486
vn -0.4638 0.2802 -0.8405
vn -0.9425 -0.1495 -0.2989
vn -0.9486 -0.1423 -0.2826
vn -0.9391 -0.1534 -0.3075
vn -0.9420 0.0653 0.3292
vn -0.9424 0.0645 0.3282
vn -0.9394 0.0706 0.3356
vn 0.9293 -0.1711 -0.3273
vn 0.9301 -0.1696 -0.3258
vn 0.9205 -0.1871 -0.3431
vn -0.4441 -0.0497 0.8946
vn -0.4452 -0.0504 0.8940
vn -0.4422 -0.0486 0.8956
vn 0.4405 -0.0410 -0.8968
vn 0.4414 -0.0401 -0.8964
vn 0.4343 -0.0469 -0.8995
vn 0.4307 -0.1624 0.8878
vn 0.4251 -0.1659 0.8898
vn 0.4402 -0.1564 0.8842
vn -0.9346 0.1360 -0.3287
vn -0.9349 0.1376 -0.3272
vn -0.9374 0.1529 -0.3130
vn 0.9235 -0.2001 0.3274
vn 0.9240 -0.2027 0.3243
vn 0.9270 -0.2193 0.3042
vn 0.4180 -0.0577 -0.9066
vn 0.3995 -0.0419 -0.9158
vn 0.4312 -0.0692 -0.8996
vn 0.9314 -0.1404 -0.3359
vn 0.9361 -0.1342 -0.3252
vn 0.9403 -0.1284 -0.3151
vn 0.3760 -0.2309 0.8974
vn 0.3929 -0.2389 0.8880
vn 0.4020 -0.2432 0.8827
vn -0.9272 -0.1613 0.3381
vn -0.9260 -0.1597 0.3421
vn -0.9278 -0.1621 0.3359
vn -0.4568 -0.1498 -0.8769
vn -0.4736 -0.1422 -0.8692
vn -0.4484 -0.1535 -0.8805
vn 0.4359 -0.1342 -0.8899
vn 0.4240 -0.1283 -0.8965
vn 0.4437 -0.1382 -0.8855
vn 0.9223 -0.1902 0.3365
vn 0.9211 -0.1879 0.3410
vn 0.9201 -0.1860 0.3447
vn -0.4664 -0.2033 0.8609
vn -0.4478 -0.2124 0.8686
vn -0.4378 -0.2171 0.8724
vn -0.9128 0.1774 -0.3678
vn -0.9118 0.1735 -0.3723
vn -0.9141 0.1824 -0.3621
vn 0.8872 -0.2403 0.3939
vn 0.8946 -0.2591 0.3641
vn 0.8992 -0.2725 0.3423
vn -0.4153 0.0109 0.9096
vn -0.4298 0.0218 0.9027
vn -0.4392 0.0289 0.8979
vn -0.9375 0.0979 -0.3338
vn -0.9317 0.0875 -0.3525
vn -0.9410 0.1045 -0.3218
vn 0.8925 -0.2280 -0.3892
vn 0.9071 -0.2161 -0.3613
vn 0.9173 -0.2070 -0.3402
vn 0.3809 -0.1153 0.9174
vn 0.3947 -0.1268 0.9100
vn 0.4034 -0.1341 0.9051
vn -0.9306 0.0613 0.3609
vn -0.9220 0.0704 0.3807
vn -0.9361 0.0551 0.3474
vn -0.4013 0.0926 -0.9113
vn -0.3818 0.0780 -0.9210
vn -0.4133 0.1017 -0.9049
vn -0.8541 0.1857 0.4858
vn -0.8728 0.1709 0.4572
vn -0.8123 0.2151 0.5421
vn -0.3248 -0.0110 0.9457
vn -0.2913 -0.0677 0.9542
vn -0.2315 -0.1634 0.9590
vn 0.4579 -0.0335 0.8884
vn 0.4503 0.0271 0.8924
vn 0.4631 -0.0858 0.8822
vn 0.9062 -0.0588 0.4186
vn 0.9031 -0.1308 0.4090
vn 0.9061 -0.0294 0.4219
vn 0.9172 -0.0941 -0.3871
vn 0.9089 -0.2546 -0.3304
vn 0.9014 -0.3003 -0.3119
vn 0.1187 -0.1981 -0.9730
vn 0.0745 -0.0845 -0.9936
vn -0.0381 0.1976 -0.9795
vn -0.2232 0.0621 -0.9728
vn -0.2457 0.1008 -0.9641
vn -0.1635 -0.0376 -0.9858
vn -0.2538 0.6712 0.6964
vn -0.2556 0.6720 0.6950
vn -0.2559 0.6722 0.6948
vn -0.8944 0.1892 -0.4053
vn -0.9143 0.2206 -0.3398
vn -0.9163 0.2243 -0.3317
vn -0.5624 -0.0792 -0.8231
vn -0.5617 -0.0692 -0.8244
vn -0.5706 -0.0734 -0.8180
vn -0.8396 0.5370 0.0815
vn -0.8350 0.5409 0.1007
vn -0.8339 0.5418 0.1053
vn -0.8327 0.5353 0.1417
vn -0.7841 0.5466 0.2940
vn -0.7770 0.5471 0.3114
vn -0.8270 0.4450 -0.3435
vn -0.8166 0.4568 -0.3530
vn -0.8321 0.4392 -0.3387
vn 0.8600 -0.2527 0.4433
vn 0.8571 -0.2483 0.4514
vn 0.8609 -0.2540 0.4408
vn -0.2750 0.5980 0.7528
vn -0.1483 0.5065 0.8494
vn -0.1326 0.4942 0.8592
vn -0.6032 0.7213 0.3405
vn -0.5930 0.7335 0.3320
vn -0.6076 0.7158 0.3443
vn 0.7704 -0.6358 -0.0465
vn 0.7672 -0.6386 -0.0590
vn 0.7713 -0.6350 -0.0430
vn 0.4532 0.1069 0.8850
vn 0.5180 0.0602 0.8532
vn 0.4355 0.1191 0.8923
vn -0.0372 0.5536 0.8320
vn -0.0286 0.5561 0.8306
vn -0.0321 0.5481 0.8358
vn 0.2593 -0.7616 -0.5939
vn 0.2061 -0.7392 -0.6412
vn 0.2716 -0.7663 -0.5822
vn 0.7546 -0.4166 0.5070
vn 0.7802 -0.4755 0.4064
vn 0.7471 -0.4021 0.5293
vn 0.5457 0.0544 0.8362
vn 0.5438 0.0417 0.8382
vn 0.5424 0.0419 0.8391
vn -0.5333 -0.3378 -0.7756
vn -0.5648 -0.3194 -0.7609
vn -0.5714 -0.3155 -0.7576
vn 0.6589 -0.7504 -0.0523
vn 0.5626 -0.7795 -0.2754
vn 0.6724 -0.7401 -0.0105
vn 0.8146 -0.4656 0.3459
vn 0.8059 -0.4743 0.3543
vn 0.8000 -0.4800 0.3599
vn -0.8132 0.4810 -0.3276
vn -0.8119 0.4818 -0.3295
vn -0.8086 0.4841 -0.3343
vn 0.1345 -0.7487 -0.6492
vn -0.0530 -0.6420 -0.7649
vn 0.1656 -0.7623 -0.6257
vn 0.6194 -0.7073 -0.3407
vn 0.6140 -0.7150 -0.3343
vn 0.6101 -0.7204 -0.3298
vn 0.5099 0.2820 0.8127
vn 0.5340 0.2686 0.8017
vn 0.5039 0.2852 0.8153
vn -0.5764 -0.2907 -0.7637
vn -0.6344 -0.2151 -0.7425
vn -0.5647 -0.3048 -0.7669
vn 0.0436 -0.5489 -0.8347
vn 0.0357 -0.5504 -0.8341
vn 0.0363 -0.5511 -0.8336
vn -0.0003 -1.0000 0.0026
vn -0.0001 -1.0000 0.0006
vn -0.8933 0.1828 -0.4106
vn -0.8915 0.1803 -0.4155
vn -0.8911 0.1797 -0.4167
vn -0.7942 0.4515 -0.4066
vn -0.7942 0.4529 -0.4051
vn -0.7935 0.4124 -0.4476
vn 0.7038 -0.6395 0.3092
vn 0.7040 -0.6339 0.3201
vn 0.7042 -0.6253 0.3364
vn -0.4130 0.1784 -0.8931
vn -0.4105 0.1784 -0.8942
vn -0.4068 0.1785 -0.8959
vn -0.8162 0.4748 0.3293
vn -0.8174 0.4740 0.3274
vn -0.8130 0.4770 0.3339
vn 0.7770 -0.5966 -0.2008
vn 0.7467 -0.6108 -0.2632
vn 0.7054 -0.6238 -0.3364
vn -0.4221 0.1607 0.8922
vn -0.4240 0.1607 0.8913
vn -0.4194 0.1608 0.8934
vn 0.4093 -0.3113 -0.8577
vn 0.3730 -0.3120 -0.8738
vn 0.3036 -0.3121 -0.9003
vn 0.0828 -0.3184 0.9443
vn -0.1800 -0.2867 0.9410
vn 0.2903 -0.3278 0.8990
vn 0.2765 -0.3335 0.9013
vn 0.2734 -0.3254 0.9052
vn 0.2705 -0.3179 0.9087
vn 0.3037 -0.2909 -0.9073
vn 0.3064 -0.2985 -0.9039
vn 0.3010 -0.2837 -0.9105
vn -0.3966 0.1842 0.8993
vn -0.3946 0.1783 0.9014
vn -0.3925 0.1724 0.9034
vn 0.7267 -0.5926 -0.3475
vn 0.7261 -0.5963 -0.3424
vn 0.7274 -0.5881 -0.3535
vn -0.7739 0.5305 0.3459
vn -0.7767 0.5292 0.3415
vn -0.7700 0.5322 0.3519
vn -0.3662 0.2151 -0.9053
vn -0.3684 0.2215 -0.9029
vn -0.3639 0.2087 -0.9078
vn 0.7150 -0.6095 0.3423
vn 0.7156 -0.6059 0.3476
vn 0.7161 -0.6018 0.3536
vn -0.7652 0.5427 -0.3463
vn -0.7647 0.5461 -0.3420
vn -0.7658 0.5381 -0.3521
vn -0.7133 0.6075 -0.3497
vn -0.7116 0.6085 -0.3511
vn -0.7159 0.6057 -0.3473
vn 0.8349 -0.4312 0.3422
vn 0.8360 -0.4301 0.3407
vn 0.8383 -0.4280 0.3377
vn -0.3877 0.1866 -0.9027
vn -0.3854 0.1872 -0.9035
vn -0.3930 0.1853 -0.9007
vn -0.5754 0.7420 0.3441
vn -0.5762 0.7408 0.3453
vn -0.5741 0.7440 0.3419
vn 0.7347 -0.5807 -0.3507
vn 0.7340 -0.5823 -0.3494
vn 0.7328 -0.5853 -0.3470
vn -0.0587 0.5252 0.8489
vn -0.0587 0.5247 0.8492
vn -0.0586 0.5267 0.8480
vn 0.2556 -0.3380 -0.9058
vn 0.2554 -0.3396 -0.9052
vn 0.2551 -0.3435 -0.9038
vn 0.5352 0.0256 0.8444
vn 0.5369 0.0260 0.8432
vn 0.5431 0.0274 0.8392
vn 0.0440 -0.5525 -0.8323
vn 0.0442 -0.5585 -0.8283
vn 0.6291 -0.7085 -0.3198
vn 0.6286 -0.7096 -0.3182
vn 0.6251 -0.7178 -0.3066
vn 0.8103 -0.4545 0.3700
vn 0.8083 -0.4556 0.3729
vn 0.7986 -0.4610 0.3870
vn 0.5401 0.0538 0.8399
vn 0.5284 0.0526 0.8474
vn -0.0367 0.5570 0.8297
vn -0.0289 0.5570 0.8300
vn -0.6113 0.7236 0.3206
vn -0.6082 0.7288 0.3147
vn -0.6165 0.7148 0.3302
vn -0.8223 0.4358 -0.3659
vn -0.8183 0.4387 -0.3714
vn -0.8310 0.4293 -0.3537
vn -0.5576 -0.0785 -0.8264
vn -0.5604 -0.0690 -0.8253
vn -0.8211 0.4003 0.4069
vn -0.8210 0.4004 0.4070
vn -0.8195 0.4018 0.4087
vn -0.2700 0.8989 -0.3450
vn -0.3071 0.8933 -0.3283
vn -0.2243 0.9037 -0.3646
vn -0.4760 0.3246 0.8173
vn -0.4860 0.3178 0.8141
vn -0.4374 0.3497 0.8285
vn -0.3990 0.8243 0.4015
vn -0.3855 0.8267 0.4097
vn -0.3680 0.8295 0.4201
vn -0.3357 0.8261 0.4526
vn -0.3132 0.8290 0.4633
vn -0.2688 0.8331 0.4833
vn -0.2678 0.4507 0.8515
vn -0.3171 0.4242 0.8482
vn -0.1809 0.4931 0.8510
vn -0.2675 0.8678 -0.4188
vn -0.2907 0.8649 -0.4093
vn -0.2228 0.8717 -0.4364
vn -0.0642 0.2912 -0.9545
vn -0.0596 0.2945 -0.9538
vn -0.0386 0.3093 -0.9502
vn -0.7679 0.5208 -0.3728
vn -0.7646 0.5234 -0.3762
vn -0.7253 0.5507 -0.4130
vn -0.3234 0.2548 -0.9113
vn -0.2770 0.2537 -0.9268
vn -0.2366 0.2523 -0.9383
vn -0.8101 0.4618 0.3612
vn -0.8090 0.4627 0.3625
vn -0.8397 0.4368 0.3225
vn -0.5055 0.0854 0.8586
vn -0.5400 0.0881 0.8370
vn -0.4687 0.0824 0.8795
vn -0.5141 0.0862 0.8534
vn -0.5156 0.0881 0.8523
vn -0.5293 0.1065 0.8417
vn -0.9297 -0.2495 0.2709
vn -0.9243 -0.2554 0.2837
vn -0.9027 -0.2764 0.3298
vn -0.8030 -0.4544 -0.3855
vn -0.7997 -0.4493 -0.3984
vn -0.7948 -0.4421 -0.4157
vn -0.8859 -0.2314 0.4020
vn -0.8902 -0.2272 0.3949
vn -0.8537 -0.2600 0.4512
vn -0.7214 -0.4866 -0.4928
vn -0.7132 -0.4947 -0.4966
vn -0.7316 -0.4762 -0.4878
vn -0.5122 -0.0599 0.8568
vn -0.4727 -0.1955 0.8593
vn -0.3987 -0.3850 0.8324
vn -0.3268 -0.9407 -0.0912
vn -0.3459 -0.9309 -0.1174
vn -0.3132 -0.9469 -0.0728
vn -0.5041 -0.8572 0.1050
vn -0.5663 -0.8222 0.0574
vn -0.4777 -0.8697 0.1241
vn -0.5809 -0.4259 0.6937
vn -0.5778 -0.4260 0.6962
vn -0.7171 -0.4136 0.5610
vn -0.2091 -0.0985 -0.9729
vn -0.1935 -0.1160 -0.9742
vn -0.2711 -0.0272 -0.9622
vn -0.2981 -0.6975 -0.6517
vn -0.2911 -0.7139 -0.6369
vn -0.4067 -0.2633 -0.8748
vn 0.2788 -0.3404 -0.8980
vn 0.2782 -0.3268 -0.9032
vn 0.2799 -0.5564 -0.7824
vn -0.3318 0.9262 0.1793
vn -0.3275 0.9267 0.1845
vn -0.3128 0.9280 0.2023
vn -0.2609 -0.1100 -0.9591
vn -0.2628 -0.1120 -0.9583
vn -0.2531 -0.1017 -0.9621
vn -0.9388 0.1890 -0.2881
vn -0.9355 0.1951 -0.2947
vn -0.9689 0.1226 -0.2149
vn 0.9507 0.0866 0.2979
vn 0.9497 0.0901 0.2998
vn 0.9532 0.0905 0.2885
vn 0.4732 -0.1860 -0.8611
vn 0.4752 -0.1835 -0.8605
vn 0.4648 -0.1961 -0.8634
vn -0.9584 0.2776 0.0660
vn -0.9581 0.2791 0.0642
vn -0.9566 0.2862 0.0548
vn 0.9973 0.0028 -0.0738
vn 0.9979 -0.0057 -0.0643
vn 0.9973 -0.0723 0.0105
vn -0.3461 -0.4678 0.8132
vn -0.3419 -0.2803 0.8970
vn -0.3399 -0.2486 0.9070
vn -0.0962 -0.2627 0.9601
vn -0.0893 -0.2376 0.9672
vn -0.0876 -0.2315 0.9689
vn 0.9963 -0.0734 0.0453
vn 0.9864 -0.1639 0.0136
vn 0.9973 -0.0492 0.0536
vn 0.0007 0.9807 0.1956
vn -0.0079 0.9804 0.1967
vn -0.0016 0.9810 0.1939
vn 0.0130 -0.9999 -0.0018
vn -0.8177 0.5636 0.1166
vn -0.7248 0.6837 0.0849
vn -0.8354 0.5357 0.1232
vn -0.9398 0.3272 -0.0984
vn -0.9384 0.3312 -0.0986
vn -0.9410 0.3239 -0.0982
vn -0.0008 -1.0000 0.0003
vn 0.2291 0.7277 0.6465
vn -0.0492 0.6796 0.7319
vn 0.3461 0.7289 0.5907
vn 0.9996 0.0290 -0.0033
vn 0.9999 0.0165 0.0029
vn 0.9999 0.0084 0.0069
vn -0.4207 0.6167 0.6654
vn -0.4071 0.6233 0.6676
vn -0.4323 0.6109 0.6633
vn 0.0033 -1.0000 -0.0045
vn 0.9841 0.1637 0.0692
vn 0.9890 0.1249 0.0793
vn 0.9918 0.0930 0.0874
vn -0.9718 0.1914 -0.1374
vn -0.9814 0.1522 -0.1173
vn -0.9620 0.2250 -0.1546
vn -0.9834 -0.1812 0.0053
vn -0.9985 -0.0193 0.0503
vn -0.9984 0.0053 0.0570
vn 0.8655 0.4960 0.0696
vn 0.9081 0.4075 0.0963
vn 0.9187 0.3811 0.1038
vn -0.0753 0.4377 0.8960
vn -0.0749 0.4367 0.8965
vn -0.0754 0.4380 0.8958
vn -0.3688 0.6731 0.6410
vn -0.4652 0.4667 0.7522
vn -0.4869 0.4035 0.7747
vn 0.9789 0.1732 -0.1083
vn 0.9755 0.1304 -0.1774
vn 0.9609 0.0722 -0.2674
vn -0.9459 0.2725 0.1764
vn -0.9636 0.2451 0.1070
vn -0.9294 0.2915 0.2265
vn 0.4605 0.2345 -0.8561
vn 0.4742 0.2434 -0.8461
vn 0.4865 0.2514 -0.8367
vn 0.9484 0.0892 0.3042
vn 0.9458 0.0932 0.3111
vn -0.9160 0.2723 -0.2947
vn -0.9205 0.2883 -0.2638
vn -0.9093 0.2533 -0.3302
vn -0.3557 0.3181 -0.8788
vn -0.2859 0.2756 -0.9178
vn -0.4141 0.3529 -0.8390
vn 0.9426 0.2992 -0.1484
vn 0.9635 0.2341 -0.1296
vn 0.9714 0.2043 -0.1209
vn -0.9782 0.0717 -0.1947
vn -0.9820 0.0337 -0.1859
vn -0.9772 0.0799 -0.1966
vn -0.9226 0.3703 -0.1078
vn -0.8758 0.4658 -0.1263
vn -0.9363 0.3364 -0.1012
vn -0.0129 0.9809 0.1940
vn -0.0175 0.9814 0.1909
vn 0.9829 -0.0410 -0.1796
vn 0.9816 -0.0082 -0.1908
vn 0.9809 0.0026 -0.1944
vn -0.3129 0.9366 0.1575
vn -0.3169 0.9361 0.1527
vn -0.3275 0.9344 0.1400
vn -0.3973 -0.8309 0.3896
vn -0.3829 -0.8222 0.4212
vn -0.3492 -0.7991 0.4894
vn -0.8951 -0.0214 0.4454
vn -0.8950 -0.0216 0.4455
vn -0.8792 -0.0836 0.4691
vn -0.3392 0.1091 -0.9344
vn -0.3311 0.1168 -0.9363
vn -0.3007 0.1454 -0.9426
vn -0.3556 -0.3838 0.8522
vn -0.3446 -0.3733 0.8613
vn -0.3055 -0.3356 0.8911
vn -0.9096 0.1716 -0.3785
vn -0.9044 0.1831 -0.3855
vn -0.8790 0.2334 -0.4158
vn -0.9177 -0.0510 -0.3940
vn -0.9166 -0.1186 -0.3819
vn -0.9147 0.0150 -0.4039
vn -0.9418 -0.2873 0.1746
vn -0.9387 -0.2437 0.2439
vn -0.9290 -0.1975 0.3128
vn -0.3198 -0.3450 -0.8824
vn -0.3248 -0.3530 -0.8775
vn -0.2875 -0.2937 -0.9116
vn -0.5007 -0.1574 0.8512
vn -0.5036 -0.1545 0.8500
vn -0.5093 -0.1487 0.8476
vn -0.9514 -0.0135 -0.3077
vn -0.9513 -0.0132 -0.3078
vn -0.9519 -0.0174 -0.3058
vn -0.9613 -0.0914 0.2599
vn -0.9613 -0.0913 0.2599
vn -0.9630 -0.0841 0.2562
vn -0.4910 0.0842 -0.8671
vn -0.4924 0.0825 -0.8664
vn -0.4976 0.0763 -0.8641
vn -0.9437 0.0095 0.3307
vn -0.9422 -0.0010 0.3352
vn -0.9468 0.0343 0.3199
vn -0.4570 0.4451 -0.7701
vn -0.4718 0.4630 -0.7503
vn -0.4992 0.4966 -0.7101
vn -0.4221 0.0924 0.9019
vn -0.4246 0.0954 0.9004
vn -0.4448 0.1199 0.8876
vn -0.9532 0.0991 -0.2857
vn -0.9484 0.1251 -0.2912
vn -0.9583 0.0655 -0.2783
vn -0.7909 0.4264 0.4389
vn -0.7905 0.4301 0.4361
vn -0.7923 0.4140 0.4482
vn -0.3178 0.8131 -0.4877
vn -0.3236 0.8238 -0.4654
vn -0.3294 0.8345 -0.4417
vn -0.3137 0.4177 0.8527
vn -0.3140 0.4180 0.8525
vn -0.3157 0.4200 0.8509
vn -0.8041 0.5762 -0.1463
vn -0.7735 0.6148 -0.1539
vn -0.8392 0.5264 -0.1364
vn -0.1716 0.9147 0.3658
vn -0.1367 0.9041 0.4048
vn -0.1068 0.8931 0.4370
vn -0.2627 0.9647 0.0204
vn -0.2698 0.9626 0.0241
vn -0.3146 0.9480 0.0477
vn -0.2506 0.9330 0.2582
vn -0.2507 0.9294 0.2710
vn -0.2507 0.9253 0.2846
vn -0.1668 0.9755 -0.1434
vn -0.1756 0.9733 -0.1478
vn -0.1169 0.9861 -0.1184
vn -0.1431 0.9806 0.1337
vn -0.1546 0.9809 0.1177
vn -0.1234 0.9793 0.1607
vn -0.1440 0.9885 0.0453
vn -0.1554 0.9859 0.0617
vn -0.1747 0.9805 0.0894
vn 0.8894 -0.2356 -0.3918
vn 0.8471 -0.2850 -0.4486
vn 0.8046 -0.3267 -0.4959
vn -0.0470 -0.2040 -0.9778
vn -0.0723 -0.2112 -0.9748
vn -0.0927 -0.2169 -0.9718
vn -0.9462 0.2804 0.1614
vn -0.9255 0.2876 0.2463
vn -0.9151 0.2900 0.2801
vn 0.0587 0.3783 0.9238
vn 0.0606 0.3790 0.9234
vn 0.0573 0.3778 0.9241
vn 0.1530 0.8049 0.5734
vn 0.2723 0.7490 0.6040
vn -0.1541 0.8787 0.4519
vn 0.0496 0.4247 0.9040
vn 0.0555 0.4002 0.9147
vn 0.0469 0.4354 0.8990
vn -0.0441 -0.2904 -0.9559
vn -0.9485 -0.2995 0.1028
vn -0.9546 -0.2919 0.0593
vn -0.9569 -0.2880 0.0378
vn 0.9362 -0.3469 0.0570
vn 0.8774 -0.4577 0.1440
vn 0.8324 -0.5189 0.1945
vn -0.0591 -0.4430 -0.8946
vn -0.0630 -0.4447 -0.8935
vn -0.0672 -0.4464 -0.8923
vn 0.9942 0.1071 -0.0092
vn 0.9935 0.1104 -0.0291
vn 0.9945 0.1046 0.0055
vn -0.9949 0.0024 -0.1004
vn -0.9912 -0.1311 -0.0189
vn -0.9850 0.0858 -0.1500
vn -0.9594 -0.2627 0.1030
vn -0.9169 -0.3576 0.1774
vn -0.9743 -0.2151 0.0663
vn -0.9792 0.0777 0.1874
vn -0.9482 -0.1941 0.2515
vn -0.9109 -0.3091 0.2735
vn 0.5994 0.6044 0.5248
vn 0.5999 0.6043 0.5243
vn 0.5965 0.6048 0.5276
vn 0.9962 -0.0505 0.0703
vn 0.9979 -0.0426 0.0479
vn 0.9008 -0.1660 0.4012
vn 0.7999 -0.3108 0.5134
vn 0.9278 -0.3686 0.0581
vn 0.9401 -0.3391 0.0351
vn 0.9514 -0.3079 0.0110
vn -0.9795 0.1968 -0.0430
vn -0.9857 0.1670 -0.0205
vn -0.9727 0.2234 -0.0632
vn -0.9431 0.1660 -0.2881
vn -0.9212 0.0790 -0.3810
vn -0.9483 0.2100 -0.2380
vn -0.9759 0.1126 -0.1870
vn -0.9736 0.0919 -0.2090
vn -0.9766 0.1208 -0.1781
vn -0.9848 0.1733 -0.0104
vn -0.9848 0.1732 -0.0105
vn -0.9848 0.1734 -0.0104
vn 0.8409 -0.4206 -0.3406
vn 0.8690 -0.4443 -0.2179
vn 0.8204 -0.4053 -0.4033
vn 0.9386 -0.2134 0.2712
vn 0.9321 -0.3330 0.1423
vn 0.9121 -0.4062 0.0549
vn -0.0812 -0.3383 -0.9375
vn -0.0726 -0.3320 -0.9405
vn -0.0664 -0.3274 -0.9426
vn 0.9751 -0.2074 0.0787
vn 0.8608 -0.4827 0.1611
vn 0.9934 -0.1041 0.0474
vn -0.9951 0.0990 -0.0047
vn -0.9921 0.1249 0.0144
vn -0.9967 0.0791 -0.0194
vn 0.1611 0.1855 0.9693
vn 0.0974 0.1911 0.9767
vn 0.1234 0.2115 0.9696
vn 0.0780 0.1758 0.9813
vn -0.9555 -0.2376 0.1747
vn -0.9609 -0.2336 0.1488
vn -0.9636 -0.2312 0.1340
vn 0.9880 0.0801 -0.1324
vn 0.9886 0.0953 -0.1168
vn 0.9887 0.1082 -0.1035
vn 0.4158 -0.8889 0.1924
vn -0.9236 -0.3200 0.2113
vn 0.9802 0.1147 -0.1617
vn -0.0672 -0.3834 -0.9211
vn 0.8136 -0.5042 0.2894
vn -0.8986 -0.4380 -0.0242
vn -0.1455 -0.9598 0.2399
vn -0.1456 -0.9597 0.2403
vn -0.1455 -0.9598 0.2398
vn 0.9912 -0.0805 -0.1053
vn 0.9846 -0.1176 -0.1296
vn 0.9754 -0.1567 -0.1552
vn 0.9541 -0.2981 0.0293
vn 0.9542 -0.2977 0.0300
vn 0.9541 -0.2978 0.0309
vn -0.9746 -0.2119 0.0727
vn -0.1470 -0.9687 0.2002
vn 0.9531 -0.3012 0.0293
vn 0.9514 -0.3078 0.0122
vn -0.9904 0.1385 0.0009
vn -0.1496 -0.9859 0.0755
vn 0.8601 0.5091 -0.0317
vn 0.8620 0.5057 -0.0352
vn 0.8659 0.4984 -0.0424
vn 0.0798 0.2399 0.9675
vn 0.0497 0.2383 0.9699
vn 0.0285 0.2371 0.9711
vn 0.0252 0.2907 0.9565
vn 0.0376 0.2867 0.9573
vn 0.0432 0.2849 0.9576
vn -0.9983 -0.0294 0.0493
vn -0.9942 -0.0360 0.1013
vn -0.9906 -0.0397 0.1308
vn -0.0392 -0.3102 -0.9499
vn -0.0165 -0.3193 -0.9475
vn -0.0467 -0.3076 -0.9504
vn -0.5110 -0.8147 0.2741
vn -0.5217 -0.8136 0.2565
vn -0.5342 -0.8119 0.2356
vn -0.8216 -0.5306 0.2085
vn -0.8293 -0.5274 0.1846
vn -0.8350 -0.5246 0.1659
vn -0.0225 -0.3156 -0.9486
vn -0.0285 -0.3180 -0.9477
vn 0.8484 0.4964 -0.1840
vn 0.8431 0.5006 -0.1965
vn 0.8600 0.4863 -0.1547
vn 0.9655 -0.2590 -0.0289
vn -0.0520 -0.3088 -0.9497
vn -0.0520 -0.3070 -0.9503
vn -0.0520 -0.3034 -0.9514
vn 0.5778 0.7727 -0.2630
vn 0.5767 0.7730 -0.2642
vn 0.5996 0.7644 -0.2369
vn 0.0945 0.2780 0.9559
vn 0.0938 0.2858 0.9537
vn 0.0962 0.2570 0.9616
vn -0.6252 -0.7488 0.2199
vn -0.6225 -0.7495 0.2252
vn -0.6187 -0.7505 0.2326
vn 0.0751 0.2080 0.9752
vn 0.0489 0.2127 0.9759
vn 0.0327 0.2155 0.9760
vn -0.0430 -0.3072 -0.9507
vn -0.0361 -0.3084 -0.9506
vn -0.0465 -0.3065 -0.9507
vn 0.9648 0.2601 -0.0394
vn 0.9593 0.2727 -0.0738
vn 0.9698 0.2440 0.0028
vn 0.0636 -0.2652 -0.9621
vn 0.0680 -0.2896 -0.9547
vn 0.0781 -0.3463 -0.9349
vn 0.0219 -0.3462 -0.9379
vn 0.0340 -0.3441 -0.9383
vn -0.0020 -0.3502 -0.9367
vn 0.7002 0.6818 -0.2119
vn 0.7010 0.6814 -0.2105
vn 0.6961 0.6838 -0.2189
vn 0.0603 0.2534 0.9655
vn 0.0627 0.2538 0.9652
vn 0.0671 0.2545 0.9647
vn 0.9884 -0.1111 -0.1033
vn 0.5720 0.7922 -0.2126
vn 0.5723 0.7921 -0.2122
vn 0.5686 0.7934 -0.2172
vn 0.0403 0.2409 0.9697
vn 0.0421 0.2288 0.9726
vn 0.0365 0.2656 0.9634
vn -0.4255 -0.8798 0.2119
vn -0.4220 -0.8801 0.2176
vn -0.4180 -0.8803 0.2244
vn -0.3851 -0.8913 0.2395
vn -0.3628 -0.9097 0.2021
vn -0.3980 -0.8792 0.2617
vn -0.0109 -0.3011 -0.9535
vn 0.0367 -0.3026 -0.9524
vn -0.0454 -0.2995 -0.9530
vn -0.8719 -0.4884 0.0354
vn -0.8680 -0.4960 0.0224
vn -0.8736 -0.4848 0.0416
vn 0.0385 0.1468 0.9884
vn 0.0317 0.1478 0.9885
vn 0.0226 0.1491 0.9886
vn -0.0975 0.9730 -0.2092
vn -0.0881 0.9715 -0.2202
vn -0.0647 0.9668 -0.2473
vn -0.0066 0.2187 0.9758
vn -0.0174 0.2248 0.9742
vn -0.0185 0.2243 0.9743
vn 0.4211 0.8853 -0.1973
vn 0.4352 0.8750 -0.2123
vn 0.4603 0.8549 -0.2393
vn 0.0928 -0.2781 -0.9561
vn 0.1002 -0.2745 -0.9564
vn 0.0758 -0.2862 -0.9552
vn 0.9969 0.0609 0.0495
vn 0.0040 -0.2148 -0.9766
vn 0.0052 -0.2135 -0.9769
vn -0.0007 -0.2201 -0.9755
vn 0.0154 -0.9754 0.2201
vn 0.0290 -0.9799 0.1973
vn 0.0039 -0.9709 0.2393
vn -0.0101 0.2139 0.9768
vn -0.0157 0.2253 0.9742
vn 0.9758 0.1699 -0.1379
vn 0.8256 -0.3999 0.3980
vn 0.8785 -0.3473 0.3281
vn 0.9835 -0.1587 0.0866
vn 0.8051 -0.5876 -0.0808
vn 0.8104 -0.5425 -0.2211
vn 0.7762 -0.6245 0.0874
vn 0.8918 -0.4224 0.1619
vn 0.8449 -0.4480 0.2925
vn 0.9203 -0.3899 0.0332
vn 0.8315 -0.5503 -0.0754
vn 0.8648 -0.5015 -0.0238
vn 0.9151 -0.3953 0.0793
vn -0.9680 0.1916 0.1617
vn -0.9667 0.1959 0.1648
vn -0.9690 0.1885 0.1595
vn -0.9849 0.0750 -0.1557
vn -0.9855 0.0740 -0.1528
vn -0.9861 0.0729 -0.1494
vn -0.9781 0.1430 -0.1510
vn -0.9847 0.1300 -0.1162
vn -0.9936 0.1034 -0.0458
vn -0.9923 0.1235 0.0091
vn -0.9923 0.1239 0.0066
vn -0.9922 0.1244 0.0044
vn -0.0794 0.2726 0.9588
vn -0.0955 0.3646 0.9263
vn -0.0457 0.0851 0.9953
vn -0.9292 -0.2918 0.2266
vn -0.9288 -0.3094 0.2040
vn -0.9292 -0.2874 0.2322
vn -0.0452 -0.4946 -0.8680
vn -0.0394 -0.4875 -0.8722
vn -0.0283 -0.4739 -0.8801
vn 0.0982 0.3471 0.9327
vn 0.1048 0.3555 0.9288
vn 0.0855 0.3308 0.9398
vn 0.3775 -0.8584 0.3473
vn 0.0513 -0.5484 -0.8347
vn 0.0379 -0.5633 -0.8254
vn 0.0197 -0.5828 -0.8124
vn 0.0282 0.4578 0.8886
vn 0.0259 0.4546 0.8903
vn 0.0326 0.4637 0.8854
vn 0.9619 0.2220 -0.1595
vn -0.9193 -0.3912 -0.0428
vn -0.9198 -0.3786 0.1028
vn -0.9121 -0.3686 0.1795
vn -0.4644 -0.8840 -0.0531
vn -0.5229 -0.8219 -0.2259
vn -0.3716 -0.9151 0.1567
vn 0.5940 -0.7269 -0.3447
vn 0.5923 -0.7297 -0.3417
vn 0.5050 -0.8393 -0.2011
vn -0.1483 0.6128 0.7762
vn -0.1482 0.6153 0.7742
vn -0.1452 0.6598 0.7373
vn 0.8967 0.4374 -0.0678
vn 0.7777 0.5367 0.3273
vn 0.8996 0.3760 -0.2222
vn 0.9944 0.0888 -0.0580
vn 0.9876 0.1488 0.0498
vn 0.9932 0.0680 -0.0948
vn -0.5937 -0.5254 0.6095
vn -0.6430 -0.4160 0.6431
vn -0.5354 -0.6262 0.5667
vn -0.9096 -0.3196 0.2654
vn -0.9092 -0.2753 0.3124
vn -0.9092 -0.3302 0.2537
vn -0.9297 -0.3156 0.1896
vn -0.9327 -0.3188 0.1689
vn -0.9334 -0.3196 0.1633
vn -0.1506 -0.0114 0.9885
vn -0.3229 0.0062 0.9464
vn -0.4270 0.0173 0.9041
vn -0.1553 0.5715 0.8058
vn -0.1317 0.5432 0.8292
vn -0.1171 0.5253 0.8428
vn 0.4724 0.8478 0.2411
vn 0.4617 0.8528 0.2441
vn 0.4158 0.8726 0.2563
vn 0.8029 0.5814 -0.1314
vn 0.7843 0.6077 -0.1249
vn 0.6591 0.7474 -0.0842
vn 0.2883 -0.5064 -0.8127
vn 0.6216 -0.5959 -0.5084
vn 0.2412 -0.4873 -0.8392
vn 0.1964 -0.9692 0.1485
vn 0.1992 -0.9685 0.1496
vn 0.1996 -0.9684 0.1497
vn -0.5089 0.5689 0.6460
vn -0.4770 0.5589 0.6783
vn -0.4693 0.5563 0.6858
vn -0.3631 0.1383 0.9214
vn -0.7295 -0.0749 0.6798
vn -0.7736 -0.1085 0.6243
vn -0.1361 0.8539 0.5023
vn -0.1404 0.8525 0.5036
vn -0.1057 0.8636 0.4929
vn 0.8600 0.2990 0.4135
vn 0.9348 -0.3467 -0.0774
vn 0.9349 -0.3456 -0.0806
vn 0.9327 -0.3051 -0.1921
vn 0.6897 -0.3694 -0.6227
vn 0.6657 -0.3131 -0.6773
vn 0.5491 -0.1040 -0.8292
vn -0.1787 0.0500 -0.9826
vn -0.1724 0.0402 -0.9842
vn -0.2585 0.1780 -0.9495
vn -0.8955 0.4259 -0.1288
vn -0.7285 0.6842 0.0348
vn -0.7176 0.6923 0.0760
vn -0.7062 0.6987 0.1145
vn -0.8914 0.3227 -0.3182
vn -0.8145 0.3075 -0.4920
vn -0.8130 0.2988 -0.4997
vn -0.8178 0.3294 -0.4718
vn 0.0003 -1.0000 0.0024
vn 0.0003 -1.0000 0.0027
vn -0.0003 -1.0000 0.0025
vn -0.0003 -1.0000 0.0028
vn 0.0002 -1.0000 0.0021
vn 0.2818 -0.0832 -0.9559
vn 0.8376 -0.0639 -0.5426
vn 0.8792 0.1059 0.4646
vn 0.2819 0.0755 0.9565
vn 0.1371 -0.4582 -0.8782
vn 0.8065 -0.1579 0.5698
vn 0.2821 0.0471 0.9582
vn 0.7345 -0.4838 -0.4758
vn 0.2188 -0.1385 -0.9659
vn 0.2091 0.1655 0.9638
vn 0.2944 0.5601 -0.7744
vn 0.1156 0.4729 0.8735
vn 0.1970 0.2911 -0.9362
vn 0.2147 0.3941 -0.8936
vn 0.2313 0.1152 0.9660
vn 0.7661 0.6038 -0.2202
vn 0.5500 0.5476 0.6306
vn 0.3714 -0.2926 0.8811
vn 0.2394 -0.2097 -0.9480
vn 0.2948 0.3004 -0.9071
vn 0.3852 -0.0856 0.9189
vn 0.2754 -0.9522 0.1323
vn -0.1651 -0.9666 -0.1961
vn 0.7940 0.2045 -0.5725
vn 0.8465 0.1012 0.5227
vn -0.3877 -0.1685 0.9063
vn 0.0241 0.0204 0.9995
vn -0.9163 -0.3510 -0.1931
vn -0.9037 -0.0406 0.4262
vn 0.3576 -0.3230 -0.8763
vn 0.2973 0.2994 -0.9067
vn 0.4927 0.0113 0.8701
vn 0.9218 -0.0459 -0.3850
vn 0.4244 0.2724 -0.8635
vn 0.9535 0.0820 0.2902
vn 0.9286 -0.0945 0.3589
vn 0.9371 0.1548 -0.3128
vn -0.9510 -0.1076 0.2900
vn 0.3937 -0.1270 0.9104
vn 0.9450 -0.0545 0.3224
vn -0.9544 -0.0696 -0.2902
vn -0.3878 -0.2055 0.8986
vn 0.4467 -0.2457 0.8603
vn -0.4934 0.0015 -0.8698
vn -0.9073 -0.2727 0.3201
vn -0.4161 -0.3473 0.8404
vn 0.4855 0.0850 -0.8701
vn -0.8839 -0.2144 -0.4156
vn -0.9069 -0.3052 0.2905
vn 0.4201 0.1321 -0.8978
vn -0.3612 -0.1239 -0.9242
vn -0.9347 -0.1082 -0.3385
vn -0.4871 -0.0843 0.8693
vn 0.3921 -0.0340 -0.9193
vn -0.4437 0.0962 -0.8910
vn 0.9516 0.1016 -0.2900
vn -0.4396 0.2278 -0.8688
vn -0.9494 0.1083 -0.2949
vn -0.9384 -0.0013 0.3456
vn -0.4582 -0.1274 0.8797
vn 0.4118 -0.0789 0.9078
vn 0.9042 0.1159 0.4111
vn 0.9465 0.2290 -0.2274
vn 0.4638 0.2802 -0.8405
vn 0.9391 -0.1534 -0.3075
vn 0.9394 0.0706 0.3356
vn -0.9373 -0.1556 -0.3117
vn 0.4422 -0.0486 0.8956
vn -0.4471 -0.0347 -0.8938
vn -0.4402 -0.1564 0.8842
vn 0.9374 0.1529 -0.3130
vn -0.9202 -0.1855 0.3447
vn -0.4312 -0.0692 -0.8996
vn -0.9276 -0.1452 -0.3441
vn -0.3693 -0.2277 0.9010
vn 0.9278 -0.1621 0.3359
vn 0.4484 -0.1535 -0.8805
vn -0.4437 -0.1382 -0.8855
vn -0.9230 -0.1916 0.3336
vn 0.4730 -0.2000 0.8580
vn 0.9141 0.1824 -0.3621
vn -0.8814 -0.2272 0.4140
vn 0.4068 0.0046 0.9135
vn 0.9410 0.1045 -0.3218
vn -0.8813 -0.2365 -0.4092
vn -0.3729 -0.1087 0.9215
vn 0.9361 0.0551 0.3474
vn 0.4133 0.1017 -0.9049
vn 0.8123 0.2151 0.5421
vn 0.3846 0.0972 0.9179
vn -0.4377 0.1074 0.8927
vn -0.9002 -0.1628 0.4040
vn -0.9014 -0.3003 -0.3119
vn 0.0381 0.1976 -0.9795
vn 0.1635 -0.0376 -0.9858
vn 0.2559 0.6722 0.6948
vn 0.9163 0.2243 -0.3317
vn 0.5706 -0.0734 -0.8180
vn 0.8339 0.5418 0.1053
vn 0.7770 0.5471 0.3114
vn 0.8321 0.4392 -0.3387
vn -0.8562 -0.2471 0.4536
vn 0.1326 0.4942 0.8592
vn 0.6076 0.7158 0.3443
vn -0.7664 -0.6393 -0.0621
vn -0.5283 0.0525 0.8474
vn 0.0321 0.5481 0.8358
vn -0.1957 -0.7344 -0.6499
vn -0.7831 -0.4836 0.3911
vn -0.5550 0.0470 0.8305
vn 0.5714 -0.3155 -0.7576
vn -0.5497 -0.7798 -0.2996
vn -0.8201 -0.4600 0.3405
vn 0.8162 0.4789 -0.3233
vn 0.0699 -0.6304 -0.7731
vn -0.6231 -0.7019 -0.3451
vn -0.5394 0.2656 0.7991
vn 0.6406 -0.2064 -0.7396
vn -0.0377 -0.5437 -0.8385
vn 0.8911 0.1797 -0.4167
vn 0.7935 0.4124 -0.4476
vn -0.7034 -0.6463 0.2959
vn 0.4162 0.1783 -0.8916
vn 0.8130 0.4770 0.3339
vn -0.8066 -0.5769 -0.1291
vn 0.4194 0.1608 0.8934
vn -0.4573 -0.3096 -0.8337
vn -0.2903 -0.3278 0.8990
vn -0.2792 -0.3408 0.8977
vn -0.3010 -0.2837 -0.9105
vn 0.3986 0.1900 0.8972
vn -0.7274 -0.5881 -0.3535
vn 0.7700 0.5322 0.3519
vn 0.3639 0.2087 -0.9078
vn -0.7144 -0.6134 0.3366
vn 0.7658 0.5381 -0.3521
vn 0.7088 0.6104 -0.3536
vn -0.8383 -0.4280 0.3377
vn 0.3798 0.1887 -0.9056
vn 0.5776 0.7386 0.3477
vn -0.7328 -0.5853 -0.3470
vn 0.0589 0.5231 0.8502
vn -0.2551 -0.3435 -0.9038
vn -0.5431 0.0274 0.8392
vn -0.6324 -0.7003 -0.3312
vn -0.8194 -0.4491 0.3563
vn 0.6165 0.7148 0.3302
vn 0.8310 0.4293 -0.3537
vn 0.8195 0.4018 0.4087
vn 0.3552 0.8835 -0.3053
vn 0.5240 0.2913 0.8003
vn 0.3680 0.8295 0.4201
vn 0.2688 0.8331 0.4833
vn 0.4394 0.3498 0.8274
vn 0.3537 0.8541 -0.3814
vn 0.0386 0.3093 -0.9502
vn 0.7253 0.5507 -0.4130
vn 0.3695 0.2552 -0.8935
vn 0.7839 0.4814 0.3921
vn 0.5684 0.0903 0.8178
vn 0.4955 0.0620 0.8664
vn 0.9027 -0.2764 0.3298
vn 0.8071 -0.4609 -0.3690
vn 0.8537 -0.2600 0.4512
vn 0.7316 -0.4762 -0.4878
vn 0.5379 0.0571 0.8411
vn 0.3649 -0.9199 -0.1438
vn 0.5993 -0.7999 0.0306
vn 0.3534 -0.4169 0.8375
vn 0.1215 -0.1943 -0.9734
vn 0.4067 -0.2633 -0.8748
vn -0.2644 -0.1362 -0.9548
vn 0.3461 0.9242 0.1616
vn 0.2703 -0.1199 -0.9553
vn 0.8974 0.2551 -0.3601
vn -0.9532 0.0905 0.2885
vn -0.4833 -0.1736 -0.8580
vn 0.9597 0.2709 0.0748
vn -0.9973 -0.0723 0.0105
vn 0.3399 -0.2486 0.9070
vn 0.0876 -0.2315 0.9689
vn -0.9973 -0.0492 0.0536
vn -0.0039 0.9801 0.1984
vn 0.8354 0.5357 0.1232
vn 0.9410 0.3239 -0.0982
vn -0.3461 0.7289 0.5907
vn -0.9992 0.0401 -0.0088
vn 0.4323 0.6109 0.6633
vn -0.9757 0.2115 0.0565
vn 0.9620 0.2250 -0.1546
vn 0.9782 -0.2075 -0.0022
vn -0.8500 0.5233 0.0609
vn 0.0748 0.4364 0.8966
vn 0.4869 0.4035 0.7747
vn -0.9755 0.2171 -0.0348
vn 0.9294 0.2915 0.2265
vn -0.4509 0.2283 -0.8629
vn 0.9093 0.2533 -0.3302
vn 0.4141 0.3529 -0.8390
vn -0.9306 0.3304 -0.1573
vn 0.9772 0.0799 -0.1966
vn 0.9363 0.3364 -0.1012
vn -0.9831 -0.0552 -0.1747
vn 0.3035 0.9378 0.1687
vn 0.3492 -0.7991 0.4894
vn 0.9051 0.0307 0.4240
vn 0.3691 0.0801 -0.9259
vn 0.3055 -0.3356 0.8911
vn 0.9281 0.1267 -0.3503
vn 0.9131 -0.1671 -0.3720
vn 0.9290 -0.1975 0.3128
vn 0.3521 -0.3971 -0.8475
vn 0.4950 -0.1631 0.8534
vn 0.9508 -0.0092 -0.3098
vn 0.9595 -0.0987 0.2637
vn 0.4859 0.0903 -0.8693
vn 0.9371 -0.0305 0.3477
vn 0.4992 0.4966 -0.7101
vn 0.3998 0.0659 0.9142
vn 0.9389 0.1686 -0.2999
vn 0.7880 0.4480 0.4223
vn 0.3294 0.8345 -0.4417
vn 0.3116 0.4151 0.8548
vn 0.7045 0.6895 -0.1684
vn 0.2286 0.9266 0.2985
vn 0.1870 0.9822 -0.0185
vn 0.2503 0.9403 0.2305
vn 0.2499 0.9505 -0.1846
vn 0.1747 0.9805 0.0894
vn -0.8046 -0.3267 -0.4959
vn 0.0927 -0.2169 -0.9718
vn 0.9151 0.2900 0.2801
vn -0.0573 0.3778 0.9241
vn -0.5565 0.5404 0.6310
vn -0.0469 0.4354 0.8990
vn 0.9437 -0.3040 0.1307
vn -0.9530 -0.3021 0.0230
vn 0.0560 -0.4417 -0.8954
vn -0.9945 0.1046 0.0055
vn 0.9850 0.0858 -0.1500
vn 0.9743 -0.2151 0.0663
vn 0.9687 0.1940 0.1549
vn -0.6035 0.6037 0.5210
vn -0.9513 0.0816 -0.2971
vn 0.9727 0.2234 -0.0632
vn 0.9025 0.0303 -0.4297
vn 0.9721 0.0819 -0.2196
vn -0.8809 -0.4576 -0.1208
vn -0.9121 -0.4062 0.0549
vn 0.0875 -0.3428 -0.9353
vn -0.9934 -0.1041 0.0474
vn 0.9967 0.0791 -0.0194
vn -0.0780 0.1758 0.9813
vn 0.9513 -0.2403 0.1929
vn -0.9868 0.0643 -0.1485
vn -0.9973 -0.0254 -0.0690
vn -0.9528 -0.3021 0.0299
vn -0.8562 0.5161 -0.0247
vn -0.1109 0.2412 0.9641
vn -0.0196 0.2924 0.9561
vn 0.9995 -0.0254 0.0181
vn 0.0467 -0.3076 -0.9504
vn 0.4965 -0.8157 0.2970
vn 0.8151 -0.5329 0.2272
vn -0.8600 0.4863 -0.1547
vn 0.0519 -0.3115 -0.9488
vn -0.5996 0.7644 -0.2369
vn -0.0962 0.2570 0.9616
vn 0.6293 -0.7477 0.2119
vn -0.1006 0.2033 0.9739
vn 0.0465 -0.3065 -0.9507
vn -0.9698 0.2440 0.0028
vn -0.0549 -0.2162 -0.9748
vn 0.0020 -0.3502 -0.9367
vn -0.6961 0.6838 -0.2189
vn -0.0544 0.2525 0.9661
vn -0.5686 0.7934 -0.2172
vn -0.0365 0.2656 0.9634
vn 0.4298 -0.8795 0.2046
vn 0.3980 -0.8792 0.2617
vn 0.0454 -0.2995 -0.9530
vn 0.8736 -0.4848 0.0416
vn -0.0532 0.1446 0.9881
vn 0.1217 0.9760 -0.1806
vn -0.3901 0.9059 -0.1648
vn -0.0758 -0.2862 -0.9552
vn 0.0007 -0.2201 -0.9755
vn -0.0039 -0.9709 0.2393
vn 0.0162 0.2070 0.9782
vn -0.9835 -0.1587 0.0866
vn -0.7762 -0.6245 0.0874
vn -0.9203 -0.3899 0.0332
vn -0.7755 -0.6138 -0.1480
vn 0.9690 0.1885 0.1595
vn 0.9841 0.0765 -0.1602
vn 0.9598 0.1696 -0.2235
vn 0.9923 0.1229 0.0120
vn 0.1099 0.4486 0.8869
vn 0.9292 -0.2874 0.2322
vn 0.0575 -0.5094 -0.8586
vn -0.0855 0.3308 0.9398
vn -0.0666 -0.5311 -0.8447
vn -0.0326 0.4637 0.8854
vn 0.9138 -0.3939 -0.0995
vn 0.5592 -0.7389 -0.3759
vn -0.6494 -0.6103 -0.4536
vn 0.1452 0.6598 0.7373
vn -0.8996 0.3760 -0.2222
vn -0.9932 0.0680 -0.0948
vn 0.5354 -0.6262 0.5667
vn 0.9092 -0.3302 0.2537
vn 0.4270 0.0173 0.9041
vn 0.1171 0.5253 0.8428
vn -0.5272 0.8194 0.2249
vn -0.9018 0.3974 -0.1700
vn -0.6928 -0.5986 -0.4022
vn -0.1996 -0.9684 0.1497
vn 0.4693 0.5563 0.6858
vn 0.7736 -0.1085 0.6243
vn 0.1602 0.8455 0.5094
vn -0.9213 -0.3859 0.0482
vn -0.7324 -0.5159 -0.4443
vn 0.0775 -0.1047 -0.9915
vn 0.7062 0.6987 0.1145
vn 0.8083 0.2748 -0.5206
vn -0.3111 -0.1023 -0.9449
vn -0.8376 -0.0639 -0.5426
vn -0.8332 0.0555 0.5502
vn -0.2513 0.0561 0.9663
vn -0.1371 -0.4582 -0.8782
vn -0.8065 -0.1579 0.5698
vn -0.2821 0.0471 0.9582
vn -0.8047 -0.4232 -0.4164
vn -0.2188 -0.1385 -0.9659
vn -0.2091 0.1655 0.9638
vn -0.2944 0.5601 -0.7744
vn -0.1156 0.4729 0.8735
vn -0.2310 0.2756 -0.9331
vn -0.2147 0.3941 -0.8936
vn -0.2812 0.0759 0.9567
vn -0.7661 0.6038 -0.2202
vn -0.6377 0.5368 0.5524
vn -0.6572 -0.4877 0.5747
vn -0.0909 -0.2743 -0.9573
vn -0.2856 0.2958 -0.9116
vn -0.3852 -0.0856 0.9189
vn -0.2754 -0.9522 0.1323
vn 0.2050 -0.9570 -0.2052
vn -0.8411 0.3703 -0.3943
vn -0.8465 0.1012 0.5227
vn 0.3877 -0.1685 0.9063
vn -0.0305 -0.0310 0.9991
vn 0.9476 0.2399 -0.2111
vn 0.8316 -0.3613 0.4218
vn -0.3508 -0.2717 -0.8961
vn -0.4240 -0.2197 -0.8786
vn -0.4927 0.0113 0.8701
vn -0.9550 -0.0734 -0.2874
vn -0.4623 0.2203 -0.8589
vn -0.9535 0.0820 0.2902
vn -0.9552 -0.0699 0.2875
vn -0.9501 0.1100 -0.2921
vn 0.9409 -0.0917 0.3262
vn -0.4961 -0.0875 0.8639
vn -0.9444 -0.0565 0.3238
vn 0.9647 -0.0572 -0.2569
vn 0.3878 -0.2055 0.8986
vn -0.4459 -0.2464 0.8605
vn 0.5167 0.0079 -0.8561
vn 0.9073 -0.2727 0.3201
vn 0.4161 -0.3473 0.8404
vn -0.4855 0.0850 -0.8701
vn 0.8839 -0.2144 -0.4156
vn 0.9069 -0.3052 0.2905
vn -0.4201 0.1321 -0.8978
vn 0.4865 -0.1099 -0.8667
vn 0.8860 -0.1648 -0.4333
vn 0.4871 -0.0843 0.8693
vn -0.4964 -0.0531 -0.8665
vn 0.4062 0.0595 -0.9118
vn -0.9516 0.1016 -0.2900
vn 0.4396 0.2278 -0.8688
vn 0.9494 0.1083 -0.2949
vn 0.9384 -0.0013 0.3456
vn 0.4582 -0.1274 0.8797
vn -0.3910 -0.0969 0.9153
vn -0.9068 0.1239 0.4030
vn -0.9023 0.2956 -0.3139
vn -0.3745 0.3168 -0.8714
vn -0.9510 -0.1393 -0.2760
vn -0.9447 0.0599 0.3226
vn 0.9373 -0.1556 -0.3117
vn -0.4469 -0.0514 0.8931
vn 0.4471 -0.0347 -0.8938
vn 0.4153 -0.1721 0.8933
vn -0.9321 0.1229 -0.3408
vn 0.9202 -0.1855 0.3447
vn 0.3874 -0.0316 -0.9214
vn 0.9276 -0.1452 -0.3441
vn 0.3693 -0.2277 0.9010
vn -0.9255 -0.1591 0.3438
vn -0.4795 -0.1395 -0.8664
vn 0.4185 -0.1255 -0.8995
vn 0.9230 -0.1916 0.3336
vn -0.4730 -0.2000 0.8580
vn -0.9101 0.1676 -0.3790
vn 0.8814 -0.2272 0.4140
vn -0.4068 0.0046 0.9135
vn -0.9279 0.0811 -0.3639
vn 0.8813 -0.2365 -0.4092
vn 0.3729 -0.1087 0.9215
vn -0.9161 0.0764 0.3937
vn -0.3707 0.0698 -0.9261
vn -0.9101 0.1370 0.3910
vn -0.3846 0.0972 0.9179
vn 0.4377 0.1074 0.8927
vn 0.9002 -0.1628 0.4040
vn 0.9088 0.0082 -0.4171
vn 0.2342 -0.5034 -0.8317
vn -0.3128 0.2204 -0.9239
vn -0.2534 0.6711 0.6967
vn -0.8897 0.1827 -0.4184
vn -0.8407 0.5360 0.0766
vn -0.8401 0.5313 0.1097
vn -0.8110 0.4628 -0.3579
vn 0.8562 -0.2471 0.4536
vn -0.3033 0.6165 0.7266
vn -0.5884 0.7390 0.3282
vn 0.7664 -0.6393 -0.0621
vn 0.5283 0.0525 0.8474
vn 0.1957 -0.7344 -0.6499
vn 0.7831 -0.4836 0.3911
vn 0.5550 0.0470 0.8305
vn -0.5260 -0.3419 -0.7788
vn 0.5497 -0.7798 -0.2996
vn 0.8201 -0.4600 0.3405
vn -0.8162 0.4789 -0.3233
vn -0.0699 -0.6304 -0.7731
vn 0.6231 -0.7019 -0.3451
vn 0.5394 0.2656 0.7991
vn -0.6406 -0.2064 -0.7396
vn 0.0377 -0.5437 -0.8385
vn -0.8937 0.1835 -0.4094
vn -0.7926 0.4876 -0.3661
vn 0.7034 -0.6463 0.2959
vn -0.4162 0.1783 -0.8916
vn -0.8202 0.4721 0.3232
vn 0.8066 -0.5769 -0.1291
vn -0.4263 0.1607 0.8902
vn 0.4573 -0.3096 -0.8337
vn -0.3503 -0.2539 0.9016
vn 0.2792 -0.3408 0.8977
vn 0.3090 -0.3055 -0.9007
vn -0.3986 0.1900 0.8972
vn 0.7253 -0.6004 -0.3368
vn -0.7803 0.5275 0.3360
vn -0.3706 0.2277 -0.9004
vn 0.7144 -0.6134 0.3366
vn -0.7641 0.5504 -0.3365
vn -0.7088 0.6104 -0.3536
vn 0.8323 -0.4335 0.3454
vn -0.3798 0.1887 -0.9056
vn -0.5776 0.7386 0.3477
vn 0.7359 -0.5775 -0.3533
vn -0.0589 0.5231 0.8502
vn 0.2559 -0.3338 -0.9072
vn 0.5287 0.0240 0.8485
vn 0.6324 -0.7003 -0.3312
vn 0.8194 -0.4491 0.3563
vn -0.0356 0.5644 0.8247
vn -0.6027 0.7375 0.3048
vn -0.8088 0.4453 -0.3840
vn -0.5481 -0.0775 -0.8328
vn -0.8232 0.3983 0.4046
vn -0.3552 0.8835 -0.3053
vn -0.5240 0.2913 0.8003
vn -0.4177 0.8207 0.3899
vn -0.3957 0.8156 0.4222
vn -0.4394 0.3498 0.8274
vn -0.3537 0.8541 -0.3814
vn -0.0900 0.2727 -0.9579
vn -0.8139 0.4827 -0.3233
vn -0.3695 0.2552 -0.8935
vn -0.7839 0.4814 0.3921
vn -0.5684 0.0903 0.8178
vn -0.4955 0.0620 0.8664
vn -0.9462 -0.2296 0.2280
vn -0.8071 -0.4609 -0.3690
vn -0.9275 -0.1861 0.3242
vn -0.6911 -0.5157 -0.5064
vn -0.5379 0.0571 0.8411
vn -0.3649 -0.9199 -0.1438
vn -0.5993 -0.7999 0.0306
vn -0.3534 -0.4169 0.8375
vn -0.1215 -0.1943 -0.9734
vn -0.1295 -0.9463 -0.2962
vn 0.2644 -0.1362 -0.9548
vn -0.3461 0.9242 0.1616
vn -0.2703 -0.1199 -0.9553
vn -0.8974 0.2551 -0.3601
vn 0.9477 0.0834 0.3081
vn 0.4833 -0.1736 -0.8580
vn -0.9597 0.2709 0.0748
vn 0.9873 0.0661 -0.1442
vn -0.3450 -0.5091 0.7886
vn -0.0980 -0.2691 0.9581
vn 0.9819 -0.1891 0.0046
vn 0.0039 0.9801 0.1984
vn -0.6992 0.7108 0.0767
vn -0.9365 0.3364 -0.0989
vn -0.1830 0.6350 0.7505
vn 0.9992 0.0401 -0.0088
vn -0.4000 0.6267 0.6687
vn 0.9757 0.2115 0.0565
vn -0.9910 0.0991 -0.0900
vn -0.9782 -0.2075 -0.0022
vn 0.8500 0.5233 0.0609
vn -0.0748 0.4364 0.8966
vn -0.3394 0.7205 0.6048
vn 0.9755 0.2171 -0.0348
vn -0.9737 0.2221 0.0508
vn 0.4509 0.2283 -0.8629
vn -0.9237 0.3029 -0.2347
vn -0.2372 0.2455 -0.9399
vn 0.9306 0.3304 -0.1573
vn -0.9829 0.0216 -0.1830
vn -0.8555 0.5004 -0.1328
vn 0.9831 -0.0552 -0.1747
vn -0.3035 0.9378 0.1687
vn -0.4235 -0.8446 0.3276
vn -0.9051 0.0307 0.4240
vn -0.3691 0.0801 -0.9259
vn -0.3965 -0.4230 0.8147
vn -0.9281 0.1267 -0.3503
vn -0.9131 -0.1671 -0.3720
vn -0.9404 -0.3150 0.1284
vn -0.3521 -0.3971 -0.8475
vn -0.4950 -0.1631 0.8534
vn -0.9508 -0.0092 -0.3098
vn -0.9595 -0.0987 0.2637
vn -0.4859 0.0903 -0.8693
vn -0.9371 -0.0305 0.3477
vn -0.4264 0.4081 -0.8072
vn -0.3998 0.0659 0.9142
vn -0.9389 0.1686 -0.2999
vn -0.7880 0.4480 0.4223
vn -0.3101 0.7987 -0.5156
vn -0.3116 0.4151 0.8548
vn -0.7045 0.6895 -0.1684
vn -0.2286 0.9266 0.2985
vn -0.1870 0.9822 -0.0185
vn -0.2503 0.9403 0.2305
vn -0.2499 0.9505 -0.1846
vn -0.1250 0.9920 0.0182
vn 0.9191 -0.1939 -0.3431
vn -0.0302 -0.1992 -0.9795
vn -0.9510 0.2778 0.1360
vn 0.0618 0.3794 0.9231
vn 0.5565 0.5404 0.6310
vn 0.0587 0.3868 0.9203
vn -0.9437 -0.3040 0.1307
vn 0.9530 -0.3021 0.0230
vn -0.0560 -0.4417 -0.8954
vn 0.9926 0.1130 -0.0443
vn -0.9753 -0.2181 0.0355
vn -0.8786 -0.4200 0.2273
vn -0.9687 0.1940 0.1549
vn 0.6035 0.6037 0.5210
vn 0.9513 0.0816 -0.2971
vn -0.9904 0.1385 0.0008
vn -0.9025 0.0303 -0.4297
vn -0.9721 0.0819 -0.2196
vn 0.8809 -0.4576 -0.1208
vn 0.9302 -0.1472 0.3362
vn -0.0875 -0.3428 -0.9353
vn 0.8087 -0.5588 0.1836
vn -0.9877 0.1524 0.0348
vn 0.1427 0.2265 0.9635
vn -0.9513 -0.2403 0.1929
vn 0.9868 0.0643 -0.1485
vn 0.9973 -0.0254 -0.0690
vn 0.9528 -0.3021 0.0299
vn 0.8562 0.5161 -0.0247
vn 0.1109 0.2412 0.9641
vn 0.0196 0.2924 0.9561
vn -0.9995 -0.0254 0.0181
vn -0.4965 -0.8157 0.2970
vn -0.8151 -0.5329 0.2272
vn -0.0380 -0.3179 -0.9474
vn 0.8302 0.5099 -0.2252
vn -0.0519 -0.3115 -0.9488
vn 0.5517 0.7810 -0.2927
vn 0.0925 0.3011 0.9491
vn -0.6293 -0.7477 0.2119
vn 0.1006 0.2033 0.9739
vn -0.0301 -0.3095 -0.9504
vn 0.9479 0.2920 -0.1277
vn 0.0549 -0.2162 -0.9748
vn 0.0662 -0.3383 -0.9387
vn 0.7054 0.6791 -0.2029
vn 0.0544 0.2525 0.9661
vn 0.5758 0.7908 -0.2075
vn 0.0452 0.2078 0.9771
vn -0.4298 -0.8795 0.2046
vn -0.3465 -0.9216 0.1752
vn 0.0921 -0.3036 -0.9484
vn -0.8661 -0.4996 0.0162
vn 0.0532 0.1446 0.9881
vn -0.1217 0.9760 -0.1806
vn 0.3901 0.9059 -0.1648
vn 0.1234 -0.2631 -0.9569
vn 0.0108 -0.2073 -0.9782
vn 0.0411 -0.9833 0.1770
vn -0.0162 0.2070 0.9782
vn 0.7687 -0.4451 0.4594
vn 0.7922 -0.4694 -0.3900
vn 0.7716 -0.4661 0.4330
vn 0.7755 -0.6138 -0.1480
vn -0.9653 0.1999 0.1677
vn -0.9841 0.0765 -0.1602
vn -0.9598 0.1696 -0.2235
vn -0.9923 0.1229 0.0120
vn -0.1099 0.4486 0.8869
vn -0.9285 -0.3144 0.1974
vn -0.0575 -0.5094 -0.8586
vn 0.1189 0.3735 0.9200
vn 0.0666 -0.5311 -0.8447
vn 0.0224 0.4500 0.8927
vn -0.9138 -0.3939 -0.0995
vn -0.5592 -0.7389 -0.3759
vn 0.6494 -0.6103 -0.4536
vn -0.1499 0.5850 0.7971
vn 0.7227 0.5470 0.4225
vn 0.9829 0.1656 0.0807
vn -0.6631 -0.3611 0.6556
vn -0.9086 -0.2651 0.3228
vn 0.0327 -0.0292 0.9990
vn -0.1779 0.5980 0.7815
vn 0.5272 0.8194 0.2249
vn 0.9018 0.3974 -0.1700
vn 0.6928 -0.5986 -0.4022
vn 0.1959 -0.9693 0.1483
vn -0.5199 0.5721 0.6343
vn -0.2107 0.2069 0.9554
vn -0.1602 0.8455 0.5094
vn 0.9213 -0.3859 0.0482
vn 0.7324 -0.5159 -0.4443
vn -0.0775 -0.1047 -0.9915
vn -0.7353 0.6778 0.0061
vn -0.8083 0.2748 -0.5206
usemtl None
s 1
f 357/1/1 2/2/2 1/3/3
f 2/2/4 3/4/5 1/3/6
f 3/4/7 6/5/8 5/6/9
f 5/6/10 366/7/11 365/8/12
f 358/9/13 7/10/14 2/2/15
f 172/11/16 9/12/17 6/5/18
f 6/5/19 371/13/19 366/7/20
f 4/14/21 174/15/22 171/16/23
f 367/17/24 10/18/25 7/10/26
f 9/12/27 375/19/28 371/13/29
f 376/20/30 15/21/31 12/22/32
f 11/23/33 380/24/34 375/19/35
f 165/25/36 163/26/37 160/27/38
f 372/28/39 12/22/40 10/18/41
f 380/24/42 17/29/43 385/30/44
f 12/22/45 16/31/46 13/32/47
f 14/33/48 16/31/49 17/29/50
f 21/34/51 389/35/52 19/36/53
f 391/37/54 18/38/55 386/39/56
f 357/1/57 20/40/58 391/37/59
f 365/8/60 21/34/61 5/6/62
f 19/41/63 395/42/64 22/43/65
f 18/44/66 395/42/67 386/45/68
f 1/3/69 24/46/70 25/47/71
f 5/6/72 24/46/73 3/4/74
f 19/36/75 27/48/76 21/34/77
f 21/34/78 23/49/79 5/6/80
f 22/43/81 28/50/82 29/51/83
f 22/43/84 26/52/85 19/36/86
f 30/53/87 18/44/88 20/40/89
f 20/40/90 25/47/91 30/53/92
f 57/54/93 41/55/94 39/56/95
f 55/57/96 49/58/97 56/59/98
f 65/60/99 36/61/100 70/62/101
f 56/59/102 39/56/103 37/63/104
f 56/59/105 50/64/106 57/54/107
f 70/62/108 38/65/109 69/66/110
f 43/67/111 60/68/112 45/69/113
f 57/54/114 51/70/115 58/71/116
f 69/66/117 40/72/118 68/73/119
f 45/69/120 62/74/121 47/75/122
f 51/70/123 59/76/124 58/71/125
f 68/73/126 42/77/127 67/78/128
f 47/75/129 61/79/130 33/80/131
f 52/81/132 60/68/133 59/76/134
f 42/77/135 66/82/136 67/78/137
f 61/83/138 35/84/139 33/85/140
f 53/86/141 62/74/142 60/68/143
f 44/87/144 64/88/145 66/82/146
f 34/89/147 72/90/148 36/61/149
f 62/74/150 32/91/151 61/79/152
f 64/88/153 48/92/154 63/93/155
f 58/71/156 43/67/157 41/55/158
f 61/83/159 31/94/160 55/57/161
f 63/93/162 34/95/163 65/96/164
f 213/97/165 188/98/166 189/99/167
f 55/57/168 37/63/169 35/84/170
f 63/93/171 32/91/172 54/100/173
f 64/88/174 54/100/175 53/86/176
f 66/82/177 53/86/178 52/81/179
f 67/78/180 52/81/181 51/70/182
f 50/64/183 67/78/184 51/70/185
f 49/58/186 68/73/187 50/64/188
f 31/94/189 69/66/190 49/58/191
f 32/101/192 70/62/193 31/94/194
f 73/102/195 80/103/196 81/104/197
f 40/72/198 73/102/199 74/105/200
f 46/106/201 78/107/202 48/92/203
f 42/77/204 74/105/205 75/108/206
f 48/92/207 71/109/208 34/95/209
f 44/87/210 75/108/211 76/110/212
f 38/65/213 72/90/214 73/102/215
f 44/87/216 77/111/217 46/106/218
f 79/112/219 94/113/220 87/114/221
f 77/111/222 86/115/223 78/107/224
f 75/108/225 84/116/226 76/110/227
f 74/105/228 81/104/229 82/117/230
f 72/90/231 79/118/232 80/103/233
f 71/109/234 86/115/235 79/112/236
f 76/110/237 85/119/238 77/111/239
f 74/105/240 83/120/241 75/108/242
f 25/47/243 89/121/244 88/122/245
f 84/116/246 93/123/247 85/119/248
f 82/117/249 91/124/250 83/120/251
f 81/104/252 88/122/253 89/121/254
f 85/119/255 94/113/256 86/115/257
f 83/120/258 92/125/259 84/116/260
f 82/117/261 89/121/262 90/126/263
f 80/103/264 87/127/265 88/122/266
f 24/46/267 90/126/268 89/121/269
f 27/48/270 90/126/271 23/49/272
f 26/52/273 91/124/274 27/48/275
f 29/51/276 92/125/277 26/52/278
f 29/51/279 94/113/280 93/123/281
f 28/50/282 87/114/283 94/113/284
f 30/53/285 88/122/286 87/114/287
f 103/128/288 122/129/289 105/130/290
f 119/131/291 113/132/292 120/133/293
f 153/134/294 100/135/295 158/136/296
f 101/137/297 121/138/298 103/128/299
f 120/133/300 114/139/301 121/138/302
f 158/136/303 102/140/304 157/141/305
f 123/142/306 109/143/307 107/144/308
f 121/138/309 115/145/310 122/129/311
f 157/141/312 104/146/313 156/147/314
f 124/148/315 111/149/316 109/143/317
f 115/145/318 123/142/319 122/129/320
f 156/147/321 106/150/322 155/151/323
f 126/152/324 97/153/325 111/149/326
f 116/154/327 124/148/328 123/142/329
f 106/150/330 154/155/331 155/151/332
f 97/156/333 119/131/334 99/157/335
f 117/158/336 126/152/337 124/148/338
f 108/159/339 152/160/340 154/155/341
f 135/161/342 129/162/343 136/163/344
f 118/164/345 125/165/346 126/152/347
f 110/166/348 151/167/349 152/160/350
f 122/129/351 107/144/352 105/130/353
f 96/168/354 119/131/355 125/169/356
f 112/170/357 153/171/358 151/167/359
f 179/172/360 180/173/361 181/174/362
f 99/157/363 120/133/364 101/137/365
f 159/175/366 163/26/367 162/176/368
f 137/177/369 133/178/370 138/179/371
f 139/180/372 128/181/373 135/161/374
f 140/182/375 129/162/376 130/183/377
f 138/179/378 134/184/379 141/185/380
f 142/186/381 130/183/382 131/187/383
f 141/185/384 127/188/385 139/189/386
f 137/177/387 131/187/388 132/190/389
f 147/191/390 137/177/391 149/192/392
f 150/193/393 141/185/394 139/189/395
f 145/194/396 142/186/397 147/191/398
f 146/195/399 138/179/400 141/185/401
f 145/194/402 136/163/403 140/182/404
f 148/196/405 139/180/406 135/161/407
f 149/192/408 138/179/409 144/197/410
f 143/198/411 135/161/412 136/163/413
f 100/135/414 143/198/415 102/140/416
f 110/166/417 149/192/418 144/197/419
f 98/199/420 148/196/421 100/135/422
f 102/140/423 145/194/424 104/146/425
f 112/170/426 144/197/427 146/195/428
f 104/146/429 147/191/430 106/150/431
f 98/200/432 146/195/433 150/193/434
f 108/159/435 147/191/436 149/192/437
f 151/167/359 96/201/438 118/164/439
f 152/160/440 118/164/441 117/158/442
f 154/155/443 117/158/444 116/154/445
f 155/151/332 116/154/446 115/145/447
f 114/139/448 155/151/323 115/145/449
f 113/132/450 156/147/451 114/139/452
f 95/202/453 157/141/454 113/132/455
f 96/168/456 158/136/296 95/202/457
f 161/203/458 162/176/459 164/204/460
f 167/205/461 163/26/462 166/206/463
f 168/207/464 164/204/465 169/208/466
f 167/205/467 164/204/468 162/176/469
f 13/32/470 169/208/471 167/205/472
f 11/23/473 169/208/474 14/33/475
f 13/32/476 166/206/477 12/22/478
f 10/18/479 166/206/480 165/25/481
f 128/181/482 159/175/483 129/162/484
f 160/27/485 127/209/486 165/25/487
f 159/175/488 130/183/489 129/162/490
f 161/203/491 131/187/492 130/183/493
f 175/210/494 11/23/495 9/12/496
f 170/211/497 171/16/498 8/212/499
f 174/15/500 8/212/501 171/16/502
f 172/11/503 4/14/504 171/16/505
f 174/15/506 7/10/507 173/213/508
f 131/187/509 175/210/510 132/190/511
f 133/178/512 173/213/513 134/184/514
f 8/212/515 132/190/516 170/211/517
f 170/211/518 175/210/519 9/12/520
f 10/18/521 176/214/522 7/10/523
f 7/10/524 134/184/525 173/213/526
f 176/214/527 127/209/528 134/184/529
f 209/215/530 185/216/531 212/217/532
f 199/218/533 177/219/534 200/220/535
f 201/221/536 178/222/537 199/218/538
f 198/223/539 183/224/540 182/225/541
f 200/226/542 184/227/543 203/228/544
f 197/229/545 179/230/546 201/221/547
f 202/231/548 184/227/549 183/224/550
f 205/232/551 189/233/552 188/234/553
f 204/235/554 190/236/555 189/233/556
f 216/237/557 190/236/558 206/238/559
f 214/239/560 186/240/561 209/215/562
f 211/241/361 189/99/167 190/242/361
f 215/243/563 185/216/564 205/232/565
f 197/229/566 192/244/567 207/245/568
f 182/246/569 194/247/570 195/248/361
f 41/55/571 196/249/572 191/250/573
f 182/225/574 208/251/575 198/223/576
f 39/56/577 191/250/578 192/244/579
f 181/174/362 193/252/580 194/247/570
f 198/223/581 196/249/582 43/67/583
f 180/253/584 207/245/585 193/254/586
f 215/243/587 188/234/588 210/255/589
f 216/237/590 187/256/591 214/239/592
f 187/256/593 204/235/594 186/240/595
f 185/216/596 204/235/597 205/232/598
f 47/75/599 202/231/600 45/69/601
f 37/63/602 197/229/603 201/221/604
f 33/80/605 203/228/606 47/75/607
f 45/69/608 198/223/539 43/67/609
f 35/84/610 201/221/611 199/218/612
f 33/85/613 199/218/614 200/220/615
f 208/251/616 214/239/617 196/249/618
f 193/254/619 215/243/620 210/255/621
f 207/245/622 212/217/623 215/243/624
f 195/248/361 213/97/165 211/241/361
f 196/249/625 209/215/562 191/250/626
f 195/257/627 216/237/628 208/251/629
f 191/250/630 212/217/631 192/244/632
f 194/247/570 210/258/633 213/97/165
f 594/259/634 222/260/635 599/261/636
f 16/31/637 219/262/638 17/29/639
f 381/263/640 217/264/641 15/21/642
f 385/30/643 219/262/644 594/259/645
f 15/21/646 218/265/647 16/31/648
f 217/264/649 221/266/650 218/265/651
f 219/262/652 221/266/653 222/260/654
f 590/267/655 220/268/656 217/264/657
f 222/260/658 604/269/659 599/261/660
f 220/268/661 224/270/662 221/266/663
f 221/266/664 225/271/665 222/260/666
f 595/272/667 223/273/668 220/268/669
f 224/270/670 228/274/671 225/271/672
f 223/273/673 605/275/674 226/276/675
f 225/271/676 609/277/677 604/269/678
f 223/273/679 227/278/680 224/270/681
f 227/278/682 231/279/683 228/274/684
f 226/276/685 610/280/686 229/281/687
f 228/274/688 614/282/689 609/277/690
f 226/276/691 230/283/692 227/278/693
f 231/279/694 619/284/695 614/282/696
f 229/281/697 233/285/698 230/283/699
f 230/283/700 234/286/701 231/279/702
f 610/280/703 232/287/704 229/281/705
f 620/288/706 234/286/707 233/285/708
f 232/287/709 620/288/710 233/285/711
f 258/289/712 238/290/713 244/291/714
f 244/291/715 242/292/716 245/293/717
f 255/294/718 240/295/719 246/296/720
f 239/297/721 260/298/722 261/299/723
f 236/300/724 355/301/725 240/295/726
f 239/297/727 325/302/728 235/303/729
f 237/304/730 327/305/730 241/306/730
f 281/307/731 303/308/732 286/309/733
f 273/310/734 278/311/735 271/312/736
f 274/313/737 259/314/738 272/315/739
f 271/312/740 292/316/741 289/317/742
f 286/309/743 282/318/744 281/307/745
f 280/319/746 276/320/747 275/321/748
f 276/320/749 239/297/750 274/322/751
f 356/323/752 105/130/753 107/144/754
f 248/324/755 107/144/756 109/143/757
f 256/325/758 243/326/758 354/327/758
f 285/328/759 237/304/760 283/329/761
f 241/306/762 288/330/763 287/331/764
f 242/292/765 253/332/766 245/293/767
f 250/333/768 254/334/769 253/332/770
f 251/335/771 255/294/772 254/334/773
f 247/336/774 257/337/775 256/325/776
f 257/337/777 249/338/778 258/289/779
f 262/339/780 263/340/781 259/314/782
f 235/341/783 273/310/784 272/342/785
f 274/322/786 261/299/787 262/339/788
f 265/343/789 268/344/789 269/345/789
f 261/299/790 264/346/791 265/343/792
f 261/299/793 266/347/794 262/339/795
f 259/348/796 264/349/797 260/350/798
f 267/351/799 269/345/799 268/352/799
f 265/343/800 270/353/800 266/347/800
f 264/349/801 267/354/801 268/355/801
f 266/347/802 267/351/802 263/340/802
f 271/356/803 272/315/803 273/357/803
f 274/313/804 275/358/804 276/320/804
f 272/315/805 275/321/806 274/313/807
f 272/359/808 260/350/809 235/341/810
f 277/360/811 278/361/812 279/362/813
f 280/319/814 281/363/814 282/318/814
f 278/364/815 281/307/815 280/319/815
f 279/362/813 284/365/816 277/360/811
f 283/329/817 284/366/817 285/328/817
f 286/309/818 287/367/818 288/330/818
f 284/368/819 287/331/819 286/309/819
f 237/304/820 315/369/821 283/329/822
f 289/370/823 294/371/824 290/372/825
f 271/356/826 290/372/827 275/321/828
f 275/321/829 291/373/830 280/319/831
f 278/364/832 291/373/833 292/374/834
f 294/371/835 299/375/836 295/376/837
f 290/372/838 295/376/839 291/373/840
f 292/374/834 295/376/841 296/377/842
f 289/317/843 296/378/844 293/379/845
f 299/375/846 297/380/846 300/381/846
f 295/376/847 300/381/848 296/377/849
f 293/379/850 300/382/851 297/383/852
f 294/371/853 297/380/854 298/384/855
f 302/385/856 307/386/857 303/308/858
f 277/387/859 302/385/860 281/307/861
f 284/368/862 303/308/863 304/388/864
f 277/360/865 304/389/866 301/390/867
f 307/386/868 312/391/869 308/392/870
f 304/388/871 307/386/872 308/392/873
f 301/390/874 308/393/875 305/394/876
f 301/395/877 306/396/878 302/385/879
f 311/397/880 309/398/880 312/391/880
f 305/394/881 312/399/882 309/400/883
f 306/396/884 309/398/885 310/401/886
f 306/396/887 311/397/888 307/386/889
f 313/402/890 320/403/891 317/404/892
f 237/304/893 313/402/894 314/405/895
f 241/306/896 316/406/897 313/402/898
f 283/407/899 316/406/900 287/331/901
f 318/408/902 323/409/903 319/410/904
f 315/411/905 320/403/906 316/406/907
f 314/405/908 319/410/909 315/369/910
f 314/405/911 317/404/912 318/408/913
f 321/412/914 323/413/914 322/414/914
f 318/408/915 321/412/916 322/415/917
f 317/404/918 324/416/919 321/412/920
f 319/417/921 324/416/922 320/403/906
f 346/418/923 336/419/923 348/420/923
f 273/310/924 243/421/925 256/325/926
f 279/362/927 256/325/928 257/337/929
f 285/328/930 257/337/931 258/289/932
f 285/328/933 244/291/934 326/422/935
f 326/422/730 245/293/730 327/305/730
f 328/423/936 255/294/937 246/296/938
f 288/330/939 254/334/940 282/318/941
f 327/305/942 253/332/943 288/330/944
f 282/318/945 255/294/946 276/320/947
f 328/423/948 243/326/949 325/302/950
f 345/424/951 334/425/952 347/426/953
f 331/427/954 336/419/955 332/428/956
f 330/429/957 333/430/958 334/431/959
f 348/420/960 335/432/960 347/426/960
f 332/428/961 339/433/962 331/427/963
f 329/434/964 338/435/965 337/436/966
f 346/418/967 337/437/967 350/438/967
f 331/427/968 349/439/969 345/424/970
f 339/433/971 351/440/972 349/439/973
f 340/441/974 343/442/975 339/433/976
f 337/436/977 342/443/978 341/444/979
f 350/438/980 341/445/981 352/446/982
f 340/441/983 352/446/984 344/447/985
f 338/448/986 351/440/987 342/449/988
f 330/450/989 349/439/990 338/448/991
f 332/428/967 350/438/967 340/441/967
f 333/451/960 347/426/960 334/425/960
f 345/424/992 335/432/993 331/427/994
f 346/418/923 333/451/923 329/452/923
f 354/327/995 342/449/996 351/440/997
f 353/453/998 341/444/999 342/449/1000
f 356/323/1001 341/444/1002 355/301/1003
f 247/454/1004 352/446/1005 356/323/1006
f 256/455/1007 344/447/1008 247/454/1009
f 256/455/1010 351/440/1011 343/442/1012
f 246/296/1013 355/301/1014 353/453/1015
f 243/326/1016 353/453/1017 354/327/1018
f 236/300/1019 103/128/1020 105/130/1021
f 356/323/1022 107/144/1022 247/454/1022
f 249/338/1023 109/143/1024 111/149/1025
f 238/290/1026 111/149/1027 97/153/1028
f 242/292/1029 97/153/1030 99/157/1031
f 251/335/1032 101/456/1032 252/457/1032
f 103/128/1033 252/457/1034 101/456/1035
f 251/335/1036 250/333/1036 101/456/1036
f 250/333/1037 99/157/1038 101/456/1039
f 357/1/1040 360/458/1041 358/9/1042
f 361/459/1043 360/458/1044 359/460/1045
f 361/459/1046 364/461/1047 362/462/1048
f 363/463/1049 366/7/1050 364/461/1051
f 368/464/1052 358/9/1053 360/458/1054
f 370/465/1055 545/466/1056 364/461/1057
f 371/13/1058 364/461/1058 366/7/1059
f 362/462/1060 547/467/1061 360/458/1062
f 373/468/1063 367/17/1064 368/464/1065
f 375/19/1066 370/465/1067 371/13/1068
f 382/469/1069 376/20/1070 377/470/1071
f 380/24/1072 374/471/1073 375/19/1074
f 538/472/1075 536/473/1076 539/474/1077
f 377/470/1078 372/28/1079 373/468/1080
f 380/24/1081 384/475/1082 379/476/1083
f 383/477/1084 377/470/1085 378/478/1086
f 379/476/1087 383/477/1088 378/478/1089
f 393/479/1090 389/35/1091 392/480/1092
f 391/37/1093 387/481/1094 390/482/1095
f 357/1/1096 390/482/1097 359/460/1098
f 393/479/1099 365/8/1100 363/463/1101
f 395/42/1102 388/483/1103 394/484/1104
f 387/485/1105 395/42/1106 394/484/1107
f 359/460/1108 397/486/1109 361/459/1110
f 397/486/1111 363/463/1112 361/459/1113
f 400/487/1114 388/488/1115 393/479/1116
f 393/479/1117 396/489/1118 400/487/1119
f 394/484/1120 401/490/1121 387/485/1122
f 394/484/1123 399/491/1124 402/492/1125
f 403/493/1126 387/485/1127 401/490/1128
f 390/482/1129 398/494/1130 359/460/1131
f 414/495/1132 430/496/1133 412/497/1134
f 428/498/1135 422/499/1136 404/500/1137
f 438/501/1138 409/502/1139 407/503/1140
f 412/497/1141 429/504/1142 410/505/1143
f 429/504/1144 423/506/1145 422/499/1146
f 443/507/1147 411/508/1148 409/502/1149
f 416/509/1150 433/510/1151 432/511/1152
f 430/496/1153 424/512/1154 423/506/1155
f 442/513/1156 413/514/1157 411/508/1158
f 418/515/1159 435/516/1160 433/510/1161
f 432/511/1162 424/512/1163 431/517/1164
f 441/518/1165 415/519/1166 413/514/1167
f 420/520/1168 434/521/1169 435/516/1170
f 433/510/1171 425/522/1172 432/511/1173
f 439/523/1174 415/519/1175 440/524/1176
f 408/525/1177 434/526/1178 406/527/1179
f 435/516/1180 426/528/1181 433/510/1182
f 437/529/1183 417/530/1184 439/523/1185
f 445/531/1186 407/503/1187 409/502/1188
f 435/516/1189 405/532/1190 427/533/1191
f 437/529/1192 421/534/1193 419/535/1194
f 416/509/1195 431/517/1196 414/495/1197
f 434/526/1198 404/500/1199 405/536/1200
f 436/537/1201 407/538/1202 421/534/1203
f 586/539/1204 561/540/1205 583/541/1206
f 410/505/1207 428/498/1208 408/525/1209
f 405/532/1210 436/537/1211 427/533/1212
f 427/533/1213 437/529/1214 426/528/1215
f 426/528/1216 439/523/1217 425/522/1218
f 425/522/1219 440/524/1220 424/512/1221
f 423/506/1222 440/524/1223 441/518/1224
f 422/499/1225 441/518/1226 442/513/1227
f 404/500/1228 442/513/1229 443/507/1230
f 405/536/1231 443/507/1232 438/501/1233
f 446/542/1234 453/543/1235 445/531/1236
f 413/514/1237 446/542/1238 411/508/1239
f 451/544/1240 419/535/1241 421/534/1242
f 415/519/1243 447/545/1244 413/514/1245
f 444/546/1246 421/534/1247 407/538/1248
f 417/530/1249 448/547/1250 415/519/1251
f 411/508/1252 445/531/1253 409/502/1254
f 450/548/1255 417/530/1256 419/535/1257
f 452/549/1258 467/550/1259 459/551/1260
f 459/551/1261 450/548/1262 451/544/1263
f 457/552/1264 448/547/1265 449/553/1266
f 447/545/1267 454/554/1268 446/542/1269
f 445/531/1270 452/555/1271 444/556/1272
f 444/546/1273 459/551/1274 451/544/1275
f 458/557/1276 449/553/1277 450/548/1278
f 456/558/1279 447/545/1280 448/547/1281
f 398/494/1282 462/559/1283 397/486/1284
f 466/560/1285 457/552/1286 458/557/1287
f 464/561/1288 455/562/1289 456/558/1290
f 454/554/1291 461/563/1292 453/543/1293
f 467/550/1294 458/557/1295 459/551/1296
f 465/564/1297 456/558/1298 457/552/1299
f 455/562/1300 462/559/1301 454/554/1302
f 453/543/1303 460/565/1304 452/555/1305
f 397/486/1306 463/566/1307 396/489/1308
f 463/566/1309 400/487/1310 396/489/1311
f 464/561/1312 399/491/1313 400/487/1314
f 465/564/1315 402/492/1316 399/491/1317
f 402/492/1318 467/550/1319 401/490/1320
f 401/490/1321 460/567/1322 403/493/1323
f 403/493/1324 461/563/1325 398/494/1326
f 476/568/1327 495/569/1328 494/570/1329
f 492/571/1330 486/572/1331 468/573/1332
f 526/574/1333 473/575/1334 471/576/1335
f 474/577/1336 494/570/1337 493/578/1338
f 493/578/1339 487/579/1340 486/572/1341
f 531/580/1342 475/581/1343 473/575/1344
f 482/582/1345 496/583/1346 480/584/1347
f 494/570/1348 488/585/1349 487/579/1350
f 530/586/1351 477/587/1352 475/581/1353
f 484/588/1354 497/589/1355 482/582/1356
f 496/583/1357 488/585/1358 495/569/1359
f 529/590/1360 479/591/1361 477/587/1362
f 470/592/1363 499/593/1364 484/588/1365
f 497/589/1366 489/594/1367 496/583/1368
f 527/595/1369 479/591/1370 528/596/1371
f 470/597/1372 492/571/1373 498/598/1374
f 499/593/1375 490/599/1376 497/589/1377
f 525/600/1378 481/601/1379 527/595/1380
f 502/602/1381 508/603/1382 509/604/1383
f 498/605/1384 491/606/1385 499/593/1386
f 524/607/1387 483/608/1388 525/600/1389
f 480/584/1390 495/569/1391 478/609/1392
f 492/571/1393 469/610/1394 498/598/1395
f 526/611/1396 485/612/1397 524/607/1398
f 556/613/1399 555/614/1400 554/615/362
f 472/616/1401 493/578/1402 492/571/1403
f 532/617/1404 536/473/1405 533/618/1406
f 506/619/1407 510/620/1408 511/621/1409
f 501/622/1410 512/623/1411 508/603/1412
f 513/624/1413 502/602/1414 509/604/1415
f 507/625/1416 511/621/1417 514/626/1418
f 515/627/1419 503/628/1420 513/624/1421
f 500/629/1422 514/626/1423 512/630/1424
f 510/620/1425 504/631/1426 515/627/1427
f 510/620/1428 520/632/1429 522/633/1430
f 523/634/1431 514/626/1432 519/635/1433
f 515/627/1434 518/636/1435 520/632/1436
f 519/635/1437 511/621/1438 517/637/1439
f 518/636/1440 509/604/1441 516/638/1442
f 521/639/1443 512/623/1444 523/640/1445
f 511/621/1446 522/633/1447 517/637/1448
f 516/638/1449 508/603/1450 521/639/1451
f 516/638/1452 473/575/1453 475/581/1454
f 483/608/1455 522/633/1456 481/601/1457
f 521/639/1458 471/576/1459 473/575/1460
f 518/636/1461 475/581/1462 477/587/1463
f 485/612/1464 517/637/1465 483/608/1466
f 520/632/1467 477/587/1468 479/591/1469
f 471/641/1470 519/635/1471 485/612/1472
f 481/601/1473 520/632/1474 479/591/1475
f 469/642/1476 524/607/1398 491/606/1477
f 491/606/1478 525/600/1479 490/599/1480
f 490/599/1481 527/595/1482 489/594/1483
f 489/594/1484 528/596/1371 488/585/1485
f 487/579/1486 528/596/1487 529/590/1360
f 486/572/1488 529/590/1489 530/586/1490
f 468/573/1491 530/586/1492 531/580/1493
f 469/610/1494 531/580/1495 526/574/1333
f 534/643/1496 535/644/1497 532/617/1498
f 536/473/1499 540/645/1500 539/474/1501
f 537/646/1502 541/647/1503 542/648/1504
f 540/645/1505 537/646/1506 542/648/1507
f 378/478/1508 542/648/1509 379/476/1510
f 542/648/1511 374/471/1512 379/476/1513
f 539/474/1514 378/478/1515 377/470/1516
f 373/468/1517 539/474/1518 377/470/1519
f 501/622/1520 532/617/1521 533/618/1522
f 500/649/1523 533/618/1524 538/472/1525
f 503/628/1526 532/617/1527 502/602/1528
f 504/631/1529 534/643/1530 503/628/1531
f 374/471/1532 548/650/1533 370/465/1534
f 543/651/1535 544/652/1536 545/466/1537
f 369/653/1538 547/467/1539 544/652/1540
f 545/466/1541 362/462/1542 364/461/1543
f 547/467/1544 368/464/1545 360/458/1546
f 548/650/1547 504/631/1548 505/654/1549
f 546/655/1550 506/619/1551 507/625/1552
f 505/654/1553 369/653/1554 543/651/1555
f 548/650/1556 543/651/1557 370/465/1558
f 549/656/1559 373/468/1560 368/464/1561
f 368/464/1562 507/625/1563 549/656/1564
f 500/649/1565 549/656/1566 507/625/1567
f 558/657/1568 582/658/1569 585/659/1570
f 550/660/1571 572/661/1572 573/662/1573
f 551/663/1574 574/664/1575 572/661/1576
f 571/665/1577 556/666/1578 575/667/1579
f 557/668/1580 573/669/1581 576/670/1582
f 552/671/1583 570/672/1584 574/664/1585
f 575/667/1586 557/668/1587 576/670/1588
f 578/673/1589 562/674/1590 577/675/1591
f 577/675/1592 563/676/1593 579/677/1594
f 589/678/1595 563/676/1596 584/679/1597
f 559/680/1598 587/681/1599 582/658/1600
f 584/682/361 562/683/1601 586/539/1204
f 588/684/1602 558/657/1603 585/659/1604
f 570/672/1605 565/685/1606 412/497/1607
f 555/614/1400 567/686/1608 554/615/362
f 414/495/1609 569/687/1610 416/509/1611
f 581/688/1612 555/689/1613 571/665/1614
f 412/497/1615 564/690/1616 414/495/1617
f 554/615/362 566/691/1618 553/692/361
f 569/687/1619 571/665/1620 416/509/1621
f 553/693/1622 580/694/1623 570/672/1624
f 561/695/1625 588/684/1626 583/696/1627
f 560/697/1628 589/678/1629 587/681/1630
f 577/675/1631 560/697/1632 559/680/1633
f 558/657/1634 577/675/1635 559/680/1636
f 575/667/1637 420/520/1638 418/515/1639
f 410/505/1640 570/672/1641 412/497/1642
f 576/670/1643 406/698/1644 420/520/1645
f 571/665/1577 418/515/1646 416/509/1647
f 408/525/1648 574/664/1649 410/505/1650
f 406/527/1651 572/661/1652 408/525/1653
f 587/681/1654 581/688/1655 569/687/1656
f 566/699/1657 588/684/1658 580/694/1659
f 580/694/1660 585/659/1661 565/685/1662
f 568/700/361 586/539/1204 567/686/1608
f 582/658/1600 569/687/1663 564/690/1664
f 589/678/1665 568/701/1666 581/688/1667
f 585/659/1668 564/690/1669 565/685/1670
f 567/686/1608 583/541/1206 566/691/1618
f 594/259/1671 598/702/1672 593/703/1673
f 593/703/1674 383/477/1675 384/475/1676
f 591/704/1677 381/263/1678 382/469/1679
f 385/30/1680 593/703/1681 384/475/1682
f 592/705/1683 382/469/1684 383/477/1685
f 597/706/1686 591/704/1687 592/705/1688
f 593/703/1689 597/706/1690 592/705/1691
f 596/707/1692 590/267/1693 591/704/1694
f 604/269/1695 598/702/1696 599/261/1697
f 602/708/1698 596/707/1699 597/706/1700
f 603/709/1701 597/706/1702 598/702/1703
f 601/710/1704 595/272/1705 596/707/1706
f 608/711/1707 602/708/1708 603/709/1709
f 601/710/1710 605/275/1711 600/712/1712
f 609/277/1713 603/709/1714 604/269/1715
f 607/713/1716 601/710/1717 602/708/1718
f 613/714/1719 607/713/1720 608/711/1721
f 606/715/1722 610/280/1723 605/275/1724
f 614/282/1725 608/711/1726 609/277/1727
f 612/716/1728 606/715/1729 607/713/1730
f 619/284/1731 613/714/1732 614/282/1733
f 617/717/1734 611/718/1735 612/716/1736
f 618/719/1737 612/716/1738 613/714/1739
f 616/720/1740 610/280/1741 611/718/1742
f 618/719/1743 620/288/1744 617/717/1745
f 616/720/1746 620/288/1747 615/721/1748
f 644/722/1749 624/723/1750 635/724/1751
f 630/725/1752 628/726/1753 624/723/1754
f 641/727/1755 626/728/1756 638/729/1757
f 625/730/1758 646/731/1759 621/732/1760
f 741/733/1761 622/734/1762 626/728/1763
f 625/730/1764 711/735/1765 714/736/1766
f 623/737/1767 713/738/1767 712/739/1767
f 689/740/1768 667/741/1769 672/742/1770
f 664/743/1771 659/744/1772 657/745/1773
f 645/746/1774 660/747/1775 658/748/1776
f 657/745/1777 678/749/1778 664/743/1779
f 672/742/1780 668/750/1781 674/751/1782
f 666/752/1783 662/753/1784 668/750/1785
f 625/730/1786 662/753/1787 660/754/1788
f 478/609/1789 742/755/1790 480/584/1791
f 480/584/1792 634/756/1793 482/582/1794
f 642/757/1795 740/758/1795 629/759/1795
f 623/737/1796 671/760/1797 669/761/1798
f 627/762/1799 674/751/1800 713/738/1801
f 639/763/1802 628/726/1803 631/764/1804
f 640/765/1805 636/766/1806 639/763/1807
f 641/727/1808 637/767/1809 640/765/1810
f 643/768/1811 633/769/1812 642/757/1813
f 643/768/1814 635/724/1815 634/756/1816
f 649/770/1817 648/771/1818 645/746/1819
f 621/772/1820 659/744/1821 711/773/1822
f 660/754/1823 647/774/1824 625/730/1825
f 651/775/1826 654/776/1826 650/777/1826
f 647/774/1827 650/777/1828 646/731/1829
f 652/778/1830 647/774/1831 648/771/1832
f 650/779/1833 645/780/1834 646/781/1835
f 653/782/1836 655/783/1836 656/784/1836
f 656/784/1837 651/775/1837 652/778/1837
f 650/779/1838 653/785/1838 649/786/1838
f 653/782/1839 652/778/1839 649/770/1839
f 657/787/1840 659/788/1840 658/748/1840
f 660/747/1841 662/753/1841 661/789/1841
f 661/790/1842 658/748/1843 660/747/1844
f 646/781/1845 658/791/1846 621/772/1847
f 663/792/1848 665/793/1849 664/794/1850
f 666/752/1851 668/750/1851 667/795/1851
f 667/741/1852 664/796/1852 666/752/1852
f 670/797/1853 665/793/1849 663/792/1848
f 669/761/1854 671/760/1854 670/798/1854
f 672/742/1855 674/751/1855 673/799/1855
f 673/800/1856 670/801/1856 672/742/1856
f 701/802/1857 623/737/1858 669/761/1859
f 680/803/1860 675/804/1861 676/805/1862
f 676/805/1863 657/787/1864 661/790/1865
f 677/806/1866 661/790/1867 666/752/1868
f 664/796/1869 677/806/1870 666/752/1871
f 685/807/1872 680/803/1873 681/808/1874
f 681/808/1875 676/805/1876 677/806/1877
f 678/809/1878 681/808/1879 677/806/1870
f 675/810/1880 682/811/1881 678/749/1882
f 683/812/1883 685/807/1883 686/813/1883
f 686/813/1884 681/808/1885 682/814/1886
f 679/815/1887 686/816/1888 682/811/1889
f 680/803/1890 683/812/1891 679/817/1892
f 693/818/1893 688/819/1894 689/740/1895
f 688/819/1896 663/820/1897 667/741/1898
f 670/801/1899 689/740/1900 672/742/1901
f 663/792/1902 690/821/1903 670/797/1904
f 698/822/1905 693/818/1906 694/823/1907
f 690/824/1908 693/818/1909 689/740/1910
f 687/825/1911 694/826/1912 690/821/1913
f 692/827/1914 687/828/1915 688/819/1916
f 695/829/1917 697/830/1917 698/822/1917
f 691/831/1918 698/832/1919 694/826/1920
f 692/827/1921 695/829/1922 691/833/1923
f 697/830/1924 692/827/1925 693/818/1926
f 699/834/1927 706/835/1928 702/836/1929
f 623/737/1930 699/834/1931 627/762/1932
f 627/762/1933 702/836/1934 673/800/1935
f 702/836/1936 669/837/1937 673/800/1938
f 709/838/1939 704/839/1940 705/840/1941
f 706/835/1942 701/841/1943 702/836/1944
f 705/840/1945 700/842/1946 701/802/1947
f 700/842/1948 703/843/1949 699/834/1950
f 709/844/1951 707/845/1951 708/846/1951
f 704/839/1952 707/845/1953 703/843/1954
f 703/843/1955 710/847/1956 706/835/1957
f 710/847/1958 705/848/1959 706/835/1942
f 732/849/1960 722/850/1960 718/851/1960
f 659/744/1961 629/852/1962 711/773/1963
f 665/793/1964 642/757/1965 659/744/1966
f 671/760/1967 643/768/1968 665/793/1969
f 630/725/1970 671/760/1971 712/739/1972
f 631/764/1767 712/739/1767 713/738/1767
f 714/736/1973 641/727/1974 662/753/1975
f 640/765/1976 674/751/1977 668/750/1978
f 639/763/1979 713/738/1980 674/751/1981
f 641/727/1982 668/750/1983 662/753/1984
f 629/759/1985 714/736/1986 711/735/1987
f 731/853/1988 720/854/1989 716/855/1990
f 722/850/1991 717/856/1992 718/851/1993
f 716/857/1994 719/858/1995 715/859/1996
f 734/860/1997 721/861/1997 722/850/1997
f 725/862/1998 718/851/1999 717/856/2000
f 715/859/2001 724/863/2002 716/857/2003
f 732/849/2004 723/864/2004 715/865/2004
f 735/866/2005 717/856/2006 731/853/2007
f 737/867/2008 725/862/2009 735/866/2010
f 729/868/2011 726/869/2012 725/862/2013
f 723/870/2014 728/871/2015 724/863/2016
f 736/872/2017 727/873/2018 723/864/2019
f 726/869/2020 738/874/2021 736/872/2022
f 724/875/2023 737/867/2024 735/866/2025
f 716/855/2026 735/866/2027 731/853/2028
f 718/851/2004 736/872/2004 732/849/2004
f 719/876/1997 733/877/1997 734/860/1997
f 721/861/2029 731/853/2030 717/856/2031
f 719/876/1960 732/849/1960 715/865/1960
f 740/758/2032 728/878/2033 739/879/2034
f 739/879/2035 727/880/2036 741/733/2037
f 727/880/2038 742/755/2039 741/733/2040
f 738/874/2041 633/881/2042 742/755/2043
f 730/882/2044 642/883/2045 633/881/2046
f 642/883/2047 737/867/2048 740/758/2049
f 632/884/2050 741/733/2051 626/728/2052
f 629/759/2053 739/879/2054 632/884/2055
f 476/568/2056 622/734/2057 478/609/2058
f 742/755/2059 633/881/2059 480/584/2059
f 482/582/2060 635/724/2061 484/588/2062
f 484/588/2063 624/723/2064 470/592/2065
f 470/592/2066 628/726/2067 472/616/2068
f 637/767/2069 638/729/2069 474/885/2069
f 476/568/2070 638/729/2071 626/728/2072
f 637/767/2073 474/885/2073 636/766/2073
f 472/616/2074 636/766/2075 474/885/2076
f 181/174/362 182/246/569 183/886/2077
f 177/887/2077 178/888/2078 181/174/362
f 554/615/362 553/692/361 552/889/2079
f 550/890/2079 557/891/2080 554/615/362
f 551/892/2079 550/890/2079 554/615/362
f 184/893/2081 177/887/2077 181/174/362
f 184/893/2081 181/174/362 183/886/2077
f 178/888/2078 179/172/360 181/174/362
f 557/891/2080 556/613/1399 554/615/362
f 551/892/2079 554/615/362 552/889/2079
f 357/1/1 358/9/2082 2/2/2
f 2/2/4 4/14/2083 3/4/5
f 3/4/7 4/14/2084 6/5/8
f 5/6/10 6/5/2085 366/7/11
f 358/9/13 367/17/2086 7/10/14
f 172/11/16 170/211/2087 9/12/17
f 6/5/19 9/12/2088 371/13/19
f 4/14/21 2/2/2089 174/15/22
f 367/17/24 372/28/2090 10/18/25
f 9/12/27 11/23/2091 375/19/28
f 376/20/30 381/263/2092 15/21/31
f 11/23/33 14/33/2093 380/24/34
f 165/25/36 166/206/2094 163/26/37
f 372/28/39 376/20/2095 12/22/40
f 380/24/42 14/33/2096 17/29/43
f 12/22/45 15/21/2097 16/31/46
f 14/33/48 13/32/2098 16/31/49
f 21/34/51 392/480/2099 389/35/52
f 391/37/54 20/40/2100 18/38/55
f 357/1/57 1/3/2101 20/40/58
f 365/8/60 392/480/2102 21/34/61
f 19/41/63 389/894/2103 395/42/64
f 18/44/66 22/43/2104 395/42/67
f 1/3/69 3/4/2105 24/46/70
f 5/6/72 23/49/2106 24/46/73
f 19/36/75 26/52/2107 27/48/76
f 21/34/78 27/48/2108 23/49/79
f 22/43/81 18/44/2109 28/50/82
f 22/43/84 29/51/2110 26/52/85
f 30/53/87 28/50/2111 18/44/88
f 20/40/90 1/3/2112 25/47/91
f 57/54/93 58/71/2113 41/55/94
f 55/57/96 31/94/2114 49/58/97
f 65/60/99 34/89/2115 36/61/100
f 56/59/102 57/54/2116 39/56/103
f 56/59/105 49/58/2117 50/64/106
f 70/62/108 36/61/2118 38/65/109
f 43/67/111 59/76/2119 60/68/112
f 57/54/114 50/64/2120 51/70/115
f 69/66/117 38/65/2121 40/72/118
f 45/69/120 60/68/2122 62/74/121
f 51/70/123 52/81/2123 59/76/124
f 68/73/126 40/72/2124 42/77/127
f 47/75/129 62/74/2125 61/79/130
f 52/81/132 53/86/2126 60/68/133
f 42/77/135 44/87/2127 66/82/136
f 61/83/138 55/57/2128 35/84/139
f 53/86/141 54/100/2129 62/74/142
f 44/87/144 46/106/2130 64/88/145
f 34/89/147 71/895/2131 72/90/148
f 62/74/150 54/100/2132 32/91/151
f 64/88/153 46/106/2133 48/92/154
f 58/71/156 59/76/2134 43/67/157
f 61/83/159 32/101/2135 31/94/160
f 63/93/162 48/92/2136 34/95/163
f 213/97/165 210/258/633 188/98/166
f 55/57/168 56/59/2137 37/63/169
f 63/93/171 65/96/2138 32/91/172
f 64/88/174 63/93/2139 54/100/175
f 66/82/177 64/88/2140 53/86/178
f 67/78/180 66/82/2141 52/81/181
f 50/64/183 68/73/2142 67/78/184
f 49/58/186 69/66/2143 68/73/187
f 31/94/189 70/62/2144 69/66/190
f 32/101/192 65/60/2145 70/62/193
f 73/102/195 72/90/2146 80/103/196
f 40/72/198 38/65/2147 73/102/199
f 46/106/201 77/111/2148 78/107/202
f 42/77/204 40/72/2149 74/105/205
f 48/92/207 78/107/2150 71/109/208
f 44/87/210 42/77/2151 75/108/211
f 38/65/213 36/61/2152 72/90/214
f 44/87/216 76/110/2153 77/111/217
f 79/112/219 86/115/2154 94/113/220
f 77/111/222 85/119/2155 86/115/223
f 75/108/225 83/120/2156 84/116/226
f 74/105/228 73/102/2157 81/104/229
f 72/90/231 71/895/2158 79/118/232
f 71/109/234 78/107/2159 86/115/235
f 76/110/237 84/116/2160 85/119/238
f 74/105/240 82/117/2161 83/120/241
f 25/47/243 24/46/2162 89/121/244
f 84/116/246 92/125/2163 93/123/247
f 82/117/249 90/126/2164 91/124/250
f 81/104/252 80/103/2165 88/122/253
f 85/119/255 93/123/2166 94/113/256
f 83/120/258 91/124/2167 92/125/259
f 82/117/261 81/104/2168 89/121/262
f 80/103/264 79/118/2169 87/127/265
f 24/46/267 23/49/2170 90/126/268
f 27/48/270 91/124/2171 90/126/271
f 26/52/273 92/125/2172 91/124/274
f 29/51/276 93/123/2173 92/125/277
f 29/51/279 28/50/2174 94/113/280
f 28/50/282 30/53/2175 87/114/283
f 30/53/285 25/47/2176 88/122/286
f 103/128/288 121/138/2177 122/129/289
f 119/131/291 95/202/2178 113/132/292
f 153/134/294 98/199/2179 100/135/295
f 101/137/297 120/133/2180 121/138/298
f 120/133/300 113/132/2181 114/139/301
f 158/136/303 100/135/2182 102/140/304
f 123/142/306 124/148/2183 109/143/307
f 121/138/309 114/139/2184 115/145/310
f 157/141/312 102/140/2185 104/146/313
f 124/148/315 126/152/2186 111/149/316
f 115/145/318 116/154/2187 123/142/319
f 156/147/321 104/146/2188 106/150/322
f 126/152/324 125/165/2189 97/153/325
f 116/154/327 117/158/2190 124/148/328
f 106/150/330 108/159/2191 154/155/331
f 97/156/333 125/169/2192 119/131/334
f 117/158/336 118/164/2193 126/152/337
f 108/159/339 110/166/2194 152/160/340
f 135/161/342 128/181/2195 129/162/343
f 118/164/345 96/201/2196 125/165/346
f 110/166/348 112/170/2197 151/167/349
f 122/129/351 123/142/2198 107/144/352
f 96/168/354 95/202/2199 119/131/355
f 112/170/357 98/200/2200 153/171/358
f 99/157/363 119/131/2201 120/133/364
f 159/175/366 160/27/2202 163/26/367
f 137/177/369 132/190/2203 133/178/370
f 139/180/372 127/209/2204 128/181/373
f 140/182/375 136/163/2205 129/162/376
f 138/179/378 133/178/2206 134/184/379
f 142/186/381 140/182/2207 130/183/382
f 141/185/384 134/184/2208 127/188/385
f 137/177/387 142/186/2209 131/187/388
f 147/191/390 142/186/2210 137/177/391
f 150/193/393 146/195/2211 141/185/394
f 145/194/396 140/182/2212 142/186/397
f 146/195/399 144/197/2213 138/179/400
f 145/194/402 143/198/2214 136/163/403
f 148/196/405 150/896/2215 139/180/406
f 149/192/408 137/177/2216 138/179/409
f 143/198/411 148/196/2217 135/161/412
f 100/135/414 148/196/2218 143/198/415
f 110/166/417 108/159/2219 149/192/418
f 98/199/420 150/896/2220 148/196/421
f 102/140/423 143/198/2221 145/194/424
f 112/170/426 110/166/2222 144/197/427
f 104/146/429 145/194/2223 147/191/430
f 98/200/432 112/170/2224 146/195/433
f 108/159/435 106/150/2225 147/191/436
f 151/167/359 153/171/358 96/201/438
f 152/160/440 151/167/2226 118/164/441
f 154/155/443 152/160/2227 117/158/444
f 155/151/332 154/155/331 116/154/446
f 114/139/448 156/147/321 155/151/323
f 113/132/450 157/141/2228 156/147/451
f 95/202/453 158/136/2229 157/141/454
f 96/168/456 153/134/294 158/136/296
f 161/203/458 159/175/2230 162/176/459
f 167/205/461 162/176/2231 163/26/462
f 168/207/464 161/203/2232 164/204/465
f 167/205/467 169/208/2233 164/204/468
f 13/32/470 14/33/2234 169/208/471
f 11/23/473 168/207/2235 169/208/474
f 13/32/476 167/205/2236 166/206/477
f 10/18/479 12/22/2237 166/206/480
f 128/181/482 160/27/2238 159/175/483
f 160/27/485 128/181/2239 127/209/486
f 159/175/488 161/203/2240 130/183/489
f 161/203/491 168/207/2241 131/187/492
f 175/210/494 168/207/2242 11/23/495
f 170/211/497 172/11/2243 171/16/498
f 174/15/500 173/213/2244 8/212/501
f 172/11/503 6/5/2245 4/14/504
f 174/15/506 2/2/2246 7/10/507
f 131/187/509 168/207/2247 175/210/510
f 133/178/512 8/212/2248 173/213/513
f 8/212/515 133/178/2249 132/190/516
f 170/211/518 132/190/2250 175/210/519
f 10/18/521 165/25/2251 176/214/522
f 7/10/524 176/214/2252 134/184/525
f 176/214/527 165/25/2253 127/209/528
f 209/215/530 186/240/2254 185/216/531
f 199/218/533 178/222/2255 177/219/534
f 201/221/536 179/230/2256 178/222/537
f 198/223/539 202/231/2257 183/224/540
f 200/226/542 177/897/2258 184/227/543
f 197/229/545 180/253/2259 179/230/546
f 202/231/548 203/228/2260 184/227/549
f 205/232/551 204/235/2261 189/233/552
f 204/235/554 206/238/2262 190/236/555
f 216/237/557 211/898/2263 190/236/558
f 214/239/560 187/256/2264 186/240/561
f 211/241/361 213/97/165 189/99/167
f 215/243/563 212/217/2265 185/216/564
f 197/229/566 39/56/2266 192/244/567
f 182/246/569 181/174/362 194/247/570
f 41/55/571 43/67/2267 196/249/572
f 182/225/574 195/257/2268 208/251/575
f 39/56/577 41/55/2269 191/250/578
f 181/174/362 180/173/361 193/252/580
f 198/223/581 208/251/2270 196/249/582
f 180/253/584 197/229/2271 207/245/585
f 215/243/587 205/232/2272 188/234/588
f 216/237/590 206/238/2273 187/256/591
f 187/256/593 206/238/2274 204/235/594
f 185/216/596 186/240/2275 204/235/597
f 47/75/599 203/228/2276 202/231/600
f 37/63/602 39/56/2277 197/229/603
f 33/80/605 200/226/2278 203/228/606
f 45/69/608 202/231/2257 198/223/539
f 35/84/610 37/63/2279 201/221/611
f 33/85/613 35/84/2280 199/218/614
f 208/251/616 216/237/2281 214/239/617
f 193/254/619 207/245/2282 215/243/620
f 207/245/622 192/244/2283 212/217/623
f 195/248/361 194/247/570 213/97/165
f 196/249/625 214/239/560 209/215/562
f 195/257/627 211/898/2284 216/237/628
f 191/250/630 209/215/2285 212/217/631
f 194/247/570 193/252/580 210/258/633
f 594/259/634 219/262/2286 222/260/635
f 16/31/637 218/265/2287 219/262/638
f 381/263/640 590/267/2288 217/264/641
f 385/30/643 17/29/2289 219/262/644
f 15/21/646 217/264/2290 218/265/647
f 217/264/649 220/268/2291 221/266/650
f 219/262/652 218/265/2292 221/266/653
f 590/267/655 595/272/2293 220/268/656
f 222/260/658 225/271/2294 604/269/659
f 220/268/661 223/273/2295 224/270/662
f 221/266/664 224/270/2296 225/271/665
f 595/272/667 600/712/2297 223/273/668
f 224/270/670 227/278/2298 228/274/671
f 223/273/673 600/712/2299 605/275/674
f 225/271/676 228/274/2300 609/277/677
f 223/273/679 226/276/2301 227/278/680
f 227/278/682 230/283/2302 231/279/683
f 226/276/685 605/275/2303 610/280/686
f 228/274/688 231/279/2304 614/282/689
f 226/276/691 229/281/2305 230/283/692
f 231/279/694 234/286/2306 619/284/695
f 229/281/697 232/287/2307 233/285/698
f 230/283/700 233/285/2308 234/286/701
f 610/280/703 615/899/2309 232/287/704
f 620/288/706 619/284/2310 234/286/707
f 232/287/709 615/721/2310 620/288/710
f 258/289/712 249/338/2311 238/290/713
f 244/291/715 238/290/2312 242/292/716
f 255/294/718 252/457/2313 240/295/719
f 239/297/721 235/303/2314 260/298/722
f 236/300/724 356/323/2315 355/301/725
f 239/297/727 328/423/2316 325/302/728
f 237/304/730 326/422/730 327/305/730
f 281/307/731 302/385/2317 303/308/732
f 273/310/734 279/362/2318 278/311/735
f 274/313/737 262/339/2319 259/314/738
f 271/312/740 278/311/2320 292/316/741
f 286/309/743 288/330/2321 282/318/744
f 280/319/746 282/318/2322 276/320/747
f 276/320/749 328/423/2323 239/297/750
f 356/323/752 236/300/2324 105/130/753
f 248/324/755 247/336/2325 107/144/756
f 285/328/759 326/422/935 237/304/760
f 241/306/762 327/305/2326 288/330/763
f 242/292/765 250/333/2327 253/332/766
f 250/333/768 251/335/2328 254/334/769
f 251/335/771 252/457/771 255/294/772
f 247/336/774 248/324/2329 257/337/775
f 257/337/777 248/324/2330 249/338/778
f 262/339/780 266/347/2331 263/340/781
f 235/341/783 325/900/2332 273/310/784
f 274/322/786 239/297/2333 261/299/787
f 265/343/789 264/346/789 268/344/789
f 261/299/790 260/298/2334 264/346/791
f 261/299/793 265/343/2335 266/347/794
f 259/348/796 263/901/2336 264/349/797
f 267/351/799 270/353/799 269/345/799
f 265/343/800 269/345/800 270/353/800
f 264/349/801 263/901/801 267/354/801
f 266/347/802 270/353/802 267/351/802
f 272/315/805 271/356/805 275/321/806
f 272/359/808 259/348/2337 260/350/809
f 278/364/815 277/387/815 281/307/815
f 279/362/813 285/328/2338 284/365/816
f 284/368/819 283/407/819 287/331/819
f 237/304/820 314/405/2339 315/369/821
f 289/370/823 293/902/2340 294/371/824
f 271/356/826 289/370/2341 290/372/827
f 275/321/829 290/372/2342 291/373/830
f 278/364/832 280/319/2343 291/373/833
f 294/371/835 298/384/2344 299/375/836
f 290/372/838 294/371/2345 295/376/839
f 292/374/834 291/373/833 295/376/841
f 289/317/843 292/316/2346 296/378/844
f 299/375/846 298/384/846 297/380/846
f 295/376/847 299/375/2347 300/381/848
f 293/379/850 296/378/2348 300/382/851
f 294/371/853 293/902/2349 297/380/854
f 302/385/856 306/396/2350 307/386/857
f 277/387/859 301/395/2351 302/385/860
f 284/368/862 286/309/2352 303/308/863
f 277/360/865 284/365/2353 304/389/866
f 307/386/868 311/397/2354 312/391/869
f 304/388/871 303/308/2355 307/386/872
f 301/390/874 304/389/2356 308/393/875
f 301/395/877 305/903/2357 306/396/878
f 311/397/880 310/401/880 309/398/880
f 305/394/881 308/393/2358 312/399/882
f 306/396/884 305/903/2359 309/398/885
f 306/396/887 310/401/2360 311/397/888
f 313/402/890 316/406/2361 320/403/891
f 237/304/893 241/306/2362 313/402/894
f 241/306/896 287/331/2363 316/406/897
f 283/407/899 315/411/2364 316/406/900
f 318/408/902 322/415/2365 323/409/903
f 315/411/905 319/417/921 320/403/906
f 314/405/908 318/408/2366 319/410/909
f 314/405/911 313/402/2367 317/404/912
f 321/412/914 324/416/914 323/413/914
f 318/408/915 317/404/2368 321/412/916
f 317/404/918 320/403/2369 324/416/919
f 319/417/921 323/413/2370 324/416/922
f 346/418/923 332/428/923 336/419/923
f 273/310/924 325/900/2371 243/421/925
f 279/362/927 273/310/2372 256/325/928
f 285/328/930 279/362/2373 257/337/931
f 285/328/933 258/289/2374 244/291/934
f 326/422/730 244/291/730 245/293/730
f 328/423/936 276/320/2375 255/294/937
f 288/330/939 253/332/2376 254/334/940
f 327/305/942 245/293/2377 253/332/943
f 282/318/945 254/334/2378 255/294/946
f 328/423/948 246/296/2379 243/326/949
f 345/424/951 330/450/2380 334/425/952
f 331/427/954 335/432/2381 336/419/955
f 330/429/957 329/434/2382 333/430/958
f 348/420/960 336/419/960 335/432/960
f 332/428/961 340/441/2383 339/433/962
f 329/434/964 330/429/2384 338/435/965
f 346/418/967 329/452/967 337/437/967
f 331/427/968 339/433/2385 349/439/969
f 339/433/971 343/442/2386 351/440/972
f 340/441/974 344/447/2387 343/442/975
f 337/436/977 338/435/2388 342/443/978
f 350/438/980 337/437/2389 341/445/981
f 340/441/983 350/438/2390 352/446/984
f 338/448/986 349/439/2391 351/440/987
f 330/450/989 345/424/2392 349/439/990
f 332/428/967 346/418/967 350/438/967
f 333/451/960 348/420/960 347/426/960
f 345/424/992 347/426/953 335/432/993
f 346/418/923 348/420/923 333/451/923
f 354/327/995 353/453/2393 342/449/996
f 353/453/998 355/301/2394 341/444/999
f 356/323/1001 352/446/2395 341/444/1002
f 247/454/1004 344/447/2396 352/446/1005
f 256/455/1007 343/442/2397 344/447/1008
f 256/455/1010 354/327/2398 351/440/1011
f 246/296/1013 240/295/2399 355/301/1014
f 243/326/1016 246/296/2400 353/453/1017
f 236/300/1019 240/295/2401 103/128/1020
f 249/338/1023 248/324/2402 109/143/1024
f 238/290/1026 249/338/2403 111/149/1027
f 242/292/1029 238/290/2404 97/153/1030
f 103/128/1033 240/295/2405 252/457/1034
f 250/333/1037 242/292/2406 99/157/1038
f 357/1/1040 359/460/2407 360/458/1041
f 361/459/1043 362/462/2408 360/458/1044
f 361/459/1046 363/463/2409 364/461/1047
f 363/463/1049 365/8/2410 366/7/1050
f 368/464/1052 367/17/2411 358/9/1053
f 370/465/1055 543/651/2412 545/466/1056
f 371/13/1058 370/465/2413 364/461/1058
f 362/462/1060 544/652/2414 547/467/1061
f 373/468/1063 372/28/2415 367/17/1064
f 375/19/1066 374/471/2416 370/465/1067
f 382/469/1069 381/263/2417 376/20/1070
f 380/24/1072 379/476/2418 374/471/1073
f 538/472/1075 533/618/2419 536/473/1076
f 377/470/1078 376/20/2420 372/28/1079
f 380/24/1081 385/30/2421 384/475/1082
f 383/477/1084 382/469/2422 377/470/1085
f 379/476/1087 384/475/2423 383/477/1088
f 393/479/1090 388/488/2424 389/35/1091
f 391/37/1093 386/39/2425 387/481/1094
f 357/1/1096 391/37/2426 390/482/1097
f 393/479/1099 392/480/2427 365/8/1100
f 395/42/1102 389/894/2428 388/483/1103
f 387/485/1105 386/45/2429 395/42/1106
f 359/460/1108 398/494/2430 397/486/1109
f 397/486/1111 396/489/2431 363/463/1112
f 400/487/1114 399/491/2432 388/488/1115
f 393/479/1117 363/463/2433 396/489/1118
f 394/484/1120 402/492/2434 401/490/1121
f 394/484/1123 388/488/2435 399/491/1124
f 403/493/1126 390/482/2436 387/485/1127
f 390/482/1129 403/493/2437 398/494/1130
f 414/495/1132 431/517/2438 430/496/1133
f 428/498/1135 429/504/2439 422/499/1136
f 438/501/1138 443/507/2440 409/502/1139
f 412/497/1141 430/496/2441 429/504/1142
f 429/504/1144 430/496/2442 423/506/1145
f 443/507/1147 442/513/2443 411/508/1148
f 416/509/1150 418/515/2444 433/510/1151
f 430/496/1153 431/517/2445 424/512/1154
f 442/513/1156 441/518/2446 413/514/1157
f 418/515/1159 420/520/2447 435/516/1160
f 432/511/1162 425/522/2448 424/512/1163
f 441/518/1165 440/524/2449 415/519/1166
f 420/520/1168 406/698/2450 434/521/1169
f 433/510/1171 426/528/2451 425/522/1172
f 439/523/1174 417/530/2452 415/519/1175
f 408/525/1177 428/498/2453 434/526/1178
f 435/516/1180 427/533/2454 426/528/1181
f 437/529/1183 419/535/2455 417/530/1184
f 445/531/1186 444/556/2456 407/503/1187
f 435/516/1189 434/521/2457 405/532/1190
f 437/529/1192 436/537/2458 421/534/1193
f 416/509/1195 432/511/2459 431/517/1196
f 434/526/1198 428/498/2460 404/500/1199
f 436/537/1201 438/904/2461 407/538/1202
f 586/539/1204 562/683/1601 561/540/1205
f 410/505/1207 429/504/2462 428/498/1208
f 405/532/1210 438/904/2463 436/537/1211
f 427/533/1213 436/537/2464 437/529/1214
f 426/528/1216 437/529/2465 439/523/1217
f 425/522/1219 439/523/2466 440/524/1220
f 423/506/1222 424/512/2467 440/524/1223
f 422/499/1225 423/506/2468 441/518/1226
f 404/500/1228 422/499/2469 442/513/1229
f 405/536/1231 404/500/2470 443/507/1232
f 446/542/1234 454/554/2471 453/543/1235
f 413/514/1237 447/545/2472 446/542/1238
f 451/544/1240 450/548/2473 419/535/1241
f 415/519/1243 448/547/2474 447/545/1244
f 444/546/1246 451/544/2475 421/534/1247
f 417/530/1249 449/553/2476 448/547/1250
f 411/508/1252 446/542/2477 445/531/1253
f 450/548/1255 449/553/2478 417/530/1256
f 452/549/1258 460/567/2479 467/550/1259
f 459/551/1261 458/557/2480 450/548/1262
f 457/552/1264 456/558/2481 448/547/1265
f 447/545/1267 455/562/2482 454/554/1268
f 445/531/1270 453/543/2483 452/555/1271
f 444/546/1273 452/549/2484 459/551/1274
f 458/557/1276 457/552/2485 449/553/1277
f 456/558/1279 455/562/2486 447/545/1280
f 398/494/1282 461/563/2487 462/559/1283
f 466/560/1285 465/564/2488 457/552/1286
f 464/561/1288 463/566/2489 455/562/1289
f 454/554/1291 462/559/2490 461/563/1292
f 467/550/1294 466/560/2491 458/557/1295
f 465/564/1297 464/561/2492 456/558/1298
f 455/562/1300 463/566/2493 462/559/1301
f 453/543/1303 461/563/2494 460/565/1304
f 397/486/1306 462/559/2495 463/566/1307
f 463/566/1309 464/561/2496 400/487/1310
f 464/561/1312 465/564/2497 399/491/1313
f 465/564/1315 466/560/2498 402/492/1316
f 402/492/1318 466/560/2499 467/550/1319
f 401/490/1321 467/550/2500 460/567/1322
f 403/493/1324 460/567/2501 461/563/1325
f 476/568/1327 478/609/2502 495/569/1328
f 492/571/1330 493/578/2503 486/572/1331
f 526/574/1333 531/580/1495 473/575/1334
f 474/577/1336 476/568/2504 494/570/1337
f 493/578/1339 494/570/2505 487/579/1340
f 531/580/1342 530/586/2506 475/581/1343
f 482/582/1345 497/589/2507 496/583/1346
f 494/570/1348 495/569/2508 488/585/1349
f 530/586/1351 529/590/2509 477/587/1352
f 484/588/1354 499/593/2510 497/589/1355
f 496/583/1357 489/594/2511 488/585/1358
f 529/590/1360 528/596/1487 479/591/1361
f 470/592/1363 498/605/2512 499/593/1364
f 497/589/1366 490/599/2513 489/594/1367
f 527/595/1369 481/601/2514 479/591/1370
f 470/597/1372 472/616/2515 492/571/1373
f 499/593/1375 491/606/2516 490/599/1376
f 525/600/1378 483/608/2517 481/601/1379
f 502/602/1381 501/622/2518 508/603/1382
f 498/605/1384 469/642/2519 491/606/1385
f 524/607/1387 485/612/2520 483/608/1388
f 480/584/1390 496/583/2521 495/569/1391
f 492/571/1393 468/573/2522 469/610/1394
f 526/611/1396 471/641/2523 485/612/1397
f 472/616/1401 474/577/2524 493/578/1402
f 532/617/1404 535/644/2525 536/473/1405
f 506/619/1407 505/654/2526 510/620/1408
f 501/622/1410 500/649/2527 512/623/1411
f 513/624/1413 503/628/2528 502/602/1414
f 507/625/1416 506/619/2529 511/621/1417
f 515/627/1419 504/631/2530 503/628/1420
f 500/629/1422 507/625/2531 514/626/1423
f 510/620/1425 505/654/2532 504/631/1426
f 510/620/1428 515/627/2533 520/632/1429
f 523/634/1431 512/630/2534 514/626/1432
f 515/627/1434 513/624/2535 518/636/1435
f 519/635/1437 514/626/2536 511/621/1438
f 518/636/1440 513/624/2537 509/604/1441
f 521/639/1443 508/603/2538 512/623/1444
f 511/621/1446 510/620/2539 522/633/1447
f 516/638/1449 509/604/2540 508/603/1450
f 516/638/1452 521/639/2541 473/575/1453
f 483/608/1455 517/637/2542 522/633/1456
f 521/639/1458 523/640/2543 471/576/1459
f 518/636/1461 516/638/2544 475/581/1462
f 485/612/1464 519/635/2545 517/637/1465
f 520/632/1467 518/636/2546 477/587/1468
f 471/641/1470 523/634/2547 519/635/1471
f 481/601/1473 522/633/2548 520/632/1474
f 469/642/1476 526/611/1396 524/607/1398
f 491/606/1478 524/607/2549 525/600/1479
f 490/599/1481 525/600/2550 527/595/1482
f 489/594/1484 527/595/1369 528/596/1371
f 487/579/1486 488/585/2551 528/596/1487
f 486/572/1488 487/579/2552 529/590/1489
f 468/573/1491 486/572/2553 530/586/1492
f 469/610/1494 468/573/2554 531/580/1495
f 534/643/1496 537/646/2555 535/644/1497
f 536/473/1499 535/644/2556 540/645/1500
f 537/646/1502 534/643/2557 541/647/1503
f 540/645/1505 535/644/2558 537/646/1506
f 378/478/1508 540/645/2559 542/648/1509
f 542/648/1511 541/647/2560 374/471/1512
f 539/474/1514 540/645/2561 378/478/1515
f 373/468/1517 538/472/2562 539/474/1518
f 501/622/1520 502/602/2563 532/617/1521
f 500/649/1523 501/622/2564 533/618/1524
f 503/628/1526 534/643/2565 532/617/1527
f 504/631/1529 541/647/2566 534/643/1530
f 374/471/1532 541/647/2567 548/650/1533
f 543/651/1535 369/653/2568 544/652/1536
f 369/653/1538 546/655/2569 547/467/1539
f 545/466/1541 544/652/2570 362/462/1542
f 547/467/1544 546/655/2571 368/464/1545
f 548/650/1547 541/647/2572 504/631/1548
f 546/655/1550 369/653/2573 506/619/1551
f 505/654/1553 506/619/2574 369/653/1554
f 548/650/1556 505/654/2575 543/651/1557
f 549/656/1559 538/472/2576 373/468/1560
f 368/464/1562 546/655/2577 507/625/1563
f 500/649/1565 538/472/2578 549/656/1566
f 558/657/1568 559/680/2579 582/658/1569
f 550/660/1571 551/663/2580 572/661/1572
f 551/663/1574 552/671/2581 574/664/1575
f 571/665/1577 555/689/2582 556/666/1578
f 557/668/1580 550/905/2583 573/669/1581
f 552/671/1583 553/693/2584 570/672/1584
f 575/667/1586 556/666/2585 557/668/1587
f 578/673/1589 561/695/2586 562/674/1590
f 577/675/1592 562/674/2587 563/676/1593
f 589/678/1595 579/677/2588 563/676/1596
f 559/680/1598 560/697/2589 587/681/1599
f 584/682/361 563/906/361 562/683/1601
f 588/684/1602 578/673/2590 558/657/1603
f 570/672/1605 580/694/2591 565/685/1606
f 555/614/1400 568/700/361 567/686/1608
f 414/495/1609 564/690/2592 569/687/1610
f 581/688/1612 568/701/2593 555/689/1613
f 412/497/1615 565/685/2594 564/690/1616
f 554/615/362 567/686/1608 566/691/1618
f 569/687/1619 581/688/2595 571/665/1620
f 553/693/1622 566/699/2596 580/694/1623
f 561/695/1625 578/673/2597 588/684/1626
f 560/697/1628 579/677/2598 589/678/1629
f 577/675/1631 579/677/2599 560/697/1632
f 558/657/1634 578/673/2600 577/675/1635
f 575/667/1637 576/670/2601 420/520/1638
f 410/505/1640 574/664/2602 570/672/1641
f 576/670/1643 573/669/2603 406/698/1644
f 571/665/1577 575/667/1579 418/515/1646
f 408/525/1648 572/661/2604 574/664/1649
f 406/527/1651 573/662/2605 572/661/1652
f 587/681/1654 589/678/2606 581/688/1655
f 566/699/1657 583/696/2607 588/684/1658
f 580/694/1660 588/684/2608 585/659/1661
f 568/700/361 584/682/361 586/539/1204
f 582/658/1600 587/681/1599 569/687/1663
f 589/678/1665 584/679/2609 568/701/1666
f 585/659/1668 582/658/2610 564/690/1669
f 567/686/1608 586/539/1204 583/541/1206
f 594/259/1671 599/261/2611 598/702/1672
f 593/703/1674 592/705/2612 383/477/1675
f 591/704/1677 590/267/2613 381/263/1678
f 385/30/1680 594/259/2614 593/703/1681
f 592/705/1683 591/704/2615 382/469/1684
f 597/706/1686 596/707/2616 591/704/1687
f 593/703/1689 598/702/2617 597/706/1690
f 596/707/1692 595/272/2618 590/267/1693
f 604/269/1695 603/709/2619 598/702/1696
f 602/708/1698 601/710/2620 596/707/1699
f 603/709/1701 602/708/2621 597/706/1702
f 601/710/1704 600/712/2622 595/272/1705
f 608/711/1707 607/713/2623 602/708/1708
f 601/710/1710 606/715/2624 605/275/1711
f 609/277/1713 608/711/2625 603/709/1714
f 607/713/1716 606/715/2626 601/710/1717
f 613/714/1719 612/716/2627 607/713/1720
f 606/715/1722 611/718/2628 610/280/1723
f 614/282/1725 613/714/2629 608/711/1726
f 612/716/1728 611/718/2630 606/715/1729
f 619/284/1731 618/719/2631 613/714/1732
f 617/717/1734 616/720/2632 611/718/1735
f 618/719/1737 617/717/2633 612/716/1738
f 616/720/1740 615/899/2634 610/280/1741
f 618/719/1743 619/284/1748 620/288/1744
f 616/720/1746 617/717/2635 620/288/1747
f 644/722/1749 630/725/2636 624/723/1750
f 630/725/1752 631/764/2637 628/726/1753
f 641/727/1755 632/884/2638 626/728/1756
f 625/730/1758 647/774/2639 646/731/1759
f 741/733/1761 742/755/2640 622/734/1762
f 625/730/1764 621/732/2641 711/735/1765
f 623/737/1767 627/762/1767 713/738/1767
f 689/740/1768 688/819/2642 667/741/1769
f 664/743/1771 665/793/2643 659/744/1772
f 645/746/1774 648/771/2644 660/747/1775
f 657/745/1777 675/810/2645 678/749/1778
f 672/742/1780 667/741/2646 668/750/1781
f 666/752/1783 661/790/2647 662/753/1784
f 625/730/1786 714/736/2648 662/753/1787
f 478/609/1789 622/734/2649 742/755/1790
f 480/584/1792 633/769/2650 634/756/1793
f 623/737/1796 712/739/1972 671/760/1797
f 627/762/1799 673/800/2651 674/751/1800
f 639/763/1802 636/766/2652 628/726/1803
f 640/765/1805 637/767/2653 636/766/1806
f 641/727/1808 638/729/1809 637/767/1809
f 643/768/1811 634/756/2654 633/769/1812
f 643/768/1814 644/722/2655 635/724/1815
f 649/770/1817 652/778/2656 648/771/1818
f 621/772/1820 658/907/2657 659/744/1821
f 660/754/1823 648/771/2658 647/774/1824
f 651/775/1826 655/783/1826 654/776/1826
f 647/774/1827 651/775/2659 650/777/1828
f 652/778/1830 651/775/2660 647/774/1831
f 650/779/1833 649/786/2661 645/780/1834
f 653/782/1836 654/908/1836 655/783/1836
f 656/784/1837 655/783/1837 651/775/1837
f 650/779/1838 654/909/1838 653/785/1838
f 653/782/1839 656/784/1839 652/778/1839
f 661/790/1842 657/787/1843 658/748/1843
f 646/781/1845 645/780/2662 658/791/1846
f 667/741/1852 663/820/1852 664/796/1852
f 670/797/1853 671/760/2663 665/793/1849
f 673/800/1856 669/837/1856 670/801/1856
f 701/802/1857 700/842/2664 623/737/1858
f 680/803/1860 679/817/2665 675/804/1861
f 676/805/1863 675/804/2666 657/787/1864
f 677/806/1866 676/805/2667 661/790/1867
f 664/796/1869 678/809/1878 677/806/1870
f 685/807/1872 684/910/2668 680/803/1873
f 681/808/1875 680/803/2669 676/805/1876
f 678/809/1878 682/814/2670 681/808/1879
f 675/810/1880 679/815/2671 682/811/1881
f 683/812/1883 684/910/1883 685/807/1883
f 686/813/1884 685/807/2672 681/808/1885
f 679/815/1887 683/911/2673 686/816/1888
f 680/803/1890 684/910/2674 683/812/1891
f 693/818/1893 692/827/2675 688/819/1894
f 688/819/1896 687/828/2676 663/820/1897
f 670/801/1899 690/824/2677 689/740/1900
f 663/792/1902 687/825/2678 690/821/1903
f 698/822/1905 697/830/2679 693/818/1906
f 690/824/1908 694/823/2680 693/818/1909
f 687/825/1911 691/831/2681 694/826/1912
f 692/827/1914 691/833/2682 687/828/1915
f 695/829/1917 696/912/1917 697/830/1917
f 691/831/1918 695/913/2683 698/832/1919
f 692/827/1921 696/912/2684 695/829/1922
f 697/830/1924 696/912/2685 692/827/1925
f 699/834/1927 703/843/2686 706/835/1928
f 623/737/1930 700/842/2687 699/834/1931
f 627/762/1933 699/834/2688 702/836/1934
f 702/836/1936 701/841/2689 669/837/1937
f 709/838/1939 708/914/2690 704/839/1940
f 706/835/1942 705/848/1959 701/841/1943
f 705/840/1945 704/839/2691 700/842/1946
f 700/842/1948 704/839/2692 703/843/1949
f 709/844/1951 710/847/1951 707/845/1951
f 704/839/1952 708/914/2693 707/845/1953
f 703/843/1955 707/845/2694 710/847/1956
f 710/847/1958 709/844/2695 705/848/1959
f 732/849/1960 734/860/1960 722/850/1960
f 659/744/1961 642/757/2696 629/852/1962
f 665/793/1964 643/768/2697 642/757/1965
f 671/760/1967 644/722/2698 643/768/1968
f 630/725/1970 644/722/2699 671/760/1971
f 631/764/1767 630/725/1767 712/739/1767
f 714/736/1973 632/884/2700 641/727/1974
f 640/765/1976 639/763/2701 674/751/1977
f 639/763/1979 631/764/2702 713/738/1980
f 641/727/1982 640/765/2703 668/750/1983
f 629/759/1985 632/884/2704 714/736/1986
f 731/853/1988 733/877/2705 720/854/1989
f 722/850/1991 721/861/2706 717/856/1992
f 716/857/1994 720/915/2707 719/858/1995
f 734/860/1997 733/877/1997 721/861/1997
f 725/862/1998 726/869/2708 718/851/1999
f 715/859/2001 723/870/2709 724/863/2002
f 732/849/2004 736/872/2004 723/864/2004
f 735/866/2005 725/862/2710 717/856/2006
f 737/867/2008 729/868/2711 725/862/2009
f 729/868/2011 730/882/2712 726/869/2012
f 723/870/2014 727/880/2713 728/871/2015
f 736/872/2017 738/874/2714 727/873/2018
f 726/869/2020 730/882/2715 738/874/2021
f 724/875/2023 728/878/2716 737/867/2024
f 716/855/2026 724/875/2717 735/866/2027
f 718/851/2004 726/869/2004 736/872/2004
f 719/876/1997 720/854/1997 733/877/1997
f 721/861/2029 733/877/2705 731/853/2030
f 719/876/1960 734/860/1960 732/849/1960
f 740/758/2032 737/867/2718 728/878/2033
f 739/879/2035 728/878/2719 727/880/2036
f 727/880/2038 738/874/2720 742/755/2039
f 738/874/2041 730/882/2721 633/881/2042
f 730/882/2044 729/868/2722 642/883/2045
f 642/883/2047 729/868/2723 737/867/2048
f 632/884/2050 739/879/2724 741/733/2051
f 629/759/2053 740/758/2725 739/879/2054
f 476/568/2056 626/728/2726 622/734/2057
f 482/582/2060 634/756/2727 635/724/2061
f 484/588/2063 635/724/2728 624/723/2064
f 470/592/2066 624/723/2729 628/726/2067
f 476/568/2070 474/885/2730 638/729/2071
f 472/616/2074 628/726/2731 636/766/2075
